DateKey,RaceKey,DriverKey,StandingPosition,CumulativePoints,CumulativeWins,IsFinalStanding
20080316,786,1,1,10.0,1,0
20080316,786,2,2,8.0,0,0
20080316,786,3,3,6.0,0,0
20080316,786,4,4,5.0,0,0
20080316,786,5,5,4.0,0,0
20080316,786,6,6,3.0,0,0
20080316,786,7,7,2.0,0,0
20080316,786,8,8,1.0,0,0
20080323,787,1,1,14.0,1,0
20080323,787,2,3,11.0,0,0
20080323,787,3,6,6.0,0,0
20080323,787,4,7,6.0,0,0
20080323,787,5,4,10.0,0,0
20080323,787,6,9,3.0,0,0
20080323,787,7,10,2.0,0,0
20080323,787,8,2,11.0,1,0
20080323,787,9,5,8.0,0,0
20080323,787,15,8,5.0,0,0
20080323,787,17,11,2.0,0,0
20080323,787,14,12,0.0,0,0
20080323,787,18,13,0.0,0,0
20080323,787,12,14,0.0,0,0
20080323,787,21,15,0.0,0,0
20080323,787,22,16,0.0,0,0
20080323,787,19,17,0.0,0,0
20080323,787,11,18,0.0,0,0
20080406,788,1,3,14.0,1,0
20080406,788,2,2,16.0,0,0
20080406,788,3,8,7.0,0,0
20080406,788,4,9,6.0,0,0
20080406,788,5,5,14.0,0,0
20080406,788,6,11,3.0,0,0
20080406,788,7,12,2.0,0,0
20080406,788,8,1,19.0,1,0
20080406,788,9,4,14.0,0,0
20080406,788,15,7,8.0,0,0
20080406,788,17,10,4.0,0,0
20080406,788,14,13,0.0,0,0
20080406,788,18,15,0.0,0,0
20080406,788,12,17,0.0,0,0
20080406,788,21,18,0.0,0,0
20080406,788,22,16,0.0,0,0
20080406,788,19,19,0.0,0,0
20080406,788,11,20,0.0,0,0
20080406,788,13,6,10.0,1,0
20080406,788,10,14,0.0,0,0
20080406,788,16,21,0.0,0,0
20080427,789,1,2,20.0,1,0
20080427,789,2,5,16.0,0,0
20080427,789,3,9,7.0,0,0
20080427,789,4,10,6.0,0,0
20080427,789,5,6,14.0,0,0
20080427,789,6,11,5.0,0,0
20080427,789,7,13,2.0,0,0
20080427,789,8,1,29.0,2,0
20080427,789,9,3,19.0,0,0
20080427,789,15,7,9.0,0,0
20080427,789,17,8,8.0,0,0
20080427,789,14,15,0.0,0,0
20080427,789,18,12,3.0,0,0
20080427,789,12,18,0.0,0,0
20080427,789,21,16,0.0,0,0
20080427,789,22,17,0.0,0,0
20080427,789,19,20,0.0,0,0
20080427,789,11,19,0.0,0,0
20080427,789,13,4,18.0,1,0
20080427,789,10,14,0.0,0,0
20080427,789,16,21,0.0,0,0
20080511,790,1,3,28.0,1,0
20080511,790,2,5,20.0,0,0
20080511,790,3,10,8.0,0,0
20080511,790,4,8,9.0,0,0
20080511,790,5,6,14.0,0,0
20080511,790,6,11,5.0,0,0
20080511,790,7,13,2.0,0,0
20080511,790,8,1,35.0,2,0
20080511,790,9,4,24.0,0,0
20080511,790,15,9,9.0,0,0
20080511,790,17,7,10.0,0,0
20080511,790,14,14,0.0,0,0
20080511,790,18,12,3.0,0,0
20080511,790,12,18,0.0,0,0
20080511,790,21,16,0.0,0,0
20080511,790,22,17,0.0,0,0
20080511,790,19,20,0.0,0,0
20080511,790,11,19,0.0,0,0
20080511,790,13,2,28.0,2,0
20080511,790,10,15,0.0,0,0
20080511,790,16,21,0.0,0,0
20080511,790,20,22,0.0,0,0
20080525,791,1,1,38.0,2,0
20080525,791,2,5,20.0,0,0
20080525,791,3,10,8.0,0,0
20080525,791,4,8,9.0,0,0
20080525,791,5,6,15.0,0,0
20080525,791,6,11,7.0,0,0
20080525,791,7,15,2.0,0,0
20080525,791,8,2,35.0,2,0
20080525,791,9,4,32.0,0,0
20080525,791,15,9,9.0,0,0
20080525,791,17,7,15.0,0,0
20080525,791,14,16,0.0,0,0
20080525,791,18,13,3.0,0,0
20080525,791,12,19,0.0,0,0
20080525,791,21,18,0.0,0,0
20080525,791,22,14,3.0,0,0
20080525,791,19,21,0.0,0,0
20080525,791,11,20,0.0,0,0
20080525,791,13,3,34.0,2,0
20080525,791,10,17,0.0,0,0
20080525,791,16,22,0.0,0,0
20080525,791,20,12,4.0,0,0
20080608,792,1,2,38.0,2,0
20080608,792,2,5,28.0,0,0
20080608,792,3,10,8.0,0,0
20080608,792,4,9,9.0,0,0
20080608,792,5,6,15.0,0,0
20080608,792,6,11,7.0,0,0
20080608,792,7,17,2.0,0,0
20080608,792,8,4,35.0,2,0
20080608,792,9,1,42.0,1,0
20080608,792,15,8,12.0,0,0
20080608,792,17,7,15.0,0,0
20080608,792,14,12,6.0,0,0
20080608,792,18,16,3.0,0,0
20080608,792,12,19,0.0,0,0
20080608,792,21,18,0.0,0,0
20080608,792,22,15,5.0,0,0
20080608,792,19,21,0.0,0,0
20080608,792,11,20,0.0,0,0
20080608,792,13,3,38.0,2,0
20080608,792,10,13,5.0,0,0
20080608,792,16,22,0.0,0,0
20080608,792,20,14,5.0,0,0
20080622,793,1,4,38.0,2,0
20080622,793,2,5,28.0,0,0
20080622,793,3,10,8.0,0,0
20080622,793,4,9,10.0,0,0
20080622,793,5,6,20.0,0,0
20080622,793,6,11,7.0,0,0
20080622,793,7,18,2.0,0,0
20080622,793,8,3,43.0,2,0
20080622,793,9,2,46.0,1,0
20080622,793,15,7,18.0,0,0
20080622,793,17,8,18.0,0,0
20080622,793,14,12,6.0,0,0
20080622,793,18,16,3.0,0,0
20080622,793,12,17,2.0,0,0
20080622,793,21,19,0.0,0,0
20080622,793,22,15,5.0,0,0
20080622,793,19,21,0.0,0,0
20080622,793,11,20,0.0,0,0
20080622,793,13,1,48.0,3,0
20080622,793,10,13,5.0,0,0
20080622,793,16,22,0.0,0,0
20080622,793,20,14,5.0,0,0
20080706,794,1,1,48.0,3,0
20080706,794,2,5,36.0,0,0
20080706,794,3,11,8.0,0,0
20080706,794,4,9,13.0,0,0
20080706,794,5,6,24.0,0,0
20080706,794,6,12,8.0,0,0
20080706,794,7,17,2.0,0,0
20080706,794,8,3,48.0,2,0
20080706,794,9,4,46.0,1,0
20080706,794,15,7,20.0,0,0
20080706,794,17,8,18.0,0,0
20080706,794,14,13,6.0,0,0
20080706,794,18,16,3.0,0,0
20080706,794,12,18,2.0,0,0
20080706,794,21,19,0.0,0,0
20080706,794,22,10,11.0,0,0
20080706,794,19,21,0.0,0,0
20080706,794,11,20,0.0,0,0
20080706,794,13,2,48.0,3,0
20080706,794,10,14,5.0,0,0
20080706,794,16,22,0.0,0,0
20080706,794,20,15,5.0,0,0
20080720,795,1,1,58.0,4,0
20080720,795,2,5,41.0,0,0
20080720,795,3,12,8.0,0,0
20080720,795,4,9,13.0,0,0
20080720,795,5,6,28.0,0,0
20080720,795,6,13,8.0,0,0
20080720,795,7,18,2.0,0,0
20080720,795,8,3,51.0,2,0
20080720,795,9,4,48.0,1,0
20080720,795,15,7,20.0,0,0
20080720,795,17,8,18.0,0,0
20080720,795,14,14,6.0,0,0
20080720,795,18,17,3.0,0,0
20080720,795,12,11,10.0,0,0
20080720,795,21,19,0.0,0,0
20080720,795,22,10,11.0,0,0
20080720,795,19,22,0.0,0,0
20080720,795,11,20,0.0,0,0
20080720,795,13,2,54.0,3,0
20080720,795,10,16,5.0,0,0
20080720,795,16,21,0.0,0,0
20080720,795,20,15,6.0,0,0
20080803,796,1,1,62.0,4,0
20080803,796,2,5,41.0,0,0
20080803,796,3,13,8.0,0,0
20080803,796,4,8,18.0,0,0
20080803,796,5,6,38.0,1,0
20080803,796,6,14,8.0,0,0
20080803,796,7,18,2.0,0,0
20080803,796,8,2,57.0,2,0
20080803,796,9,4,49.0,1,0
20080803,796,15,7,22.0,0,0
20080803,796,17,9,18.0,0,0
20080803,796,14,15,6.0,0,0
20080803,796,18,17,3.0,0,0
20080803,796,12,11,13.0,0,0
20080803,796,21,19,0.0,0,0
20080803,796,22,12,11.0,0,0
20080803,796,19,22,0.0,0,0
20080803,796,11,20,0.0,0,0
20080803,796,13,3,54.0,3,0
20080803,796,10,10,13.0,0,0
20080803,796,16,21,0.0,0,0
20080803,796,20,16,6.0,0,0
20080824,797,1,1,70.0,4,0
20080824,797,2,6,41.0,0,0
20080824,797,3,13,9.0,0,0
20080824,797,4,8,18.0,0,0
20080824,797,5,5,43.0,1,0
20080824,797,6,15,8.0,0,0
20080824,797,7,18,2.0,0,0
20080824,797,8,3,57.0,2,0
20080824,797,9,4,55.0,1,0
20080824,797,15,7,26.0,0,0
20080824,797,17,9,18.0,0,0
20080824,797,14,16,6.0,0,0
20080824,797,18,17,3.0,0,0
20080824,797,12,11,13.0,0,0
20080824,797,21,19,0.0,0,0
20080824,797,22,12,11.0,0,0
20080824,797,19,22,0.0,0,0
20080824,797,11,20,0.0,0,0
20080824,797,13,2,64.0,4,0
20080824,797,10,10,15.0,0,0
20080824,797,16,21,0.0,0,0
20080824,797,20,14,9.0,0,0
20080907,798,1,1,76.0,4,0
20080907,798,2,5,49.0,0,0
20080907,798,3,14,9.0,0,0
20080907,798,4,8,23.0,0,0
20080907,798,5,6,43.0,1,0
20080907,798,6,15,8.0,0,0
20080907,798,7,17,4.0,0,0
20080907,798,8,4,57.0,2,0
20080907,798,9,3,58.0,1,0
20080907,798,15,7,26.0,0,0
20080907,798,17,9,19.0,0,0
20080907,798,14,16,6.0,0,0
20080907,798,18,18,3.0,0,0
20080907,798,12,11,13.0,0,0
20080907,798,21,19,0.0,0,0
20080907,798,22,13,11.0,0,0
20080907,798,19,22,0.0,0,0
20080907,798,11,21,0.0,0,0
20080907,798,13,2,74.0,5,0
20080907,798,10,10,15.0,0,0
20080907,798,16,20,0.0,0,0
20080907,798,20,12,13.0,0,0
20080914,799,1,1,78.0,4,0
20080914,799,2,5,53.0,0,0
20080914,799,3,14,9.0,0,0
20080914,799,4,7,28.0,0,0
20080914,799,5,6,51.0,1,0
20080914,799,6,15,8.0,0,0
20080914,799,7,17,4.0,0,0
20080914,799,8,4,57.0,2,0
20080914,799,9,3,64.0,1,0
20080914,799,15,8,26.0,0,0
20080914,799,17,10,20.0,0,0
20080914,799,14,16,6.0,0,0
20080914,799,18,18,3.0,0,0
20080914,799,12,12,13.0,0,0
20080914,799,21,19,0.0,0,0
20080914,799,22,13,11.0,0,0
20080914,799,19,22,0.0,0,0
20080914,799,11,21,0.0,0,0
20080914,799,13,2,77.0,5,0
20080914,799,10,11,15.0,0,0
20080914,799,16,20,0.0,0,0
20080914,799,20,9,23.0,1,0
20080928,800,1,1,84.0,4,0
20080928,800,2,5,56.0,0,0
20080928,800,3,12,17.0,0,0
20080928,800,4,7,38.0,1,0
20080928,800,5,6,51.0,1,0
20080928,800,6,15,9.0,0,0
20080928,800,7,17,4.0,0,0
20080928,800,8,4,57.0,2,0
20080928,800,9,3,64.0,1,0
20080928,800,15,9,26.0,0,0
20080928,800,17,11,20.0,0,0
20080928,800,14,16,8.0,0,0
20080928,800,18,18,3.0,0,0
20080928,800,12,13,13.0,0,0
20080928,800,21,19,0.0,0,0
20080928,800,22,14,11.0,0,0
20080928,800,19,22,0.0,0,0
20080928,800,11,21,0.0,0,0
20080928,800,13,2,77.0,5,0
20080928,800,10,10,20.0,0,0
20080928,800,16,20,0.0,0,0
20080928,800,20,8,27.0,1,0
20081012,801,1,1,84.0,4,0
20081012,801,2,5,56.0,0,0
20081012,801,3,13,17.0,0,0
20081012,801,4,7,48.0,2,0
20081012,801,5,6,51.0,1,0
20081012,801,6,15,9.0,0,0
20081012,801,7,17,4.0,0,0
20081012,801,8,4,63.0,2,0
20081012,801,9,3,72.0,1,0
20081012,801,15,9,30.0,0,0
20081012,801,17,10,21.0,0,0
20081012,801,14,16,8.0,0,0
20081012,801,18,18,3.0,0,0
20081012,801,12,12,18.0,0,0
20081012,801,21,19,0.0,0,0
20081012,801,22,14,11.0,0,0
20081012,801,19,22,0.0,0,0
20081012,801,11,21,0.0,0,0
20081012,801,13,2,79.0,5,0
20081012,801,10,11,20.0,0,0
20081012,801,16,20,0.0,0,0
20081012,801,20,8,30.0,1,0
20081019,802,20,8,30.0,1,0
20081019,802,16,20,0.0,0,0
20081019,802,10,10,22.0,0,0
20081019,802,13,2,87.0,5,0
20081019,802,11,21,0.0,0,0
20081019,802,19,22,0.0,0,0
20081019,802,22,14,11.0,0,0
20081019,802,21,19,0.0,0,0
20081019,802,12,12,19.0,0,0
20081019,802,18,18,3.0,0,0
20081019,802,14,16,8.0,0,0
20081019,802,17,11,21.0,0,0
20081019,802,15,9,30.0,0,0
20081019,802,9,3,75.0,1,0
20081019,802,8,4,69.0,2,0
20081019,802,7,17,4.0,0,0
20081019,802,6,15,9.0,0,0
20081019,802,5,7,51.0,1,0
20081019,802,4,6,53.0,2,0
20081019,802,3,13,17.0,0,0
20081019,802,2,5,60.0,0,0
20081019,802,1,1,94.0,5,0
20081102,803,1,1,98.0,5,1
20081102,803,2,6,60.0,0,1
20081102,803,3,13,17.0,0,1
20081102,803,4,5,61.0,2,1
20081102,803,5,7,53.0,1,1
20081102,803,6,15,9.0,0,1
20081102,803,7,17,4.0,0,1
20081102,803,8,3,75.0,2,1
20081102,803,9,4,75.0,1,1
20081102,803,15,9,31.0,0,1
20081102,803,17,11,21.0,0,1
20081102,803,14,16,8.0,0,1
20081102,803,18,18,3.0,0,1
20081102,803,12,12,19.0,0,1
20081102,803,21,19,0.0,0,1
20081102,803,22,14,11.0,0,1
20081102,803,19,22,0.0,0,1
20081102,803,11,21,0.0,0,1
20081102,803,13,2,97.0,6,1
20081102,803,10,10,25.0,0,1
20081102,803,16,20,0.0,0,1
20081102,803,20,8,35.0,1,1
20070318,769,16,17,0.0,0,0
20070318,769,19,16,0.0,0,0
20070318,769,18,15,0.0,0,0
20070318,769,24,14,0.0,0,0
20070318,769,17,13,0.0,0,0
20070318,769,11,12,0.0,0,0
20070318,769,22,11,0.0,0,0
20070318,769,5,10,0.0,0,0
20070318,769,15,9,0.0,0,0
20070318,769,23,8,1.0,0,0
20070318,769,3,7,2.0,0,0
20070318,769,13,6,3.0,0,0
20070318,769,21,5,4.0,0,0
20070408,770,9,20,0.0,0,0
20070408,770,26,17,0.0,0,0
20070408,770,25,11,0.0,0,0
20070408,770,16,19,0.0,0,0
20070408,770,19,18,0.0,0,0
20070408,770,18,15,0.0,0,0
20070408,770,24,16,0.0,0,0
20070408,770,17,12,0.0,0,0
20070408,770,11,14,0.0,0,0
20070408,770,22,13,0.0,0,0
20070408,770,5,9,1.0,0,0
20070408,770,15,7,2.0,0,0
20070408,770,23,10,1.0,0,0
20070408,770,13,6,7.0,0,0
20070415,771,27,18,0.0,0,0
20070415,771,9,8,3.0,0,0
20070415,771,26,19,0.0,0,0
20070415,771,25,12,0.0,0,0
20070415,771,16,20,0.0,0,0
20070415,771,19,21,0.0,0,0
20070415,771,18,16,0.0,0,0
20070415,771,24,17,0.0,0,0
20070415,771,17,13,0.0,0,0
20070415,771,11,15,0.0,0,0
20070415,771,22,14,0.0,0,0
20070415,771,5,10,1.0,0,0
20070415,771,15,7,4.0,0,0
20070415,771,23,11,1.0,0,0
20070415,771,3,9,2.0,0,0
20070415,771,13,4,17.0,1,0
20070415,771,21,6,8.0,0,0
20070415,771,2,5,15.0,0,0
20070415,771,1,3,22.0,0,0
20070415,771,4,1,22.0,1,0
20070415,771,8,2,22.0,1,0
20070513,772,14,9,4.0,0,0
20070513,772,27,20,0.0,0,0
20070513,772,9,6,8.0,0,0
20070513,772,26,22,0.0,0,0
20070513,772,25,14,0.0,0,0
20070513,772,16,19,0.0,0,0
20070513,772,19,17,0.0,0,0
20070513,772,18,18,0.0,0,0
20070513,772,24,21,0.0,0,0
20070513,772,17,16,0.0,0,0
20070513,772,11,12,1.0,0,0
20070513,772,22,15,0.0,0,0
20070513,772,5,11,3.0,0,0
20070513,772,15,10,4.0,0,0
20070513,772,23,13,1.0,0,0
20070513,772,3,8,5.0,0,0
20070513,772,21,7,8.0,0,0
20070527,773,14,9,4.0,0,0
20070527,773,27,21,0.0,0,0
20070527,773,9,7,12.0,0,0
20070527,773,26,15,0.0,0,0
20070527,773,25,12,2.0,0,0
20070527,773,16,20,0.0,0,0
20070527,773,19,19,0.0,0,0
20070527,773,18,18,0.0,0,0
20070527,773,24,22,0.0,0,0
20070527,773,17,17,0.0,0,0
20070527,773,11,13,1.0,0,0
20070527,773,22,16,0.0,0,0
20070527,773,5,11,3.0,0,0
20070527,773,15,10,4.0,0,0
20070527,773,23,14,1.0,0,0
20070527,773,3,8,5.0,0,0
20070527,773,21,6,13.0,0,0
20070610,774,14,11,4.0,0,0
20070610,774,27,21,0.0,0,0
20070610,774,9,7,12.0,0,0
20070610,774,26,16,0.0,0,0
20070610,774,25,8,8.0,0,0
20070610,774,16,20,0.0,0,0
20070610,774,19,18,0.0,0,0
20070610,774,18,19,0.0,0,0
20070610,774,24,22,0.0,0,0
20070610,774,11,12,4.0,0,0
20070610,774,5,9,8.0,0,0
20070610,774,23,14,2.0,0,0
20070610,774,3,10,5.0,0,0
20070610,774,13,3,33.0,2,0
20070610,774,2,5,26.0,0,0
20070610,774,4,2,40.0,2,0
20070617,775,20,16,1.0,0,0
20070617,775,14,12,4.0,0,0
20070617,775,27,22,0.0,0,0
20070617,775,9,7,12.0,0,0
20070617,775,26,17,0.0,0,0
20070617,775,25,9,8.0,0,0
20070617,775,16,21,0.0,0,0
20070617,775,19,19,0.0,0,0
20070617,775,18,20,0.0,0,0
20070617,775,24,23,0.0,0,0
20070617,775,11,13,4.0,0,0
20070617,775,5,8,12.0,0,0
20070617,775,23,15,2.0,0,0
20070617,775,3,11,5.0,0,0
20070617,775,13,3,39.0,2,0
20070617,775,2,5,26.0,0,0
20070617,775,4,2,48.0,2,0
20070701,776,20,17,1.0,0,0
20070701,776,14,12,4.0,0,0
20070701,776,27,22,0.0,0,0
20070701,776,9,6,17.0,0,0
20070701,776,26,18,0.0,0,0
20070701,776,25,9,8.0,0,0
20070701,776,16,21,0.0,0,0
20070701,776,19,20,0.0,0,0
20070701,776,18,16,1.0,0,0
20070701,776,24,23,0.0,0,0
20070701,776,17,14,2.0,0,0
20070701,776,11,13,4.0,0,0
20070701,776,5,8,12.0,0,0
20070701,776,23,15,2.0,0,0
20070701,776,3,11,5.0,0,0
20070701,776,13,3,47.0,2,0
20070701,776,2,5,30.0,0,0
20070701,776,4,2,50.0,2,0
20070708,777,20,17,1.0,0,0
20070708,777,14,12,4.0,0,0
20070708,777,27,22,0.0,0,0
20070708,777,9,6,22.0,0,0
20070708,777,26,19,0.0,0,0
20070708,777,25,9,8.0,0,0
20070708,777,16,21,0.0,0,0
20070708,777,19,20,0.0,0,0
20070708,777,18,16,1.0,0,0
20070708,777,24,23,0.0,0,0
20070708,777,17,14,2.0,0,0
20070708,777,11,13,4.0,0,0
20070708,777,5,8,14.0,0,0
20070708,777,23,15,2.0,0,0
20070708,777,3,11,5.0,0,0
20070708,777,21,7,17.0,0,0
20070708,777,4,2,58.0,2,0
20070722,778,20,17,1.0,0,0
20070722,778,14,11,8.0,0,0
20070722,778,27,22,0.0,0,0
20070722,778,9,6,24.0,0,0
20070722,778,26,19,0.0,0,0
20070722,778,25,9,13.0,0,0
20070722,778,16,21,0.0,0,0
20070722,778,19,20,0.0,0,0
20070722,778,18,16,1.0,0,0
20070722,778,24,23,0.0,0,0
20070722,778,17,10,8.0,0,0
20070722,778,11,14,4.0,0,0
20070722,778,22,18,0.0,0,0
20070722,778,5,8,15.0,0,0
20070722,778,15,12,7.0,0,0
20070722,778,23,15,2.0,0,0
20070722,778,13,3,59.0,2,0
20070722,778,2,5,36.0,0,0
20070805,779,2,5,42.0,0,0
20070805,779,20,17,1.0,0,0
20070805,779,14,11,8.0,0,0
20070805,779,27,22,0.0,0,0
20070805,779,9,6,28.0,0,0
20070805,779,26,19,0.0,0,0
20070805,779,25,9,13.0,0,0
20070805,779,16,21,0.0,0,0
20070805,779,19,20,0.0,0,0
20070805,779,18,16,1.0,0,0
20070805,779,24,23,0.0,0,0
20070805,779,17,10,8.0,0,0
20070805,779,11,15,4.0,0,0
20070805,779,5,8,16.0,0,0
20070805,779,15,13,7.0,0,0
20070805,779,23,14,5.0,0,0
20070805,779,3,12,7.0,0,0
20070805,779,21,7,17.0,0,0
20070805,779,4,2,73.0,3,0
20070826,780,21,8,17.0,0,0
20070826,780,29,24,0.0,0,0
20070826,780,20,17,1.0,0,0
20070826,780,14,12,8.0,0,0
20070826,780,27,22,0.0,0,0
20070826,780,9,6,29.0,0,0
20070826,780,26,19,0.0,0,0
20070826,780,25,9,13.0,0,0
20070826,780,16,21,0.0,0,0
20070826,780,19,20,0.0,0,0
20070826,780,18,16,1.0,0,0
20070826,780,24,23,0.0,0,0
20070826,780,17,11,8.0,0,0
20070826,780,11,15,4.0,0,0
20070826,780,22,18,0.0,0,0
20070826,780,5,7,19.0,0,0
20070826,780,3,10,9.0,0,0
20070826,780,13,3,69.0,3,0
20070826,780,2,5,47.0,0,0
20070826,780,4,2,79.0,3,0
20070909,781,2,5,52.0,0,0
20070909,781,29,24,0.0,0,0
20070909,781,20,17,1.0,0,0
20070909,781,14,12,8.0,0,0
20070909,781,27,22,0.0,0,0
20070909,781,9,6,33.0,0,0
20070909,781,26,19,0.0,0,0
20070909,781,25,9,13.0,0,0
20070909,781,16,21,0.0,0,0
20070909,781,19,20,0.0,0,0
20070909,781,18,16,2.0,0,0
20070909,781,24,23,0.0,0,0
20070909,781,17,11,8.0,0,0
20070909,781,11,15,4.0,0,0
20070909,781,22,18,0.0,0,0
20070909,781,5,7,21.0,0,0
20070909,781,15,13,7.0,0,0
20070909,781,13,4,69.0,3,0
20070909,781,21,8,17.0,0,0
20070909,781,4,2,89.0,4,0
20070916,782,2,5,56.0,0,0
20070916,782,29,24,0.0,0,0
20070916,782,20,17,1.0,0,0
20070916,782,14,12,8.0,0,0
20070916,782,27,23,0.0,0,0
20070916,782,9,6,33.0,0,0
20070916,782,26,19,0.0,0,0
20070916,782,25,10,13.0,0,0
20070916,782,16,22,0.0,0,0
20070916,782,19,20,0.0,0,0
20070916,782,18,16,2.0,0,0
20070916,782,24,21,0.0,0,0
20070916,782,17,11,10.0,0,0
20070916,782,11,15,4.0,0,0
20070916,782,22,18,0.0,0,0
20070916,782,5,7,22.0,0,0
20070916,782,15,13,7.0,0,0
20070916,782,13,4,77.0,3,0
20070916,782,21,8,17.0,0,0
20070916,782,4,2,95.0,4,0
20070930,783,2,5,56.0,0,0
20070930,783,29,23,0.0,0,0
20070930,783,20,18,1.0,0,0
20070930,783,14,11,13.0,0,0
20070930,783,27,24,0.0,0,0
20070930,783,9,6,35.0,0,0
20070930,783,26,21,0.0,0,0
20070930,783,25,10,13.0,0,0
20070930,783,16,17,1.0,0,0
20070930,783,19,22,0.0,0,0
20070930,783,18,16,2.0,0,0
20070930,783,24,20,0.0,0,0
20070930,783,17,12,10.0,0,0
20070930,783,11,15,4.0,0,0
20070930,783,22,19,0.0,0,0
20070930,783,5,7,30.0,0,0
20070930,783,15,13,7.0,0,0
20070930,783,13,4,80.0,3,0
20070930,783,21,8,21.0,0,0
20070930,783,4,2,95.0,4,0
20071007,784,2,5,58.0,0,0
20071007,784,29,23,0.0,0,0
20071007,784,20,14,6.0,0,0
20071007,784,14,10,14.0,0,0
20071007,784,27,24,0.0,0,0
20071007,784,9,6,35.0,0,0
20071007,784,26,21,0.0,0,0
20071007,784,25,11,13.0,0,0
20071007,784,16,19,1.0,0,0
20071007,784,19,22,0.0,0,0
20071007,784,18,15,6.0,0,0
20071007,784,24,18,3.0,0,0
20071007,784,17,12,10.0,0,0
20071007,784,11,17,4.0,0,0
20071007,784,22,20,0.0,0,0
20071007,784,5,7,30.0,0,0
20071007,784,15,13,7.0,0,0
20071007,784,23,16,5.0,0,0
20071007,784,13,4,86.0,3,0
20071007,784,21,8,21.0,0,0
20071007,784,4,2,103.0,4,0
20071021,785,8,1,110.0,6,1
20071021,785,6,22,0.0,0,1
20071021,785,29,24,0.0,0,1
20071021,785,20,14,6.0,0,1
20071021,785,14,10,14.0,0,1
20071021,785,27,25,0.0,0,1
20071021,785,9,6,39.0,0,1
20071021,785,26,21,0.0,0,1
20071021,785,25,11,13.0,0,1
20071021,785,16,19,1.0,0,1
20071021,785,19,23,0.0,0,1
20071021,785,18,15,6.0,0,1
20071021,785,24,18,3.0,0,1
20071021,785,17,12,10.0,0,1
20071021,785,11,17,4.0,0,1
20071021,785,22,20,0.0,0,1
20071021,785,5,7,30.0,0,1
20071021,785,15,13,8.0,0,1
20071021,785,23,16,5.0,0,1
20071021,785,3,9,20.0,0,1
20071021,785,13,4,94.0,3,1
20071021,785,2,5,61.0,0,1
20071021,785,4,3,109.0,4,1
20060312,751,11,18,0.0,0,0
20060312,751,33,17,0.0,0,0
20060312,751,15,16,0.0,0,0
20060312,751,22,15,0.0,0,0
20060312,751,23,14,0.0,0,0
20060312,751,26,13,0.0,0,0
20060312,751,2,12,0.0,0,0
20060312,751,24,11,0.0,0,0
20060312,751,14,10,0.0,0,0
20060312,751,13,9,0.0,0,0
20060312,751,32,8,1.0,0,0
20060312,751,3,7,2.0,0,0
20060312,751,17,6,3.0,0,0
20060312,751,31,5,4.0,0,0
20060312,751,18,4,5.0,0,0
20060312,751,8,3,6.0,0,0
20060312,751,30,2,8.0,0,0
20060312,751,4,1,10.0,1,0
20060319,752,27,17,0.0,0,0
20060319,752,35,10,2.0,0,0
20060319,752,21,4,10.0,1,0
20060319,752,11,21,0.0,0,0
20060319,752,33,19,0.0,0,0
20060319,752,15,13,0.0,0,0
20060319,752,22,14,0.0,0,0
20060319,752,23,11,1.0,0,0
20060319,752,26,20,0.0,0,0
20060319,752,2,18,0.0,0,0
20060319,752,24,16,0.0,0,0
20060319,752,14,15,0.0,0,0
20060319,752,13,7,4.0,0,0
20060319,752,32,12,1.0,0,0
20060319,752,3,9,2.0,0,0
20060319,752,17,8,3.0,0,0
20060319,752,31,5,9.0,0,0
20060319,752,18,3,11.0,0,0
20060319,752,8,6,6.0,0,0
20060319,752,30,2,11.0,0,0
20060319,752,4,1,18.0,1,0
20060402,753,34,22,0.0,0,0
20060402,753,27,19,0.0,0,0
20060402,753,35,9,5.0,0,0
20060402,753,21,2,14.0,1,0
20060402,753,11,20,0.0,0,0
20060402,753,33,21,0.0,0,0
20060402,753,15,17,0.0,0,0
20060402,753,22,12,2.0,0,0
20060402,753,23,7,7.0,0,0
20060402,753,26,16,0.0,0,0
20060402,753,2,8,5.0,0,0
20060402,753,24,18,0.0,0,0
20060402,753,14,14,1.0,0,0
20060402,753,13,10,4.0,0,0
20060402,753,32,15,1.0,0,0
20060402,753,3,13,2.0,0,0
20060402,753,17,11,3.0,0,0
20060402,753,31,6,9.0,0,0
20060402,753,18,5,11.0,0,0
20060402,753,8,3,14.0,0,0
20060402,753,30,4,11.0,0,0
20060402,753,4,1,28.0,2,0
20060423,754,34,22,0.0,0,0
20060423,754,27,19,0.0,0,0
20060423,754,35,11,5.0,0,0
20060423,754,21,4,15.0,1,0
20060423,754,11,20,0.0,0,0
20060423,754,33,21,0.0,0,0
20060423,754,15,17,0.0,0,0
20060423,754,22,12,2.0,0,0
20060423,754,23,8,7.0,0,0
20060423,754,26,16,0.0,0,0
20060423,754,2,10,5.0,0,0
20060423,754,24,18,0.0,0,0
20060423,754,14,14,1.0,0,0
20060423,754,13,7,9.0,0,0
20060423,754,32,15,1.0,0,0
20060423,754,3,13,2.0,0,0
20060423,754,17,9,6.0,0,0
20060423,754,31,5,15.0,0,0
20060423,754,18,6,13.0,0,0
20060423,754,8,3,18.0,0,0
20060423,754,30,2,21.0,1,0
20060423,754,4,1,36.0,2,0
20060507,755,34,22,0.0,0,0
20060507,755,27,19,0.0,0,0
20060507,755,35,11,6.0,0,0
20060507,755,21,4,18.0,1,0
20060507,755,11,21,0.0,0,0
20060507,755,33,20,0.0,0,0
20060507,755,15,16,0.0,0,0
20060507,755,22,9,6.0,0,0
20060507,755,23,8,7.0,0,0
20060507,755,26,17,0.0,0,0
20060507,755,2,12,5.0,0,0
20060507,755,24,18,0.0,0,0
20060507,755,14,14,1.0,0,0
20060507,755,13,5,15.0,0,0
20060507,755,32,15,1.0,0,0
20060507,755,3,13,4.0,0,0
20060507,755,17,10,6.0,0,0
20060507,755,31,6,15.0,0,0
20060507,755,18,7,13.0,0,0
20060507,755,8,3,23.0,0,0
20060507,755,30,2,31.0,2,0
20060507,755,4,1,44.0,2,0
20060514,756,34,22,0.0,0,0
20060514,756,27,19,0.0,0,0
20060514,756,35,12,6.0,0,0
20060514,756,21,4,24.0,1,0
20060514,756,11,21,0.0,0,0
20060514,756,33,20,0.0,0,0
20060514,756,15,16,0.0,0,0
20060514,756,22,8,8.0,0,0
20060514,756,23,9,7.0,0,0
20060514,756,26,17,0.0,0,0
20060514,756,2,10,6.0,0,0
20060514,756,24,18,0.0,0,0
20060514,756,14,14,1.0,0,0
20060514,756,13,5,20.0,0,0
20060514,756,32,15,1.0,0,0
20060514,756,3,13,4.0,0,0
20060514,756,17,11,6.0,0,0
20060514,756,31,7,15.0,0,0
20060514,756,18,6,16.0,0,0
20060514,756,8,3,27.0,0,0
20060514,756,30,2,39.0,2,0
20060514,756,4,1,54.0,3,0
20060528,757,36,23,0.0,0,0
20060528,757,34,22,0.0,0,0
20060528,757,27,19,0.0,0,0
20060528,757,35,13,6.0,0,0
20060528,757,21,3,27.0,1,0
20060528,757,11,21,0.0,0,0
20060528,757,33,20,0.0,0,0
20060528,757,15,16,0.0,0,0
20060528,757,22,8,13.0,0,0
20060528,757,23,9,8.0,0,0
20060528,757,26,17,0.0,0,0
20060528,757,2,10,8.0,0,0
20060528,757,24,18,0.0,0,0
20060528,757,14,11,7.0,0,0
20060528,757,13,6,20.0,0,0
20060528,757,32,15,1.0,0,0
20060528,757,3,14,4.0,0,0
20060528,757,17,12,6.0,0,0
20060528,757,31,5,23.0,0,0
20060528,757,18,7,16.0,0,0
20060528,757,8,4,27.0,0,0
20060528,757,30,2,43.0,2,0
20060528,757,4,1,64.0,4,0
20060611,758,36,23,0.0,0,0
20060611,758,34,22,0.0,0,0
20060611,758,27,19,0.0,0,0
20060611,758,35,12,7.0,0,0
20060611,758,21,4,32.0,1,0
20060611,758,11,21,0.0,0,0
20060611,758,33,20,0.0,0,0
20060611,758,15,16,0.0,0,0
20060611,758,22,8,13.0,0,0
20060611,758,23,10,8.0,0,0
20060611,758,26,17,0.0,0,0
20060611,758,2,9,10.0,0,0
20060611,758,24,18,0.0,0,0
20060611,758,14,11,7.0,0,0
20060611,758,13,6,24.0,0,0
20060611,758,32,15,1.0,0,0
20060611,758,3,14,4.0,0,0
20060611,758,17,13,6.0,0,0
20060611,758,31,5,26.0,0,0
20060611,758,18,7,16.0,0,0
20060611,758,8,3,33.0,0,0
20060611,758,30,2,51.0,2,0
20060611,758,4,1,74.0,5,0
20060625,759,36,23,0.0,0,0
20060625,759,34,22,0.0,0,0
20060625,759,27,19,0.0,0,0
20060625,759,35,12,7.0,0,0
20060625,759,21,4,37.0,1,0
20060625,759,11,21,0.0,0,0
20060625,759,33,20,0.0,0,0
20060625,759,15,15,3.0,0,0
20060625,759,22,8,13.0,0,0
20060625,759,23,10,8.0,0,0
20060625,759,26,17,0.0,0,0
20060625,759,2,9,12.0,0,0
20060625,759,24,18,0.0,0,0
20060625,759,14,11,8.0,0,0
20060625,759,13,5,28.0,0,0
20060625,759,32,16,1.0,0,0
20060625,759,3,14,4.0,0,0
20060625,759,17,13,6.0,0,0
20060625,759,31,6,26.0,0,0
20060625,759,18,7,16.0,0,0
20060625,759,8,3,39.0,0,0
20060625,759,30,2,59.0,2,0
20060625,759,4,1,84.0,6,0
20060702,760,36,23,0.0,0,0
20060702,760,34,22,0.0,0,0
20060702,760,27,19,0.0,0,0
20060702,760,35,13,7.0,0,0
20060702,760,21,3,43.0,1,0
20060702,760,11,21,0.0,0,0
20060702,760,33,20,0.0,0,0
20060702,760,15,12,8.0,0,0
20060702,760,22,8,16.0,0,0
20060702,760,23,11,8.0,0,0
20060702,760,26,18,0.0,0,0
20060702,760,2,9,12.0,0,0
20060702,760,24,16,1.0,0,0
20060702,760,14,10,10.0,0,0
20060702,760,13,5,36.0,0,0
20060702,760,32,17,1.0,0,0
20060702,760,3,15,4.0,0,0
20060702,760,17,14,6.0,0,0
20060702,760,31,6,26.0,0,0
20060702,760,18,7,16.0,0,0
20060702,760,8,4,39.0,0,0
20060702,760,30,2,69.0,3,0
20060702,760,4,1,88.0,6,0
20060716,761,37,16,2.0,0,0
20060716,761,36,24,0.0,0,0
20060716,761,34,23,0.0,0,0
20060716,761,27,20,0.0,0,0
20060716,761,35,13,7.0,0,0
20060716,761,21,3,46.0,1,0
20060716,761,11,22,0.0,0,0
20060716,761,33,21,0.0,0,0
20060716,761,15,12,8.0,0,0
20060716,761,22,8,16.0,0,0
20060716,761,23,9,13.0,0,0
20060716,761,26,19,0.0,0,0
20060716,761,2,10,13.0,0,0
20060716,761,24,17,1.0,0,0
20060716,761,14,11,10.0,0,0
20060716,761,13,5,42.0,0,0
20060716,761,32,18,1.0,0,0
20060716,761,3,15,4.0,0,0
20060716,761,17,14,6.0,0,0
20060716,761,31,6,26.0,0,0
20060716,761,18,7,16.0,0,0
20060716,761,8,4,43.0,0,0
20060716,761,30,2,79.0,4,0
20060716,761,4,1,96.0,6,0
20060730,762,37,16,2.0,0,0
20060730,762,36,24,0.0,0,0
20060730,762,34,23,0.0,0,0
20060730,762,27,20,0.0,0,0
20060730,762,35,13,7.0,0,0
20060730,762,21,4,49.0,1,0
20060730,762,11,22,0.0,0,0
20060730,762,33,21,0.0,0,0
20060730,762,15,12,10.0,0,0
20060730,762,22,8,16.0,0,0
20060730,762,23,9,13.0,0,0
20060730,762,26,19,0.0,0,0
20060730,762,2,10,13.0,0,0
20060730,762,24,18,1.0,0,0
20060730,762,14,11,10.0,0,0
20060730,762,13,3,50.0,0,0
20060730,762,32,17,2.0,0,0
20060730,762,3,15,4.0,0,0
20060730,762,17,14,6.0,0,0
20060730,762,31,6,26.0,0,0
20060730,762,18,7,21.0,0,0
20060730,762,8,5,49.0,0,0
20060730,762,30,2,89.0,5,0
20060730,762,4,1,100.0,6,0
20060806,763,37,12,10.0,0,0
20060806,763,36,24,0.0,0,0
20060806,763,34,23,0.0,0,0
20060806,763,27,21,0.0,0,0
20060806,763,35,14,7.0,0,0
20060806,763,21,4,49.0,1,0
20060806,763,11,22,0.0,0,0
20060806,763,33,20,0.0,0,0
20060806,763,15,13,10.0,0,0
20060806,763,22,8,21.0,0,0
20060806,763,23,10,16.0,0,0
20060806,763,26,19,0.0,0,0
20060806,763,2,9,19.0,0,0
20060806,763,24,18,1.0,0,0
20060806,763,14,11,14.0,0,0
20060806,763,13,3,52.0,0,0
20060806,763,32,17,2.0,0,0
20060806,763,3,16,4.0,0,0
20060806,763,17,15,6.0,0,0
20060806,763,31,7,26.0,0,0
20060806,763,18,6,31.0,1,0
20060806,763,8,5,49.0,0,0
20060806,763,30,2,90.0,5,0
20060806,763,4,1,100.0,6,0
20060827,764,9,23,0.0,0,0
20060827,764,37,11,14.0,0,0
20060827,764,36,25,0.0,0,0
20060827,764,34,24,0.0,0,0
20060827,764,27,21,0.0,0,0
20060827,764,35,14,7.0,0,0
20060827,764,21,4,52.0,1,0
20060827,764,11,22,0.0,0,0
20060827,764,33,20,0.0,0,0
20060827,764,15,13,10.0,0,0
20060827,764,22,8,22.0,0,0
20060827,764,23,10,18.0,0,0
20060827,764,26,19,0.0,0,0
20060827,764,2,9,19.0,0,0
20060827,764,24,18,1.0,0,0
20060827,764,14,12,14.0,0,0
20060827,764,13,3,62.0,1,0
20060827,764,32,17,2.0,0,0
20060827,764,3,16,4.0,0,0
20060827,764,17,15,6.0,0,0
20060827,764,31,7,26.0,0,0
20060827,764,18,6,36.0,1,0
20060827,764,8,5,49.0,0,0
20060827,764,30,2,96.0,5,0
20060827,764,4,1,108.0,6,0
20060910,765,9,15,6.0,0,0
20060910,765,37,11,14.0,0,0
20060910,765,36,25,0.0,0,0
20060910,765,34,24,0.0,0,0
20060910,765,27,22,0.0,0,0
20060910,765,35,14,7.0,0,0
20060910,765,21,4,57.0,1,0
20060910,765,11,23,0.0,0,0
20060910,765,33,21,0.0,0,0
20060910,765,15,13,12.0,0,0
20060910,765,22,8,25.0,0,0
20060910,765,23,10,18.0,0,0
20060910,765,26,20,0.0,0,0
20060910,765,2,9,20.0,0,0
20060910,765,24,19,1.0,0,0
20060910,765,14,12,14.0,0,0
20060910,765,13,3,62.0,1,0
20060910,765,32,18,2.0,0,0
20060910,765,3,17,4.0,0,0
20060910,765,17,16,6.0,0,0
20060910,765,31,7,26.0,0,0
20060910,765,18,6,40.0,1,0
20060910,765,8,5,57.0,0,0
20060910,765,30,2,106.0,6,0
20060910,765,4,1,108.0,6,0
20061001,766,29,27,0.0,0,0
20061001,766,38,24,0.0,0,0
20061001,766,9,16,6.0,0,0
20061001,766,37,10,18.0,0,0
20061001,766,36,26,0.0,0,0
20061001,766,34,25,0.0,0,0
20061001,766,27,22,0.0,0,0
20061001,766,35,15,7.0,0,0
20061001,766,21,3,63.0,1,0
20061001,766,11,23,0.0,0,0
20061001,766,33,21,0.0,0,0
20061001,766,15,13,12.0,0,0
20061001,766,22,7,28.0,0,0
20061001,766,23,11,18.0,0,0
20061001,766,26,20,0.0,0,0
20061001,766,2,9,22.0,0,0
20061001,766,24,19,1.0,0,0
20061001,766,14,12,14.0,0,0
20061001,766,13,4,62.0,1,0
20061001,766,32,18,2.0,0,0
20061001,766,3,17,4.0,0,0
20061001,766,17,14,7.0,0,0
20061001,766,31,8,26.0,0,0
20061001,766,18,6,45.0,1,0
20061001,766,8,5,57.0,0,0
20061001,766,30,1,116.0,7,0
20061001,766,4,2,116.0,6,0
20061008,767,29,27,0.0,0,0
20061008,767,38,24,0.0,0,0
20061008,767,9,16,6.0,0,0
20061008,767,37,11,18.0,0,0
20061008,767,36,26,0.0,0,0
20061008,767,34,25,0.0,0,0
20061008,767,27,22,0.0,0,0
20061008,767,35,15,7.0,0,0
20061008,767,21,4,69.0,1,0
20061008,767,11,23,0.0,0,0
20061008,767,33,21,0.0,0,0
20061008,767,15,12,15.0,0,0
20061008,767,22,7,28.0,0,0
20061008,767,23,10,20.0,0,0
20061008,767,26,20,0.0,0,0
20061008,767,2,9,23.0,0,0
20061008,767,24,19,1.0,0,0
20061008,767,14,13,14.0,0,0
20061008,767,13,3,70.0,1,0
20061008,767,32,18,2.0,0,0
20061008,767,3,17,4.0,0,0
20061008,767,17,14,7.0,0,0
20061008,767,31,8,26.0,0,0
20061008,767,18,6,50.0,1,0
20061008,767,8,5,61.0,0,0
20061008,767,30,2,116.0,7,0
20061008,767,4,1,126.0,7,0
20061022,768,29,26,0.0,0,1
20061022,768,38,24,0.0,0,1
20061022,768,9,16,6.0,0,1
20061022,768,37,11,19.0,0,1
20061022,768,36,27,0.0,0,1
20061022,768,34,25,0.0,0,1
20061022,768,27,22,0.0,0,1
20061022,768,35,15,7.0,0,1
20061022,768,21,4,72.0,1,1
20061022,768,11,23,0.0,0,1
20061022,768,33,21,0.0,0,1
20061022,768,15,12,15.0,0,1
20061022,768,22,7,30.0,0,1
20061022,768,23,10,20.0,0,1
20061022,768,26,20,0.0,0,1
20061022,768,2,9,23.0,0,1
20061022,768,24,19,1.0,0,1
20061022,768,14,13,14.0,0,1
20061022,768,13,3,80.0,2,1
20061022,768,32,18,2.0,0,1
20061022,768,3,17,4.0,0,1
20061022,768,17,14,7.0,0,1
20061022,768,31,8,26.0,0,1
20061022,768,18,6,56.0,1,1
20061022,768,8,5,65.0,0,1
20061022,768,30,2,121.0,7,1
20061022,768,4,1,134.0,7,1
20050306,732,39,13,0.0,0,0
20050306,732,11,17,0.0,0,0
20050306,732,35,12,0.0,0,0
20050306,732,23,11,0.0,0,0
20050306,732,18,16,0.0,0,0
20050306,732,13,10,0.0,0,0
20050306,732,15,9,0.0,0,0
20050306,732,8,8,1.0,0,0
20050306,732,32,7,2.0,0,0
20050306,732,31,6,3.0,0,0
20050306,732,17,5,4.0,0,0
20050306,732,14,4,5.0,0,0
20050306,732,4,3,6.0,0,0
20050306,732,22,2,8.0,0,0
20050306,732,21,1,10.0,1,0
20050320,733,30,11,2.0,0,0
20050320,733,40,18,0.0,0,0
20050320,733,33,15,0.0,0,0
20050320,733,39,14,0.0,0,0
20050320,733,11,20,0.0,0,0
20050320,733,35,16,0.0,0,0
20050320,733,23,8,4.0,0,0
20050320,733,18,19,0.0,0,0
20050320,733,13,13,0.0,0,0
20050320,733,15,3,8.0,0,0
20050320,733,8,12,1.0,0,0
20050320,733,32,10,3.0,0,0
20050320,733,31,6,8.0,0,0
20050320,733,17,9,4.0,0,0
20050320,733,14,5,8.0,0,0
20050320,733,4,1,16.0,1,0
20050320,733,22,4,8.0,0,0
20050320,733,21,2,10.0,1,0
20050403,734,2,10,6.0,0,0
20050403,734,30,14,2.0,0,0
20050403,734,40,18,0.0,0,0
20050403,734,33,15,0.0,0,0
20050403,734,39,17,0.0,0,0
20050403,734,11,21,0.0,0,0
20050403,734,35,16,0.0,0,0
20050403,734,23,4,9.0,0,0
20050403,734,18,20,0.0,0,0
20050403,734,13,13,2.0,0,0
20050403,734,15,2,16.0,0,0
20050403,734,8,8,7.0,0,0
20050403,734,32,12,3.0,0,0
20050403,734,31,7,8.0,0,0
20050403,734,17,9,7.0,0,0
20050403,734,14,5,9.0,0,0
20050403,734,4,1,26.0,2,0
20050403,734,22,6,8.0,0,0
20050403,734,21,3,10.0,1,0
20050424,735,19,24,0.0,0,0
20050424,735,27,21,0.0,0,0
20050424,735,2,5,9.0,0,0
20050424,735,30,4,10.0,0,0
20050424,735,40,20,0.0,0,0
20050424,735,33,18,0.0,0,0
20050424,735,39,19,0.0,0,0
20050424,735,11,23,0.0,0,0
20050424,735,35,13,5.0,0,0
20050424,735,23,6,9.0,0,0
20050424,735,18,22,0.0,0,0
20050424,735,13,16,2.0,0,0
20050424,735,15,2,20.0,0,0
20050424,735,8,11,7.0,0,0
20050424,735,32,15,3.0,0,0
20050424,735,31,10,8.0,0,0
20050424,735,17,8,9.0,0,0
20050424,735,14,7,9.0,0,0
20050508,736,24,17,1.0,0,0
20050508,736,25,12,6.0,0,0
20050508,736,37,14,4.0,0,0
20050508,736,19,24,0.0,0,0
20050508,736,27,21,0.0,0,0
20050508,736,2,10,9.0,0,0
20050508,736,30,7,10.0,0,0
20050508,736,40,20,0.0,0,0
20050508,736,33,18,0.0,0,0
20050508,736,39,19,0.0,0,0
20050508,736,11,23,0.0,0,0
20050508,736,35,13,5.0,0,0
20050508,736,23,5,14.0,0,0
20050508,736,18,22,0.0,0,0
20050508,736,13,16,2.0,0,0
20050508,736,15,2,26.0,0,0
20050508,736,8,3,17.0,1,0
20050508,736,32,15,3.0,0,0
20050508,736,31,8,10.0,0,0
20050508,736,17,6,12.0,0,0
20050508,736,14,9,10.0,0,0
20050522,737,19,24,0.0,0,0
20050522,737,27,21,0.0,0,0
20050522,737,2,5,17.0,0,0
20050522,737,30,9,12.0,0,0
20050522,737,40,20,0.0,0,0
20050522,737,33,18,0.0,0,0
20050522,737,39,19,0.0,0,0
20050522,737,11,23,0.0,0,0
20050522,737,35,13,5.0,0,0
20050522,737,23,6,17.0,0,0
20050522,737,18,22,0.0,0,0
20050522,737,13,16,2.0,0,0
20050522,737,15,3,26.0,0,0
20050522,737,8,2,27.0,2,0
20050522,737,32,15,3.0,0,0
20050522,737,31,8,14.0,0,0
20050522,737,17,4,18.0,0,0
20050522,737,14,10,10.0,0,0
20050522,737,4,1,49.0,3,0
20050522,737,22,11,9.0,0,0
20050522,737,21,7,14.0,1,0
20050529,738,25,12,6.0,0,0
20050529,738,37,14,4.0,0,0
20050529,738,19,24,0.0,0,0
20050529,738,27,23,0.0,0,0
20050529,738,2,4,25.0,0,0
20050529,738,30,8,16.0,0,0
20050529,738,40,21,0.0,0,0
20050529,738,33,18,0.0,0,0
20050529,738,39,20,0.0,0,0
20050529,738,11,22,0.0,0,0
20050529,738,35,13,5.0,0,0
20050529,738,23,7,17.0,0,0
20050529,738,18,19,0.0,0,0
20050529,738,13,16,2.0,0,0
20050529,738,15,3,27.0,0,0
20050529,738,8,2,27.0,2,0
20050529,738,32,15,3.0,0,0
20050529,738,31,9,16.0,0,0
20050529,738,17,5,18.0,0,0
20050529,738,14,11,15.0,0,0
20050529,738,4,1,59.0,4,0
20050529,738,22,10,15.0,0,0
20050529,738,21,6,17.0,1,0
20050612,739,25,13,6.0,0,0
20050612,739,37,15,4.0,0,0
20050612,739,19,24,0.0,0,0
20050612,739,27,21,0.0,0,0
20050612,739,2,4,25.0,0,0
20050612,739,30,5,24.0,0,0
20050612,739,40,22,0.0,0,0
20050612,739,33,18,0.0,0,0
20050612,739,39,20,0.0,0,0
20050612,739,11,23,0.0,0,0
20050612,739,35,14,5.0,0,0
20050612,739,23,8,20.0,0,0
20050612,739,18,19,0.0,0,0
20050612,739,13,12,7.0,0,0
20050612,739,15,3,27.0,0,0
20050612,739,8,2,37.0,3,0
20050612,739,32,16,4.0,0,0
20050612,739,31,11,16.0,0,0
20050612,739,17,6,22.0,0,0
20050612,739,14,10,17.0,0,0
20050612,739,4,1,59.0,4,0
20050612,739,22,7,21.0,0,0
20050612,739,21,9,17.0,1,0
20050619,740,25,14,6.0,0,0
20050619,740,37,18,4.0,0,0
20050619,740,19,25,0.0,0,0
20050619,740,27,17,4.0,0,0
20050619,740,2,6,25.0,0,0
20050619,740,30,3,34.0,1,0
20050619,740,40,20,3.0,0,0
20050619,740,33,13,6.0,0,0
20050619,740,39,16,5.0,0,0
20050619,740,11,23,0.0,0,0
20050619,740,35,15,5.0,0,0
20050619,740,23,8,20.0,0,0
20050619,740,18,22,0.0,0,0
20050619,740,13,12,7.0,0,0
20050619,740,15,5,27.0,0,0
20050619,740,8,2,37.0,3,0
20050619,740,32,19,4.0,0,0
20050619,740,31,11,16.0,0,0
20050619,740,17,7,22.0,0,0
20050619,740,14,10,17.0,0,0
20050619,740,4,1,59.0,4,0
20050619,740,22,4,29.0,0,0
20050619,740,21,9,17.0,1,0
20050703,741,25,14,6.0,0,0
20050703,741,37,19,4.0,0,0
20050703,741,19,25,0.0,0,0
20050703,741,27,18,4.0,0,0
20050703,741,2,6,25.0,0,0
20050703,741,30,3,40.0,1,0
20050703,741,40,21,3.0,0,0
20050703,741,33,13,6.0,0,0
20050703,741,39,17,5.0,0,0
20050703,741,11,23,0.0,0,0
20050703,741,35,15,6.0,0,0
20050703,741,23,8,22.0,0,0
20050703,741,18,16,5.0,0,0
20050703,741,13,12,7.0,0,0
20050703,741,15,4,31.0,0,0
20050703,741,8,2,45.0,3,0
20050703,741,32,20,4.0,0,0
20050703,741,31,11,16.0,0,0
20050703,741,17,7,22.0,0,0
20050703,741,14,10,17.0,0,0
20050703,741,4,1,69.0,5,0
20050703,741,22,5,29.0,0,0
20050703,741,21,9,20.0,1,0
20050710,742,25,15,6.0,0,0
20050710,742,37,19,4.0,0,0
20050710,742,19,25,0.0,0,0
20050710,742,27,18,4.0,0,0
20050710,742,2,8,25.0,0,0
20050710,742,30,3,43.0,1,0
20050710,742,40,21,3.0,0,0
20050710,742,33,14,6.0,0,0
20050710,742,39,17,5.0,0,0
20050710,742,11,23,0.0,0,0
20050710,742,35,16,6.0,0,0
20050710,742,23,9,23.0,0,0
20050710,742,18,12,9.0,0,0
20050710,742,13,13,7.0,0,0
20050710,742,15,5,31.0,0,0
20050710,742,8,2,51.0,3,0
20050710,742,32,20,4.0,0,0
20050710,742,31,6,26.0,1,0
20050710,742,17,10,22.0,0,0
20050710,742,14,11,17.0,0,0
20050710,742,4,1,77.0,5,0
20050710,742,22,4,31.0,0,0
20050710,742,21,7,25.0,1,0
20050724,743,24,22,1.0,0,0
20050724,743,25,15,6.0,0,0
20050724,743,37,19,4.0,0,0
20050724,743,19,26,0.0,0,0
20050724,743,27,18,4.0,0,0
20050724,743,2,9,25.0,0,0
20050724,743,30,3,47.0,1,0
20050724,743,40,21,3.0,0,0
20050724,743,33,14,6.0,0,0
20050724,743,39,17,5.0,0,0
20050724,743,11,23,0.0,0,0
20050724,743,35,16,6.0,0,0
20050724,743,23,8,26.0,0,0
20050724,743,18,12,15.0,0,0
20050724,743,13,13,8.0,0,0
20050724,743,15,6,31.0,0,0
20050724,743,8,2,51.0,3,0
20050724,743,32,20,4.0,0,0
20050724,743,31,4,34.0,1,0
20050724,743,17,10,22.0,0,0
20050724,743,14,11,19.0,0,0
20050724,743,4,1,87.0,6,0
20050724,743,22,5,31.0,0,0
20050724,743,21,7,30.0,1,0
20050731,744,24,22,1.0,0,0
20050731,744,25,15,6.0,0,0
20050731,744,37,19,4.0,0,0
20050731,744,19,26,0.0,0,0
20050731,744,27,18,4.0,0,0
20050731,744,2,9,28.0,0,0
20050731,744,30,3,55.0,1,0
20050731,744,40,21,3.0,0,0
20050731,744,33,14,6.0,0,0
20050731,744,39,17,5.0,0,0
20050731,744,11,23,1.0,0,0
20050731,744,35,16,6.0,0,0
20050731,744,23,6,32.0,0,0
20050731,744,18,11,19.0,0,0
20050731,744,13,13,8.0,0,0
20050731,744,15,4,36.0,0,0
20050731,744,8,2,61.0,4,0
20050731,744,32,20,4.0,0,0
20050731,744,31,5,34.0,1,0
20050731,744,17,10,24.0,0,0
20050731,744,14,12,19.0,0,0
20050731,744,4,1,87.0,6,0
20050731,744,22,7,31.0,0,0
20050731,744,21,8,30.0,1,0
20050821,745,24,23,1.0,0,0
20050821,745,25,15,6.0,0,0
20050821,745,37,20,4.0,0,0
20050821,745,19,26,0.0,0,0
20050821,745,27,19,4.0,0,0
20050821,745,2,9,28.0,0,0
20050821,745,30,3,55.0,1,0
20050821,745,40,21,3.0,0,0
20050821,745,33,14,6.0,0,0
20050821,745,39,17,5.0,0,0
20050821,745,11,22,1.0,0,0
20050821,745,35,16,6.0,0,0
20050821,745,23,7,32.0,0,0
20050821,745,18,11,23.0,0,0
20050821,745,13,13,8.0,0,0
20050821,745,15,5,39.0,0,0
20050821,745,8,2,71.0,5,0
20050821,745,32,18,5.0,0,0
20050821,745,31,4,40.0,1,0
20050821,745,17,10,24.0,0,0
20050821,745,14,12,21.0,0,0
20050821,745,4,1,95.0,6,0
20050821,745,22,8,31.0,0,0
20050821,745,21,6,35.0,1,0
20050904,746,41,26,0.0,0,0
20050904,746,24,24,1.0,0,0
20050904,746,25,15,6.0,0,0
20050904,746,37,20,4.0,0,0
20050904,746,19,27,0.0,0,0
20050904,746,27,19,4.0,0,0
20050904,746,2,9,28.0,0,0
20050904,746,30,3,55.0,1,0
20050904,746,40,21,3.0,0,0
20050904,746,33,14,6.0,0,0
20050904,746,39,17,5.0,0,0
20050904,746,11,23,1.0,0,0
20050904,746,35,16,6.0,0,0
20050904,746,23,7,35.0,0,0
20050904,746,18,10,24.0,0,0
20050904,746,13,13,8.0,0,0
20050904,746,15,5,43.0,0,0
20050904,746,8,2,76.0,5,0
20050904,746,32,18,5.0,0,0
20050904,746,31,4,50.0,2,0
20050904,746,17,11,24.0,0,0
20050904,746,14,12,21.0,0,0
20050904,746,4,1,103.0,6,0
20050904,746,22,8,31.0,0,0
20050904,746,21,6,41.0,1,0
20050911,747,41,26,0.0,0,0
20050911,747,24,24,1.0,0,0
20050911,747,25,16,6.0,0,0
20050911,747,37,20,4.0,0,0
20050911,747,19,27,0.0,0,0
20050911,747,27,19,4.0,0,0
20050911,747,2,11,28.0,0,0
20050911,747,30,3,55.0,1,0
20050911,747,40,21,3.0,0,0
20050911,747,33,15,7.0,0,0
20050911,747,39,17,5.0,0,0
20050911,747,11,23,1.0,0,0
20050911,747,35,13,9.0,0,0
20050911,747,23,7,37.0,0,0
20050911,747,18,9,30.0,0,0
20050911,747,13,14,8.0,0,0
20050911,747,15,5,43.0,0,0
20050911,747,8,2,86.0,6,0
20050911,747,32,18,5.0,0,0
20050911,747,31,4,50.0,2,0
20050911,747,17,10,29.0,0,0
20050911,747,14,12,21.0,0,0
20050911,747,4,1,111.0,6,0
20050911,747,22,8,35.0,0,0
20050911,747,21,6,41.0,1,0
20050925,748,41,26,0.0,0,0
20050925,748,24,24,1.0,0,0
20050925,748,25,16,6.0,0,0
20050925,748,37,20,4.0,0,0
20050925,748,19,27,0.0,0,0
20050925,748,27,19,4.0,0,0
20050925,748,2,11,28.0,0,0
20050925,748,30,4,60.0,1,0
20050925,748,40,21,3.0,0,0
20050925,748,33,15,7.0,0,0
20050925,748,39,17,5.0,0,0
20050925,748,11,23,1.0,0,0
20050925,748,35,13,9.0,0,0
20050925,748,23,8,38.0,0,0
20050925,748,18,9,32.0,0,0
20050925,748,13,14,8.0,0,0
20050925,748,15,6,43.0,0,0
20050925,748,8,2,94.0,6,0
20050925,748,32,18,5.0,0,0
20050925,748,31,3,60.0,3,0
20050925,748,17,10,29.0,0,0
20050925,748,14,12,21.0,0,0
20050925,748,4,1,117.0,6,0
20050925,748,22,7,38.0,0,0
20050925,748,21,5,45.0,1,0
20051009,749,41,26,0.0,0,0
20051009,749,24,24,1.0,0,0
20051009,749,25,16,6.0,0,0
20051009,749,37,20,4.0,0,0
20051009,749,19,27,0.0,0,0
20051009,749,27,19,4.0,0,0
20051009,749,2,11,28.0,0,0
20051009,749,30,3,62.0,1,0
20051009,749,40,21,3.0,0,0
20051009,749,33,15,7.0,0,0
20051009,749,39,17,5.0,0,0
20051009,749,11,23,1.0,0,0
20051009,749,35,13,9.0,0,0
20051009,749,23,7,39.0,0,0
20051009,749,18,9,36.0,0,0
20051009,749,13,14,8.0,0,0
20051009,749,15,6,43.0,0,0
20051009,749,8,2,104.0,7,0
20051009,749,32,18,5.0,0,0
20051009,749,31,4,60.0,3,0
20051009,749,17,10,34.0,0,0
20051009,749,14,12,24.0,0,0
20051009,749,4,1,123.0,6,0
20051009,749,22,8,38.0,0,0
20051009,749,21,5,53.0,1,0
20051016,750,41,26,0.0,0,1
20051016,750,24,24,1.0,0,1
20051016,750,25,17,6.0,0,1
20051016,750,37,20,4.0,0,1
20051016,750,19,27,0.0,0,1
20051016,750,27,19,4.0,0,1
20051016,750,2,11,28.0,0,1
20051016,750,30,3,62.0,1,1
20051016,750,40,21,3.0,0,1
20051016,750,33,16,7.0,0,1
20051016,750,39,18,5.0,0,1
20051016,750,11,23,1.0,0,1
20051016,750,35,14,9.0,0,1
20051016,750,23,6,45.0,0,1
20051016,750,18,9,37.0,0,1
20051016,750,13,13,11.0,0,1
20051016,750,15,7,43.0,0,1
20051016,750,8,2,112.0,7,1
20051016,750,32,15,9.0,0,1
20051016,750,31,4,60.0,3,1
20051016,750,17,10,36.0,0,1
20051016,750,14,12,24.0,0,1
20051016,750,4,1,133.0,7,1
20051016,750,22,8,38.0,0,1
20051016,750,21,5,58.0,1,1
20040307,714,45,14,0.0,0,0
20040307,714,44,13,0.0,0,0
20040307,714,43,12,0.0,0,0
20040307,714,32,11,0.0,0,0
20040307,714,21,10,0.0,0,0
20040307,714,11,9,0.0,0,0
20040307,714,14,8,1.0,0,0
20040307,714,15,7,2.0,0,0
20040307,714,18,6,3.0,0,0
20040307,714,31,5,4.0,0,0
20040307,714,23,4,5.0,0,0
20040307,714,4,3,6.0,0,0
20040307,714,22,2,8.0,0,0
20040307,714,30,1,10.0,1,0
20040321,715,47,17,0.0,0,0
20040321,715,46,16,0.0,0,0
20040321,715,13,9,1.0,0,0
20040321,715,45,15,0.0,0,0
20040321,715,44,14,0.0,0,0
20040321,715,43,10,0.0,0,0
20040321,715,32,13,0.0,0,0
20040321,715,21,12,0.0,0,0
20040321,715,11,11,0.0,0,0
20040321,715,14,8,4.0,0,0
20040321,715,15,6,6.0,0,0
20040321,715,18,4,9.0,0,0
20040321,715,31,3,12.0,0,0
20040321,715,23,7,5.0,0,0
20040321,715,4,5,8.0,0,0
20040321,715,22,2,13.0,0,0
20040321,715,30,1,20.0,2,0
20040404,716,2,18,0.0,0,0
20040404,716,17,11,1.0,0,0
20040404,716,47,19,0.0,0,0
20040404,716,46,17,0.0,0,0
20040404,716,13,10,1.0,0,0
20040404,716,45,16,0.0,0,0
20040404,716,44,13,0.0,0,0
20040404,716,43,12,0.0,0,0
20040404,716,32,15,0.0,0,0
20040404,716,21,14,0.0,0,0
20040404,716,11,8,4.0,0,0
20040404,716,14,9,4.0,0,0
20040404,716,15,6,11.0,0,0
20040404,716,18,3,15.0,0,0
20040404,716,31,4,12.0,0,0
20040404,716,23,7,7.0,0,0
20040404,716,4,5,11.0,0,0
20040404,716,22,2,21.0,0,0
20040404,716,30,1,30.0,3,0
20040425,717,8,12,1.0,0,0
20040425,717,2,20,0.0,0,0
20040425,717,17,11,1.0,0,0
20040425,717,47,19,0.0,0,0
20040425,717,46,18,0.0,0,0
20040425,717,13,10,1.0,0,0
20040425,717,45,17,0.0,0,0
20040425,717,44,15,0.0,0,0
20040425,717,43,14,0.0,0,0
20040425,717,32,16,0.0,0,0
20040425,717,21,13,0.0,0,0
20040425,717,11,8,4.0,0,0
20040425,717,14,9,4.0,0,0
20040425,717,15,6,15.0,0,0
20040425,717,18,3,23.0,0,0
20040425,717,31,4,18.0,0,0
20040425,717,23,7,9.0,0,0
20040425,717,4,5,16.0,0,0
20040425,717,22,2,24.0,0,0
20040425,717,30,1,40.0,4,0
20040509,718,8,12,1.0,0,0
20040509,718,2,20,0.0,0,0
20040509,718,17,13,1.0,0,0
20040509,718,47,19,0.0,0,0
20040509,718,46,18,0.0,0,0
20040509,718,13,11,1.0,0,0
20040509,718,45,17,0.0,0,0
20040509,718,44,15,0.0,0,0
20040509,718,43,14,0.0,0,0
20040509,718,32,16,0.0,0,0
20040509,718,21,10,2.0,0,0
20040509,718,11,8,8.0,0,0
20040509,718,14,9,4.0,0,0
20040509,718,15,5,21.0,0,0
20040509,718,18,3,24.0,0,0
20040509,718,31,6,18.0,0,0
20040509,718,23,7,12.0,0,0
20040509,718,4,4,21.0,0,0
20040509,718,22,2,32.0,0,0
20040509,718,30,1,50.0,5,0
20040523,719,8,15,1.0,0,0
20040523,719,2,13,2.0,0,0
20040523,719,17,16,1.0,0,0
20040523,719,47,17,0.0,0,0
20040523,719,46,20,0.0,0,0
20040523,719,13,9,5.0,0,0
20040523,719,45,19,0.0,0,0
20040523,719,44,14,1.0,0,0
20040523,719,43,11,3.0,0,0
20040523,719,32,18,0.0,0,0
20040523,719,21,12,2.0,0,0
20040523,719,11,8,8.0,0,0
20040523,719,14,10,4.0,0,0
20040523,719,15,4,31.0,1,0
20040523,719,18,3,32.0,0,0
20040523,719,31,5,23.0,0,0
20040523,719,23,7,12.0,0,0
20040523,719,4,6,21.0,0,0
20040523,719,22,2,38.0,0,0
20040523,719,30,1,50.0,5,0
20040530,720,8,16,1.0,0,0
20040530,720,2,14,2.0,0,0
20040530,720,17,13,3.0,0,0
20040530,720,47,17,0.0,0,0
20040530,720,46,20,0.0,0,0
20040530,720,13,9,5.0,0,0
20040530,720,45,19,0.0,0,0
20040530,720,44,15,1.0,0,0
20040530,720,43,12,3.0,0,0
20040530,720,32,18,0.0,0,0
20040530,720,21,10,5.0,0,0
20040530,720,11,8,8.0,0,0
20040530,720,14,11,4.0,0,0
20040530,720,15,4,36.0,1,0
20040530,720,18,3,38.0,0,0
20040530,720,31,6,24.0,0,0
20040530,720,23,7,12.0,0,0
20040530,720,4,5,25.0,0,0
20040530,720,22,2,46.0,0,0
20040530,720,30,1,60.0,6,0
20040613,721,10,16,2.0,0,0
20040613,721,8,12,5.0,0,0
20040613,721,2,14,3.0,0,0
20040613,721,17,15,3.0,0,0
20040613,721,47,19,0.0,0,0
20040613,721,46,21,0.0,0,0
20040613,721,13,11,5.0,0,0
20040613,721,45,20,0.0,0,0
20040613,721,44,17,1.0,0,0
20040613,721,43,13,3.0,0,0
20040613,721,32,18,0.0,0,0
20040613,721,21,8,10.0,0,0
20040613,721,11,9,8.0,0,0
20040613,721,14,10,7.0,0,0
20040613,721,15,4,36.0,1,0
20040613,721,18,3,44.0,0,0
20040613,721,31,6,24.0,0,0
20040613,721,23,7,12.0,0,0
20040613,721,4,5,25.0,0,0
20040613,721,22,2,54.0,0,0
20040613,721,30,1,70.0,7,0
20040620,722,10,17,2.0,0,0
20040620,722,8,11,8.0,0,0
20040620,722,2,15,3.0,0,0
20040620,722,17,16,3.0,0,0
20040620,722,47,18,1.0,0,0
20040620,722,46,21,0.0,0,0
20040620,722,13,12,5.0,0,0
20040620,722,45,20,0.0,0,0
20040620,722,44,13,5.0,0,0
20040620,722,43,14,3.0,0,0
20040620,722,32,19,0.0,0,0
20040620,722,21,9,10.0,0,0
20040620,722,11,7,14.0,0,0
20040620,722,14,10,9.0,0,0
20040620,722,15,4,41.0,1,0
20040620,722,18,3,44.0,0,0
20040620,722,31,6,24.0,0,0
20040620,722,23,8,12.0,0,0
20040620,722,4,5,25.0,0,0
20040620,722,22,2,62.0,0,0
20040620,722,30,1,80.0,8,0
20040704,723,48,20,0.0,0,0
20040704,723,10,17,2.0,0,0
20040704,723,8,11,10.0,0,0
20040704,723,2,16,3.0,0,0
20040704,723,17,15,3.0,0,0
20040704,723,47,18,1.0,0,0
20040704,723,46,22,0.0,0,0
20040704,723,13,12,5.0,0,0
20040704,723,45,21,0.0,0,0
20040704,723,44,13,5.0,0,0
20040704,723,43,14,3.0,0,0
20040704,723,32,19,0.0,0,0
20040704,723,21,10,10.0,0,0
20040704,723,11,7,14.0,0,0
20040704,723,14,9,12.0,0,0
20040704,723,15,4,46.0,1,0
20040704,723,18,3,48.0,0,0
20040704,723,31,6,25.0,0,0
20040704,723,23,8,12.0,0,0
20040704,723,4,5,33.0,0,0
20040704,723,22,2,68.0,0,0
20040704,723,30,1,90.0,9,0
20040711,724,48,20,0.0,0,0
20040711,724,10,17,2.0,0,0
20040711,724,8,7,18.0,0,0
20040711,724,2,16,3.0,0,0
20040711,724,17,14,4.0,0,0
20040711,724,47,18,1.0,0,0
20040711,724,46,22,0.0,0,0
20040711,724,13,12,5.0,0,0
20040711,724,45,21,0.0,0,0
20040711,724,44,13,5.0,0,0
20040711,724,43,15,3.0,0,0
20040711,724,32,19,0.0,0,0
20040711,724,21,10,13.0,0,0
20040711,724,11,8,14.0,0,0
20040711,724,14,9,14.0,0,0
20040711,724,15,4,46.0,1,0
20040711,724,18,3,53.0,0,0
20040711,724,31,6,29.0,0,0
20040711,724,23,11,12.0,0,0
20040711,724,4,5,33.0,0,0
20040711,724,22,2,74.0,0,0
20040711,724,30,1,100.0,10,0
20040725,725,42,18,2.0,0,0
20040725,725,48,21,0.0,0,0
20040725,725,10,17,2.0,0,0
20040725,725,8,8,18.0,0,0
20040725,725,2,16,3.0,0,0
20040725,725,17,12,7.0,0,0
20040725,725,47,19,1.0,0,0
20040725,725,46,23,0.0,0,0
20040725,725,13,13,5.0,0,0
20040725,725,45,22,0.0,0,0
20040725,725,44,14,5.0,0,0
20040725,725,43,15,3.0,0,0
20040725,725,32,20,0.0,0,0
20040725,725,21,10,13.0,0,0
20040725,725,11,9,15.0,0,0
20040725,725,14,7,19.0,0,0
20040725,725,15,4,46.0,1,0
20040725,725,18,3,61.0,0,0
20040725,725,31,6,33.0,0,0
20040725,725,23,11,12.0,0,0
20040725,725,4,5,39.0,0,0
20040725,725,22,2,74.0,0,0
20040725,725,30,1,110.0,11,0
20040815,726,42,15,4.0,0,0
20040815,726,48,21,0.0,0,0
20040815,726,10,18,2.0,0,0
20040815,726,8,8,18.0,0,0
20040815,726,2,17,3.0,0,0
20040815,726,17,12,7.0,0,0
20040815,726,47,19,1.0,0,0
20040815,726,46,23,0.0,0,0
20040815,726,13,13,5.0,0,0
20040815,726,45,22,0.0,0,0
20040815,726,44,14,5.0,0,0
20040815,726,43,16,3.0,0,0
20040815,726,32,20,0.0,0,0
20040815,726,21,10,14.0,0,0
20040815,726,11,9,18.0,0,0
20040815,726,14,7,19.0,0,0
20040815,726,15,4,46.0,1,0
20040815,726,18,3,65.0,0,0
20040815,726,31,6,38.0,0,0
20040815,726,23,11,12.0,0,0
20040815,726,4,5,45.0,0,0
20040815,726,22,2,82.0,0,0
20040815,726,30,1,120.0,12,0
20040829,727,41,22,0.0,0,0
20040829,727,42,15,4.0,0,0
20040829,727,48,21,0.0,0,0
20040829,727,10,19,2.0,0,0
20040829,727,8,7,28.0,1,0
20040829,727,2,18,3.0,0,0
20040829,727,17,13,7.0,0,0
20040829,727,47,20,1.0,0,0
20040829,727,46,24,0.0,0,0
20040829,727,13,12,10.0,0,0
20040829,727,45,23,0.0,0,0
20040829,727,44,14,6.0,0,0
20040829,727,43,17,3.0,0,0
20040829,727,32,16,3.0,0,0
20040829,727,21,10,18.0,0,0
20040829,727,11,9,18.0,0,0
20040829,727,14,8,21.0,0,0
20040829,727,15,4,46.0,1,0
20040829,727,18,3,65.0,0,0
20040829,727,31,6,38.0,0,0
20040829,727,23,11,12.0,0,0
20040829,727,4,5,45.0,0,0
20040829,727,22,2,88.0,0,0
20040829,727,30,1,128.0,12,0
20040912,728,41,21,0.0,0,0
20040912,728,42,15,6.0,0,0
20040912,728,48,22,0.0,0,0
20040912,728,10,19,2.0,0,0
20040912,728,8,7,28.0,1,0
20040912,728,2,18,3.0,0,0
20040912,728,17,13,7.0,0,0
20040912,728,47,20,1.0,0,0
20040912,728,46,24,0.0,0,0
20040912,728,13,12,10.0,0,0
20040912,728,45,23,0.0,0,0
20040912,728,44,14,6.0,0,0
20040912,728,43,17,3.0,0,0
20040912,728,32,16,3.0,0,0
20040912,728,21,10,19.0,0,0
20040912,728,11,9,23.0,0,0
20040912,728,14,8,24.0,0,0
20040912,728,15,4,46.0,1,0
20040912,728,18,3,71.0,0,0
20040912,728,31,6,42.0,0,0
20040912,728,23,11,12.0,0,0
20040912,728,4,5,45.0,0,0
20040912,728,22,2,98.0,1,0
20040912,728,30,1,136.0,12,0
20040926,729,35,23,0.0,0,0
20040926,729,41,21,0.0,0,0
20040926,729,42,15,6.0,0,0
20040926,729,48,22,0.0,0,0
20040926,729,10,19,2.0,0,0
20040926,729,8,7,34.0,1,0
20040926,729,2,18,3.0,0,0
20040926,729,17,13,7.0,0,0
20040926,729,47,20,1.0,0,0
20040926,729,46,25,0.0,0,0
20040926,729,13,12,11.0,0,0
20040926,729,45,24,0.0,0,0
20040926,729,44,14,6.0,0,0
20040926,729,43,17,3.0,0,0
20040926,729,32,16,3.0,0,0
20040926,729,21,10,21.0,0,0
20040926,729,11,8,26.0,0,0
20040926,729,14,9,24.0,0,0
20040926,729,15,5,46.0,1,0
20040926,729,18,3,79.0,0,0
20040926,729,31,6,46.0,0,0
20040926,729,23,11,12.0,0,0
20040926,729,4,4,50.0,0,0
20040926,729,22,2,108.0,2,0
20040926,729,30,1,136.0,12,0
20041010,730,35,21,0.0,0,0
20041010,730,41,22,0.0,0,0
20041010,730,42,15,6.0,0,0
20041010,730,48,23,0.0,0,0
20041010,730,10,19,2.0,0,0
20041010,730,8,7,37.0,1,0
20041010,730,2,18,3.0,0,0
20041010,730,17,13,7.0,0,0
20041010,730,47,20,1.0,0,0
20041010,730,46,25,0.0,0,0
20041010,730,13,12,11.0,0,0
20041010,730,45,24,0.0,0,0
20041010,730,44,14,6.0,0,0
20041010,730,43,17,3.0,0,0
20041010,730,32,16,3.0,0,0
20041010,730,21,10,22.0,0,0
20041010,730,11,8,31.0,0,0
20041010,730,14,9,24.0,0,0
20041010,730,15,6,46.0,1,0
20041010,730,18,3,85.0,0,0
20041010,730,31,5,48.0,0,0
20041010,730,23,11,20.0,0,0
20041010,730,4,4,54.0,0,0
20041010,730,22,2,108.0,2,0
20041010,730,30,1,146.0,13,0
20041024,731,35,21,0.0,0,1
20041024,731,41,22,0.0,0,1
20041024,731,42,15,6.0,0,1
20041024,731,48,23,0.0,0,1
20041024,731,10,19,2.0,0,1
20041024,731,8,7,45.0,1,1
20041024,731,2,18,3.0,0,1
20041024,731,17,13,7.0,0,1
20041024,731,47,20,1.0,0,1
20041024,731,46,25,0.0,0,1
20041024,731,13,12,12.0,0,1
20041024,731,45,24,0.0,0,1
20041024,731,44,14,6.0,0,1
20041024,731,43,17,3.0,0,1
20041024,731,32,16,3.0,0,1
20041024,731,21,11,22.0,0,1
20041024,731,11,8,34.0,0,1
20041024,731,14,10,24.0,0,1
20041024,731,15,6,46.0,1,1
20041024,731,18,3,85.0,0,1
20041024,731,31,5,58.0,1,1
20041024,731,23,9,24.0,0,1
20041024,731,4,4,59.0,0,1
20041024,731,22,2,114.0,2,1
20041024,731,30,1,148.0,13,1
20030309,698,50,11,0.0,0,0
20030309,698,18,10,0.0,0,0
20030309,698,35,9,0.0,0,0
20030309,698,23,8,1.0,0,0
20030309,698,4,7,2.0,0,0
20030309,698,49,6,3.0,0,0
20030309,698,15,5,4.0,0,0
20030309,698,30,4,5.0,0,0
20030309,698,8,3,6.0,0,0
20030309,698,31,2,8.0,0,0
20030309,698,14,1,10.0,1,0
20030323,699,43,15,0.0,0,0
20030323,699,52,13,0.0,0,0
20030323,699,2,11,1.0,0,0
20030323,699,22,4,8.0,0,0
20030323,699,50,14,0.0,0,0
20030323,699,18,10,2.0,0,0
20030323,699,35,12,0.0,0,0
20030323,699,23,8,6.0,0,0
20030323,699,4,5,8.0,0,0
20030323,699,49,9,3.0,0,0
20030323,699,15,7,8.0,0,0
20030323,699,30,6,8.0,0,0
20030323,699,8,1,16.0,1,0
20030323,699,31,3,8.0,0,0
20030323,699,14,2,10.0,1,0
20030406,700,17,14,0.0,0,0
20030406,700,21,4,10.0,1,0
20030406,700,43,15,0.0,0,0
20030406,700,52,16,0.0,0,0
20030406,700,2,13,1.0,0,0
20030406,700,22,7,8.0,0,0
20030406,700,50,17,0.0,0,0
20030406,700,18,12,2.0,0,0
20030406,700,35,11,3.0,0,0
20030406,700,23,9,8.0,0,0
20030406,700,4,3,14.0,0,0
20030406,700,49,10,7.0,0,0
20030406,700,15,5,9.0,0,0
20030406,700,30,8,8.0,0,0
20030406,700,8,1,24.0,1,0
20030406,700,31,6,8.0,0,0
20030406,700,14,2,15.0,1,0
20030420,701,42,19,0.0,0,0
20030420,701,44,14,0.0,0,0
20030420,701,17,15,0.0,0,0
20030420,701,21,7,10.0,1,0
20030420,701,43,16,0.0,0,0
20030420,701,52,17,0.0,0,0
20030420,701,2,13,1.0,0,0
20030420,701,22,5,14.0,0,0
20030420,701,50,18,0.0,0,0
20030420,701,18,12,3.0,0,0
20030420,701,35,11,3.0,0,0
20030420,701,23,6,13.0,0,0
20030420,701,4,4,17.0,0,0
20030420,701,49,10,7.0,0,0
20030420,701,15,9,9.0,0,0
20030420,701,30,3,18.0,1,0
20030420,701,8,1,32.0,1,0
20030420,701,31,8,10.0,0,0
20030420,701,14,2,19.0,1,0
20030504,702,51,19,0.0,0,0
20030504,702,42,20,0.0,0,0
20030504,702,44,17,0.0,0,0
20030504,702,17,14,2.0,0,0
20030504,702,21,8,10.0,1,0
20030504,702,43,12,3.0,0,0
20030504,702,52,16,1.0,0,0
20030504,702,2,15,1.0,0,0
20030504,702,22,4,20.0,0,0
20030504,702,50,18,0.0,0,0
20030504,702,18,13,3.0,0,0
20030504,702,35,11,3.0,0,0
20030504,702,23,6,17.0,0,0
20030504,702,4,3,25.0,0,0
20030504,702,49,10,7.0,0,0
20030504,702,15,9,9.0,0,0
20030504,702,30,2,28.0,2,0
20030504,702,8,1,32.0,1,0
20030504,702,31,7,15.0,0,0
20030504,702,14,5,19.0,1,0
20030518,703,51,20,0.0,0,0
20030518,703,42,17,0.0,0,0
20030518,703,44,18,0.0,0,0
20030518,703,17,12,4.0,0,0
20030518,703,21,8,10.0,1,0
20030518,703,43,14,3.0,0,0
20030518,703,52,16,1.0,0,0
20030518,703,2,15,1.0,0,0
20030518,703,22,3,26.0,0,0
20030518,703,50,19,0.0,0,0
20030518,703,18,10,8.0,0,0
20030518,703,35,13,3.0,0,0
20030518,703,23,6,20.0,0,0
20030518,703,4,4,25.0,0,0
20030518,703,49,11,7.0,0,0
20030518,703,15,9,10.0,0,0
20030518,703,30,2,38.0,3,0
20030518,703,8,1,40.0,1,0
20030518,703,31,7,15.0,0,0
20030518,703,14,5,23.0,1,0
20030601,704,51,20,0.0,0,0
20030601,704,42,18,0.0,0,0
20030601,704,44,17,0.0,0,0
20030601,704,17,12,4.0,0,0
20030601,704,21,9,10.0,1,0
20030601,704,43,13,3.0,0,0
20030601,704,52,16,1.0,0,0
20030601,704,2,15,1.0,0,0
20030601,704,22,4,27.0,0,0
20030601,704,50,19,0.0,0,0
20030601,704,18,10,8.0,0,0
20030601,704,35,14,3.0,0,0
20030601,704,23,7,25.0,0,0
20030601,704,4,3,29.0,0,0
20030601,704,49,11,7.0,0,0
20030601,704,15,8,13.0,0,0
20030601,704,30,2,44.0,3,0
20030601,704,8,1,48.0,1,0
20030601,704,31,5,25.0,1,0
20030601,704,14,6,25.0,1,0
20030615,705,51,20,0.0,0,0
20030615,705,42,18,0.0,0,0
20030615,705,44,15,1.0,0,0
20030615,705,17,12,6.0,0,0
20030615,705,21,9,10.0,1,0
20030615,705,43,13,3.0,0,0
20030615,705,52,17,1.0,0,0
20030615,705,2,16,1.0,0,0
20030615,705,22,6,31.0,0,0
20030615,705,50,19,0.0,0,0
20030615,705,18,10,8.0,0,0
20030615,705,35,14,3.0,0,0
20030615,705,23,4,33.0,0,0
20030615,705,4,3,34.0,0,0
20030615,705,49,11,7.0,0,0
20030615,705,15,8,13.0,0,0
20030615,705,30,1,54.0,4,0
20030615,705,8,2,51.0,1,0
20030615,705,31,5,31.0,1,0
20030615,705,14,7,25.0,1,0
20030629,706,51,20,0.0,0,0
20030629,706,42,18,0.0,0,0
20030629,706,44,16,1.0,0,0
20030629,706,17,11,9.0,0,0
20030629,706,21,9,10.0,1,0
20030629,706,43,13,3.0,0,0
20030629,706,52,17,1.0,0,0
20030629,706,2,15,2.0,0,0
20030629,706,22,6,37.0,0,0
20030629,706,50,19,0.0,0,0
20030629,706,18,10,10.0,0,0
20030629,706,35,14,3.0,0,0
20030629,706,23,3,43.0,1,0
20030629,706,4,5,39.0,0,0
20030629,706,49,12,7.0,0,0
20030629,706,15,8,13.0,0,0
20030629,706,30,1,58.0,4,0
20030629,706,8,2,51.0,1,0
20030629,706,31,4,39.0,1,0
20030629,706,14,7,25.0,1,0
20030706,707,51,20,0.0,0,0
20030706,707,42,18,0.0,0,0
20030706,707,44,15,2.0,0,0
20030706,707,17,9,12.0,0,0
20030706,707,21,10,10.0,1,0
20030706,707,43,14,3.0,0,0
20030706,707,52,17,1.0,0,0
20030706,707,2,16,2.0,0,0
20030706,707,22,5,39.0,0,0
20030706,707,50,19,0.0,0,0
20030706,707,18,11,10.0,0,0
20030706,707,35,13,3.0,0,0
20030706,707,23,3,53.0,2,0
20030706,707,4,6,39.0,0,0
20030706,707,49,12,7.0,0,0
20030706,707,15,8,13.0,0,0
20030706,707,30,1,64.0,4,0
20030706,707,8,2,56.0,1,0
20030706,707,31,4,47.0,1,0
20030706,707,14,7,29.0,1,0
20030720,708,51,20,0.0,0,0
20030720,708,42,18,0.0,0,0
20030720,708,44,15,2.0,0,0
20030720,708,17,9,12.0,0,0
20030720,708,21,11,10.0,1,0
20030720,708,43,13,5.0,0,0
20030720,708,52,17,1.0,0,0
20030720,708,2,16,2.0,0,0
20030720,708,22,5,49.0,1,0
20030720,708,50,19,0.0,0,0
20030720,708,18,10,11.0,0,0
20030720,708,35,14,3.0,0,0
20030720,708,23,4,53.0,2,0
20030720,708,4,6,39.0,0,0
20030720,708,49,12,7.0,0,0
20030720,708,15,8,16.0,0,0
20030720,708,30,1,69.0,4,0
20030720,708,8,2,62.0,1,0
20030720,708,31,3,55.0,1,0
20030720,708,14,7,33.0,1,0
20030803,709,53,21,0.0,0,0
20030803,709,51,20,0.0,0,0
20030803,709,42,18,0.0,0,0
20030803,709,44,14,6.0,0,0
20030803,709,17,10,12.0,0,0
20030803,709,21,11,10.0,1,0
20030803,709,43,12,8.0,0,0
20030803,709,52,17,1.0,0,0
20030803,709,2,16,2.0,0,0
20030803,709,22,5,49.0,1,0
20030803,709,50,19,0.0,0,0
20030803,709,18,9,12.0,0,0
20030803,709,35,15,3.0,0,0
20030803,709,23,4,53.0,2,0
20030803,709,4,6,44.0,0,0
20030803,709,49,13,7.0,0,0
20030803,709,15,8,22.0,0,0
20030803,709,30,1,71.0,4,0
20030803,709,8,3,62.0,1,0
20030803,709,31,2,65.0,2,0
20030803,709,14,7,41.0,1,0
20030824,710,53,21,0.0,0,0
20030824,710,51,20,0.0,0,0
20030824,710,42,18,0.0,0,0
20030824,710,44,14,6.0,0,0
20030824,710,17,9,15.0,0,0
20030824,710,21,11,10.0,1,0
20030824,710,43,12,8.0,0,0
20030824,710,52,17,1.0,0,0
20030824,710,2,16,2.0,0,0
20030824,710,22,6,49.0,1,0
20030824,710,50,19,0.0,0,0
20030824,710,18,10,12.0,0,0
20030824,710,35,15,3.0,0,0
20030824,710,23,4,58.0,2,0
20030824,710,4,5,54.0,1,0
20030824,710,49,13,7.0,0,0
20030824,710,15,8,24.0,0,0
20030824,710,30,1,72.0,4,0
20030824,710,8,3,70.0,1,0
20030824,710,31,2,71.0,2,0
20030824,710,14,7,45.0,1,0
20030914,711,47,22,0.0,0,0
20030914,711,48,16,4.0,0,0
20030914,711,53,23,0.0,0,0
20030914,711,51,21,0.0,0,0
20030914,711,42,19,0.0,0,0
20030914,711,44,14,6.0,0,0
20030914,711,17,9,17.0,0,0
20030914,711,21,11,10.0,1,0
20030914,711,43,12,8.0,0,0
20030914,711,52,18,1.0,0,0
20030914,711,2,17,2.0,0,0
20030914,711,22,5,55.0,1,0
20030914,711,50,20,0.0,0,0
20030914,711,18,10,12.0,0,0
20030914,711,35,15,6.0,0,0
20030914,711,23,4,58.0,2,0
20030914,711,4,6,55.0,1,0
20030914,711,49,13,7.0,0,0
20030914,711,15,8,24.0,0,0
20030914,711,30,1,82.0,5,0
20030914,711,8,3,75.0,1,0
20030914,711,31,2,79.0,2,0
20030914,711,14,7,45.0,1,0
20030928,712,47,23,0.0,0,0
20030928,712,48,17,4.0,0,0
20030928,712,53,22,0.0,0,0
20030928,712,51,19,1.0,0,0
20030928,712,42,20,0.0,0,0
20030928,712,44,15,6.0,0,0
20030928,712,17,9,17.0,0,0
20030928,712,21,11,12.0,1,0
20030928,712,43,13,8.0,0,0
20030928,712,52,18,1.0,0,0
20030928,712,2,14,6.0,0,0
20030928,712,22,5,55.0,1,0
20030928,712,50,21,0.0,0,0
20030928,712,18,12,12.0,0,0
20030928,712,35,16,6.0,0,0
20030928,712,23,4,58.0,2,0
20030928,712,4,6,55.0,1,0
20030928,712,49,10,13.0,0,0
20030928,712,15,8,29.0,0,0
20030928,712,30,1,92.0,6,0
20030928,712,8,2,83.0,1,0
20030928,712,31,3,82.0,2,0
20030928,712,14,7,45.0,1,0
20031012,713,11,18,3.0,0,1
20031012,713,47,24,0.0,0,1
20031012,713,48,17,4.0,0,1
20031012,713,53,23,0.0,0,1
20031012,713,51,20,1.0,0,1
20031012,713,42,21,0.0,0,1
20031012,713,44,15,6.0,0,1
20031012,713,17,10,17.0,0,1
20031012,713,21,12,12.0,1,1
20031012,713,43,13,10.0,0,1
20031012,713,52,19,1.0,0,1
20031012,713,2,14,6.0,0,1
20031012,713,22,4,65.0,2,1
20031012,713,50,22,0.0,0,1
20031012,713,18,9,17.0,0,1
20031012,713,35,16,6.0,0,1
20031012,713,23,5,58.0,2,1
20031012,713,4,6,55.0,1,1
20031012,713,49,11,13.0,0,1
20031012,713,15,8,33.0,0,1
20031012,713,30,1,93.0,6,1
20031012,713,8,2,91.0,1,1
20031012,713,31,3,82.0,2,1
20031012,713,14,7,51.0,1,1
20020303,681,37,8,0.0,0,0
20020303,681,62,7,0.0,0,0
20020303,681,63,6,1.0,0,0
20020303,681,17,5,2.0,0,0
20020303,681,56,4,3.0,0,0
20020303,681,8,3,4.0,0,0
20020303,681,31,2,6.0,0,0
20020303,681,30,1,10.0,1,0
20020317,682,21,17,0.0,0,0
20020317,682,49,16,0.0,0,0
20020317,682,11,15,0.0,0,0
20020317,682,35,14,0.0,0,0
20020317,682,66,11,0.0,0,0
20020317,682,13,10,1.0,0,0
20020317,682,2,7,2.0,0,0
20020317,682,18,5,3.0,0,0
20020317,682,23,3,10.0,1,0
20020317,682,37,13,0.0,0,0
20020317,682,62,12,0.0,0,0
20020317,682,63,9,1.0,0,0
20020317,682,17,8,2.0,0,0
20020317,682,56,6,3.0,0,0
20020317,682,8,4,4.0,0,0
20020317,682,31,2,12.0,0,0
20020317,682,30,1,14.0,1,0
20020331,683,14,6,4.0,0,0
20020331,683,21,18,0.0,0,0
20020331,683,49,17,0.0,0,0
20020331,683,11,16,0.0,0,0
20020331,683,35,15,0.0,0,0
20020331,683,66,13,0.0,0,0
20020331,683,13,11,1.0,0,0
20020331,683,2,9,2.0,0,0
20020331,683,18,4,6.0,0,0
20020331,683,23,2,16.0,1,0
20020331,683,37,14,0.0,0,0
20020331,683,62,12,0.0,0,0
20020331,683,63,10,2.0,0,0
20020331,683,17,8,2.0,0,0
20020331,683,56,7,3.0,0,0
20020331,683,8,5,4.0,0,0
20020331,683,31,3,14.0,0,0
20020331,683,30,1,24.0,2,0
20020414,684,15,18,0.0,0,0
20020414,684,22,5,6.0,0,0
20020414,684,14,6,5.0,0,0
20020414,684,21,20,0.0,0,0
20020414,684,49,19,0.0,0,0
20020414,684,11,17,0.0,0,0
20020414,684,35,13,0.0,0,0
20020414,684,66,15,0.0,0,0
20020414,684,13,12,1.0,0,0
20020414,684,2,9,2.0,0,0
20020414,684,18,4,8.0,0,0
20020414,684,23,2,20.0,1,0
20020414,684,37,16,0.0,0,0
20020414,684,62,14,0.0,0,0
20020414,684,63,11,2.0,0,0
20020414,684,17,10,2.0,0,0
20020414,684,56,8,3.0,0,0
20020414,684,8,7,4.0,0,0
20020414,684,31,3,17.0,0,0
20020414,684,30,1,34.0,3,0
20020428,685,15,19,0.0,0,0
20020428,685,22,6,6.0,0,0
20020428,685,14,4,9.0,0,0
20020428,685,21,20,0.0,0,0
20020428,685,49,13,1.0,0,0
20020428,685,11,18,0.0,0,0
20020428,685,35,14,0.0,0,0
20020428,685,66,15,0.0,0,0
20020428,685,13,10,3.0,0,0
20020428,685,2,7,5.0,0,0
20020428,685,18,5,8.0,0,0
20020428,685,23,3,20.0,1,0
20020428,685,37,17,0.0,0,0
20020428,685,62,16,0.0,0,0
20020428,685,63,12,2.0,0,0
20020428,685,17,11,2.0,0,0
20020428,685,56,9,3.0,0,0
20020428,685,8,8,4.0,0,0
20020428,685,31,2,23.0,0,0
20020428,685,30,1,44.0,4,0
20020512,686,15,20,0.0,0,0
20020512,686,22,4,12.0,0,0
20020512,686,14,5,10.0,0,0
20020512,686,21,12,2.0,0,0
20020512,686,49,14,1.0,0,0
20020512,686,11,19,0.0,0,0
20020512,686,35,15,0.0,0,0
20020512,686,66,16,0.0,0,0
20020512,686,13,10,3.0,0,0
20020512,686,2,7,5.0,0,0
20020512,686,18,6,8.0,0,0
20020512,686,23,3,23.0,1,0
20020512,686,37,18,0.0,0,0
20020512,686,62,17,0.0,0,0
20020512,686,63,13,2.0,0,0
20020512,686,17,11,2.0,0,0
20020512,686,56,9,3.0,0,0
20020512,686,8,8,4.0,0,0
20020512,686,31,2,27.0,0,0
20020512,686,30,1,54.0,5,0
20020526,687,59,21,0.0,0,0
20020526,687,15,11,3.0,0,0
20020526,687,22,5,12.0,0,0
20020526,687,14,4,20.0,1,0
20020526,687,21,9,4.0,0,0
20020526,687,49,15,2.0,0,0
20020526,687,11,20,0.0,0,0
20020526,687,35,16,0.0,0,0
20020526,687,66,17,0.0,0,0
20020526,687,13,12,3.0,0,0
20020526,687,2,7,5.0,0,0
20020526,687,18,6,8.0,0,0
20020526,687,23,2,27.0,1,0
20020526,687,37,19,0.0,0,0
20020526,687,62,18,0.0,0,0
20020526,687,63,14,2.0,0,0
20020526,687,17,13,2.0,0,0
20020526,687,56,10,3.0,0,0
20020526,687,8,8,4.0,0,0
20020526,687,31,3,27.0,0,0
20020526,687,30,1,60.0,5,0
20020609,688,44,20,0.0,0,0
20020609,688,59,22,0.0,0,0
20020609,688,15,10,4.0,0,0
20020609,688,22,5,16.0,0,0
20020609,688,14,4,26.0,1,0
20020609,688,21,8,6.0,0,0
20020609,688,49,15,2.0,0,0
20020609,688,11,21,0.0,0,0
20020609,688,35,16,0.0,0,0
20020609,688,66,17,0.0,0,0
20020609,688,13,12,3.0,0,0
20020609,688,2,9,5.0,0,0
20020609,688,18,6,8.0,0,0
20020609,688,23,2,27.0,1,0
20020609,688,37,19,0.0,0,0
20020609,688,62,18,0.0,0,0
20020609,688,63,14,2.0,0,0
20020609,688,17,13,2.0,0,0
20020609,688,56,11,3.0,0,0
20020609,688,8,7,7.0,0,0
20020609,688,31,3,27.0,0,0
20020609,688,30,1,70.0,6,0
20020623,689,44,20,0.0,0,0
20020623,689,59,22,0.0,0,0
20020623,689,15,10,4.0,0,0
20020623,689,22,4,26.0,1,0
20020623,689,14,5,26.0,1,0
20020623,689,21,8,6.0,0,0
20020623,689,49,15,2.0,0,0
20020623,689,11,21,0.0,0,0
20020623,689,35,16,0.0,0,0
20020623,689,66,17,0.0,0,0
20020623,689,13,11,4.0,0,0
20020623,689,2,9,5.0,0,0
20020623,689,18,7,10.0,0,0
20020623,689,23,2,30.0,1,0
20020623,689,37,19,0.0,0,0
20020623,689,62,18,0.0,0,0
20020623,689,63,14,2.0,0,0
20020623,689,17,13,2.0,0,0
20020623,689,56,12,3.0,0,0
20020623,689,8,6,11.0,0,0
20020623,689,31,3,27.0,0,0
20020623,689,30,1,76.0,6,0
20020707,690,44,14,2.0,0,0
20020707,690,59,22,0.0,0,0
20020707,690,15,10,4.0,0,0
20020707,690,22,2,32.0,1,0
20020707,690,14,5,26.0,1,0
20020707,690,21,9,6.0,0,0
20020707,690,49,17,2.0,0,0
20020707,690,11,21,0.0,0,0
20020707,690,35,12,3.0,0,0
20020707,690,66,18,0.0,0,0
20020707,690,13,11,4.0,0,0
20020707,690,2,8,6.0,0,0
20020707,690,18,7,10.0,0,0
20020707,690,23,4,30.0,1,0
20020707,690,37,20,0.0,0,0
20020707,690,62,19,0.0,0,0
20020707,690,63,16,2.0,0,0
20020707,690,17,15,2.0,0,0
20020707,690,56,13,3.0,0,0
20020707,690,8,6,11.0,0,0
20020707,690,31,3,31.0,0,0
20020707,690,30,1,86.0,7,0
20020721,691,44,14,2.0,0,0
20020721,691,59,22,0.0,0,0
20020721,691,15,10,4.0,0,0
20020721,691,22,3,32.0,1,0
20020721,691,14,5,30.0,1,0
20020721,691,21,9,6.0,0,0
20020721,691,49,17,2.0,0,0
20020721,691,11,21,0.0,0,0
20020721,691,35,12,3.0,0,0
20020721,691,66,18,0.0,0,0
20020721,691,13,11,4.0,0,0
20020721,691,2,8,6.0,0,0
20020721,691,18,7,11.0,0,0
20020721,691,23,4,32.0,1,0
20020721,691,37,20,0.0,0,0
20020721,691,62,19,0.0,0,0
20020721,691,63,16,2.0,0,0
20020721,691,17,15,2.0,0,0
20020721,691,56,13,3.0,0,0
20020721,691,8,6,17.0,0,0
20020721,691,31,2,34.0,0,0
20020721,691,30,1,96.0,8,0
20020728,692,44,14,2.0,0,0
20020728,692,59,22,0.0,0,0
20020728,692,15,10,4.0,0,0
20020728,692,22,4,35.0,1,0
20020728,692,14,5,32.0,1,0
20020728,692,21,9,6.0,0,0
20020728,692,49,17,2.0,0,0
20020728,692,11,21,0.0,0,0
20020728,692,35,12,3.0,0,0
20020728,692,66,18,0.0,0,0
20020728,692,13,11,4.0,0,0
20020728,692,2,8,7.0,0,0
20020728,692,18,7,11.0,0,0
20020728,692,23,3,36.0,1,0
20020728,692,37,20,0.0,0,0
20020728,692,62,19,0.0,0,0
20020728,692,63,16,2.0,0,0
20020728,692,17,15,2.0,0,0
20020728,692,56,13,3.0,0,0
20020728,692,8,6,17.0,0,0
20020728,692,31,2,40.0,0,0
20020728,692,30,1,106.0,9,0
20020818,693,44,14,2.0,0,0
20020818,693,59,22,0.0,0,0
20020818,693,15,10,4.0,0,0
20020818,693,22,2,45.0,2,0
20020818,693,14,5,34.0,1,0
20020818,693,21,9,7.0,0,0
20020818,693,49,17,2.0,0,0
20020818,693,11,21,0.0,0,0
20020818,693,35,12,3.0,0,0
20020818,693,66,18,0.0,0,0
20020818,693,13,11,4.0,0,0
20020818,693,2,8,7.0,0,0
20020818,693,18,7,11.0,0,0
20020818,693,23,3,40.0,1,0
20020818,693,37,20,0.0,0,0
20020818,693,62,19,0.0,0,0
20020818,693,63,16,2.0,0,0
20020818,693,17,15,2.0,0,0
20020818,693,56,13,3.0,0,0
20020818,693,8,6,20.0,0,0
20020818,693,31,4,40.0,0,0
20020818,693,30,1,112.0,9,0
20020901,694,44,14,2.0,0,0
20020901,694,59,22,0.0,0,0
20020901,694,15,11,4.0,0,0
20020901,694,22,2,51.0,2,0
20020901,694,14,5,37.0,1,0
20020901,694,21,9,7.0,0,0
20020901,694,49,17,2.0,0,0
20020901,694,11,21,0.0,0,0
20020901,694,35,13,3.0,0,0
20020901,694,66,18,0.0,0,0
20020901,694,13,12,4.0,0,0
20020901,694,2,8,7.0,0,0
20020901,694,18,7,11.0,0,0
20020901,694,23,4,42.0,1,0
20020901,694,37,20,0.0,0,0
20020901,694,62,19,0.0,0,0
20020901,694,63,16,2.0,0,0
20020901,694,17,15,2.0,0,0
20020901,694,56,10,4.0,0,0
20020901,694,8,6,20.0,0,0
20020901,694,31,3,44.0,0,0
20020901,694,30,1,122.0,10,0
20020915,695,44,14,3.0,0,0
20020915,695,59,22,0.0,0,0
20020915,695,15,9,7.0,0,0
20020915,695,22,2,61.0,3,0
20020915,695,14,5,37.0,1,0
20020915,695,21,11,7.0,0,0
20020915,695,49,17,2.0,0,0
20020915,695,11,21,0.0,0,0
20020915,695,35,13,3.0,0,0
20020915,695,66,18,0.0,0,0
20020915,695,13,12,4.0,0,0
20020915,695,2,10,7.0,0,0
20020915,695,18,7,13.0,0,0
20020915,695,23,4,42.0,1,0
20020915,695,37,20,0.0,0,0
20020915,695,62,19,0.0,0,0
20020915,695,63,16,2.0,0,0
20020915,695,17,15,2.0,0,0
20020915,695,56,8,8.0,0,0
20020915,695,8,6,20.0,0,0
20020915,695,31,3,44.0,0,0
20020915,695,30,1,128.0,10,0
20020929,696,44,14,3.0,0,0
20020929,696,59,22,0.0,0,0
20020929,696,15,8,9.0,0,0
20020929,696,22,2,71.0,4,0
20020929,696,14,5,41.0,1,0
20020929,696,21,11,7.0,0,0
20020929,696,49,17,2.0,0,0
20020929,696,11,21,0.0,0,0
20020929,696,35,12,4.0,0,0
20020929,696,66,18,0.0,0,0
20020929,696,13,13,4.0,0,0
20020929,696,2,10,7.0,0,0
20020929,696,18,7,13.0,0,0
20020929,696,23,4,42.0,1,0
20020929,696,37,20,0.0,0,0
20020929,696,62,19,0.0,0,0
20020929,696,63,16,2.0,0,0
20020929,696,17,15,2.0,0,0
20020929,696,56,9,8.0,0,0
20020929,696,8,6,20.0,0,0
20020929,696,31,3,47.0,0,0
20020929,696,30,1,134.0,10,0
20021013,697,44,14,3.0,0,1
20021013,697,59,22,0.0,0,1
20021013,697,15,8,9.0,0,1
20021013,697,22,2,77.0,4,1
20021013,697,14,5,41.0,1,1
20021013,697,21,11,7.0,0,1
20021013,697,49,18,2.0,0,1
20021013,697,11,15,2.0,0,1
20021013,697,35,12,4.0,0,1
20021013,697,66,19,0.0,0,1
20021013,697,13,13,4.0,0,1
20021013,697,2,10,7.0,0,1
20021013,697,18,7,14.0,0,1
20021013,697,23,4,42.0,1,1
20021013,697,37,21,0.0,0,1
20021013,697,62,20,0.0,0,1
20021013,697,63,17,2.0,0,1
20021013,697,17,16,2.0,0,1
20021013,697,56,9,8.0,0,1
20021013,697,8,6,24.0,0,1
20021013,697,31,3,50.0,0,1
20021013,697,30,1,144.0,11,1
20010304,664,21,13,0.0,0,0
20010304,664,4,12,0.0,0,0
20010304,664,56,11,0.0,0,0
20010304,664,50,10,0.0,0,0
20010304,664,55,9,0.0,0,0
20010304,664,54,8,0.0,0,0
20010304,664,44,7,0.0,0,0
20010304,664,8,6,1.0,0,0
20010304,664,49,5,2.0,0,0
20010304,664,2,4,3.0,0,0
20010304,664,22,3,4.0,0,0
20010304,664,14,2,6.0,0,0
20010304,664,30,1,10.0,1,0
20010318,665,58,19,0.0,0,0
20010318,665,60,17,0.0,0,0
20010318,665,18,14,0.0,0,0
20010318,665,15,12,0.0,0,0
20010318,665,57,7,1.0,0,0
20010318,665,23,6,2.0,0,0
20010318,665,21,18,0.0,0,0
20010318,665,4,16,0.0,0,0
20010318,665,56,15,0.0,0,0
20010318,665,50,9,0.0,0,0
20010318,665,55,13,0.0,0,0
20010318,665,54,11,0.0,0,0
20010318,665,44,10,0.0,0,0
20010318,665,8,8,1.0,0,0
20010318,665,49,4,5.0,0,0
20010318,665,2,5,3.0,0,0
20010318,665,22,2,10.0,0,0
20010318,665,14,3,10.0,0,0
20010318,665,30,1,20.0,2,0
20010401,666,35,13,0.0,0,0
20010401,666,58,16,0.0,0,0
20010401,666,60,20,0.0,0,0
20010401,666,18,17,0.0,0,0
20010401,666,15,7,2.0,0,0
20010401,666,57,10,1.0,0,0
20010401,666,23,8,2.0,0,0
20010401,666,21,9,1.0,0,0
20010401,666,4,19,0.0,0,0
20010401,666,56,18,0.0,0,0
20010401,666,50,12,0.0,0,0
20010401,666,55,14,0.0,0,0
20010401,666,54,15,0.0,0,0
20010401,666,44,6,3.0,0,0
20010401,666,8,11,1.0,0,0
20010401,666,49,5,5.0,0,0
20010401,666,2,4,7.0,0,0
20010401,666,22,3,10.0,0,0
20010401,666,14,2,20.0,1,0
20010401,666,30,1,26.0,2,0
20010415,667,59,18,0.0,0,0
20010415,667,35,13,0.0,0,0
20010415,667,58,16,0.0,0,0
20010415,667,60,21,0.0,0,0
20010415,667,18,17,0.0,0,0
20010415,667,15,8,4.0,0,0
20010415,667,57,7,4.0,0,0
20010415,667,23,4,12.0,1,0
20010415,667,21,10,1.0,0,0
20010415,667,4,20,0.0,0,0
20010415,667,56,19,0.0,0,0
20010415,667,50,12,0.0,0,0
20010415,667,55,14,0.0,0,0
20010415,667,54,15,0.0,0,0
20010415,667,44,9,3.0,0,0
20010415,667,8,11,1.0,0,0
20010415,667,49,6,6.0,0,0
20010415,667,2,5,7.0,0,0
20010415,667,22,3,14.0,0,0
20010415,667,14,2,26.0,1,0
20010415,667,30,1,26.0,2,0
20010429,668,31,7,6.0,0,0
20010429,668,59,19,0.0,0,0
20010429,668,35,9,4.0,0,0
20010429,668,58,17,0.0,0,0
20010429,668,60,22,0.0,0,0
20010429,668,18,18,0.0,0,0
20010429,668,15,6,7.0,0,0
20010429,668,57,10,4.0,0,0
20010429,668,23,4,12.0,1,0
20010429,668,21,13,1.0,0,0
20010429,668,4,21,0.0,0,0
20010429,668,56,20,0.0,0,0
20010429,668,50,14,0.0,0,0
20010429,668,55,15,0.0,0,0
20010429,668,54,16,0.0,0,0
20010429,668,44,11,3.0,0,0
20010429,668,8,12,1.0,0,0
20010429,668,49,8,6.0,0,0
20010429,668,2,5,8.0,0,0
20010429,668,22,3,14.0,0,0
20010429,668,14,2,28.0,1,0
20010429,668,30,1,36.0,3,0
20010513,669,31,7,6.0,0,0
20010513,669,59,20,0.0,0,0
20010513,669,35,10,4.0,0,0
20010513,669,58,18,0.0,0,0
20010513,669,60,22,0.0,0,0
20010513,669,18,19,0.0,0,0
20010513,669,15,6,7.0,0,0
20010513,669,57,12,4.0,0,0
20010513,669,23,4,12.0,1,0
20010513,669,21,14,1.0,0,0
20010513,669,4,21,0.0,0,0
20010513,669,56,15,0.0,0,0
20010513,669,50,13,1.0,0,0
20010513,669,55,16,0.0,0,0
20010513,669,54,17,0.0,0,0
20010513,669,44,9,5.0,0,0
20010513,669,8,11,4.0,0,0
20010513,669,49,8,6.0,0,0
20010513,669,2,5,8.0,0,0
20010513,669,22,3,18.0,0,0
20010513,669,14,2,38.0,2,0
20010513,669,30,1,42.0,3,0
20010527,670,31,8,6.0,0,0
20010527,670,59,19,0.0,0,0
20010527,670,35,6,7.0,0,0
20010527,670,58,20,0.0,0,0
20010527,670,60,22,0.0,0,0
20010527,670,18,17,0.0,0,0
20010527,670,15,7,7.0,0,0
20010527,670,57,13,4.0,0,0
20010527,670,23,4,12.0,1,0
20010527,670,21,16,1.0,0,0
20010527,670,4,21,0.0,0,0
20010527,670,56,11,4.0,0,0
20010527,670,50,14,1.0,0,0
20010527,670,55,15,1.0,0,0
20010527,670,54,18,0.0,0,0
20010527,670,44,10,5.0,0,0
20010527,670,8,12,4.0,0,0
20010527,670,49,9,6.0,0,0
20010527,670,2,5,8.0,0,0
20010527,670,22,3,24.0,0,0
20010527,670,14,2,40.0,2,0
20010527,670,30,1,52.0,4,0
20010610,671,41,19,0.0,0,0
20010610,671,37,17,1.0,0,0
20010610,671,31,10,6.0,0,0
20010610,671,59,22,0.0,0,0
20010610,671,35,7,7.0,0,0
20010610,671,58,21,0.0,0,0
20010610,671,60,24,0.0,0,0
20010610,671,18,18,0.0,0,0
20010610,671,15,9,7.0,0,0
20010610,671,57,6,8.0,0,0
20010610,671,23,4,22.0,2,0
20010610,671,21,16,1.0,0,0
20010610,671,4,23,0.0,0,0
20010610,671,56,13,4.0,0,0
20010610,671,50,15,1.0,0,0
20010610,671,55,14,3.0,0,0
20010610,671,54,20,0.0,0,0
20010610,671,44,12,5.0,0,0
20010610,671,8,8,7.0,0,0
20010610,671,49,11,6.0,0,0
20010610,671,2,5,8.0,0,0
20010610,671,22,3,24.0,0,0
20010610,671,14,2,40.0,2,0
20010610,671,30,1,58.0,4,0
20010624,672,41,19,0.0,0,0
20010624,672,37,16,1.0,0,0
20010624,672,31,5,12.0,0,0
20010624,672,59,22,0.0,0,0
20010624,672,35,8,7.0,0,0
20010624,672,58,21,0.0,0,0
20010624,672,60,24,0.0,0,0
20010624,672,18,18,0.0,0,0
20010624,672,15,10,7.0,0,0
20010624,672,57,6,9.0,0,0
20010624,672,23,4,25.0,2,0
20010624,672,21,17,1.0,0,0
20010624,672,4,23,0.0,0,0
20010624,672,56,13,4.0,0,0
20010624,672,50,15,1.0,0,0
20010624,672,55,14,3.0,0,0
20010624,672,54,20,0.0,0,0
20010624,672,44,12,5.0,0,0
20010624,672,8,9,7.0,0,0
20010624,672,49,11,6.0,0,0
20010624,672,2,7,8.0,0,0
20010624,672,22,3,26.0,0,0
20010624,672,14,2,44.0,2,0
20010624,672,30,1,68.0,5,0
20010701,673,41,19,0.0,0,0
20010701,673,37,16,1.0,0,0
20010701,673,31,5,12.0,0,0
20010701,673,59,22,0.0,0,0
20010701,673,35,9,7.0,0,0
20010701,673,58,21,0.0,0,0
20010701,673,60,24,0.0,0,0
20010701,673,18,18,0.0,0,0
20010701,673,15,8,9.0,0,0
20010701,673,57,7,9.0,0,0
20010701,673,23,3,31.0,2,0
20010701,673,21,17,1.0,0,0
20010701,673,4,23,0.0,0,0
20010701,673,56,13,4.0,0,0
20010701,673,50,15,1.0,0,0
20010701,673,55,14,3.0,0,0
20010701,673,54,20,0.0,0,0
20010701,673,44,12,5.0,0,0
20010701,673,8,10,7.0,0,0
20010701,673,49,11,6.0,0,0
20010701,673,2,6,9.0,0,0
20010701,673,22,4,30.0,0,0
20010701,673,14,2,47.0,2,0
20010701,673,30,1,78.0,6,0
20010715,674,41,19,0.0,0,0
20010715,674,37,16,1.0,0,0
20010715,674,31,6,15.0,0,0
20010715,674,59,22,0.0,0,0
20010715,674,35,10,7.0,0,0
20010715,674,58,21,0.0,0,0
20010715,674,60,24,0.0,0,0
20010715,674,18,18,0.0,0,0
20010715,674,15,9,9.0,0,0
20010715,674,57,5,19.0,1,0
20010715,674,23,4,31.0,2,0
20010715,674,21,17,1.0,0,0
20010715,674,4,23,0.0,0,0
20010715,674,56,13,4.0,0,0
20010715,674,50,15,1.0,0,0
20010715,674,55,14,3.0,0,0
20010715,674,54,20,0.0,0,0
20010715,674,44,12,5.0,0,0
20010715,674,8,8,9.0,0,0
20010715,674,49,11,6.0,0,0
20010715,674,2,7,10.0,0,0
20010715,674,22,3,34.0,0,0
20010715,674,14,2,47.0,2,0
20010715,674,30,1,84.0,6,0
20010729,675,41,19,0.0,0,0
20010729,675,37,18,1.0,0,0
20010729,675,31,6,15.0,0,0
20010729,675,59,21,0.0,0,0
20010729,675,35,7,11.0,0,0
20010729,675,58,22,0.0,0,0
20010729,675,60,24,0.0,0,0
20010729,675,18,16,2.0,0,0
20010729,675,15,10,9.0,0,0
20010729,675,57,5,19.0,1,0
20010729,675,23,3,41.0,3,0
20010729,675,21,14,4.0,0,0
20010729,675,4,23,0.0,0,0
20010729,675,56,13,4.0,0,0
20010729,675,50,17,1.0,0,0
20010729,675,55,15,4.0,0,0
20010729,675,54,20,0.0,0,0
20010729,675,44,12,5.0,0,0
20010729,675,8,9,9.0,0,0
20010729,675,49,11,6.0,0,0
20010729,675,2,8,10.0,0,0
20010729,675,22,4,40.0,0,0
20010729,675,14,2,47.0,2,0
20010729,675,30,1,84.0,6,0
20010819,676,41,19,0.0,0,0
20010819,676,37,18,1.0,0,0
20010819,676,31,6,15.0,0,0
20010819,676,59,21,0.0,0,0
20010819,676,35,7,11.0,0,0
20010819,676,58,22,0.0,0,0
20010819,676,60,24,0.0,0,0
20010819,676,18,16,2.0,0,0
20010819,676,15,10,9.0,0,0
20010819,676,57,5,21.0,1,0
20010819,676,23,4,44.0,3,0
20010819,676,21,14,4.0,0,0
20010819,676,4,23,0.0,0,0
20010819,676,56,13,4.0,0,0
20010819,676,50,17,1.0,0,0
20010819,676,55,15,4.0,0,0
20010819,676,54,20,0.0,0,0
20010819,676,44,12,5.0,0,0
20010819,676,8,9,9.0,0,0
20010819,676,49,11,6.0,0,0
20010819,676,2,8,11.0,0,0
20010819,676,22,3,46.0,0,0
20010819,676,14,2,51.0,2,0
20010819,676,30,1,94.0,7,0
20010902,677,41,19,0.0,0,0
20010902,677,37,18,1.0,0,0
20010902,677,31,6,15.0,0,0
20010902,677,59,21,0.0,0,0
20010902,677,35,7,11.0,0,0
20010902,677,58,22,0.0,0,0
20010902,677,60,24,0.0,0,0
20010902,677,18,16,2.0,0,0
20010902,677,15,10,9.0,0,0
20010902,677,57,5,24.0,1,0
20010902,677,23,4,44.0,3,0
20010902,677,21,11,8.0,0,0
20010902,677,4,23,0.0,0,0
20010902,677,56,15,4.0,0,0
20010902,677,50,17,1.0,0,0
20010902,677,55,14,5.0,0,0
20010902,677,54,20,0.0,0,0
20010902,677,44,13,5.0,0,0
20010902,677,8,9,9.0,0,0
20010902,677,49,12,6.0,0,0
20010902,677,2,8,11.0,0,0
20010902,677,22,3,48.0,0,0
20010902,677,14,2,57.0,2,0
20010902,677,30,1,104.0,8,0
20010916,678,61,24,0.0,0,0
20010916,678,41,19,0.0,0,0
20010916,678,37,16,3.0,0,0
20010916,678,31,5,25.0,1,0
20010916,678,59,21,0.0,0,0
20010916,678,35,7,12.0,0,0
20010916,678,58,22,0.0,0,0
20010916,678,60,25,0.0,0,0
20010916,678,18,17,2.0,0,0
20010916,678,15,10,9.0,0,0
20010916,678,57,6,24.0,1,0
20010916,678,23,4,48.0,3,0
20010916,678,21,11,8.0,0,0
20010916,678,4,23,0.0,0,0
20010916,678,56,15,4.0,0,0
20010916,678,50,18,1.0,0,0
20010916,678,55,14,5.0,0,0
20010916,678,54,20,0.0,0,0
20010916,678,44,13,5.0,0,0
20010916,678,8,9,9.0,0,0
20010916,678,49,12,6.0,0,0
20010916,678,2,8,11.0,0,0
20010916,678,22,3,54.0,0,0
20010916,678,14,2,57.0,2,0
20010916,678,30,1,107.0,8,0
20010930,679,61,24,0.0,0,0
20010930,679,41,19,0.0,0,0
20010930,679,37,16,3.0,0,0
20010930,679,31,6,25.0,1,0
20010930,679,59,21,0.0,0,0
20010930,679,35,7,12.0,0,0
20010930,679,58,22,0.0,0,0
20010930,679,60,25,0.0,0,0
20010930,679,18,17,2.0,0,0
20010930,679,15,9,12.0,0,0
20010930,679,57,5,34.0,2,0
20010930,679,23,4,48.0,3,0
20010930,679,21,11,8.0,0,0
20010930,679,4,23,0.0,0,0
20010930,679,56,12,6.0,0,0
20010930,679,50,18,1.0,0,0
20010930,679,55,15,5.0,0,0
20010930,679,54,20,0.0,0,0
20010930,679,44,14,5.0,0,0
20010930,679,8,10,9.0,0,0
20010930,679,49,13,6.0,0,0
20010930,679,2,8,12.0,0,0
20010930,679,22,3,54.0,0,0
20010930,679,14,2,61.0,2,0
20010930,679,30,1,113.0,8,0
20011014,680,62,26,0.0,0,1
20011014,680,61,24,0.0,0,1
20011014,680,41,19,0.0,0,1
20011014,680,37,16,3.0,0,1
20011014,680,31,6,31.0,1,1
20011014,680,59,21,0.0,0,1
20011014,680,35,7,12.0,0,1
20011014,680,58,22,0.0,0,1
20011014,680,60,25,0.0,0,1
20011014,680,18,17,2.0,0,1
20011014,680,15,9,12.0,0,1
20011014,680,57,5,37.0,2,1
20011014,680,23,4,49.0,3,1
20011014,680,21,11,8.0,0,1
20011014,680,4,23,0.0,0,1
20011014,680,56,12,6.0,0,1
20011014,680,50,18,1.0,0,1
20011014,680,55,15,5.0,0,1
20011014,680,54,20,0.0,0,1
20011014,680,44,14,5.0,0,1
20011014,680,8,10,9.0,0,1
20011014,680,49,13,6.0,0,1
20011014,680,2,8,12.0,0,1
20011014,680,22,3,56.0,0,1
20011014,680,14,2,65.0,2,1
20011014,680,30,1,123.0,9,1
20000312,647,30,1,10.0,1,0
20000312,647,22,2,6.0,0,0
20000312,647,23,3,4.0,0,0
20000312,647,35,4,3.0,0,0
20000312,647,21,5,2.0,0,0
20000312,647,41,6,1.0,0,0
20000312,647,25,7,0.0,0,0
20000312,647,48,8,0.0,0,0
20000312,647,2,9,0.0,0,0
20000326,648,30,1,20.0,2,0
20000326,648,22,3,6.0,0,0
20000326,648,23,4,6.0,0,0
20000326,648,35,7,3.0,0,0
20000326,648,21,2,8.0,0,0
20000326,648,41,8,1.0,0,0
20000326,648,25,11,0.0,0,0
20000326,648,48,13,0.0,0,0
20000326,648,2,14,0.0,0,0
20000326,648,49,5,4.0,0,0
20000326,648,15,6,3.0,0,0
20000326,648,18,9,1.0,0,0
20000326,648,50,10,0.0,0,0
20000326,648,37,12,0.0,0,0
20000326,648,60,15,0.0,0,0
20000409,649,30,1,30.0,3,0
20000409,649,22,2,9.0,0,0
20000409,649,23,5,6.0,0,0
20000409,649,35,6,5.0,0,0
20000409,649,21,3,8.0,0,0
20000409,649,41,10,1.0,0,0
20000409,649,25,13,0.0,0,0
20000409,649,48,18,0.0,0,0
20000409,649,2,19,0.0,0,0
20000409,649,49,8,4.0,0,0
20000409,649,15,9,3.0,0,0
20000409,649,18,11,1.0,0,0
20000409,649,50,14,0.0,0,0
20000409,649,37,16,0.0,0,0
20000409,649,60,20,0.0,0,0
20000409,649,57,4,6.0,0,0
20000409,649,14,7,4.0,0,0
20000409,649,63,12,1.0,0,0
20000409,649,56,15,0.0,0,0
20000409,649,64,17,0.0,0,0
20000409,649,65,21,0.0,0,0
20000423,650,30,1,34.0,3,0
20000423,650,22,4,9.0,0,0
20000423,650,23,5,9.0,0,0
20000423,650,35,7,5.0,0,0
20000423,650,21,6,8.0,0,0
20000423,650,41,12,1.0,0,0
20000423,650,25,13,0.0,0,0
20000423,650,48,17,0.0,0,0
20000423,650,2,19,0.0,0,0
20000423,650,49,8,4.0,0,0
20000423,650,15,9,4.0,0,0
20000423,650,18,10,3.0,0,0
20000423,650,50,15,0.0,0,0
20000423,650,37,18,0.0,0,0
20000423,650,60,21,0.0,0,0
20000423,650,57,3,12.0,0,0
20000423,650,14,2,14.0,1,0
20000423,650,63,11,1.0,0,0
20000423,650,56,14,0.0,0,0
20000423,650,64,16,0.0,0,0
20000423,650,65,20,0.0,0,0
20000423,650,55,22,0.0,0,0
20000507,651,30,1,36.0,3,0
20000507,651,22,4,13.0,0,0
20000507,651,23,5,12.0,0,0
20000507,651,35,8,5.0,0,0
20000507,651,21,6,8.0,0,0
20000507,651,41,12,1.0,0,0
20000507,651,25,13,0.0,0,0
20000507,651,48,17,0.0,0,0
20000507,651,2,19,0.0,0,0
20000507,651,49,7,5.0,0,0
20000507,651,15,9,4.0,0,0
20000507,651,18,10,3.0,0,0
20000507,651,50,15,0.0,0,0
20000507,651,37,18,0.0,0,0
20000507,651,60,21,0.0,0,0
20000507,651,57,2,22.0,1,0
20000507,651,14,3,20.0,1,0
20000507,651,63,11,1.0,0,0
20000507,651,56,14,0.0,0,0
20000507,651,64,16,0.0,0,0
20000507,651,65,20,0.0,0,0
20000507,651,55,22,0.0,0,0
20000521,652,30,1,46.0,4,0
20000521,652,22,4,16.0,0,0
20000521,652,23,5,12.0,0,0
20000521,652,35,8,5.0,0,0
20000521,652,21,6,10.0,0,0
20000521,652,41,12,1.0,0,0
20000521,652,25,15,0.0,0,0
20000521,652,48,19,0.0,0,0
20000521,652,2,21,0.0,0,0
20000521,652,49,7,5.0,0,0
20000521,652,15,9,4.0,0,0
20000521,652,18,10,3.0,0,0
20000521,652,50,17,0.0,0,0
20000521,652,37,13,1.0,0,0
20000521,652,60,18,0.0,0,0
20000521,652,57,2,28.0,1,0
20000521,652,14,3,24.0,1,0
20000521,652,63,11,1.0,0,0
20000521,652,56,16,0.0,0,0
20000521,652,64,14,0.0,0,0
20000521,652,65,22,0.0,0,0
20000521,652,55,20,0.0,0,0
20000604,653,30,1,46.0,4,0
20000604,653,22,4,22.0,0,0
20000604,653,23,6,12.0,0,0
20000604,653,35,8,5.0,0,0
20000604,653,21,5,14.0,0,0
20000604,653,41,13,1.0,0,0
20000604,653,25,16,0.0,0,0
20000604,653,48,20,0.0,0,0
20000604,653,2,18,0.0,0,0
20000604,653,49,7,5.0,0,0
20000604,653,15,9,4.0,0,0
20000604,653,18,12,3.0,0,0
20000604,653,50,17,0.0,0,0
20000604,653,37,14,1.0,0,0
20000604,653,60,19,0.0,0,0
20000604,653,57,3,29.0,1,0
20000604,653,14,2,34.0,2,0
20000604,653,63,11,3.0,0,0
20000604,653,56,10,3.0,0,0
20000604,653,64,15,0.0,0,0
20000604,653,65,21,0.0,0,0
20000604,653,55,22,0.0,0,0
20000618,654,30,1,56.0,5,0
20000618,654,22,4,28.0,0,0
20000618,654,23,6,12.0,0,0
20000618,654,35,8,5.0,0,0
20000618,654,21,5,18.0,0,0
20000618,654,41,14,1.0,0,0
20000618,654,25,17,0.0,0,0
20000618,654,48,20,0.0,0,0
20000618,654,2,18,0.0,0,0
20000618,654,49,7,5.0,0,0
20000618,654,15,9,5.0,0,0
20000618,654,18,12,3.0,0,0
20000618,654,50,13,2.0,0,0
20000618,654,37,15,1.0,0,0
20000618,654,60,19,0.0,0,0
20000618,654,57,3,32.0,1,0
20000618,654,14,2,34.0,2,0
20000618,654,63,11,3.0,0,0
20000618,654,56,10,3.0,0,0
20000618,654,64,16,0.0,0,0
20000618,654,65,21,0.0,0,0
20000618,654,55,22,0.0,0,0
20000702,655,30,1,56.0,5,0
20000702,655,22,4,32.0,0,0
20000702,655,23,6,14.0,0,0
20000702,655,35,7,8.0,0,0
20000702,655,21,5,18.0,0,0
20000702,655,41,14,1.0,0,0
20000702,655,25,17,0.0,0,0
20000702,655,48,20,0.0,0,0
20000702,655,2,18,0.0,0,0
20000702,655,49,9,5.0,0,0
20000702,655,15,8,6.0,0,0
20000702,655,18,12,3.0,0,0
20000702,655,50,13,2.0,0,0
20000702,655,37,15,1.0,0,0
20000702,655,60,19,0.0,0,0
20000702,655,57,3,38.0,1,0
20000702,655,14,2,44.0,3,0
20000702,655,63,11,3.0,0,0
20000702,655,56,10,3.0,0,0
20000702,655,64,16,0.0,0,0
20000702,655,65,21,0.0,0,0
20000702,655,55,22,0.0,0,0
20000716,656,30,1,56.0,5,0
20000716,656,22,4,36.0,0,0
20000716,656,23,6,14.0,0,0
20000716,656,35,7,11.0,0,0
20000716,656,21,5,18.0,0,0
20000716,656,41,14,1.0,0,0
20000716,656,25,17,0.0,0,0
20000716,656,48,19,0.0,0,0
20000716,656,2,20,0.0,0,0
20000716,656,49,9,5.0,0,0
20000716,656,15,8,6.0,0,0
20000716,656,18,10,5.0,0,0
20000716,656,50,13,2.0,0,0
20000716,656,37,15,1.0,0,0
20000716,656,60,21,0.0,0,0
20000716,656,57,3,48.0,2,0
20000716,656,14,2,50.0,3,0
20000716,656,63,11,4.0,0,0
20000716,656,56,12,3.0,0,0
20000716,656,64,16,0.0,0,0
20000716,656,65,18,0.0,0,0
20000716,656,55,22,0.0,0,0
20000716,656,54,23,0.0,0,0
20000730,657,30,1,56.0,5,0
20000730,657,22,4,46.0,1,0
20000730,657,23,6,14.0,0,0
20000730,657,35,7,11.0,0,0
20000730,657,21,5,18.0,0,0
20000730,657,41,15,1.0,0,0
20000730,657,25,17,0.0,0,0
20000730,657,48,19,0.0,0,0
20000730,657,2,20,0.0,0,0
20000730,657,49,11,5.0,0,0
20000730,657,15,9,6.0,0,0
20000730,657,18,8,8.0,0,0
20000730,657,50,13,2.0,0,0
20000730,657,37,14,2.0,0,0
20000730,657,60,21,0.0,0,0
20000730,657,57,3,54.0,2,0
20000730,657,14,2,54.0,3,0
20000730,657,63,10,6.0,0,0
20000730,657,56,12,3.0,0,0
20000730,657,64,16,0.0,0,0
20000730,657,65,18,0.0,0,0
20000730,657,55,22,0.0,0,0
20000730,657,54,23,0.0,0,0
20000813,658,30,2,62.0,5,0
20000813,658,22,4,49.0,1,0
20000813,658,23,6,16.0,0,0
20000813,658,35,7,11.0,0,0
20000813,658,21,5,18.0,0,0
20000813,658,41,15,1.0,0,0
20000813,658,25,17,0.0,0,0
20000813,658,48,19,0.0,0,0
20000813,658,2,20,0.0,0,0
20000813,658,49,9,6.0,0,0
20000813,658,15,10,6.0,0,0
20000813,658,18,8,8.0,0,0
20000813,658,50,13,2.0,0,0
20000813,658,37,14,2.0,0,0
20000813,658,60,21,0.0,0,0
20000813,658,57,1,64.0,3,0
20000813,658,14,3,58.0,3,0
20000813,658,63,11,6.0,0,0
20000813,658,56,12,3.0,0,0
20000813,658,64,16,0.0,0,0
20000813,658,65,18,0.0,0,0
20000813,658,55,22,0.0,0,0
20000813,658,54,23,0.0,0,0
20000827,659,30,2,68.0,5,0
20000827,659,22,4,49.0,1,0
20000827,659,23,5,20.0,0,0
20000827,659,35,7,11.0,0,0
20000827,659,21,6,18.0,0,0
20000827,659,41,15,1.0,0,0
20000827,659,25,18,0.0,0,0
20000827,659,48,19,0.0,0,0
20000827,659,2,20,0.0,0,0
20000827,659,49,9,7.0,0,0
20000827,659,15,10,6.0,0,0
20000827,659,18,8,10.0,0,0
20000827,659,50,13,2.0,0,0
20000827,659,37,14,2.0,0,0
20000827,659,60,21,0.0,0,0
20000827,659,57,1,74.0,4,0
20000827,659,14,3,61.0,3,0
20000827,659,63,11,6.0,0,0
20000827,659,56,12,3.0,0,0
20000827,659,64,16,0.0,0,0
20000827,659,65,17,0.0,0,0
20000827,659,55,22,0.0,0,0
20000827,659,54,23,0.0,0,0
20000910,660,30,2,78.0,6,0
20000910,660,22,4,49.0,1,0
20000910,660,23,5,24.0,0,0
20000910,660,35,7,11.0,0,0
20000910,660,21,6,18.0,0,0
20000910,660,41,15,2.0,0,0
20000910,660,25,14,2.0,0,0
20000910,660,48,19,0.0,0,0
20000910,660,2,20,0.0,0,0
20000910,660,49,9,7.0,0,0
20000910,660,15,10,6.0,0,0
20000910,660,18,8,10.0,0,0
20000910,660,50,12,5.0,0,0
20000910,660,37,16,2.0,0,0
20000910,660,60,21,0.0,0,0
20000910,660,57,1,80.0,4,0
20000910,660,14,3,61.0,3,0
20000910,660,63,11,6.0,0,0
20000910,660,56,13,3.0,0,0
20000910,660,64,17,0.0,0,0
20000910,660,65,18,0.0,0,0
20000910,660,55,22,0.0,0,0
20000910,660,54,23,0.0,0,0
20000924,661,30,1,88.0,7,0
20000924,661,22,4,55.0,1,0
20000924,661,23,5,24.0,0,0
20000924,661,35,7,14.0,0,0
20000924,661,21,6,18.0,0,0
20000924,661,41,14,3.0,0,0
20000924,661,25,15,2.0,0,0
20000924,661,48,19,0.0,0,0
20000924,661,2,20,0.0,0,0
20000924,661,49,8,11.0,0,0
20000924,661,15,10,6.0,0,0
20000924,661,18,9,10.0,0,0
20000924,661,50,12,5.0,0,0
20000924,661,37,16,2.0,0,0
20000924,661,60,21,0.0,0,0
20000924,661,57,2,80.0,4,0
20000924,661,14,3,63.0,3,0
20000924,661,63,11,6.0,0,0
20000924,661,56,13,3.0,0,0
20000924,661,64,17,0.0,0,0
20000924,661,65,18,0.0,0,0
20000924,661,55,22,0.0,0,0
20000924,661,54,23,0.0,0,0
20001008,662,30,1,98.0,8,0
20001008,662,22,4,58.0,1,0
20001008,662,23,5,24.0,0,0
20001008,662,35,7,15.0,0,0
20001008,662,21,6,18.0,0,0
20001008,662,41,14,3.0,0,0
20001008,662,25,15,2.0,0,0
20001008,662,48,19,0.0,0,0
20001008,662,2,20,0.0,0,0
20001008,662,49,9,11.0,0,0
20001008,662,15,10,6.0,0,0
20001008,662,18,8,12.0,0,0
20001008,662,50,12,5.0,0,0
20001008,662,37,16,2.0,0,0
20001008,662,60,21,0.0,0,0
20001008,662,57,2,86.0,4,0
20001008,662,14,3,67.0,3,0
20001008,662,63,11,6.0,0,0
20001008,662,56,13,3.0,0,0
20001008,662,64,18,0.0,0,0
20001008,662,65,17,0.0,0,0
20001008,662,55,22,0.0,0,0
20001008,662,54,23,0.0,0,0
20001022,663,30,1,108.0,9,1
20001022,663,22,4,62.0,1,1
20001022,663,23,5,24.0,0,1
20001022,663,35,7,17.0,0,1
20001022,663,21,6,18.0,0,1
20001022,663,41,14,3.0,0,1
20001022,663,25,15,2.0,0,1
20001022,663,48,19,0.0,0,1
20001022,663,2,20,0.0,0,1
20001022,663,49,9,11.0,0,1
20001022,663,15,10,6.0,0,1
20001022,663,18,8,12.0,0,1
20001022,663,50,12,5.0,0,1
20001022,663,37,16,2.0,0,1
20001022,663,60,21,0.0,0,1
20001022,663,57,2,89.0,4,1
20001022,663,14,3,73.0,3,1
20001022,663,63,11,6.0,0,1
20001022,663,56,13,4.0,0,1
20001022,663,64,18,0.0,0,1
20001022,663,65,17,0.0,0,1
20001022,663,55,22,0.0,0,1
20001022,663,54,23,0.0,0,1
20050424,735,4,1,36.0,3,0
20050424,735,22,9,8.0,0,0
20050424,735,21,3,10.0,1,0
19990307,631,30,8,0.0,0,0
19990307,631,68,7,0.0,0,0
19990307,631,37,6,1.0,0,0
19990307,631,22,5,2.0,0,0
19990307,631,21,4,3.0,0,0
19990307,631,23,3,4.0,0,0
19990307,631,49,2,6.0,0,0
19990307,631,56,1,10.0,1,0
19990411,632,48,12,0.0,0,0
19990411,632,25,11,0.0,0,0
19990411,632,44,9,1.0,0,0
19990411,632,57,2,10.0,1,0
19990411,632,30,5,6.0,0,0
19990411,632,68,10,0.0,0,0
19990411,632,37,8,1.0,0,0
19990411,632,22,7,2.0,0,0
19990411,632,21,6,3.0,0,0
19990411,632,23,4,7.0,0,0
19990411,632,49,3,10.0,0,0
19990411,632,56,1,12.0,1,0
19990502,633,70,19,0.0,0,0
19990502,633,65,18,0.0,0,0
19990502,633,69,16,0.0,0,0
19990502,633,63,14,0.0,0,0
19990502,633,55,10,1.0,0,0
19990502,633,71,9,3.0,0,0
19990502,633,14,6,6.0,0,0
19990502,633,48,17,0.0,0,0
19990502,633,25,15,0.0,0,0
19990502,633,44,12,1.0,0,0
19990502,633,57,3,10.0,1,0
19990502,633,30,1,16.0,1,0
19990502,633,68,13,0.0,0,0
19990502,633,37,11,1.0,0,0
19990502,633,22,7,6.0,0,0
19990502,633,21,8,5.0,0,0
19990502,633,23,5,7.0,0,0
19990502,633,49,4,10.0,0,0
19990502,633,56,2,12.0,1,0
19990516,634,15,16,0.0,0,0
19990516,634,70,17,0.0,0,0
19990516,634,65,20,0.0,0,0
19990516,634,69,18,0.0,0,0
19990516,634,63,15,0.0,0,0
19990516,634,55,11,1.0,0,0
19990516,634,71,9,3.0,0,0
19990516,634,14,7,6.0,0,0
19990516,634,48,19,0.0,0,0
19990516,634,25,10,1.0,0,0
19990516,634,44,13,1.0,0,0
19990516,634,57,3,14.0,1,0
19990516,634,30,1,26.0,2,0
19990516,634,68,14,0.0,0,0
19990516,634,37,12,1.0,0,0
19990516,634,22,8,6.0,0,0
19990516,634,21,6,7.0,0,0
19990516,634,23,5,7.0,0,0
19990516,634,49,4,13.0,0,0
19990516,634,56,2,18.0,1,0
19990530,635,15,11,1.0,0,0
19990530,635,70,17,0.0,0,0
19990530,635,65,20,0.0,0,0
19990530,635,69,18,0.0,0,0
19990530,635,63,16,0.0,0,0
19990530,635,55,13,1.0,0,0
19990530,635,71,9,3.0,0,0
19990530,635,14,5,12.0,0,0
19990530,635,48,19,0.0,0,0
19990530,635,25,10,1.0,0,0
19990530,635,44,14,1.0,0,0
19990530,635,57,2,24.0,2,0
19990530,635,30,1,30.0,2,0
19990530,635,68,15,0.0,0,0
19990530,635,37,12,1.0,0,0
19990530,635,22,8,6.0,0,0
19990530,635,21,7,7.0,0,0
19990530,635,23,6,9.0,0,0
19990530,635,49,4,13.0,0,0
19990530,635,56,3,21.0,1,0
19990613,636,64,16,1.0,0,0
19990613,636,15,12,1.0,0,0
19990613,636,70,21,0.0,0,0
19990613,636,65,10,2.0,0,0
19990613,636,69,20,0.0,0,0
19990613,636,63,18,0.0,0,0
19990613,636,55,15,1.0,0,0
19990613,636,71,9,3.0,0,0
19990613,636,14,6,12.0,0,0
19990613,636,48,19,0.0,0,0
19990613,636,25,11,1.0,0,0
19990613,636,44,13,1.0,0,0
19990613,636,57,1,34.0,3,0
19990613,636,30,2,30.0,2,0
19990613,636,68,17,0.0,0,0
19990613,636,37,14,1.0,0,0
19990613,636,22,8,6.0,0,0
19990613,636,21,5,13.0,0,0
19990613,636,23,7,12.0,0,0
19990613,636,49,4,13.0,0,0
19990613,636,56,3,25.0,1,0
19990627,637,41,22,0.0,0,0
19990627,637,64,16,1.0,0,0
19990627,637,15,11,1.0,0,0
19990627,637,70,21,0.0,0,0
19990627,637,65,10,2.0,0,0
19990627,637,69,20,0.0,0,0
19990627,637,63,18,0.0,0,0
19990627,637,55,15,1.0,0,0
19990627,637,71,9,3.0,0,0
19990627,637,14,7,12.0,0,0
19990627,637,48,19,0.0,0,0
19990627,637,25,12,1.0,0,0
19990627,637,44,13,1.0,0,0
19990627,637,57,1,40.0,3,0
19990627,637,30,2,32.0,2,0
19990627,637,68,17,0.0,0,0
19990627,637,37,14,1.0,0,0
19990627,637,22,8,10.0,0,0
19990627,637,21,6,13.0,0,0
19990627,637,23,5,15.0,0,0
19990627,637,49,4,23.0,1,0
19990627,637,56,3,26.0,1,0
19990711,638,41,22,0.0,0,0
19990711,638,64,11,2.0,0,0
19990711,638,15,12,1.0,0,0
19990711,638,70,21,0.0,0,0
19990711,638,65,10,2.0,0,0
19990711,638,69,20,0.0,0,0
19990711,638,63,18,0.0,0,0
19990711,638,55,16,1.0,0,0
19990711,638,71,9,5.0,0,0
19990711,638,14,5,22.0,1,0
19990711,638,48,19,0.0,0,0
19990711,638,25,13,1.0,0,0
19990711,638,44,14,1.0,0,0
19990711,638,57,1,40.0,3,0
19990711,638,30,2,32.0,2,0
19990711,638,68,17,0.0,0,0
19990711,638,37,15,1.0,0,0
19990711,638,22,8,10.0,0,0
19990711,638,21,7,13.0,0,0
19990711,638,23,6,19.0,0,0
19990711,638,49,4,26.0,1,0
19990711,638,56,3,32.0,1,0
19990725,639,41,22,0.0,0,0
19990725,639,64,11,3.0,0,0
19990725,639,15,13,1.0,0,0
19990725,639,70,21,0.0,0,0
19990725,639,65,12,2.0,0,0
19990725,639,69,20,0.0,0,0
19990725,639,63,17,0.0,0,0
19990725,639,55,16,1.0,0,0
19990725,639,71,9,5.0,0,0
19990725,639,14,5,28.0,1,0
19990725,639,48,19,0.0,0,0
19990725,639,25,10,3.0,0,0
19990725,639,44,14,1.0,0,0
19990725,639,57,1,44.0,3,0
19990725,639,30,3,32.0,2,0
19990725,639,68,18,0.0,0,0
19990725,639,37,15,1.0,0,0
19990725,639,22,8,10.0,0,0
19990725,639,21,7,13.0,0,0
19990725,639,23,6,19.0,0,0
19990725,639,49,4,29.0,1,0
19990725,639,56,2,42.0,2,0
19990801,640,41,22,0.0,0,0
19990801,640,64,12,3.0,0,0
19990801,640,15,15,1.0,0,0
19990801,640,70,21,0.0,0,0
19990801,640,65,13,2.0,0,0
19990801,640,69,20,0.0,0,0
19990801,640,63,9,6.0,0,0
19990801,640,55,16,1.0,0,0
19990801,640,71,10,5.0,0,0
19990801,640,14,5,30.0,1,0
19990801,640,48,19,0.0,0,0
19990801,640,25,11,3.0,0,0
19990801,640,44,14,2.0,0,0
19990801,640,57,2,44.0,3,0
19990801,640,30,4,32.0,2,0
19990801,640,68,18,0.0,0,0
19990801,640,37,17,1.0,0,0
19990801,640,22,8,10.0,0,0
19990801,640,21,7,13.0,0,0
19990801,640,23,6,22.0,0,0
19990801,640,49,3,33.0,1,0
19990801,640,56,1,52.0,3,0
19990815,641,41,22,0.0,0,0
19990815,641,64,12,3.0,0,0
19990815,641,15,15,1.0,0,0
19990815,641,70,21,0.0,0,0
19990815,641,65,13,2.0,0,0
19990815,641,69,20,0.0,0,0
19990815,641,63,9,6.0,0,0
19990815,641,55,16,1.0,0,0
19990815,641,71,10,6.0,0,0
19990815,641,14,3,36.0,1,0
19990815,641,48,19,0.0,0,0
19990815,641,25,11,3.0,0,0
19990815,641,44,14,2.0,0,0
19990815,641,57,2,54.0,4,0
19990815,641,30,5,32.0,2,0
19990815,641,68,18,0.0,0,0
19990815,641,37,17,1.0,0,0
19990815,641,22,8,12.0,0,0
19990815,641,21,7,13.0,0,0
19990815,641,23,6,22.0,0,0
19990815,641,49,4,36.0,1,0
19990815,641,56,1,56.0,3,0
19990829,642,35,23,0.0,0,0
19990829,642,41,22,0.0,0,0
19990829,642,64,12,3.0,0,0
19990829,642,15,15,1.0,0,0
19990829,642,70,19,0.0,0,0
19990829,642,65,13,2.0,0,0
19990829,642,69,21,0.0,0,0
19990829,642,63,10,6.0,0,0
19990829,642,55,16,1.0,0,0
19990829,642,71,9,7.0,0,0
19990829,642,14,3,46.0,2,0
19990829,642,48,20,0.0,0,0
19990829,642,25,11,3.0,0,0
19990829,642,44,14,2.0,0,0
19990829,642,57,1,60.0,4,0
19990829,642,30,5,32.0,2,0
19990829,642,68,18,0.0,0,0
19990829,642,37,17,1.0,0,0
19990829,642,22,8,12.0,0,0
19990829,642,21,7,13.0,0,0
19990829,642,23,6,24.0,0,0
19990829,642,49,4,40.0,1,0
19990829,642,56,2,59.0,3,0
19990912,643,35,22,0.0,0,0
19990912,643,41,23,0.0,0,0
19990912,643,64,12,3.0,0,0
19990912,643,15,15,1.0,0,0
19990912,643,70,18,0.0,0,0
19990912,643,65,13,2.0,0,0
19990912,643,69,21,0.0,0,0
19990912,643,63,9,10.0,0,0
19990912,643,55,16,1.0,0,0
19990912,643,71,10,7.0,0,0
19990912,643,14,4,48.0,2,0
19990912,643,48,20,0.0,0,0
19990912,643,25,11,3.0,0,0
19990912,643,44,14,2.0,0,0
19990912,643,57,1,60.0,4,0
19990912,643,30,5,32.0,2,0
19990912,643,68,19,0.0,0,0
19990912,643,37,17,1.0,0,0
19990912,643,22,7,15.0,0,0
19990912,643,21,8,13.0,0,0
19990912,643,23,6,30.0,0,0
19990912,643,49,3,50.0,2,0
19990912,643,56,2,60.0,3,0
19990926,644,35,23,0.0,0,0
19990926,644,41,21,0.0,0,0
19990926,644,64,14,3.0,0,0
19990926,644,15,11,7.0,0,0
19990926,644,70,19,0.0,0,0
19990926,644,65,9,12.0,1,0
19990926,644,69,22,0.0,0,0
19990926,644,63,10,10.0,0,0
19990926,644,55,17,1.0,0,0
19990926,644,71,12,7.0,0,0
19990926,644,14,4,48.0,2,0
19990926,644,48,16,1.0,0,0
19990926,644,25,13,3.0,0,0
19990926,644,44,15,2.0,0,0
19990926,644,57,1,62.0,4,0
19990926,644,30,6,32.0,2,0
19990926,644,68,20,0.0,0,0
19990926,644,37,18,1.0,0,0
19990926,644,22,7,19.0,0,0
19990926,644,21,8,13.0,0,0
19990926,644,23,5,33.0,0,0
19990926,644,49,3,50.0,2,0
19990926,644,56,2,60.0,3,0
19991017,645,35,23,0.0,0,0
19991017,645,41,21,0.0,0,0
19991017,645,64,14,3.0,0,0
19991017,645,15,11,7.0,0,0
19991017,645,70,19,0.0,0,0
19991017,645,65,8,15.0,1,0
19991017,645,69,22,0.0,0,0
19991017,645,63,10,10.0,0,0
19991017,645,55,16,1.0,0,0
19991017,645,71,12,7.0,0,0
19991017,645,14,4,48.0,2,0
19991017,645,48,17,1.0,0,0
19991017,645,25,13,3.0,0,0
19991017,645,44,15,2.0,0,0
19991017,645,57,2,66.0,4,0
19991017,645,30,5,38.0,2,0
19991017,645,68,20,0.0,0,0
19991017,645,37,18,1.0,0,0
19991017,645,22,7,21.0,0,0
19991017,645,21,9,13.0,0,0
19991017,645,23,6,33.0,0,0
19991017,645,49,3,51.0,2,0
19991017,645,56,1,70.0,4,0
19991031,646,35,21,0.0,0,1
19991031,646,41,22,0.0,0,1
19991031,646,64,14,3.0,0,1
19991031,646,15,11,7.0,0,1
19991031,646,70,19,0.0,0,1
19991031,646,65,8,15.0,1,1
19991031,646,69,23,0.0,0,1
19991031,646,63,10,10.0,0,1
19991031,646,55,15,2.0,0,1
19991031,646,71,12,7.0,0,1
19991031,646,14,4,48.0,2,1
19991031,646,48,17,1.0,0,1
19991031,646,25,13,3.0,0,1
19991031,646,44,16,2.0,0,1
19991031,646,57,1,76.0,5,1
19991031,646,30,5,44.0,2,1
19991031,646,68,20,0.0,0,1
19991031,646,37,18,1.0,0,1
19991031,646,22,7,21.0,0,1
19991031,646,21,9,13.0,0,1
19991031,646,23,6,35.0,0,1
19991031,646,49,3,54.0,2,1
19991031,646,56,2,74.0,4,1
19980308,615,57,1,10.0,1,0
19980308,615,14,2,6.0,0,0
19980308,615,49,3,4.0,0,0
19980308,615,56,4,3.0,0,0
19980308,615,35,5,2.0,0,0
19980308,615,65,6,1.0,0,0
19980308,615,25,7,0.0,0,0
19980308,615,71,8,0.0,0,0
19980308,615,44,9,0.0,0,0
19980329,616,57,1,20.0,2,0
19980329,616,14,2,12.0,0,0
19980329,616,49,3,6.0,0,0
19980329,616,56,6,3.0,0,0
19980329,616,35,7,2.0,0,0
19980329,616,65,8,1.0,0,0
19980329,616,25,5,3.0,0,0
19980329,616,71,10,0.0,0,0
19980329,616,44,12,0.0,0,0
19980329,616,30,4,4.0,0,0
19980329,616,21,9,1.0,0,0
19980329,616,55,11,0.0,0,0
19980329,616,76,13,0.0,0,0
19980412,617,57,1,26.0,2,0
19980412,617,14,3,13.0,0,0
19980412,617,49,5,6.0,0,0
19980412,617,56,4,7.0,0,0
19980412,617,35,7,2.0,0,0
19980412,617,65,10,1.0,0,0
19980412,617,25,6,6.0,0,0
19980412,617,71,11,0.0,0,0
19980412,617,44,12,0.0,0,0
19980412,617,30,2,14.0,1,0
19980412,617,21,9,1.0,0,0
19980412,617,55,8,2.0,0,0
19980412,617,76,14,0.0,0,0
19980412,617,22,13,0.0,0,0
19980412,617,15,15,0.0,0,0
19980412,617,68,16,0.0,0,0
19980412,617,75,17,0.0,0,0
19980412,617,73,18,0.0,0,0
19980426,618,57,1,26.0,2,0
19980426,618,14,2,23.0,1,0
19980426,618,49,5,8.0,0,0
19980426,618,56,4,11.0,0,0
19980426,618,35,7,5.0,0,0
19980426,618,65,10,1.0,0,0
19980426,618,25,6,6.0,0,0
19980426,618,71,12,0.0,0,0
19980426,618,44,14,0.0,0,0
19980426,618,30,3,20.0,1,0
19980426,618,21,9,1.0,0,0
19980426,618,55,8,3.0,0,0
19980426,618,76,17,0.0,0,0
19980426,618,22,16,0.0,0,0
19980426,618,15,18,0.0,0,0
19980426,618,68,19,0.0,0,0
19980426,618,75,20,0.0,0,0
19980426,618,73,21,0.0,0,0
19980426,618,23,11,0.0,0,0
19980426,618,74,13,0.0,0,0
19980426,618,63,15,0.0,0,0
19980510,619,57,1,36.0,3,0
19980510,619,14,2,29.0,1,0
19980510,619,49,6,8.0,0,0
19980510,619,56,4,11.0,0,0
19980510,619,35,7,6.0,0,0
19980510,619,65,10,1.0,0,0
19980510,619,25,5,9.0,0,0
19980510,619,71,13,0.0,0,0
19980510,619,44,15,0.0,0,0
19980510,619,30,3,24.0,1,0
19980510,619,21,11,1.0,0,0
19980510,619,55,8,3.0,0,0
19980510,619,76,18,0.0,0,0
19980510,619,22,9,2.0,0,0
19980510,619,15,16,0.0,0,0
19980510,619,68,19,0.0,0,0
19980510,619,75,20,0.0,0,0
19980510,619,73,21,0.0,0,0
19980510,619,23,12,0.0,0,0
19980510,619,74,14,0.0,0,0
19980510,619,63,17,0.0,0,0
19980524,620,57,1,46.0,4,0
19980524,620,14,2,29.0,1,0
19980524,620,49,6,8.0,0,0
19980524,620,56,4,15.0,0,0
19980524,620,35,7,8.0,0,0
19980524,620,65,12,1.0,0,0
19980524,620,25,5,9.0,0,0
19980524,620,71,15,0.0,0,0
19980524,620,44,17,0.0,0,0
19980524,620,30,3,24.0,1,0
19980524,620,21,8,7.0,0,0
19980524,620,55,10,3.0,0,0
19980524,620,76,20,0.0,0,0
19980524,620,22,11,2.0,0,0
19980524,620,15,18,0.0,0,0
19980524,620,68,21,0.0,0,0
19980524,620,75,19,0.0,0,0
19980524,620,73,22,0.0,0,0
19980524,620,23,14,0.0,0,0
19980524,620,74,16,0.0,0,0
19980524,620,63,9,3.0,0,0
19980524,620,64,13,1.0,0,0
19980607,621,57,1,46.0,4,0
19980607,621,14,3,29.0,1,0
19980607,621,49,7,8.0,0,0
19980607,621,56,4,19.0,0,0
19980607,621,35,8,8.0,0,0
19980607,621,65,12,1.0,0,0
19980607,621,25,6,12.0,0,0
19980607,621,71,17,0.0,0,0
19980607,621,44,20,0.0,0,0
19980607,621,30,2,34.0,2,0
19980607,621,21,5,13.0,0,0
19980607,621,55,11,3.0,0,0
19980607,621,76,14,1.0,0,0
19980607,621,22,9,4.0,0,0
19980607,621,15,21,0.0,0,0
19980607,621,68,22,0.0,0,0
19980607,621,75,15,0.0,0,0
19980607,621,73,18,0.0,0,0
19980607,621,23,16,0.0,0,0
19980607,621,74,19,0.0,0,0
19980607,621,63,10,3.0,0,0
19980607,621,64,13,1.0,0,0
19980628,622,57,1,50.0,4,0
19980628,622,14,3,30.0,1,0
19980628,622,49,8,8.0,0,0
19980628,622,56,4,25.0,0,0
19980628,622,35,7,11.0,0,0
19980628,622,65,12,1.0,0,0
19980628,622,25,5,14.0,0,0
19980628,622,71,17,0.0,0,0
19980628,622,44,20,0.0,0,0
19980628,622,30,2,44.0,3,0
19980628,622,21,6,13.0,0,0
19980628,622,55,11,3.0,0,0
19980628,622,76,14,1.0,0,0
19980628,622,22,9,4.0,0,0
19980628,622,15,21,0.0,0,0
19980628,622,68,22,0.0,0,0
19980628,622,75,15,0.0,0,0
19980628,622,73,18,0.0,0,0
19980628,622,23,16,0.0,0,0
19980628,622,74,19,0.0,0,0
19980628,622,63,10,3.0,0,0
19980628,622,64,13,1.0,0,0
19980628,622,50,23,0.0,0,0
19980712,623,57,1,56.0,4,0
19980712,623,14,3,30.0,1,0
19980712,623,49,8,8.0,0,0
19980712,623,56,4,29.0,0,0
19980712,623,35,7,11.0,0,0
19980712,623,65,12,1.0,0,0
19980712,623,25,5,17.0,0,0
19980712,623,71,17,0.0,0,0
19980712,623,44,20,0.0,0,0
19980712,623,30,2,54.0,4,0
19980712,623,21,6,15.0,0,0
19980712,623,55,11,3.0,0,0
19980712,623,76,15,1.0,0,0
19980712,623,22,9,4.0,0,0
19980712,623,15,22,0.0,0,0
19980712,623,68,21,0.0,0,0
19980712,623,75,16,0.0,0,0
19980712,623,73,18,0.0,0,0
19980712,623,23,13,1.0,0,0
19980712,623,74,19,0.0,0,0
19980712,623,63,10,3.0,0,0
19980712,623,64,14,1.0,0,0
19980712,623,50,23,0.0,0,0
19980726,624,57,1,66.0,5,0
19980726,624,14,3,36.0,1,0
19980726,624,49,8,8.0,0,0
19980726,624,56,4,32.0,0,0
19980726,624,35,7,12.0,0,0
19980726,624,65,13,1.0,0,0
19980726,624,25,5,17.0,0,0
19980726,624,71,16,0.0,0,0
19980726,624,44,21,0.0,0,0
19980726,624,30,2,58.0,4,0
19980726,624,21,6,15.0,0,0
19980726,624,55,11,3.0,0,0
19980726,624,76,15,1.0,0,0
19980726,624,22,9,4.0,0,0
19980726,624,15,20,0.0,0,0
19980726,624,68,22,0.0,0,0
19980726,624,75,17,0.0,0,0
19980726,624,73,18,0.0,0,0
19980726,624,23,12,3.0,0,0
19980726,624,74,19,0.0,0,0
19980726,624,63,10,3.0,0,0
19980726,624,64,14,1.0,0,0
19980726,624,50,23,0.0,0,0
19980802,625,57,1,76.0,6,0
19980802,625,14,3,42.0,1,0
19980802,625,49,8,8.0,0,0
19980802,625,56,4,32.0,0,0
19980802,625,35,6,16.0,0,0
19980802,625,65,14,1.0,0,0
19980802,625,25,5,17.0,0,0
19980802,625,71,11,3.0,0,0
19980802,625,44,21,0.0,0,0
19980802,625,30,2,60.0,4,0
19980802,625,21,7,15.0,0,0
19980802,625,55,13,3.0,0,0
19980802,625,76,16,1.0,0,0
19980802,625,22,9,4.0,0,0
19980802,625,15,20,0.0,0,0
19980802,625,68,22,0.0,0,0
19980802,625,75,17,0.0,0,0
19980802,625,73,18,0.0,0,0
19980802,625,23,10,4.0,0,0
19980802,625,74,19,0.0,0,0
19980802,625,63,12,3.0,0,0
19980802,625,64,15,1.0,0,0
19980802,625,50,23,0.0,0,0
19980816,626,57,1,77.0,6,0
19980816,626,14,3,48.0,1,0
19980816,626,49,8,10.0,0,0
19980816,626,56,4,32.0,0,0
19980816,626,35,5,20.0,0,0
19980816,626,65,14,1.0,0,0
19980816,626,25,6,17.0,0,0
19980816,626,71,9,6.0,0,0
19980816,626,44,21,0.0,0,0
19980816,626,30,2,70.0,5,0
19980816,626,21,7,15.0,0,0
19980816,626,55,13,3.0,0,0
19980816,626,76,16,1.0,0,0
19980816,626,22,10,4.0,0,0
19980816,626,15,20,0.0,0,0
19980816,626,68,22,0.0,0,0
19980816,626,75,17,0.0,0,0
19980816,626,73,18,0.0,0,0
19980816,626,23,11,4.0,0,0
19980816,626,74,19,0.0,0,0
19980816,626,63,12,3.0,0,0
19980816,626,64,15,1.0,0,0
19980816,626,50,23,0.0,0,0
19980830,627,57,1,77.0,6,0
19980830,627,14,3,48.0,1,0
19980830,627,49,9,13.0,0,0
19980830,627,56,4,32.0,0,0
19980830,627,35,5,20.0,0,0
19980830,627,65,15,1.0,0,0
19980830,627,25,6,17.0,0,0
19980830,627,71,7,16.0,1,0
19980830,627,44,21,0.0,0,0
19980830,627,30,2,70.0,5,0
19980830,627,21,8,15.0,0,0
19980830,627,55,11,7.0,0,0
19980830,627,76,17,1.0,0,0
19980830,627,22,12,4.0,0,0
19980830,627,15,16,1.0,0,0
19980830,627,68,22,0.0,0,0
19980830,627,75,18,0.0,0,0
19980830,627,73,19,0.0,0,0
19980830,627,23,10,10.0,0,0
19980830,627,74,20,0.0,0,0
19980830,627,63,13,3.0,0,0
19980830,627,64,14,3.0,0,0
19980830,627,50,23,0.0,0,0
19980913,628,57,1,80.0,6,0
19980913,628,14,3,48.0,1,0
19980913,628,49,10,13.0,0,0
19980913,628,56,4,38.0,0,0
19980913,628,35,5,20.0,0,0
19980913,628,65,15,1.0,0,0
19980913,628,25,7,17.0,0,0
19980913,628,71,6,17.0,1,0
19980913,628,44,22,0.0,0,0
19980913,628,30,2,80.0,6,0
19980913,628,21,8,15.0,0,0
19980913,628,55,11,9.0,0,0
19980913,628,76,17,1.0,0,0
19980913,628,22,12,4.0,0,0
19980913,628,15,16,1.0,0,0
19980913,628,68,21,0.0,0,0
19980913,628,75,18,0.0,0,0
19980913,628,73,20,0.0,0,0
19980913,628,23,9,14.0,0,0
19980913,628,74,19,0.0,0,0
19980913,628,63,13,3.0,0,0
19980913,628,64,14,3.0,0,0
19980913,628,50,23,0.0,0,0
19980927,629,57,1,90.0,7,0
19980927,629,14,3,52.0,1,0
19980927,629,49,9,15.0,0,0
19980927,629,56,4,41.0,0,0
19980927,629,35,5,20.0,0,0
19980927,629,65,15,1.0,0,0
19980927,629,25,7,17.0,0,0
19980927,629,71,6,17.0,1,0
19980927,629,44,22,0.0,0,0
19980927,629,30,2,86.0,6,0
19980927,629,21,8,16.0,0,0
19980927,629,55,11,9.0,0,0
19980927,629,76,17,1.0,0,0
19980927,629,22,12,4.0,0,0
19980927,629,15,16,1.0,0,0
19980927,629,68,21,0.0,0,0
19980927,629,75,18,0.0,0,0
19980927,629,73,20,0.0,0,0
19980927,629,23,10,14.0,0,0
19980927,629,74,19,0.0,0,0
19980927,629,63,13,3.0,0,0
19980927,629,64,14,3.0,0,0
19980927,629,50,23,0.0,0,0
19981101,630,57,1,100.0,8,1
19981101,630,14,3,56.0,1,1
19981101,630,49,7,17.0,0,1
19981101,630,56,4,47.0,0,1
19981101,630,35,5,21.0,0,1
19981101,630,65,15,1.0,0,1
19981101,630,25,8,17.0,0,1
19981101,630,71,6,20.0,1,1
19981101,630,44,22,0.0,0,1
19981101,630,30,2,86.0,6,1
19981101,630,21,9,16.0,0,1
19981101,630,55,11,9.0,0,1
19981101,630,76,17,1.0,0,1
19981101,630,22,12,4.0,0,1
19981101,630,15,16,1.0,0,1
19981101,630,68,21,0.0,0,1
19981101,630,75,18,0.0,0,1
19981101,630,73,20,0.0,0,1
19981101,630,23,10,14.0,0,1
19981101,630,74,19,0.0,0,1
19981101,630,63,13,3.0,0,1
19981101,630,64,14,3.0,0,1
19981101,630,50,23,0.0,0,1
19970309,598,64,10,0.0,0,0
19970309,598,15,9,0.0,0,0
19970309,598,49,8,0.0,0,0
19970309,598,75,7,0.0,0,0
19970309,598,78,6,1.0,0,0
19970309,598,44,5,2.0,0,0
19970309,598,77,4,3.0,0,0
19970309,598,57,3,4.0,0,0
19970309,598,30,2,6.0,0,0
19970309,598,14,1,10.0,1,0
19970330,599,79,19,0.0,0,0
19970330,599,71,18,0.0,0,0
19970330,599,56,17,0.0,0,0
19970330,599,50,16,0.0,0,0
19970330,599,63,15,0.0,0,0
19970330,599,21,12,0.0,0,0
19970330,599,65,10,0.0,0,0
19970330,599,55,8,1.0,0,0
19970330,599,35,2,10.0,1,0
19970330,599,64,14,0.0,0,0
19970330,599,15,13,0.0,0,0
19970330,599,49,11,0.0,0,0
19970330,599,75,9,0.0,0,0
19970330,599,78,7,1.0,0,0
19970330,599,44,6,6.0,0,0
19970330,599,77,3,9.0,0,0
19970330,599,57,5,7.0,0,0
19970330,599,30,4,8.0,0,0
19970330,599,14,1,10.0,1,0
19970413,600,76,18,0.0,0,0
19970413,600,23,8,4.0,0,0
19970413,600,79,21,0.0,0,0
19970413,600,71,20,0.0,0,0
19970413,600,56,6,6.0,0,0
19970413,600,50,19,0.0,0,0
19970413,600,63,14,0.0,0,0
19970413,600,21,15,0.0,0,0
19970413,600,65,9,3.0,0,0
19970413,600,55,10,1.0,0,0
19970413,600,35,1,20.0,2,0
19970413,600,64,17,0.0,0,0
19970413,600,15,16,0.0,0,0
19970413,600,49,13,0.0,0,0
19970413,600,75,12,0.0,0,0
19970413,600,78,11,1.0,0,0
19970413,600,44,7,6.0,0,0
19970413,600,77,3,10.0,0,0
19970413,600,57,4,9.0,0,0
19970413,600,30,5,8.0,0,0
19970413,600,14,2,10.0,1,0
19970427,601,76,19,0.0,0,0
19970427,601,23,9,4.0,0,0
19970427,601,79,20,0.0,0,0
19970427,601,71,21,0.0,0,0
19970427,601,56,5,10.0,0,0
19970427,601,50,17,0.0,0,0
19970427,601,63,15,0.0,0,0
19970427,601,21,11,3.0,0,0
19970427,601,65,10,3.0,0,0
19970427,601,55,12,3.0,0,0
19970427,601,35,1,20.0,2,0
19970427,601,64,18,0.0,0,0
19970427,601,15,16,0.0,0,0
19970427,601,49,3,10.0,1,0
19970427,601,75,14,0.0,0,0
19970427,601,78,13,1.0,0,0
19970427,601,44,8,6.0,0,0
19970427,601,77,6,10.0,0,0
19970427,601,57,7,10.0,0,0
19970427,601,30,2,14.0,0,0
19970427,601,14,4,10.0,1,0
19970511,602,22,9,6.0,0,0
19970511,602,76,16,0.0,0,0
19970511,602,23,10,4.0,0,0
19970511,602,79,20,0.0,0,0
19970511,602,71,22,0.0,0,0
19970511,602,56,3,14.0,0,0
19970511,602,50,18,0.0,0,0
19970511,602,63,14,2.0,0,0
19970511,602,21,11,4.0,0,0
19970511,602,65,12,3.0,0,0
19970511,602,55,13,3.0,0,0
19970511,602,35,2,20.0,2,0
19970511,602,64,21,0.0,0,0
19970511,602,15,19,0.0,0,0
19970511,602,49,4,10.0,1,0
19970511,602,75,17,0.0,0,0
19970511,602,78,15,1.0,0,0
19970511,602,44,8,9.0,0,0
19970511,602,77,6,10.0,0,0
19970511,602,57,7,10.0,0,0
19970511,602,30,1,24.0,1,0
19970511,602,14,5,10.0,1,0
19970525,603,81,22,0.0,0,0
19970525,603,22,10,6.0,0,0
19970525,603,76,16,0.0,0,0
19970525,603,23,12,4.0,0,0
19970525,603,79,20,0.0,0,0
19970525,603,71,23,0.0,0,0
19970525,603,56,4,14.0,0,0
19970525,603,50,18,0.0,0,0
19970525,603,63,14,2.0,0,0
19970525,603,21,13,4.0,0,0
19970525,603,65,11,5.0,0,0
19970525,603,55,9,7.0,0,0
19970525,603,35,1,30.0,3,0
19970525,603,64,21,0.0,0,0
19970525,603,15,19,0.0,0,0
19970525,603,49,6,10.0,1,0
19970525,603,75,17,0.0,0,0
19970525,603,78,15,1.0,0,0
19970525,603,44,3,15.0,0,0
19970525,603,77,7,10.0,0,0
19970525,603,57,8,10.0,0,0
19970525,603,30,2,27.0,1,0
19970525,603,14,5,11.0,1,0
19970615,604,81,23,0.0,0,0
19970615,604,22,12,6.0,0,0
19970615,604,76,17,0.0,0,0
19970615,604,23,13,4.0,0,0
19970615,604,79,22,0.0,0,0
19970615,604,71,21,0.0,0,0
19970615,604,56,4,14.0,0,0
19970615,604,50,18,0.0,0,0
19970615,604,63,14,2.0,0,0
19970615,604,21,10,8.0,0,0
19970615,604,65,11,7.0,0,0
19970615,604,55,6,13.0,0,0
19970615,604,35,2,30.0,3,0
19970615,604,64,19,0.0,0,0
19970615,604,15,20,0.0,0,0
19970615,604,49,5,13.0,1,0
19970615,604,75,16,1.0,0,0
19970615,604,78,15,1.0,0,0
19970615,604,44,3,15.0,0,0
19970615,604,77,8,10.0,0,0
19970615,604,57,9,10.0,0,0
19970615,604,30,1,37.0,2,0
19970615,604,14,7,11.0,1,0
19970629,605,81,23,0.0,0,0
19970629,605,22,12,6.0,0,0
19970629,605,76,17,0.0,0,0
19970629,605,23,13,5.0,0,0
19970629,605,79,22,0.0,0,0
19970629,605,71,21,0.0,0,0
19970629,605,56,4,18.0,0,0
19970629,605,50,18,0.0,0,0
19970629,605,63,14,2.0,0,0
19970629,605,21,10,8.0,0,0
19970629,605,65,11,7.0,0,0
19970629,605,55,6,15.0,0,0
19970629,605,35,2,33.0,3,0
19970629,605,64,19,0.0,0,0
19970629,605,15,20,0.0,0,0
19970629,605,49,3,19.0,1,0
19970629,605,75,16,1.0,0,0
19970629,605,78,15,1.0,0,0
19970629,605,44,5,15.0,0,0
19970629,605,77,8,10.0,0,0
19970629,605,57,9,10.0,0,0
19970629,605,30,1,47.0,3,0
19970629,605,14,7,11.0,1,0
19970713,606,58,26,0.0,0,0
19970713,606,82,23,0.0,0,0
19970713,606,25,14,4.0,0,0
19970713,606,81,25,0.0,0,0
19970713,606,22,13,6.0,0,0
19970713,606,76,19,0.0,0,0
19970713,606,23,11,7.0,0,0
19970713,606,79,24,0.0,0,0
19970713,606,71,18,1.0,0,0
19970713,606,56,5,18.0,0,0
19970713,606,50,21,0.0,0,0
19970713,606,63,15,2.0,0,0
19970713,606,21,10,8.0,0,0
19970713,606,65,12,7.0,0,0
19970713,606,55,3,21.0,0,0
19970713,606,35,2,43.0,4,0
19970713,606,64,22,0.0,0,0
19970713,606,15,20,0.0,0,0
19970713,606,49,4,19.0,1,0
19970713,606,75,16,1.0,0,0
19970713,606,78,17,1.0,0,0
19970713,606,44,6,15.0,0,0
19970713,606,77,8,10.0,0,0
19970713,606,57,9,10.0,0,0
19970713,606,30,1,47.0,3,0
19970713,606,14,7,14.0,1,0
19970727,607,58,26,0.0,0,0
19970727,607,82,23,0.0,0,0
19970727,607,25,14,4.0,0,0
19970727,607,81,25,0.0,0,0
19970727,607,22,13,6.0,0,0
19970727,607,76,20,0.0,0,0
19970727,607,23,10,9.0,0,0
19970727,607,79,24,0.0,0,0
19970727,607,71,19,1.0,0,0
19970727,607,56,6,18.0,0,0
19970727,607,50,21,0.0,0,0
19970727,607,63,16,2.0,0,0
19970727,607,21,11,8.0,0,0
19970727,607,65,12,7.0,0,0
19970727,607,55,3,22.0,0,0
19970727,607,35,2,43.0,4,0
19970727,607,64,22,0.0,0,0
19970727,607,15,15,3.0,0,0
19970727,607,49,5,19.0,1,0
19970727,607,75,17,1.0,0,0
19970727,607,78,18,1.0,0,0
19970727,607,44,7,15.0,0,0
19970727,607,77,4,20.0,1,0
19970727,607,57,9,14.0,0,0
19970727,607,30,1,53.0,3,0
19970727,607,14,8,14.0,1,0
19970810,608,58,25,0.0,0,0
19970810,608,82,23,0.0,0,0
19970810,608,25,15,4.0,0,0
19970810,608,81,26,0.0,0,0
19970810,608,22,14,6.0,0,0
19970810,608,76,20,0.0,0,0
19970810,608,23,11,11.0,0,0
19970810,608,79,24,0.0,0,0
19970810,608,71,13,7.0,0,0
19970810,608,56,6,18.0,0,0
19970810,608,50,21,0.0,0,0
19970810,608,63,17,2.0,0,0
19970810,608,21,12,8.0,0,0
19970810,608,65,10,11.0,0,0
19970810,608,55,3,22.0,0,0
19970810,608,35,2,53.0,5,0
19970810,608,64,22,0.0,0,0
19970810,608,15,16,3.0,0,0
19970810,608,49,5,19.0,1,0
19970810,608,75,18,2.0,0,0
19970810,608,78,19,1.0,0,0
19970810,608,44,7,15.0,0,0
19970810,608,77,4,20.0,1,0
19970810,608,57,9,14.0,0,0
19970810,608,30,1,56.0,3,0
19970810,608,14,8,14.0,1,0
19970824,609,58,26,0.0,0,0
19970824,609,82,23,0.0,0,0
19970824,609,25,15,4.0,0,0
19970824,609,81,24,0.0,0,0
19970824,609,22,14,6.0,0,0
19970824,609,76,21,0.0,0,0
19970824,609,23,12,11.0,0,0
19970824,609,79,25,0.0,0,0
19970824,609,71,13,7.0,0,0
19970824,609,56,6,18.0,0,0
19970824,609,50,22,0.0,0,0
19970824,609,63,17,2.0,0,0
19970824,609,21,9,14.0,0,0
19970824,609,65,11,14.0,0,0
19970824,609,55,4,22.0,0,0
19970824,609,35,2,55.0,5,0
19970824,609,64,20,0.0,0,0
19970824,609,15,16,3.0,0,0
19970824,609,49,3,23.0,1,0
19970824,609,75,18,2.0,0,0
19970824,609,78,19,1.0,0,0
19970824,609,44,7,15.0,0,0
19970824,609,77,5,21.0,1,0
19970824,609,57,10,14.0,0,0
19970824,609,30,1,66.0,4,0
19970824,609,14,8,14.0,1,0
19970907,610,58,26,0.0,0,0
19970907,610,82,23,0.0,0,0
19970907,610,25,15,4.0,0,0
19970907,610,81,24,0.0,0,0
19970907,610,22,14,6.0,0,0
19970907,610,76,21,0.0,0,0
19970907,610,23,12,11.0,0,0
19970907,610,79,25,0.0,0,0
19970907,610,71,13,7.0,0,0
19970907,610,56,7,18.0,0,0
19970907,610,50,22,0.0,0,0
19970907,610,63,17,2.0,0,0
19970907,610,21,8,17.0,0,0
19970907,610,65,11,14.0,0,0
19970907,610,55,3,28.0,0,0
19970907,610,35,2,57.0,5,0
19970907,610,64,20,0.0,0,0
19970907,610,15,16,3.0,0,0
19970907,610,49,4,27.0,1,0
19970907,610,75,18,2.0,0,0
19970907,610,78,19,1.0,0,0
19970907,610,44,9,15.0,0,0
19970907,610,77,6,21.0,1,0
19970907,610,57,10,14.0,0,0
19970907,610,30,1,67.0,4,0
19970907,610,14,5,24.0,2,0
19970921,611,58,26,0.0,0,0
19970921,611,82,24,0.0,0,0
19970921,611,25,15,4.0,0,0
19970921,611,81,23,0.0,0,0
19970921,611,22,14,6.0,0,0
19970921,611,76,21,0.0,0,0
19970921,611,23,12,13.0,0,0
19970921,611,79,25,0.0,0,0
19970921,611,71,13,7.0,0,0
19970921,611,56,8,18.0,0,0
19970921,611,50,22,0.0,0,0
19970921,611,63,17,2.0,0,0
19970921,611,21,7,20.0,0,0
19970921,611,65,11,14.0,0,0
19970921,611,55,5,28.0,0,0
19970921,611,35,2,67.0,6,0
19970921,611,64,20,0.0,0,0
19970921,611,15,16,3.0,0,0
19970921,611,49,3,31.0,1,0
19970921,611,75,18,2.0,0,0
19970921,611,78,19,1.0,0,0
19970921,611,44,9,15.0,0,0
19970921,611,77,6,21.0,1,0
19970921,611,57,10,14.0,0,0
19970921,611,30,1,68.0,4,0
19970921,611,14,4,30.0,2,0
19970928,612,58,26,0.0,0,0
19970928,612,82,24,0.0,0,0
19970928,612,25,15,4.0,0,0
19970928,612,81,23,0.0,0,0
19970928,612,22,14,6.0,0,0
19970928,612,76,21,0.0,0,0
19970928,612,23,12,13.0,0,0
19970928,612,79,25,0.0,0,0
19970928,612,71,13,7.0,0,0
19970928,612,56,8,18.0,0,0
19970928,612,50,22,0.0,0,0
19970928,612,63,18,2.0,0,0
19970928,612,21,7,20.0,0,0
19970928,612,65,11,14.0,0,0
19970928,612,55,4,34.0,0,0
19970928,612,35,1,77.0,7,0
19970928,612,64,17,2.0,0,0
19970928,612,15,16,3.0,0,0
19970928,612,49,3,35.0,1,0
19970928,612,75,19,2.0,0,0
19970928,612,78,20,1.0,0,0
19970928,612,44,9,16.0,0,0
19970928,612,77,6,24.0,1,0
19970928,612,57,10,14.0,0,0
19970928,612,30,2,68.0,4,0
19970928,612,14,5,30.0,2,0
19971012,613,58,26,0.0,0,0
19971012,613,82,24,0.0,0,0
19971012,613,25,15,4.0,0,0
19971012,613,81,23,0.0,0,0
19971012,613,22,14,6.0,0,0
19971012,613,76,21,0.0,0,0
19971012,613,23,12,13.0,0,0
19971012,613,79,25,0.0,0,0
19971012,613,71,13,7.0,0,0
19971012,613,56,7,22.0,0,0
19971012,613,50,22,0.0,0,0
19971012,613,63,18,2.0,0,0
19971012,613,21,8,20.0,0,0
19971012,613,65,11,15.0,0,0
19971012,613,55,4,36.0,0,0
19971012,613,35,2,77.0,7,0
19971012,613,64,17,2.0,0,0
19971012,613,15,16,3.0,0,0
19971012,613,49,3,41.0,1,0
19971012,613,75,19,2.0,0,0
19971012,613,78,20,1.0,0,0
19971012,613,44,10,16.0,0,0
19971012,613,77,6,24.0,1,0
19971012,613,57,9,17.0,0,0
19971012,613,30,1,78.0,5,0
19971012,613,14,5,30.0,2,0
19971026,614,58,25,0.0,0,1
19971026,614,82,23,0.0,0,1
19971026,614,25,14,4.0,0,1
19971026,614,81,22,0.0,0,1
19971026,614,22,13,6.0,0,1
19971026,614,76,20,0.0,0,1
19971026,614,23,11,13.0,0,1
19971026,614,79,24,0.0,0,1
19971026,614,71,12,7.0,0,1
19971026,614,56,7,24.0,0,1
19971026,614,50,21,0.0,0,1
19971026,614,63,17,2.0,0,1
19971026,614,21,8,20.0,0,1
19971026,614,65,10,15.0,0,1
19971026,614,55,4,36.0,0,1
19971026,614,35,1,81.0,7,1
19971026,614,64,16,2.0,0,1
19971026,614,15,15,3.0,0,1
19971026,614,49,2,42.0,1,1
19971026,614,75,18,2.0,0,1
19971026,614,78,19,1.0,0,1
19971026,614,44,9,16.0,0,1
19971026,614,77,5,27.0,1,1
19971026,614,57,6,27.0,1,1
19971026,614,30,26,78.0,5,1
19971026,614,14,3,36.0,2,1
19960310,582,71,1,10.0,1,0
19960310,582,35,2,6.0,0,0
19960310,582,56,3,4.0,0,0
19960310,582,77,4,3.0,0,0
19960310,582,57,5,2.0,0,0
19960310,582,63,6,1.0,0,0
19960310,582,44,7,0.0,0,0
19960310,582,49,8,0.0,0,0
19960310,582,73,9,0.0,0,0
19960310,582,64,10,0.0,0,0
19960310,582,79,11,0.0,0,0
19960331,583,71,1,20.0,2,0
19960331,583,35,3,6.0,0,0
19960331,583,56,5,4.0,0,0
19960331,583,77,7,3.0,0,0
19960331,583,57,4,5.0,0,0
19960331,583,63,8,3.0,0,0
19960331,583,44,9,1.0,0,0
19960331,583,49,11,0.0,0,0
19960331,583,73,13,0.0,0,0
19960331,583,64,10,0.0,0,0
19960331,583,79,12,0.0,0,0
19960331,583,55,2,6.0,0,0
19960331,583,30,6,4.0,0,0
19960331,583,83,14,0.0,0,0
19960331,583,69,15,0.0,0,0
19960331,583,84,16,0.0,0,0
19960407,584,71,1,30.0,3,0
19960407,584,35,2,12.0,0,0
19960407,584,56,4,6.0,0,0
19960407,584,77,8,3.0,0,0
19960407,584,57,5,5.0,0,0
19960407,584,63,9,3.0,0,0
19960407,584,44,10,1.0,0,0
19960407,584,49,14,0.0,0,0
19960407,584,73,17,0.0,0,0
19960407,584,64,13,0.0,0,0
19960407,584,79,15,0.0,0,0
19960407,584,55,3,10.0,0,0
19960407,584,30,6,4.0,0,0
19960407,584,83,18,0.0,0,0
19960407,584,69,20,0.0,0,0
19960407,584,84,21,0.0,0,0
19960407,584,22,7,3.0,0,0
19960407,584,50,11,1.0,0,0
19960407,584,14,12,0.0,0,0
19960407,584,65,16,0.0,0,0
19960407,584,85,19,0.0,0,0
19960428,585,71,1,33.0,3,0
19960428,585,35,2,22.0,1,0
19960428,585,56,5,6.0,0,0
19960428,585,77,9,3.0,0,0
19960428,585,57,6,5.0,0,0
19960428,585,63,10,3.0,0,0
19960428,585,44,11,1.0,0,0
19960428,585,49,16,0.0,0,0
19960428,585,73,18,0.0,0,0
19960428,585,64,15,0.0,0,0
19960428,585,79,17,0.0,0,0
19960428,585,55,3,10.0,0,0
19960428,585,30,4,10.0,0,0
19960428,585,83,19,0.0,0,0
19960428,585,69,21,0.0,0,0
19960428,585,84,12,1.0,0,0
19960428,585,22,7,5.0,0,0
19960428,585,50,13,1.0,0,0
19960428,585,14,8,4.0,0,0
19960428,585,65,14,0.0,0,0
19960428,585,85,20,0.0,0,0
19960428,585,21,22,0.0,0,0
19960505,586,71,1,43.0,4,0
19960505,586,35,2,22.0,1,0
19960505,586,56,5,9.0,0,0
19960505,586,77,6,7.0,0,0
19960505,586,57,8,5.0,0,0
19960505,586,63,10,3.0,0,0
19960505,586,44,11,1.0,0,0
19960505,586,49,16,0.0,0,0
19960505,586,73,19,0.0,0,0
19960505,586,64,14,0.0,0,0
19960505,586,79,18,0.0,0,0
19960505,586,55,4,11.0,0,0
19960505,586,30,3,16.0,0,0
19960505,586,83,17,0.0,0,0
19960505,586,69,20,0.0,0,0
19960505,586,84,12,1.0,0,0
19960505,586,22,7,7.0,0,0
19960505,586,50,13,1.0,0,0
19960505,586,14,9,4.0,0,0
19960505,586,65,15,0.0,0,0
19960505,586,85,21,0.0,0,0
19960505,586,21,22,0.0,0,0
19960519,587,71,1,43.0,4,0
19960519,587,35,2,22.0,1,0
19960519,587,56,7,9.0,0,0
19960519,587,77,8,7.0,0,0
19960519,587,57,10,6.0,0,0
19960519,587,63,11,5.0,0,0
19960519,587,44,4,11.0,1,0
19960519,587,49,13,3.0,0,0
19960519,587,73,19,0.0,0,0
19960519,587,64,16,0.0,0,0
19960519,587,79,18,0.0,0,0
19960519,587,55,5,11.0,0,0
19960519,587,30,3,16.0,0,0
19960519,587,83,17,0.0,0,0
19960519,587,69,20,0.0,0,0
19960519,587,84,14,1.0,0,0
19960519,587,22,9,7.0,0,0
19960519,587,50,15,1.0,0,0
19960519,587,14,6,10.0,0,0
19960519,587,65,12,4.0,0,0
19960519,587,85,21,0.0,0,0
19960519,587,21,22,0.0,0,0
19960602,588,71,1,43.0,4,0
19960602,588,35,2,26.0,1,0
19960602,588,56,7,9.0,0,0
19960602,588,77,9,7.0,0,0
19960602,588,57,8,8.0,0,0
19960602,588,63,12,5.0,0,0
19960602,588,44,5,11.0,1,0
19960602,588,49,11,6.0,0,0
19960602,588,73,19,0.0,0,0
19960602,588,64,14,1.0,0,0
19960602,588,79,18,0.0,0,0
19960602,588,55,4,17.0,0,0
19960602,588,30,3,26.0,1,0
19960602,588,83,17,0.0,0,0
19960602,588,69,20,0.0,0,0
19960602,588,84,15,1.0,0,0
19960602,588,22,10,7.0,0,0
19960602,588,50,16,1.0,0,0
19960602,588,14,6,10.0,0,0
19960602,588,65,13,4.0,0,0
19960602,588,85,21,0.0,0,0
19960602,588,21,22,0.0,0,0
19960616,589,71,1,53.0,5,0
19960616,589,35,2,32.0,1,0
19960616,589,56,8,9.0,0,0
19960616,589,77,9,7.0,0,0
19960616,589,57,7,10.0,0,0
19960616,589,63,12,5.0,0,0
19960616,589,44,6,11.0,1,0
19960616,589,49,11,6.0,0,0
19960616,589,73,20,0.0,0,0
19960616,589,64,15,1.0,0,0
19960616,589,79,19,0.0,0,0
19960616,589,55,4,21.0,0,0
19960616,589,30,3,26.0,1,0
19960616,589,83,18,0.0,0,0
19960616,589,69,21,0.0,0,0
19960616,589,84,14,2.0,0,0
19960616,589,22,10,7.0,0,0
19960616,589,50,16,1.0,0,0
19960616,589,14,5,13.0,0,0
19960616,589,65,13,4.0,0,0
19960616,589,85,22,0.0,0,0
19960616,589,21,17,0.0,0,0
19960630,590,71,1,63.0,6,0
19960630,590,35,2,38.0,1,0
19960630,590,56,9,9.0,0,0
19960630,590,77,8,10.0,0,0
19960630,590,57,6,12.0,0,0
19960630,590,63,12,5.0,0,0
19960630,590,44,7,11.0,1,0
19960630,590,49,11,6.0,0,0
19960630,590,73,19,0.0,0,0
19960630,590,64,15,1.0,0,0
19960630,590,79,20,0.0,0,0
19960630,590,55,4,25.0,0,0
19960630,590,30,3,26.0,1,0
19960630,590,83,18,0.0,0,0
19960630,590,69,21,0.0,0,0
19960630,590,84,14,2.0,0,0
19960630,590,22,10,7.0,0,0
19960630,590,50,16,1.0,0,0
19960630,590,14,5,14.0,0,0
19960630,590,65,13,4.0,0,0
19960630,590,85,22,0.0,0,0
19960630,590,21,17,0.0,0,0
19960714,591,71,1,63.0,6,0
19960714,591,35,2,48.0,2,0
19960714,591,56,10,9.0,0,0
19960714,591,77,5,16.0,0,0
19960714,591,57,7,16.0,0,0
19960714,591,63,12,5.0,0,0
19960714,591,44,8,11.0,1,0
19960714,591,49,11,6.0,0,0
19960714,591,73,19,0.0,0,0
19960714,591,64,15,1.0,0,0
19960714,591,79,20,0.0,0,0
19960714,591,55,4,25.0,0,0
19960714,591,30,3,26.0,1,0
19960714,591,83,18,0.0,0,0
19960714,591,69,21,0.0,0,0
19960714,591,84,14,3.0,0,0
19960714,591,22,9,10.0,0,0
19960714,591,50,16,1.0,0,0
19960714,591,14,6,16.0,0,0
19960714,591,65,13,4.0,0,0
19960714,591,85,22,0.0,0,0
19960714,591,21,17,0.0,0,0
19960728,592,71,1,73.0,7,0
19960728,592,35,2,52.0,2,0
19960728,592,56,10,9.0,0,0
19960728,592,77,6,16.0,0,0
19960728,592,57,7,16.0,0,0
19960728,592,63,12,5.0,0,0
19960728,592,44,8,11.0,1,0
19960728,592,49,11,6.0,0,0
19960728,592,73,19,0.0,0,0
19960728,592,64,15,1.0,0,0
19960728,592,79,20,0.0,0,0
19960728,592,55,3,31.0,0,0
19960728,592,30,4,29.0,1,0
19960728,592,83,18,0.0,0,0
19960728,592,69,21,0.0,0,0
19960728,592,84,14,3.0,0,0
19960728,592,22,9,11.0,0,0
19960728,592,50,16,1.0,0,0
19960728,592,14,5,18.0,0,0
19960728,592,65,13,4.0,0,0
19960728,592,85,22,0.0,0,0
19960728,592,21,17,0.0,0,0
19960811,593,71,1,79.0,7,0
19960811,593,35,2,62.0,3,0
19960811,593,56,10,9.0,0,0
19960811,593,77,7,16.0,0,0
19960811,593,57,5,19.0,0,0
19960811,593,63,12,5.0,0,0
19960811,593,44,8,13.0,1,0
19960811,593,49,11,6.0,0,0
19960811,593,73,18,0.0,0,0
19960811,593,64,15,1.0,0,0
19960811,593,79,17,0.0,0,0
19960811,593,55,3,35.0,0,0
19960811,593,30,4,29.0,1,0
19960811,593,83,20,0.0,0,0
19960811,593,69,21,0.0,0,0
19960811,593,84,14,3.0,0,0
19960811,593,22,9,12.0,0,0
19960811,593,50,16,1.0,0,0
19960811,593,14,6,18.0,0,0
19960811,593,65,13,4.0,0,0
19960811,593,85,23,0.0,0,0
19960811,593,21,19,0.0,0,0
19960811,593,86,22,0.0,0,0
19960825,594,71,1,81.0,7,0
19960825,594,35,2,68.0,3,0
19960825,594,56,10,9.0,0,0
19960825,594,77,7,17.0,0,0
19960825,594,57,5,23.0,0,0
19960825,594,63,12,5.0,0,0
19960825,594,44,8,13.0,1,0
19960825,594,49,11,6.0,0,0
19960825,594,73,18,0.0,0,0
19960825,594,64,15,1.0,0,0
19960825,594,79,17,0.0,0,0
19960825,594,55,4,38.0,0,0
19960825,594,30,3,39.0,2,0
19960825,594,83,20,0.0,0,0
19960825,594,69,21,0.0,0,0
19960825,594,84,14,3.0,0,0
19960825,594,22,9,12.0,0,0
19960825,594,50,16,1.0,0,0
19960825,594,14,6,18.0,0,0
19960825,594,65,13,4.0,0,0
19960825,594,85,23,0.0,0,0
19960825,594,21,19,0.0,0,0
19960825,594,86,22,0.0,0,0
19960908,595,71,1,81.0,7,0
19960908,595,35,2,68.0,3,0
19960908,595,56,10,9.0,0,0
19960908,595,77,7,17.0,0,0
19960908,595,57,5,27.0,0,0
19960908,595,63,13,5.0,0,0
19960908,595,44,9,13.0,1,0
19960908,595,49,11,6.0,0,0
19960908,595,73,18,0.0,0,0
19960908,595,64,15,2.0,0,0
19960908,595,79,17,0.0,0,0
19960908,595,55,4,44.0,0,0
19960908,595,30,3,49.0,3,0
19960908,595,83,20,0.0,0,0
19960908,595,69,21,0.0,0,0
19960908,595,84,12,6.0,0,0
19960908,595,22,8,14.0,0,0
19960908,595,50,16,1.0,0,0
19960908,595,14,6,18.0,0,0
19960908,595,65,14,4.0,0,0
19960908,595,85,23,0.0,0,0
19960908,595,21,19,0.0,0,0
19960908,595,86,22,0.0,0,0
19960922,596,71,1,87.0,7,0
19960922,596,35,2,78.0,4,0
19960922,596,56,10,11.0,0,0
19960922,596,77,6,18.0,0,0
19960922,596,57,5,27.0,0,0
19960922,596,63,13,5.0,0,0
19960922,596,44,9,13.0,1,0
19960922,596,49,11,6.0,0,0
19960922,596,73,18,0.0,0,0
19960922,596,64,15,2.0,0,0
19960922,596,79,17,0.0,0,0
19960922,596,55,4,47.0,0,0
19960922,596,30,3,53.0,3,0
19960922,596,83,20,0.0,0,0
19960922,596,69,21,0.0,0,0
19960922,596,84,12,6.0,0,0
19960922,596,22,8,14.0,0,0
19960922,596,50,16,1.0,0,0
19960922,596,14,7,18.0,0,0
19960922,596,65,14,4.0,0,0
19960922,596,85,23,0.0,0,0
19960922,596,21,19,0.0,0,0
19960922,596,86,22,0.0,0,0
19961013,597,71,1,97.0,8,1
19961013,597,35,2,78.0,4,1
19961013,597,56,10,11.0,0,1
19961013,597,77,6,21.0,0,1
19961013,597,57,5,31.0,0,1
19961013,597,63,13,5.0,0,1
19961013,597,44,9,13.0,1,1
19961013,597,49,12,7.0,0,1
19961013,597,73,18,0.0,0,1
19961013,597,64,15,2.0,0,1
19961013,597,79,17,0.0,0,1
19961013,597,55,4,47.0,0,1
19961013,597,30,3,59.0,3,1
19961013,597,83,20,0.0,0,1
19961013,597,69,21,0.0,0,1
19961013,597,84,11,8.0,0,1
19961013,597,22,8,14.0,0,1
19961013,597,50,16,1.0,0,1
19961013,597,14,7,18.0,0,1
19961013,597,65,14,4.0,0,1
19961013,597,85,23,0.0,0,1
19961013,597,21,19,0.0,0,1
19961013,597,86,22,0.0,0,1
19950326,565,64,10,0.0,0,0
19950326,565,85,9,0.0,0,0
19950326,565,88,8,0.0,0,0
19950326,565,63,7,0.0,0,0
19950326,565,87,6,1.0,0,0
19950326,565,55,5,2.0,0,0
19950326,565,57,4,3.0,0,0
19950326,565,77,3,4.0,0,0
19950326,565,14,2,6.0,0,0
19950326,565,30,1,10.0,1,0
19950409,566,93,15,0.0,0,0
19950409,566,79,12,0.0,0,0
19950409,566,44,10,0.0,0,0
19950409,566,49,8,2.0,0,0
19950409,566,65,7,3.0,0,0
19950409,566,71,2,10.0,1,0
19950409,566,64,16,0.0,0,0
19950409,566,85,14,0.0,0,0
19950409,566,88,13,0.0,0,0
19950409,566,63,11,0.0,0,0
19950409,566,87,9,1.0,0,0
19950409,566,55,3,8.0,0,0
19950409,566,57,6,3.0,0,0
19950409,566,77,5,5.0,0,0
19950409,566,14,4,6.0,0,0
19950409,566,30,1,14.0,1,0
19950430,567,69,21,0.0,0,0
19950430,567,81,20,0.0,0,0
19950430,567,94,19,0.0,0,0
19950430,567,95,18,0.0,0,0
19950430,567,56,13,0.0,0,0
19950430,567,93,16,0.0,0,0
19950430,567,79,14,0.0,0,0
19950430,567,44,10,0.0,0,0
19950430,567,49,8,3.0,0,0
19950430,567,65,7,3.0,0,0
19950430,567,71,1,20.0,2,0
19950430,567,64,17,0.0,0,0
19950430,567,85,15,0.0,0,0
19950430,567,88,12,0.0,0,0
19950430,567,63,11,0.0,0,0
19950430,567,87,9,1.0,0,0
19950430,567,55,3,14.0,0,0
19950430,567,57,6,5.0,0,0
19950430,567,77,5,9.0,0,0
19950430,567,14,4,9.0,0,0
19950430,567,30,2,14.0,1,0
19950514,568,91,24,0.0,0,0
19950514,568,50,23,0.0,0,0
19950514,568,84,17,0.0,0,0
19950514,568,22,13,0.0,0,0
19950514,568,69,25,0.0,0,0
19950514,568,81,21,0.0,0,0
19950514,568,94,22,0.0,0,0
19950514,568,95,20,0.0,0,0
19950514,568,56,9,2.0,0,0
19950514,568,93,16,0.0,0,0
19950514,568,79,15,0.0,0,0
19950514,568,44,10,1.0,0,0
19950514,568,49,8,3.0,0,0
19950514,568,65,5,9.0,0,0
19950514,568,71,2,23.0,2,0
19950514,568,64,19,0.0,0,0
19950514,568,85,18,0.0,0,0
19950514,568,88,14,0.0,0,0
19950514,568,63,12,0.0,0,0
19950514,568,87,11,1.0,0,0
19950514,568,55,3,14.0,0,0
19950514,568,57,7,5.0,0,0
19950514,568,77,4,13.0,0,0
19950514,568,14,6,9.0,0,0
19950514,568,30,1,24.0,2,0
19950528,569,96,16,0.0,0,0
19950528,569,91,25,0.0,0,0
19950528,569,50,24,0.0,0,0
19950528,569,84,20,0.0,0,0
19950528,569,22,14,0.0,0,0
19950528,569,69,26,0.0,0,0
19950528,569,81,18,0.0,0,0
19950528,569,94,13,0.0,0,0
19950528,569,95,23,0.0,0,0
19950528,569,56,10,2.0,0,0
19950528,569,93,19,0.0,0,0
19950528,569,79,17,0.0,0,0
19950528,569,44,11,1.0,0,0
19950528,569,49,8,4.0,0,0
19950528,569,65,5,12.0,0,0
19950528,569,71,2,29.0,2,0
19950528,569,64,22,0.0,0,0
19950528,569,85,21,0.0,0,0
19950528,569,88,15,0.0,0,0
19950528,569,63,12,0.0,0,0
19950528,569,87,9,3.0,0,0
19950528,569,55,4,14.0,0,0
19950528,569,57,7,5.0,0,0
19950528,569,77,3,17.0,0,0
19950528,569,14,6,9.0,0,0
19950528,569,30,1,34.0,3,0
19950611,570,89,22,0.0,0,0
19950611,570,96,18,0.0,0,0
19950611,570,91,27,0.0,0,0
19950611,570,50,26,0.0,0,0
19950611,570,84,20,0.0,0,0
19950611,570,22,7,6.0,0,0
19950611,570,69,17,0.0,0,0
19950611,570,81,13,1.0,0,0
19950611,570,94,15,0.0,0,0
19950611,570,95,25,0.0,0,0
19950611,570,56,8,6.0,0,0
19950611,570,93,21,0.0,0,0
19950611,570,79,19,0.0,0,0
19950611,570,44,10,4.0,0,0
19950611,570,49,11,4.0,0,0
19950611,570,65,5,12.0,0,0
19950611,570,71,2,29.0,2,0
19950611,570,64,24,0.0,0,0
19950611,570,85,23,0.0,0,0
19950611,570,88,16,0.0,0,0
19950611,570,63,14,0.0,0,0
19950611,570,87,12,3.0,0,0
19950611,570,55,3,24.0,1,0
19950611,570,57,9,5.0,0,0
19950611,570,77,4,17.0,0,0
19950611,570,14,6,9.0,0,0
19950611,570,30,1,36.0,3,0
19950702,571,90,28,0.0,0,0
19950702,571,89,22,0.0,0,0
19950702,571,96,19,0.0,0,0
19950702,571,91,27,0.0,0,0
19950702,571,50,26,0.0,0,0
19950702,571,84,12,3.0,0,0
19950702,571,22,7,7.0,0,0
19950702,571,69,18,0.0,0,0
19950702,571,81,14,1.0,0,0
19950702,571,94,16,0.0,0,0
19950702,571,95,25,0.0,0,0
19950702,571,56,8,6.0,0,0
19950702,571,93,21,0.0,0,0
19950702,571,79,20,0.0,0,0
19950702,571,44,10,4.0,0,0
19950702,571,49,11,4.0,0,0
19950702,571,65,6,12.0,0,0
19950702,571,71,2,35.0,2,0
19950702,571,64,24,0.0,0,0
19950702,571,85,23,0.0,0,0
19950702,571,88,17,0.0,0,0
19950702,571,63,15,0.0,0,0
19950702,571,87,13,3.0,0,0
19950702,571,55,3,26.0,1,0
19950702,571,57,9,5.0,0,0
19950702,571,77,4,17.0,0,0
19950702,571,14,5,13.0,0,0
19950702,571,30,1,46.0,4,0
19950716,572,92,26,0.0,0,0
19950716,572,90,29,0.0,0,0
19950716,572,89,22,0.0,0,0
19950716,572,96,17,0.0,0,0
19950716,572,91,28,0.0,0,0
19950716,572,50,27,0.0,0,0
19950716,572,84,13,3.0,0,0
19950716,572,22,7,7.0,0,0
19950716,572,69,18,0.0,0,0
19950716,572,81,14,1.0,0,0
19950716,572,94,16,0.0,0,0
19950716,572,95,25,0.0,0,0
19950716,572,56,9,6.0,0,0
19950716,572,93,21,0.0,0,0
19950716,572,79,20,0.0,0,0
19950716,572,44,8,7.0,0,0
19950716,572,49,12,5.0,0,0
19950716,572,65,4,22.0,1,0
19950716,572,71,2,35.0,2,0
19950716,572,64,24,0.0,0,0
19950716,572,85,23,0.0,0,0
19950716,572,88,19,0.0,0,0
19950716,572,63,15,0.0,0,0
19950716,572,87,11,5.0,0,0
19950716,572,55,3,32.0,1,0
19950716,572,57,10,5.0,0,0
19950716,572,77,6,17.0,0,0
19950716,572,14,5,17.0,0,0
19950716,572,30,1,46.0,4,0
19950730,573,92,26,0.0,0,0
19950730,573,90,29,0.0,0,0
19950730,573,89,23,0.0,0,0
19950730,573,96,14,2.0,0,0
19950730,573,91,28,0.0,0,0
19950730,573,50,27,0.0,0,0
19950730,573,84,13,3.0,0,0
19950730,573,22,7,7.0,0,0
19950730,573,69,21,0.0,0,0
19950730,573,81,16,1.0,0,0
19950730,573,94,18,0.0,0,0
19950730,573,95,25,0.0,0,0
19950730,573,56,9,6.0,0,0
19950730,573,93,22,0.0,0,0
19950730,573,79,19,0.0,0,0
19950730,573,44,8,7.0,0,0
19950730,573,49,12,5.0,0,0
19950730,573,65,4,25.0,1,0
19950730,573,71,2,35.0,2,0
19950730,573,64,24,0.0,0,0
19950730,573,85,20,0.0,0,0
19950730,573,88,15,1.0,0,0
19950730,573,63,17,0.0,0,0
19950730,573,87,11,5.0,0,0
19950730,573,55,3,32.0,1,0
19950730,573,57,10,5.0,0,0
19950730,573,77,6,21.0,0,0
19950730,573,14,5,23.0,0,0
19950730,573,30,1,56.0,5,0
19950813,574,83,24,0.0,0,0
19950813,574,92,27,0.0,0,0
19950813,574,90,30,0.0,0,0
19950813,574,89,23,0.0,0,0
19950813,574,96,14,2.0,0,0
19950813,574,91,29,0.0,0,0
19950813,574,50,28,0.0,0,0
19950813,574,84,13,3.0,0,0
19950813,574,22,8,7.0,0,0
19950813,574,69,20,0.0,0,0
19950813,574,81,16,1.0,0,0
19950813,574,94,18,0.0,0,0
19950813,574,95,26,0.0,0,0
19950813,574,56,10,6.0,0,0
19950813,574,93,22,0.0,0,0
19950813,574,79,19,0.0,0,0
19950813,574,44,7,8.0,0,0
19950813,574,49,9,7.0,0,0
19950813,574,65,5,28.0,1,0
19950813,574,71,2,45.0,3,0
19950813,574,64,25,0.0,0,0
19950813,574,85,21,0.0,0,0
19950813,574,88,15,1.0,0,0
19950813,574,63,17,0.0,0,0
19950813,574,87,12,5.0,0,0
19950813,574,55,3,32.0,1,0
19950813,574,57,11,5.0,0,0
19950813,574,77,6,25.0,0,0
19950813,574,14,4,29.0,0,0
19950813,574,30,1,56.0,5,0
19950827,575,83,22,0.0,0,0
19950827,575,92,27,0.0,0,0
19950827,575,90,30,0.0,0,0
19950827,575,89,23,0.0,0,0
19950827,575,96,14,2.0,0,0
19950827,575,91,29,0.0,0,0
19950827,575,50,28,0.0,0,0
19950827,575,84,10,7.0,0,0
19950827,575,22,8,8.0,0,0
19950827,575,69,20,0.0,0,0
19950827,575,81,16,1.0,0,0
19950827,575,94,18,0.0,0,0
19950827,575,95,26,0.0,0,0
19950827,575,56,12,6.0,0,0
19950827,575,93,24,0.0,0,0
19950827,575,79,19,0.0,0,0
19950827,575,44,9,8.0,0,0
19950827,575,49,7,10.0,0,0
19950827,575,65,5,28.0,1,0
19950827,575,71,2,51.0,3,0
19950827,575,64,25,0.0,0,0
19950827,575,85,21,0.0,0,0
19950827,575,88,15,1.0,0,0
19950827,575,63,17,0.0,0,0
19950827,575,87,11,7.0,0,0
19950827,575,55,3,32.0,1,0
19950827,575,57,13,5.0,0,0
19950827,575,77,6,25.0,0,0
19950827,575,14,4,29.0,0,0
19950827,575,30,1,66.0,6,0
19950910,576,97,20,0.0,0,0
19950910,576,83,25,0.0,0,0
19950910,576,92,28,0.0,0,0
19950910,576,90,31,0.0,0,0
19950910,576,89,22,0.0,0,0
19950910,576,96,14,3.0,0,0
19950910,576,91,30,0.0,0,0
19950910,576,50,29,0.0,0,0
19950910,576,84,12,7.0,0,0
19950910,576,22,10,8.0,0,0
19950910,576,69,21,0.0,0,0
19950910,576,81,17,1.0,0,0
19950910,576,94,18,0.0,0,0
19950910,576,95,27,0.0,0,0
19950910,576,56,13,6.0,0,0
19950910,576,93,26,0.0,0,0
19950910,576,79,19,0.0,0,0
19950910,576,44,11,8.0,0,0
19950910,576,49,7,14.0,0,0
19950910,576,65,3,38.0,2,0
19950910,576,71,2,51.0,3,0
19950910,576,64,24,0.0,0,0
19950910,576,85,23,0.0,0,0
19950910,576,88,16,1.0,0,0
19950910,576,63,15,2.0,0,0
19950910,576,87,9,10.0,0,0
19950910,576,55,4,32.0,1,0
19950910,576,57,8,11.0,0,0
19950910,576,77,6,25.0,0,0
19950910,576,14,5,29.0,0,0
19950910,576,30,1,66.0,6,0
19950924,577,97,20,0.0,0,0
19950924,577,83,25,0.0,0,0
19950924,577,92,28,0.0,0,0
19950924,577,90,31,0.0,0,0
19950924,577,89,22,0.0,0,0
19950924,577,96,14,3.0,0,0
19950924,577,91,30,0.0,0,0
19950924,577,50,29,0.0,0,0
19950924,577,84,12,7.0,0,0
19950924,577,22,10,8.0,0,0
19950924,577,69,21,0.0,0,0
19950924,577,81,17,1.0,0,0
19950924,577,94,18,0.0,0,0
19950924,577,95,27,0.0,0,0
19950924,577,56,13,6.0,0,0
19950924,577,93,26,0.0,0,0
19950924,577,79,19,0.0,0,0
19950924,577,44,11,8.0,0,0
19950924,577,49,7,15.0,0,0
19950924,577,65,4,38.0,2,0
19950924,577,71,2,55.0,3,0
19950924,577,64,24,0.0,0,0
19950924,577,85,23,0.0,0,0
19950924,577,88,16,1.0,0,0
19950924,577,63,15,2.0,0,0
19950924,577,87,9,10.0,0,0
19950924,577,55,5,34.0,1,0
19950924,577,57,8,11.0,0,0
19950924,577,77,6,28.0,0,0
19950924,577,14,3,39.0,1,0
19950924,577,30,1,72.0,6,0
19951001,578,98,33,0.0,0,0
19951001,578,99,32,0.0,0,0
19951001,578,97,20,0.0,0,0
19951001,578,83,24,0.0,0,0
19951001,578,92,28,0.0,0,0
19951001,578,90,31,0.0,0,0
19951001,578,89,22,0.0,0,0
19951001,578,96,14,3.0,0,0
19951001,578,91,30,0.0,0,0
19951001,578,50,29,0.0,0,0
19951001,578,84,12,7.0,0,0
19951001,578,22,9,11.0,0,0
19951001,578,69,21,0.0,0,0
19951001,578,81,17,1.0,0,0
19951001,578,94,18,0.0,0,0
19951001,578,95,27,0.0,0,0
19951001,578,56,13,7.0,0,0
19951001,578,93,26,0.0,0,0
19951001,578,79,19,0.0,0,0
19951001,578,44,11,8.0,0,0
19951001,578,49,7,15.0,0,0
19951001,578,65,4,40.0,2,0
19951001,578,71,2,55.0,3,0
19951001,578,64,25,0.0,0,0
19951001,578,85,23,0.0,0,0
19951001,578,88,16,1.0,0,0
19951001,578,63,15,2.0,0,0
19951001,578,87,10,10.0,0,0
19951001,578,55,5,40.0,1,0
19951001,578,57,8,11.0,0,0
19951001,578,77,6,28.0,0,0
19951001,578,14,3,43.0,1,0
19951001,578,30,1,82.0,7,0
19951022,579,76,27,0.0,0,0
19951022,579,98,34,0.0,0,0
19951022,579,99,33,0.0,0,0
19951022,579,97,20,0.0,0,0
19951022,579,83,24,0.0,0,0
19951022,579,92,29,0.0,0,0
19951022,579,90,32,0.0,0,0
19951022,579,89,22,0.0,0,0
19951022,579,96,14,3.0,0,0
19951022,579,91,31,0.0,0,0
19951022,579,50,30,0.0,0,0
19951022,579,84,12,7.0,0,0
19951022,579,22,9,11.0,0,0
19951022,579,69,21,0.0,0,0
19951022,579,81,17,1.0,0,0
19951022,579,94,18,0.0,0,0
19951022,579,95,28,0.0,0,0
19951022,579,56,13,7.0,0,0
19951022,579,93,26,0.0,0,0
19951022,579,79,19,0.0,0,0
19951022,579,44,11,8.0,0,0
19951022,579,49,7,15.0,0,0
19951022,579,65,5,41.0,2,0
19951022,579,71,2,59.0,3,0
19951022,579,64,25,0.0,0,0
19951022,579,85,23,0.0,0,0
19951022,579,88,16,1.0,0,0
19951022,579,63,15,2.0,0,0
19951022,579,87,10,10.0,0,0
19951022,579,55,4,42.0,1,0
19951022,579,57,8,11.0,0,0
19951022,579,77,6,31.0,0,0
19951022,579,14,3,49.0,1,0
19951022,579,30,1,92.0,8,0
19951029,580,76,28,0.0,0,0
19951029,580,98,34,0.0,0,0
19951029,580,99,33,0.0,0,0
19951029,580,97,20,0.0,0,0
19951029,580,83,24,0.0,0,0
19951029,580,92,30,0.0,0,0
19951029,580,90,32,0.0,0,0
19951029,580,89,22,0.0,0,0
19951029,580,96,15,3.0,0,0
19951029,580,91,27,0.0,0,0
19951029,580,50,31,0.0,0,0
19951029,580,84,13,7.0,0,0
19951029,580,22,9,11.0,0,0
19951029,580,69,21,0.0,0,0
19951029,580,81,17,1.0,0,0
19951029,580,94,18,0.0,0,0
19951029,580,95,29,0.0,0,0
19951029,580,56,10,10.0,0,0
19951029,580,93,26,0.0,0,0
19951029,580,79,19,0.0,0,0
19951029,580,44,11,10.0,0,0
19951029,580,49,8,15.0,0,0
19951029,580,65,4,45.0,2,0
19951029,580,71,2,59.0,3,0
19951029,580,64,25,0.0,0,0
19951029,580,85,23,0.0,0,0
19951029,580,88,16,1.0,0,0
19951029,580,63,14,3.0,0,0
19951029,580,87,12,10.0,0,0
19951029,580,55,5,42.0,1,0
19951029,580,57,7,17.0,0,0
19951029,580,77,6,31.0,0,0
19951029,580,14,3,49.0,1,0
19951029,580,30,1,102.0,9,0
19951112,581,76,29,0.0,0,1
19951112,581,98,34,0.0,0,1
19951112,581,99,33,0.0,0,1
19951112,581,97,22,0.0,0,1
19951112,581,83,18,1.0,0,1
19951112,581,92,26,0.0,0,1
19951112,581,90,32,0.0,0,1
19951112,581,89,24,0.0,0,1
19951112,581,96,16,3.0,0,1
19951112,581,91,28,0.0,0,1
19951112,581,50,31,0.0,0,1
19951112,581,84,13,7.0,0,1
19951112,581,22,11,11.0,0,1
19951112,581,69,23,0.0,0,1
19951112,581,81,14,5.0,0,1
19951112,581,94,19,0.0,0,1
19951112,581,95,30,0.0,0,1
19951112,581,56,12,10.0,0,1
19951112,581,93,27,0.0,0,1
19951112,581,79,20,0.0,0,1
19951112,581,44,8,16.0,0,1
19951112,581,49,9,15.0,0,1
19951112,581,65,4,45.0,2,1
19951112,581,71,2,69.0,4,1
19951112,581,64,21,0.0,0,1
19951112,581,85,25,0.0,0,1
19951112,581,88,17,1.0,0,1
19951112,581,63,15,5.0,0,1
19951112,581,87,10,13.0,0,1
19951112,581,55,5,42.0,1,1
19951112,581,57,7,17.0,0,1
19951112,581,77,6,31.0,0,1
19951112,581,14,3,49.0,1,1
19951112,581,30,1,102.0,9,1
19940327,549,101,12,0.0,0,0
19940327,549,44,11,0.0,0,0
19940327,549,83,10,0.0,0,0
19940327,549,100,9,0.0,0,0
19940327,549,94,8,0.0,0,0
19940327,549,65,7,0.0,0,0
19940327,549,91,6,1.0,0,0
19940327,549,79,5,2.0,0,0
19940327,549,22,4,3.0,0,0
19940327,549,55,3,4.0,0,0
19940327,549,71,2,6.0,0,0
19940327,549,30,1,10.0,1,0
19940417,550,103,15,0.0,0,0
19940417,550,50,23,0.0,0,0
19940417,550,56,22,0.0,0,0
19940417,550,84,20,0.0,0,0
19940417,550,102,19,0.0,0,0
19940417,550,101,17,0.0,0,0
19940417,550,44,14,0.0,0,0
19940417,550,83,12,0.0,0,0
19940417,550,100,9,1.0,0,0
19940417,550,94,13,0.0,0,0
19940417,550,65,11,0.0,0,0
19940417,550,91,10,1.0,0,0
19940417,550,79,8,2.0,0,0
19940417,550,22,2,7.0,0,0
19940417,550,55,5,4.0,0,0
19940417,550,71,3,6.0,0,0
19940417,550,30,1,20.0,2,0
19940501,551,57,6,4.0,0,0
19940501,551,49,11,2.0,0,0
19940501,551,104,10,3.0,0,0
19940501,551,87,18,0.0,0,0
19940501,551,103,19,0.0,0,0
19940501,551,50,27,0.0,0,0
19940501,551,56,26,0.0,0,0
19940501,551,84,15,0.0,0,0
19940501,551,102,23,0.0,0,0
19940501,551,101,21,0.0,0,0
19940501,551,44,17,0.0,0,0
19940501,551,83,14,0.0,0,0
19940501,551,100,12,1.0,0,0
19940501,551,94,16,0.0,0,0
19940501,551,65,13,0.0,0,0
19940501,551,91,8,4.0,0,0
19940501,551,79,9,4.0,0,0
19940501,551,22,3,7.0,0,0
19940501,551,55,7,4.0,0,0
19940501,551,71,2,7.0,0,0
19940501,551,30,1,30.0,3,0
19940515,552,106,20,0.0,0,0
19940515,552,77,2,10.0,0,0
19940515,552,81,26,0.0,0,0
19940515,552,105,15,1.0,0,0
19940515,552,57,8,4.0,0,0
19940515,552,49,13,2.0,0,0
19940515,552,104,11,3.0,0,0
19940515,552,87,22,0.0,0,0
19940515,552,103,23,0.0,0,0
19940515,552,50,31,0.0,0,0
19940515,552,56,30,0.0,0,0
19940515,552,84,5,6.0,0,0
19940515,552,102,27,0.0,0,0
19940515,552,101,25,0.0,0,0
19940515,552,44,21,0.0,0,0
19940515,552,83,18,0.0,0,0
19940515,552,100,14,1.0,0,0
19940515,552,94,19,0.0,0,0
19940515,552,65,16,0.0,0,0
19940515,552,91,9,4.0,0,0
19940515,552,79,10,4.0,0,0
19940515,552,22,4,7.0,0,0
19940515,552,55,7,6.0,0,0
19940515,552,71,3,7.0,0,0
19940515,552,30,1,40.0,4,0
19940529,553,107,27,0.0,0,0
19940529,553,92,31,0.0,0,0
19940529,553,106,24,0.0,0,0
19940529,553,77,3,10.0,0,0
19940529,553,81,28,0.0,0,0
19940529,553,105,17,1.0,0,0
19940529,553,57,9,4.0,0,0
19940529,553,49,14,2.0,0,0
19940529,553,104,12,3.0,0,0
19940529,553,87,8,4.0,0,0
19940529,553,103,23,0.0,0,0
19940529,553,50,32,0.0,0,0
19940529,553,56,18,1.0,0,0
19940529,553,84,6,6.0,0,0
19940529,553,102,29,0.0,0,0
19940529,553,101,26,0.0,0,0
19940529,553,44,20,0.0,0,0
19940529,553,83,22,0.0,0,0
19940529,553,100,16,1.0,0,0
19940529,553,94,15,2.0,0,0
19940529,553,65,19,0.0,0,0
19940529,553,91,10,4.0,0,0
19940529,553,79,11,4.0,0,0
19940529,553,22,5,7.0,0,0
19940529,553,55,4,9.0,0,0
19940529,553,71,2,17.0,1,0
19940529,553,30,1,46.0,4,0
19940612,554,108,31,0.0,0,0
19940612,554,107,28,0.0,0,0
19940612,554,92,32,0.0,0,0
19940612,554,106,25,0.0,0,0
19940612,554,77,3,13.0,0,0
19940612,554,81,29,0.0,0,0
19940612,554,105,19,1.0,0,0
19940612,554,57,9,4.0,0,0
19940612,554,49,14,2.0,0,0
19940612,554,104,12,3.0,0,0
19940612,554,87,8,4.0,0,0
19940612,554,103,24,0.0,0,0
19940612,554,50,33,0.0,0,0
19940612,554,56,20,1.0,0,0
19940612,554,84,6,6.0,0,0
19940612,554,102,30,0.0,0,0
19940612,554,101,27,0.0,0,0
19940612,554,44,22,0.0,0,0
19940612,554,83,23,0.0,0,0
19940612,554,100,18,1.0,0,0
19940612,554,94,15,2.0,0,0
19940612,554,65,21,0.0,0,0
19940612,554,91,10,4.0,0,0
19940612,554,79,11,4.0,0,0
19940612,554,22,5,7.0,0,0
19940612,554,55,4,13.0,0,0
19940612,554,71,2,23.0,1,0
19940612,554,30,1,56.0,5,0
19940703,555,88,36,0.0,0,0
19940703,555,108,32,0.0,0,0
19940703,555,107,29,0.0,0,0
19940703,555,92,33,0.0,0,0
19940703,555,106,25,0.0,0,0
19940703,555,77,3,17.0,0,0
19940703,555,81,30,0.0,0,0
19940703,555,105,19,1.0,0,0
19940703,555,57,10,4.0,0,0
19940703,555,49,8,5.0,0,0
19940703,555,104,15,3.0,0,0
19940703,555,87,9,4.0,0,0
19940703,555,103,24,0.0,0,0
19940703,555,50,35,0.0,0,0
19940703,555,56,20,1.0,0,0
19940703,555,84,6,6.0,0,0
19940703,555,102,31,0.0,0,0
19940703,555,101,28,0.0,0,0
19940703,555,44,22,0.0,0,0
19940703,555,83,23,0.0,0,0
19940703,555,100,18,1.0,0,0
19940703,555,94,13,4.0,0,0
19940703,555,65,21,0.0,0,0
19940703,555,91,11,4.0,0,0
19940703,555,79,14,4.0,0,0
19940703,555,22,5,7.0,0,0
19940703,555,55,4,13.0,0,0
19940703,555,71,2,29.0,1,0
19940703,555,30,1,66.0,6,0
19940710,556,78,8,6.0,0,0
19940710,556,88,36,0.0,0,0
19940710,556,108,33,0.0,0,0
19940710,556,107,30,0.0,0,0
19940710,556,92,34,0.0,0,0
19940710,556,106,25,0.0,0,0
19940710,556,77,4,17.0,0,0
19940710,556,81,31,0.0,0,0
19940710,556,105,19,1.0,0,0
19940710,556,57,6,8.0,0,0
19940710,556,49,9,5.0,0,0
19940710,556,104,16,3.0,0,0
19940710,556,87,11,4.0,0,0
19940710,556,103,24,0.0,0,0
19940710,556,50,26,0.0,0,0
19940710,556,56,20,1.0,0,0
19940710,556,84,7,6.0,0,0
19940710,556,102,32,0.0,0,0
19940710,556,101,29,0.0,0,0
19940710,556,44,22,0.0,0,0
19940710,556,83,23,0.0,0,0
19940710,556,100,18,1.0,0,0
19940710,556,94,14,4.0,0,0
19940710,556,65,21,0.0,0,0
19940710,556,91,12,4.0,0,0
19940710,556,79,10,5.0,0,0
19940710,556,22,5,10.0,0,0
19940710,556,55,3,19.0,0,0
19940710,556,71,2,39.0,2,0
19940710,556,30,1,66.0,6,0
19940731,557,110,16,4.0,0,0
19940731,557,78,9,6.0,0,0
19940731,557,88,36,0.0,0,0
19940731,557,108,33,0.0,0,0
19940731,557,107,31,0.0,0,0
19940731,557,92,34,0.0,0,0
19940731,557,106,25,0.0,0,0
19940731,557,77,3,27.0,1,0
19940731,557,81,19,2.0,0,0
19940731,557,105,22,1.0,0,0
19940731,557,57,6,8.0,0,0
19940731,557,49,11,5.0,0,0
19940731,557,104,10,6.0,0,0
19940731,557,87,14,4.0,0,0
19940731,557,103,13,4.0,0,0
19940731,557,50,27,0.0,0,0
19940731,557,56,23,1.0,0,0
19940731,557,84,8,6.0,0,0
19940731,557,102,32,0.0,0,0
19940731,557,101,30,0.0,0,0
19940731,557,44,7,6.0,0,0
19940731,557,83,26,0.0,0,0
19940731,557,100,20,2.0,0,0
19940731,557,94,17,4.0,0,0
19940731,557,65,24,0.0,0,0
19940731,557,91,15,4.0,0,0
19940731,557,79,12,5.0,0,0
19940731,557,22,5,10.0,0,0
19940731,557,55,4,19.0,0,0
19940731,557,71,2,39.0,2,0
19940731,557,30,1,66.0,6,0
19940814,558,110,17,4.0,0,0
19940814,558,78,9,6.0,0,0
19940814,558,88,36,0.0,0,0
19940814,558,108,33,0.0,0,0
19940814,558,107,31,0.0,0,0
19940814,558,92,34,0.0,0,0
19940814,558,106,26,0.0,0,0
19940814,558,77,3,27.0,1,0
19940814,558,81,20,2.0,0,0
19940814,558,105,22,1.0,0,0
19940814,558,57,7,8.0,0,0
19940814,558,49,12,5.0,0,0
19940814,558,104,11,6.0,0,0
19940814,558,87,10,6.0,0,0
19940814,558,103,14,4.0,0,0
19940814,558,50,15,4.0,0,0
19940814,558,56,24,1.0,0,0
19940814,558,84,6,9.0,0,0
19940814,558,102,32,0.0,0,0
19940814,558,101,30,0.0,0,0
19940814,558,44,8,7.0,0,0
19940814,558,83,27,0.0,0,0
19940814,558,100,21,2.0,0,0
19940814,558,94,18,4.0,0,0
19940814,558,65,25,0.0,0,0
19940814,558,91,16,4.0,0,0
19940814,558,79,13,5.0,0,0
19940814,558,22,5,10.0,0,0
19940814,558,55,4,19.0,0,0
19940814,558,71,2,45.0,2,0
19940814,558,30,1,76.0,7,0
19940828,559,110,18,4.0,0,0
19940828,559,78,12,6.0,0,0
19940828,559,88,36,0.0,0,0
19940828,559,108,33,0.0,0,0
19940828,559,107,31,0.0,0,0
19940828,559,92,34,0.0,0,0
19940828,559,106,26,0.0,0,0
19940828,559,77,3,27.0,1,0
19940828,559,81,20,3.0,0,0
19940828,559,105,22,1.0,0,0
19940828,559,57,5,14.0,0,0
19940828,559,49,14,5.0,0,0
19940828,559,104,13,6.0,0,0
19940828,559,87,9,8.0,0,0
19940828,559,103,16,4.0,0,0
19940828,559,50,8,8.0,0,0
19940828,559,56,24,1.0,0,0
19940828,559,84,7,9.0,0,0
19940828,559,102,32,0.0,0,0
19940828,559,101,30,0.0,0,0
19940828,559,44,10,7.0,0,0
19940828,559,83,27,0.0,0,0
19940828,559,100,21,2.0,0,0
19940828,559,94,19,4.0,0,0
19940828,559,65,25,0.0,0,0
19940828,559,91,17,4.0,0,0
19940828,559,79,15,5.0,0,0
19940828,559,22,6,10.0,0,0
19940828,559,55,4,19.0,0,0
19940828,559,71,2,55.0,3,0
19940828,559,30,1,76.0,7,0
19940911,560,110,18,4.0,0,0
19940911,560,78,12,6.0,0,0
19940911,560,88,36,0.0,0,0
19940911,560,108,33,0.0,0,0
19940911,560,107,31,0.0,0,0
19940911,560,92,34,0.0,0,0
19940911,560,106,26,0.0,0,0
19940911,560,77,3,33.0,1,0
19940911,560,81,20,3.0,0,0
19940911,560,105,22,1.0,0,0
19940911,560,57,5,18.0,0,0
19940911,560,49,14,5.0,0,0
19940911,560,104,13,6.0,0,0
19940911,560,87,9,8.0,0,0
19940911,560,103,16,4.0,0,0
19940911,560,50,8,8.0,0,0
19940911,560,56,24,1.0,0,0
19940911,560,84,7,11.0,0,0
19940911,560,102,32,0.0,0,0
19940911,560,101,30,0.0,0,0
19940911,560,44,11,7.0,0,0
19940911,560,83,27,0.0,0,0
19940911,560,100,21,2.0,0,0
19940911,560,94,19,4.0,0,0
19940911,560,65,25,0.0,0,0
19940911,560,91,17,4.0,0,0
19940911,560,79,15,5.0,0,0
19940911,560,22,6,13.0,0,0
19940911,560,55,4,19.0,0,0
19940911,560,71,2,65.0,4,0
19940911,560,30,1,76.0,7,0
19940925,561,70,29,0.0,0,0
19940925,561,109,23,1.0,0,0
19940925,561,110,18,4.0,0,0
19940925,561,78,12,6.0,0,0
19940925,561,88,38,0.0,0,0
19940925,561,108,35,0.0,0,0
19940925,561,107,31,0.0,0,0
19940925,561,92,36,0.0,0,0
19940925,561,106,26,0.0,0,0
19940925,561,77,3,33.0,1,0
19940925,561,81,20,3.0,0,0
19940925,561,105,22,1.0,0,0
19940925,561,57,4,22.0,0,0
19940925,561,49,14,5.0,0,0
19940925,561,104,13,6.0,0,0
19940925,561,87,10,8.0,0,0
19940925,561,103,16,4.0,0,0
19940925,561,50,9,10.0,0,0
19940925,561,56,24,1.0,0,0
19940925,561,84,8,12.0,0,0
19940925,561,102,34,0.0,0,0
19940925,561,101,30,0.0,0,0
19940925,561,44,11,7.0,0,0
19940925,561,83,27,0.0,0,0
19940925,561,100,21,2.0,0,0
19940925,561,94,19,4.0,0,0
19940925,561,65,25,0.0,0,0
19940925,561,91,17,4.0,0,0
19940925,561,79,15,5.0,0,0
19940925,561,22,6,16.0,0,0
19940925,561,55,5,19.0,0,0
19940925,561,71,2,75.0,5,0
19940925,561,30,1,76.0,7,0
19941016,562,14,7,14.0,0,0
19941016,562,70,29,0.0,0,0
19941016,562,109,24,1.0,0,0
19941016,562,110,19,4.0,0,0
19941016,562,78,12,6.0,0,0
19941016,562,88,39,0.0,0,0
19941016,562,108,36,0.0,0,0
19941016,562,107,31,0.0,0,0
19941016,562,92,37,0.0,0,0
19941016,562,106,26,0.0,0,0
19941016,562,77,3,35.0,1,0
19941016,562,81,21,3.0,0,0
19941016,562,105,23,1.0,0,0
19941016,562,57,4,26.0,0,0
19941016,562,49,14,6.0,0,0
19941016,562,104,13,6.0,0,0
19941016,562,87,10,8.0,0,0
19941016,562,103,16,4.0,0,0
19941016,562,50,9,10.0,0,0
19941016,562,56,17,4.0,0,0
19941016,562,84,8,12.0,0,0
19941016,562,102,35,0.0,0,0
19941016,562,101,30,0.0,0,0
19941016,562,44,11,7.0,0,0
19941016,562,83,27,0.0,0,0
19941016,562,100,22,2.0,0,0
19941016,562,94,20,4.0,0,0
19941016,562,65,25,0.0,0,0
19941016,562,91,18,4.0,0,0
19941016,562,79,15,5.0,0,0
19941016,562,22,6,16.0,0,0
19941016,562,55,5,19.0,0,0
19941016,562,71,2,81.0,5,0
19941016,562,30,1,86.0,8,0
19941106,563,111,29,0.0,0,0
19941106,563,85,45,0.0,0,0
19941106,563,14,7,14.0,0,0
19941106,563,70,30,0.0,0,0
19941106,563,109,25,1.0,0,0
19941106,563,110,19,4.0,0,0
19941106,563,78,13,6.0,0,0
19941106,563,88,41,0.0,0,0
19941106,563,108,38,0.0,0,0
19941106,563,107,33,0.0,0,0
19941106,563,92,39,0.0,0,0
19941106,563,106,27,0.0,0,0
19941106,563,77,3,35.0,1,0
19941106,563,81,22,3.0,0,0
19941106,563,105,24,1.0,0,0
19941106,563,57,4,26.0,0,0
19941106,563,49,12,7.0,0,0
19941106,563,104,14,6.0,0,0
19941106,563,87,10,8.0,0,0
19941106,563,103,17,4.0,0,0
19941106,563,50,9,10.0,0,0
19941106,563,56,15,6.0,0,0
19941106,563,84,8,12.0,0,0
19941106,563,102,37,0.0,0,0
19941106,563,101,31,0.0,0,0
19941106,563,44,11,7.0,0,0
19941106,563,83,28,0.0,0,0
19941106,563,100,23,2.0,0,0
19941106,563,94,20,4.0,0,0
19941106,563,65,26,0.0,0,0
19941106,563,91,18,4.0,0,0
19941106,563,79,16,5.0,0,0
19941106,563,22,6,16.0,0,0
19941106,563,55,5,23.0,0,0
19941106,563,71,2,91.0,6,0
19941106,563,30,1,92.0,8,0
19941113,564,95,9,13.0,1,1
19941113,564,111,29,0.0,0,1
19941113,564,85,46,0.0,0,1
19941113,564,14,8,14.0,0,1
19941113,564,70,30,0.0,0,1
19941113,564,109,24,1.0,0,1
19941113,564,110,20,4.0,0,1
19941113,564,78,14,6.0,0,1
19941113,564,88,42,0.0,0,1
19941113,564,108,39,0.0,0,1
19941113,564,107,34,0.0,0,1
19941113,564,92,40,0.0,0,1
19941113,564,106,27,0.0,0,1
19941113,564,77,3,41.0,1,1
19941113,564,81,22,3.0,0,1
19941113,564,105,25,1.0,0,1
19941113,564,57,4,26.0,0,1
19941113,564,49,13,7.0,0,1
19941113,564,104,15,6.0,0,1
19941113,564,87,12,8.0,0,1
19941113,564,103,18,4.0,0,1
19941113,564,50,10,10.0,0,1
19941113,564,56,16,6.0,0,1
19941113,564,84,7,16.0,0,1
19941113,564,102,38,0.0,0,1
19941113,564,101,31,0.0,0,1
19941113,564,44,11,9.0,0,1
19941113,564,83,28,0.0,0,1
19941113,564,100,23,2.0,0,1
19941113,564,94,21,4.0,0,1
19941113,564,65,26,0.0,0,1
19941113,564,91,19,4.0,0,1
19941113,564,79,17,5.0,0,1
19941113,564,22,6,19.0,0,1
19941113,564,55,5,24.0,0,1
19941113,564,71,2,91.0,6,1
19941113,564,30,1,92.0,8,1
19930314,533,118,7,0.0,0,0
19930314,533,77,6,1.0,0,0
19930314,533,109,5,2.0,0,0
19930314,533,104,4,3.0,0,0
19930314,533,87,3,4.0,0,0
19930314,533,102,2,6.0,0,0
19930314,533,117,1,10.0,1,0
19930328,534,69,16,0.0,0,0
19930328,534,105,15,0.0,0,0
19930328,534,100,14,0.0,0,0
19930328,534,55,13,0.0,0,0
19930328,534,112,12,0.0,0,0
19930328,534,70,10,1.0,0,0
19930328,534,65,7,3.0,0,0
19930328,534,30,5,4.0,0,0
19930328,534,71,3,6.0,0,0
19930328,534,118,11,0.0,0,0
19930328,534,77,9,1.0,0,0
19930328,534,109,8,2.0,0,0
19930328,534,104,6,3.0,0,0
19930328,534,87,4,6.0,0,0
19930328,534,102,1,16.0,1,0
19930328,534,117,2,10.0,1,0
19930411,535,22,17,0.0,0,0
19930411,535,120,11,1.0,0,0
19930411,535,119,9,2.0,0,0
19930411,535,69,19,0.0,0,0
19930411,535,105,18,0.0,0,0
19930411,535,100,16,0.0,0,0
19930411,535,55,15,0.0,0,0
19930411,535,112,14,0.0,0,0
19930411,535,70,10,1.0,0,0
19930411,535,65,5,6.0,0,0
19930411,535,30,6,4.0,0,0
19930411,535,71,3,12.0,0,0
19930411,535,118,13,0.0,0,0
19930411,535,77,12,1.0,0,0
19930411,535,109,8,2.0,0,0
19930411,535,104,7,3.0,0,0
19930411,535,87,4,6.0,0,0
19930411,535,102,1,26.0,2,0
19930411,535,117,2,14.0,1,0
19930425,536,88,19,0.0,0,0
19930425,536,84,8,4.0,0,0
19930425,536,22,20,0.0,0,0
19930425,536,120,12,2.0,0,0
19930425,536,119,11,2.0,0,0
19930425,536,69,16,0.0,0,0
19930425,536,105,21,0.0,0,0
19930425,536,100,18,0.0,0,0
19930425,536,55,17,0.0,0,0
19930425,536,112,10,2.0,0,0
19930425,536,70,13,1.0,0,0
19930425,536,65,6,6.0,0,0
19930425,536,30,4,10.0,0,0
19930425,536,71,3,12.0,0,0
19930425,536,118,15,0.0,0,0
19930425,536,77,14,1.0,0,0
19930425,536,109,7,5.0,0,0
19930425,536,104,9,3.0,0,0
19930425,536,87,5,6.0,0,0
19930425,536,102,1,26.0,2,0
19930425,536,117,2,24.0,2,0
19930509,537,123,23,0.0,0,0
19930509,537,121,12,2.0,0,0
19930509,537,88,20,0.0,0,0
19930509,537,84,9,4.0,0,0
19930509,537,22,21,0.0,0,0
19930509,537,120,13,2.0,0,0
19930509,537,119,8,5.0,0,0
19930509,537,69,17,0.0,0,0
19930509,537,105,22,0.0,0,0
19930509,537,100,19,0.0,0,0
19930509,537,55,18,0.0,0,0
19930509,537,112,11,2.0,0,0
19930509,537,70,15,1.0,0,0
19930509,537,65,6,6.0,0,0
19930509,537,30,3,14.0,0,0
19930509,537,71,4,12.0,0,0
19930509,537,118,16,0.0,0,0
19930509,537,77,14,2.0,0,0
19930509,537,109,7,5.0,0,0
19930509,537,104,10,3.0,0,0
19930509,537,87,5,6.0,0,0
19930509,537,102,2,32.0,2,0
19930509,537,117,1,34.0,3,0
19930523,538,91,25,0.0,0,0
19930523,538,110,22,0.0,0,0
19930523,538,123,24,0.0,0,0
19930523,538,121,13,2.0,0,0
19930523,538,88,21,0.0,0,0
19930523,538,84,7,5.0,0,0
19930523,538,22,20,0.0,0,0
19930523,538,120,14,2.0,0,0
19930523,538,119,10,5.0,0,0
19930523,538,69,18,0.0,0,0
19930523,538,105,23,0.0,0,0
19930523,538,100,19,0.0,0,0
19930523,538,55,11,4.0,0,0
19930523,538,112,12,2.0,0,0
19930523,538,70,16,1.0,0,0
19930523,538,65,6,6.0,0,0
19930523,538,30,4,14.0,0,0
19930523,538,71,3,18.0,0,0
19930523,538,118,17,0.0,0,0
19930523,538,77,15,2.0,0,0
19930523,538,109,9,5.0,0,0
19930523,538,104,8,5.0,0,0
19930523,538,87,5,6.0,0,0
19930523,538,102,1,42.0,3,0
19930523,538,117,2,37.0,3,0
19930704,540,79,26,0.0,0,0
19930704,540,91,17,1.0,0,0
19930613,539,79,26,0.0,0,0
19930613,539,91,17,1.0,0,0
19930613,539,110,23,0.0,0,0
19930613,539,123,25,0.0,0,0
19930613,539,121,14,2.0,0,0
19930613,539,88,22,0.0,0,0
19930613,539,84,5,7.0,0,0
19930613,539,22,21,0.0,0,0
19930613,539,120,15,2.0,0,0
19930613,539,119,10,5.0,0,0
19930613,539,69,19,0.0,0,0
19930613,539,105,24,0.0,0,0
19930613,539,100,20,0.0,0,0
19930613,539,55,12,4.0,0,0
19930613,539,112,13,2.0,0,0
19930613,539,70,16,1.0,0,0
19930613,539,65,7,6.0,0,0
19930613,539,30,4,20.0,0,0
19930613,539,71,3,22.0,0,0
19930613,539,118,18,0.0,0,0
19930613,539,77,11,5.0,0,0
19930613,539,109,9,5.0,0,0
19930613,539,104,8,5.0,0,0
19930613,539,87,6,6.0,0,0
19930613,539,102,2,42.0,3,0
19930613,539,117,1,47.0,4,0
19930704,540,110,23,0.0,0,0
19930704,540,123,24,0.0,0,0
19930704,540,121,13,3.0,0,0
19930704,540,88,22,0.0,0,0
19930704,540,84,5,9.0,0,0
19930704,540,22,18,0.0,0,0
19930704,540,120,15,2.0,0,0
19930704,540,119,10,5.0,0,0
19930704,540,69,20,0.0,0,0
19930704,540,105,25,0.0,0,0
19930704,540,100,21,0.0,0,0
19930704,540,55,12,4.0,0,0
19930704,540,112,14,2.0,0,0
19930704,540,70,16,1.0,0,0
19930704,540,65,7,6.0,0,0
19930704,540,30,4,24.0,0,0
19930704,540,71,3,28.0,0,0
19930704,540,118,19,0.0,0,0
19930704,540,77,11,5.0,0,0
19930704,540,109,9,5.0,0,0
19930704,540,104,8,5.0,0,0
19930704,540,87,6,6.0,0,0
19930704,540,102,2,45.0,3,0
19930704,540,117,1,57.0,5,0
19930711,541,79,26,0.0,0,0
19930711,541,91,18,1.0,0,0
19930711,541,110,23,0.0,0,0
19930711,541,123,24,0.0,0,0
19930711,541,121,13,3.0,0,0
19930711,541,88,22,0.0,0,0
19930711,541,84,6,9.0,0,0
19930711,541,22,19,0.0,0,0
19930711,541,120,15,2.0,0,0
19930711,541,119,5,9.0,0,0
19930711,541,69,20,0.0,0,0
19930711,541,105,25,0.0,0,0
19930711,541,100,21,0.0,0,0
19930711,541,55,12,4.0,0,0
19930711,541,112,14,2.0,0,0
19930711,541,70,16,1.0,0,0
19930711,541,65,7,9.0,0,0
19930711,541,30,3,30.0,0,0
19930711,541,71,4,28.0,0,0
19930711,541,118,17,1.0,0,0
19930711,541,77,11,5.0,0,0
19930711,541,109,10,5.0,0,0
19930711,541,104,9,5.0,0,0
19930711,541,87,8,6.0,0,0
19930711,541,102,2,47.0,3,0
19930711,541,117,1,67.0,6,0
19930725,542,94,27,0.0,0,0
19930725,542,79,26,0.0,0,0
19930725,542,91,18,1.0,0,0
19930725,542,110,23,0.0,0,0
19930725,542,123,24,0.0,0,0
19930725,542,121,13,3.0,0,0
19930725,542,88,22,0.0,0,0
19930725,542,84,7,9.0,0,0
19930725,542,22,19,0.0,0,0
19930725,542,120,15,2.0,0,0
19930725,542,119,5,11.0,0,0
19930725,542,69,20,0.0,0,0
19930725,542,105,25,0.0,0,0
19930725,542,100,21,0.0,0,0
19930725,542,55,12,4.0,0,0
19930725,542,112,14,2.0,0,0
19930725,542,70,16,1.0,0,0
19930725,542,65,8,9.0,0,0
19930725,542,30,3,36.0,0,0
19930725,542,71,4,28.0,0,0
19930725,542,118,17,1.0,0,0
19930725,542,77,9,6.0,0,0
19930725,542,109,11,5.0,0,0
19930725,542,104,10,5.0,0,0
19930725,542,87,6,10.0,0,0
19930725,542,102,2,50.0,3,0
19930725,542,117,1,77.0,7,0
19930815,543,94,27,0.0,0,0
19930815,543,79,25,0.0,0,0
19930815,543,91,16,2.0,0,0
19930815,543,110,24,0.0,0,0
19930815,543,123,23,0.0,0,0
19930815,543,121,14,3.0,0,0
19930815,543,88,22,0.0,0,0
19930815,543,84,6,11.0,0,0
19930815,543,22,19,0.0,0,0
19930815,543,120,17,2.0,0,0
19930815,543,119,5,17.0,0,0
19930815,543,69,20,0.0,0,0
19930815,543,105,26,0.0,0,0
19930815,543,100,21,0.0,0,0
19930815,543,55,12,4.0,0,0
19930815,543,112,15,2.0,0,0
19930815,543,70,18,1.0,0,0
19930815,543,65,9,9.0,0,0
19930815,543,30,4,36.0,0,0
19930815,543,71,3,38.0,1,0
19930815,543,118,13,4.0,0,0
19930815,543,77,8,10.0,0,0
19930815,543,109,11,5.0,0,0
19930815,543,104,10,5.0,0,0
19930815,543,87,7,10.0,0,0
19930815,543,102,2,50.0,3,0
19930815,543,117,1,77.0,7,0
19930829,544,94,27,0.0,0,0
19930829,544,79,25,0.0,0,0
19930829,544,91,16,2.0,0,0
19930829,544,110,24,0.0,0,0
19930829,544,123,23,0.0,0,0
19930829,544,121,14,3.0,0,0
19930829,544,88,22,0.0,0,0
19930829,544,84,6,11.0,0,0
19930829,544,22,19,0.0,0,0
19930829,544,120,17,2.0,0,0
19930829,544,119,5,18.0,0,0
19930829,544,69,20,0.0,0,0
19930829,544,105,26,0.0,0,0
19930829,544,100,21,0.0,0,0
19930829,544,55,12,4.0,0,0
19930829,544,112,15,2.0,0,0
19930829,544,70,18,1.0,0,0
19930829,544,65,7,11.0,0,0
19930829,544,30,4,42.0,0,0
19930829,544,71,3,48.0,2,0
19930829,544,118,13,4.0,0,0
19930829,544,77,9,10.0,0,0
19930829,544,109,11,5.0,0,0
19930829,544,104,10,5.0,0,0
19930829,544,87,8,10.0,0,0
19930829,544,102,2,53.0,3,0
19930829,544,117,1,81.0,7,0
19930912,545,83,28,0.0,0,0
19930912,545,94,22,0.0,0,0
19930912,545,79,26,0.0,0,0
19930912,545,91,14,5.0,0,0
19930912,545,110,25,0.0,0,0
19930912,545,123,24,0.0,0,0
19930912,545,121,11,7.0,0,0
19930912,545,88,23,0.0,0,0
19930912,545,84,6,11.0,0,0
19930912,545,22,20,0.0,0,0
19930912,545,120,17,2.0,0,0
19930912,545,119,5,20.0,0,0
19930912,545,69,21,0.0,0,0
19930912,545,105,27,0.0,0,0
19930912,545,100,19,1.0,0,0
19930912,545,55,8,10.0,0,0
19930912,545,112,16,2.0,0,0
19930912,545,70,18,1.0,0,0
19930912,545,65,7,11.0,0,0
19930912,545,30,4,42.0,0,0
19930912,545,71,2,58.0,3,0
19930912,545,118,15,4.0,0,0
19930912,545,77,10,10.0,0,0
19930912,545,109,13,5.0,0,0
19930912,545,104,12,5.0,0,0
19930912,545,87,9,10.0,0,0
19930912,545,102,3,53.0,3,0
19930912,545,117,1,81.0,7,0
19930926,546,83,28,0.0,0,0
19930926,546,94,20,0.0,0,0
19930926,546,79,26,0.0,0,0
19930926,546,91,12,7.0,0,0
19930926,546,110,25,0.0,0,0
19930926,546,123,24,0.0,0,0
19930926,546,121,11,7.0,0,0
19930926,546,88,23,0.0,0,0
19930926,546,84,7,12.0,0,0
19930926,546,22,21,0.0,0,0
19930926,546,120,17,2.0,0,0
19930926,546,119,5,20.0,0,0
19930926,546,69,22,0.0,0,0
19930926,546,105,27,0.0,0,0
19930926,546,100,19,1.0,0,0
19930926,546,55,6,13.0,0,0
19930926,546,112,16,2.0,0,0
19930926,546,70,18,1.0,0,0
19930926,546,65,8,11.0,0,0
19930926,546,30,4,52.0,1,0
19930926,546,71,2,62.0,3,0
19930926,546,118,15,4.0,0,0
19930926,546,77,10,10.0,0,0
19930926,546,109,13,5.0,0,0
19930926,546,104,14,5.0,0,0
19930926,546,87,9,10.0,0,0
19930926,546,102,3,53.0,3,0
19930926,546,117,1,87.0,7,0
19931024,547,126,31,0.0,0,0
19931024,547,56,22,1.0,0,0
19931024,547,57,15,4.0,0,0
19931024,547,83,30,0.0,0,0
19931024,547,94,23,0.0,0,0
19931024,547,79,28,0.0,0,0
19931024,547,91,12,7.0,0,0
19931024,547,110,27,0.0,0,0
19931024,547,123,26,0.0,0,0
19931024,547,121,11,7.0,0,0
19931024,547,88,25,0.0,0,0
19931024,547,84,7,12.0,0,0
19931024,547,22,18,2.0,0,0
19931024,547,120,19,2.0,0,0
19931024,547,119,5,20.0,0,0
19931024,547,69,24,0.0,0,0
19931024,547,105,29,0.0,0,0
19931024,547,100,21,1.0,0,0
19931024,547,55,6,13.0,0,0
19931024,547,112,17,2.0,0,0
19931024,547,70,20,1.0,0,0
19931024,547,65,8,11.0,0,0
19931024,547,30,4,52.0,1,0
19931024,547,71,2,65.0,3,0
19931024,547,118,16,4.0,0,0
19931024,547,77,10,10.0,0,0
19931024,547,109,13,5.0,0,0
19931024,547,104,14,5.0,0,0
19931024,547,87,9,10.0,0,0
19931024,547,102,3,63.0,4,0
19931024,547,117,1,93.0,7,0
19931107,548,126,31,0.0,0,1
19931107,548,56,22,1.0,0,1
19931107,548,57,15,4.0,0,1
19931107,548,83,30,0.0,0,1
19931107,548,94,23,0.0,0,1
19931107,548,79,28,0.0,0,1
19931107,548,91,12,7.0,0,1
19931107,548,110,27,0.0,0,1
19931107,548,123,26,0.0,0,1
19931107,548,121,11,7.0,0,1
19931107,548,88,24,0.0,0,1
19931107,548,84,7,13.0,0,1
19931107,548,22,18,2.0,0,1
19931107,548,120,19,2.0,0,1
19931107,548,119,5,20.0,0,1
19931107,548,69,25,0.0,0,1
19931107,548,105,29,0.0,0,1
19931107,548,100,21,1.0,0,1
19931107,548,55,6,16.0,0,1
19931107,548,112,17,2.0,0,1
19931107,548,70,20,1.0,0,1
19931107,548,65,9,11.0,0,1
19931107,548,30,4,52.0,1,1
19931107,548,71,3,69.0,3,1
19931107,548,118,16,4.0,0,1
19931107,548,77,8,12.0,0,1
19931107,548,109,13,5.0,0,1
19931107,548,104,14,5.0,0,1
19931107,548,87,10,10.0,0,1
19931107,548,102,2,73.0,5,1
19931107,548,117,1,99.0,7,1
19920301,517,128,13,0.0,0,0
19920301,517,79,12,0.0,0,0
19920301,517,127,11,0.0,0,0
19920301,517,105,10,0.0,0,0
19920301,517,57,9,0.0,0,0
19920301,517,88,8,0.0,0,0
19920301,517,100,7,0.0,0,0
19920301,517,65,6,1.0,0,0
19920301,517,77,5,2.0,0,0
19920301,517,30,4,3.0,0,0
19920301,517,102,3,4.0,0,0
19920301,517,119,2,6.0,0,0
19920301,517,95,1,10.0,1,0
19920322,518,95,1,20.0,2,0
19920322,518,119,2,12.0,0,0
19920322,518,102,5,4.0,0,0
19920322,518,30,3,7.0,0,0
19920322,518,77,4,5.0,0,0
19920322,518,65,7,1.0,0,0
19920322,518,100,9,0.0,0,0
19920322,518,88,11,0.0,0,0
19920322,518,57,8,1.0,0,0
19920322,518,105,12,0.0,0,0
19920322,518,127,15,0.0,0,0
19920322,518,79,16,0.0,0,0
19920322,518,128,17,0.0,0,0
19920322,518,110,6,2.0,0,0
19920322,518,109,10,0.0,0,0
19920322,518,123,13,0.0,0,0
19920322,518,92,14,0.0,0,0
19920405,519,95,1,30.0,3,0
19920405,519,119,2,18.0,0,0
19920405,519,102,5,4.0,0,0
19920405,519,30,3,11.0,0,0
19920405,519,77,4,5.0,0,0
19920405,519,65,9,1.0,0,0
19920405,519,100,12,0.0,0,0
19920405,519,88,15,0.0,0,0
19920405,519,57,10,1.0,0,0
19920405,519,105,11,1.0,0,0
19920405,519,127,19,0.0,0,0
19920405,519,79,16,0.0,0,0
19920405,519,128,20,0.0,0,0
19920405,519,110,8,2.0,0,0
19920405,519,109,14,0.0,0,0
19920405,519,123,17,0.0,0,0
19920405,519,92,18,0.0,0,0
19920405,519,55,6,3.0,0,0
19920405,519,122,7,2.0,0,0
19920405,519,81,13,0.0,0,0
19920503,520,81,15,0.0,0,0
19920503,520,110,9,2.0,0,0
19920503,520,108,23,0.0,0,0
19920503,520,65,10,1.0,0,0
19920503,520,100,14,0.0,0,0
19920503,520,88,13,0.0,0,0
19920503,520,57,11,1.0,0,0
19920503,520,102,6,4.0,0,0
19920503,520,91,17,0.0,0,0
19920503,520,94,12,1.0,0,0
19920503,520,122,8,2.0,0,0
19920503,520,55,5,7.0,0,0
19920503,520,92,21,0.0,0,0
19920503,520,123,19,0.0,0,0
19920503,520,109,16,0.0,0,0
19920503,520,128,24,0.0,0,0
19920503,520,79,18,0.0,0,0
19920503,520,105,7,3.0,0,0
19920503,520,127,22,0.0,0,0
19920503,520,77,4,8.0,0,0
19920503,520,30,3,17.0,0,0
19920503,520,119,2,18.0,0,0
19920503,520,95,1,40.0,4,0
19920503,520,104,20,0.0,0,0
19920517,521,95,1,50.0,5,0
19920517,521,119,2,24.0,0,0
19920517,521,102,4,8.0,0,0
19920517,521,30,3,17.0,0,0
19920517,521,77,5,8.0,0,0
19920517,521,65,12,1.0,0,0
19920517,521,100,15,0.0,0,0
19920517,521,88,14,0.0,0,0
19920517,521,57,13,1.0,0,0
19920517,521,105,7,5.0,0,0
19920517,521,127,16,0.0,0,0
19920517,521,79,21,0.0,0,0
19920517,521,128,26,0.0,0,0
19920517,521,110,10,2.0,0,0
19920517,521,109,18,0.0,0,0
19920517,521,123,22,0.0,0,0
19920517,521,92,24,0.0,0,0
19920517,521,55,6,7.0,0,0
19920517,521,122,9,2.0,0,0
19920517,521,81,17,0.0,0,0
19920517,521,94,11,2.0,0,0
19920517,521,91,19,0.0,0,0
19920517,521,104,23,0.0,0,0
19920517,521,108,25,0.0,0,0
19920517,521,84,8,3.0,0,0
19920517,521,129,20,0.0,0,0
19920531,522,95,1,56.0,5,0
19920531,522,119,2,28.0,0,0
19920531,522,102,4,18.0,1,0
19920531,522,30,3,20.0,0,0
19920531,522,77,5,8.0,0,0
19920531,522,65,12,1.0,0,0
19920531,522,100,16,0.0,0,0
19920531,522,88,15,0.0,0,0
19920531,522,57,13,1.0,0,0
19920531,522,105,8,5.0,0,0
19920531,522,127,17,0.0,0,0
19920531,522,79,23,0.0,0,0
19920531,522,128,26,0.0,0,0
19920531,522,110,10,2.0,0,0
19920531,522,109,19,0.0,0,0
19920531,522,123,24,0.0,0,0
19920531,522,92,14,1.0,0,0
19920531,522,55,6,7.0,0,0
19920531,522,122,9,2.0,0,0
19920531,522,81,18,0.0,0,0
19920531,522,94,11,2.0,0,0
19920531,522,91,21,0.0,0,0
19920531,522,104,20,0.0,0,0
19920531,522,108,25,0.0,0,0
19920531,522,84,7,5.0,0,0
19920531,522,129,22,0.0,0,0
19920614,523,95,1,56.0,5,0
19920614,523,119,2,28.0,0,0
19920614,523,102,4,18.0,1,0
19920614,523,30,3,26.0,0,0
19920614,523,77,5,18.0,1,0
19920614,523,65,14,1.0,0,0
19920614,523,100,13,1.0,0,0
19920614,523,88,17,0.0,0,0
19920614,523,57,15,1.0,0,0
19920614,523,105,8,5.0,0,0
19920614,523,127,18,0.0,0,0
19920614,523,79,23,0.0,0,0
19920614,523,128,26,0.0,0,0
19920614,523,110,9,4.0,0,0
19920614,523,109,20,0.0,0,0
19920614,523,123,24,0.0,0,0
19920614,523,92,16,1.0,0,0
19920614,523,55,6,11.0,0,0
19920614,523,122,11,2.0,0,0
19920614,523,81,19,0.0,0,0
19920614,523,94,12,2.0,0,0
19920614,523,91,10,3.0,0,0
19920614,523,104,21,0.0,0,0
19920614,523,108,25,0.0,0,0
19920614,523,84,7,5.0,0,0
19920614,523,129,22,0.0,0,0
19920705,524,95,1,66.0,6,0
19920705,524,119,2,34.0,0,0
19920705,524,102,4,18.0,1,0
19920705,524,30,3,26.0,0,0
19920705,524,77,5,18.0,1,0
19920705,524,65,14,2.0,0,0
19920705,524,100,12,3.0,0,0
19920705,524,88,17,0.0,0,0
19920705,524,57,9,4.0,0,0
19920705,524,105,8,5.0,0,0
19920705,524,127,19,0.0,0,0
19920705,524,79,23,0.0,0,0
19920705,524,128,26,0.0,0,0
19920705,524,110,10,4.0,0,0
19920705,524,109,20,0.0,0,0
19920705,524,123,24,0.0,0,0
19920705,524,92,16,1.0,0,0
19920705,524,55,6,11.0,0,0
19920705,524,122,13,2.0,0,0
19920705,524,81,18,0.0,0,0
19920705,524,94,15,2.0,0,0
19920705,524,91,11,3.0,0,0
19920705,524,104,22,0.0,0,0
19920705,524,108,25,0.0,0,0
19920705,524,84,7,9.0,0,0
19920705,524,129,21,0.0,0,0
19920712,525,95,1,76.0,7,0
19920712,525,119,2,40.0,0,0
19920712,525,102,5,18.0,1,0
19920712,525,30,3,29.0,0,0
19920712,525,77,4,20.0,1,0
19920712,525,65,14,2.0,0,0
19920712,525,100,12,3.0,0,0
19920712,525,88,17,0.0,0,0
19920712,525,57,8,5.0,0,0
19920712,525,105,9,5.0,0,0
19920712,525,127,19,0.0,0,0
19920712,525,79,23,0.0,0,0
19920712,525,128,26,0.0,0,0
19920712,525,110,10,4.0,0,0
19920712,525,109,20,0.0,0,0
19920712,525,123,24,0.0,0,0
19920712,525,92,16,1.0,0,0
19920712,525,55,7,11.0,0,0
19920712,525,122,13,2.0,0,0
19920712,525,81,18,0.0,0,0
19920712,525,94,15,2.0,0,0
19920712,525,91,11,3.0,0,0
19920712,525,104,22,0.0,0,0
19920712,525,108,25,0.0,0,0
19920712,525,84,6,13.0,0,0
19920712,525,129,21,0.0,0,0
19920712,525,99,27,0.0,0,0
19920712,525,71,28,0.0,0,0
19920726,526,95,1,86.0,8,0
19920726,526,119,2,40.0,0,0
19920726,526,102,4,24.0,1,0
19920726,526,30,3,33.0,0,0
19920726,526,77,5,20.0,1,0
19920726,526,65,14,2.0,0,0
19920726,526,100,11,4.0,0,0
19920726,526,88,17,0.0,0,0
19920726,526,57,8,5.0,0,0
19920726,526,105,9,5.0,0,0
19920726,526,127,20,0.0,0,0
19920726,526,79,24,0.0,0,0
19920726,526,128,26,0.0,0,0
19920726,526,110,10,4.0,0,0
19920726,526,109,21,0.0,0,0
19920726,526,123,19,0.0,0,0
19920726,526,92,16,1.0,0,0
19920726,526,55,7,13.0,0,0
19920726,526,122,13,2.0,0,0
19920726,526,81,18,0.0,0,0
19920726,526,94,15,2.0,0,0
19920726,526,91,12,3.0,0,0
19920726,526,104,23,0.0,0,0
19920726,526,108,25,0.0,0,0
19920726,526,84,6,16.0,0,0
19920726,526,129,22,0.0,0,0
19920726,526,99,27,0.0,0,0
19920726,526,71,28,0.0,0,0
19920816,527,95,1,92.0,8,0
19920816,527,119,2,40.0,0,0
19920816,527,102,3,34.0,2,0
19920816,527,30,4,33.0,0,0
19920816,527,77,5,24.0,1,0
19920816,527,65,14,2.0,0,0
19920816,527,100,11,4.0,0,0
19920816,527,88,17,0.0,0,0
19920816,527,57,8,8.0,0,0
19920816,527,105,9,5.0,0,0
19920816,527,127,20,0.0,0,0
19920816,527,79,24,0.0,0,0
19920816,527,128,27,0.0,0,0
19920816,527,110,10,4.0,0,0
19920816,527,109,21,0.0,0,0
19920816,527,123,19,0.0,0,0
19920816,527,92,16,1.0,0,0
19920816,527,55,7,13.0,0,0
19920816,527,122,13,3.0,0,0
19920816,527,81,18,0.0,0,0
19920816,527,94,15,2.0,0,0
19920816,527,91,12,3.0,0,0
19920816,527,104,23,0.0,0,0
19920816,527,108,25,0.0,0,0
19920816,527,84,6,18.0,0,0
19920816,527,129,22,0.0,0,0
19920816,527,99,28,0.0,0,0
19920816,527,71,26,0.0,0,0
19920830,528,95,1,98.0,8,0
19920830,528,119,2,44.0,0,0
19920830,528,102,4,36.0,2,0
19920830,528,30,3,43.0,1,0
19920830,528,77,5,24.0,1,0
19920830,528,65,14,2.0,0,0
19920830,528,100,11,4.0,0,0
19920830,528,88,18,0.0,0,0
19920830,528,57,8,9.0,0,0
19920830,528,105,9,5.0,0,0
19920830,528,127,21,0.0,0,0
19920830,528,79,24,0.0,0,0
19920830,528,128,26,0.0,0,0
19920830,528,110,10,4.0,0,0
19920830,528,109,17,0.0,0,0
19920830,528,123,20,0.0,0,0
19920830,528,92,16,1.0,0,0
19920830,528,55,7,13.0,0,0
19920830,528,122,13,3.0,0,0
19920830,528,81,19,0.0,0,0
19920830,528,94,15,2.0,0,0
19920830,528,91,12,3.0,0,0
19920830,528,104,23,0.0,0,0
19920830,528,108,25,0.0,0,0
19920830,528,84,6,21.0,0,0
19920830,528,129,22,0.0,0,0
19920830,528,99,29,0.0,0,0
19920830,528,71,27,0.0,0,0
20170326,957,830,5,10.0,0,0
19920830,528,125,28,0.0,0,0
19920830,528,131,30,0.0,0,0
19920913,529,95,1,98.0,8,0
19920913,529,119,4,46.0,0,0
19920913,529,102,3,46.0,3,0
19920913,529,30,2,47.0,1,0
19920913,529,77,5,27.0,1,0
19920913,529,65,14,2.0,0,0
19920913,529,100,11,4.0,0,0
19920913,529,88,18,0.0,0,0
19920913,529,57,8,9.0,0,0
19920913,529,105,9,5.0,0,0
19920913,529,127,21,0.0,0,0
19920913,529,79,24,0.0,0,0
19920913,529,128,26,0.0,0,0
19920913,529,110,10,5.0,0,0
19920913,529,109,17,0.0,0,0
19920913,529,123,20,0.0,0,0
19920913,529,92,16,1.0,0,0
19920913,529,55,7,13.0,0,0
19920913,529,122,13,3.0,0,0
19920913,529,81,19,0.0,0,0
19920913,529,94,15,2.0,0,0
19920913,529,91,12,3.0,0,0
19920913,529,104,23,0.0,0,0
19920913,529,108,25,0.0,0,0
19920913,529,84,6,27.0,0,0
19920913,529,129,22,0.0,0,0
19920913,529,99,29,0.0,0,0
19920913,529,71,27,0.0,0,0
20170326,957,8,4,12.0,0,0
19920913,529,125,28,0.0,0,0
19920913,529,131,30,0.0,0,0
19920927,530,95,1,108.0,9,0
19920927,530,119,4,46.0,0,0
19920927,530,102,2,50.0,3,0
19920927,530,30,3,47.0,1,0
19920927,530,77,5,33.0,1,0
19920927,530,65,14,2.0,0,0
19920927,530,100,11,4.0,0,0
19920927,530,88,18,0.0,0,0
19920927,530,57,8,11.0,0,0
19920927,530,105,9,6.0,0,0
19920927,530,127,21,0.0,0,0
19920927,530,79,24,0.0,0,0
19920927,530,128,26,0.0,0,0
19920927,530,110,10,5.0,0,0
19920927,530,109,17,0.0,0,0
19920927,530,123,19,0.0,0,0
19920927,530,92,16,1.0,0,0
19920927,530,55,7,13.0,0,0
19920927,530,122,13,3.0,0,0
19920927,530,81,20,0.0,0,0
19920927,530,94,15,2.0,0,0
19920927,530,91,12,3.0,0,0
19920927,530,104,23,0.0,0,0
19920927,530,108,25,0.0,0,0
19920927,530,84,6,30.0,0,0
19920927,530,129,22,0.0,0,0
19920927,530,99,30,0.0,0,0
19920927,530,71,28,0.0,0,0
20170326,957,822,3,15.0,0,0
19920927,530,125,27,0.0,0,0
19920927,530,131,29,0.0,0,0
19921025,531,95,1,108.0,9,0
19921025,531,119,2,56.0,1,0
19921025,531,102,3,50.0,3,0
19921025,531,30,4,47.0,1,0
19921025,531,77,5,39.0,1,0
19921025,531,65,14,2.0,0,0
19921025,531,100,11,4.0,0,0
19921025,531,88,19,0.0,0,0
19921025,531,57,8,11.0,0,0
19921025,531,105,10,6.0,0,0
19921025,531,127,22,0.0,0,0
19921025,531,79,25,0.0,0,0
19921025,531,128,27,0.0,0,0
19921025,531,110,9,8.0,0,0
19921025,531,109,18,0.0,0,0
19921025,531,123,20,0.0,0,0
19921025,531,92,17,1.0,0,0
19921025,531,55,7,15.0,0,0
19921025,531,122,13,3.0,0,0
19921025,531,81,21,0.0,0,0
19921025,531,94,15,2.0,0,0
19921025,531,91,12,3.0,0,0
19921025,531,104,16,1.0,0,0
19921025,531,108,26,0.0,0,0
19921025,531,84,6,34.0,0,0
19921025,531,129,24,0.0,0,0
19921025,531,99,31,0.0,0,0
19921025,531,71,29,0.0,0,0
20170326,957,1,2,18.0,0,0
19921025,531,125,28,0.0,0,0
19921025,531,131,23,0.0,0,0
19921025,531,78,30,0.0,0,0
19921108,532,95,1,108.0,9,1
19921108,532,119,2,56.0,1,1
19921108,532,102,4,50.0,3,1
19921108,532,30,3,53.0,1,1
19921108,532,77,5,49.0,2,1
19921108,532,65,15,2.0,0,1
19921108,532,100,11,4.0,0,1
19921108,532,88,20,0.0,0,1
19921108,532,57,8,11.0,0,1
19921108,532,105,10,6.0,0,1
19921108,532,127,23,0.0,0,1
19921108,532,79,25,0.0,0,1
19921108,532,128,27,0.0,0,1
19921108,532,110,9,8.0,0,1
19921108,532,109,21,0.0,0,1
19921108,532,123,14,2.0,0,1
19921108,532,92,19,1.0,0,1
19921108,532,55,7,18.0,0,1
19921108,532,122,13,3.0,0,1
19921108,532,81,22,0.0,0,1
19921108,532,94,16,2.0,0,1
19921108,532,91,12,3.0,0,1
19921108,532,104,18,1.0,0,1
19921108,532,108,26,0.0,0,1
19921108,532,84,6,38.0,0,1
19921108,532,129,24,0.0,0,1
19921108,532,99,32,0.0,0,1
19921108,532,71,30,0.0,0,1
20170326,957,20,1,25.0,1,0
19921108,532,125,28,0.0,0,1
19921108,532,131,17,1.0,0,1
19921108,532,78,29,0.0,0,1
19921108,532,136,31,0.0,0,1
19910324,502,128,34,0.0,0,0
19910324,502,129,32,0.0,0,0
19910324,502,142,33,0.0,0,0
19910324,502,110,27,0.0,0,0
19910324,502,141,31,0.0,0,0
19910324,502,100,21,0.0,0,0
19910324,502,140,30,0.0,0,0
19910324,502,133,29,0.0,0,0
19910324,502,103,25,0.0,0,0
19910324,502,109,26,0.0,0,0
19910324,502,81,12,0.0,0,0
19910324,502,139,19,0.0,0,0
19910324,502,87,23,0.0,0,0
19910324,502,127,28,0.0,0,0
19910324,502,95,20,0.0,0,0
19910428,503,120,33,0.0,0,0
19910428,503,128,20,0.0,0,0
19910428,503,129,34,0.0,0,0
19910428,503,142,35,0.0,0,0
19910428,503,110,27,0.0,0,0
19910428,503,141,13,1.0,0,0
19910428,503,100,22,0.0,0,0
19910428,503,140,32,0.0,0,0
19910428,503,133,31,0.0,0,0
19910428,503,103,30,0.0,0,0
19910428,503,109,6,4.0,0,0
19910428,503,81,18,0.0,0,0
19910428,503,139,24,0.0,0,0
19910428,503,87,17,0.0,0,0
19910428,503,127,25,0.0,0,0
19910428,503,95,26,0.0,0,0
19910428,503,77,2,10.0,0,0
19910428,503,123,14,0.0,0,0
19910428,503,122,29,0.0,0,0
19910428,503,105,28,0.0,0,0
19910428,503,90,15,0.0,0,0
19910428,503,119,4,6.0,0,0
19910428,503,57,9,2.0,0,0
19910512,504,120,32,0.0,0,0
19910512,504,128,24,0.0,0,0
19910512,504,129,34,0.0,0,0
19910512,504,110,28,0.0,0,0
19910512,504,141,16,1.0,0,0
19910512,504,100,25,0.0,0,0
19910512,504,140,33,0.0,0,0
19910512,504,133,31,0.0,0,0
19910512,504,103,23,0.0,0,0
19910512,504,109,8,4.0,0,0
19910512,504,81,20,0.0,0,0
19910512,504,139,14,1.0,0,0
19910512,504,87,21,0.0,0,0
19910512,504,127,27,0.0,0,0
19910512,504,95,5,6.0,0,0
19910512,504,77,3,10.0,0,0
19910512,504,123,17,0.0,0,0
19910512,504,122,30,0.0,0,0
19910512,504,105,29,0.0,0,0
19910512,504,90,9,3.0,0,0
19910512,504,119,4,6.0,0,0
19910512,504,57,12,2.0,0,0
19910512,504,55,7,5.0,0,0
19910512,504,84,26,0.0,0,0
19910512,504,92,19,0.0,0,0
19910602,505,65,34,0.0,0,0
19910602,505,120,33,0.0,0,0
19910602,505,128,26,0.0,0,0
19910602,505,129,35,0.0,0,0
19910602,505,142,36,0.0,0,0
19910602,505,110,12,3.0,0,0
19910602,505,141,18,1.0,0,0
19910602,505,100,21,0.0,0,0
19910602,505,140,29,0.0,0,0
19910602,505,133,32,0.0,0,0
19910602,505,103,25,0.0,0,0
19910602,505,109,9,4.0,0,0
19910602,505,81,22,0.0,0,0
19910602,505,139,16,1.0,0,0
19910602,505,87,23,0.0,0,0
19910602,505,127,28,0.0,0,0
19910602,505,95,7,7.0,0,0
19910602,505,77,5,10.0,0,0
19910602,505,123,19,0.0,0,0
19910602,505,122,30,0.0,0,0
19910602,505,105,31,0.0,0,0
19910602,505,90,11,3.0,0,0
19910602,505,119,4,10.0,0,0
19910602,505,57,14,2.0,0,0
19910602,505,55,8,5.0,0,0
19910602,505,84,27,0.0,0,0
19910616,506,65,27,0.0,0,0
19910616,506,120,35,0.0,0,0
19910616,506,128,26,0.0,0,0
19910616,506,129,33,0.0,0,0
19910616,506,142,36,0.0,0,0
19910616,506,141,19,1.0,0,0
19910616,506,100,23,0.0,0,0
19910616,506,140,30,0.0,0,0
19910616,506,133,34,0.0,0,0
19910616,506,103,17,1.0,0,0
19910616,506,109,11,4.0,0,0
19910616,506,81,21,0.0,0,0
19910616,506,139,16,1.0,0,0
19910616,506,87,24,0.0,0,0
19910616,506,127,29,0.0,0,0
19910616,506,95,4,13.0,0,0
19910616,506,77,6,10.0,0,0
19910616,506,123,20,0.0,0,0
19910616,506,122,31,0.0,0,0
19910616,506,105,32,0.0,0,0
19910616,506,90,10,5.0,0,0
19910616,506,119,2,20.0,1,0
19910616,506,57,14,2.0,0,0
19910616,506,55,9,5.0,0,0
19910616,506,84,28,0.0,0,0
19910616,506,92,13,2.0,0,0
19910616,506,94,12,3.0,0,0
19910707,507,65,28,0.0,0,0
19910707,507,120,35,0.0,0,0
19910707,507,128,27,0.0,0,0
19910707,507,129,32,0.0,0,0
19910707,507,110,9,7.0,0,0
19910707,507,141,19,1.0,0,0
19910707,507,100,24,0.0,0,0
19910707,507,140,30,0.0,0,0
19910707,507,133,34,0.0,0,0
19910707,507,103,17,1.0,0,0
19910707,507,109,11,4.0,0,0
19910707,507,81,21,0.0,0,0
19910707,507,139,16,1.0,0,0
19910707,507,87,25,0.0,0,0
19910707,507,127,22,0.0,0,0
19910707,507,95,2,23.0,1,0
19910707,507,77,6,10.0,0,0
19910707,507,123,20,0.0,0,0
19910707,507,122,31,0.0,0,0
19910707,507,105,33,0.0,0,0
19910707,507,90,10,5.0,0,0
19910707,507,119,3,22.0,1,0
19910707,507,57,14,2.0,0,0
19910707,507,55,8,8.0,0,0
19910707,507,84,29,0.0,0,0
19910707,507,92,13,2.0,0,0
19910714,508,65,28,0.0,0,0
19910714,508,120,35,0.0,0,0
19910714,508,128,27,0.0,0,0
19910714,508,129,32,0.0,0,0
19910714,508,110,9,7.0,0,0
19910714,508,141,19,1.0,0,0
19910714,508,100,24,0.0,0,0
19910714,508,140,30,0.0,0,0
19910714,508,133,34,0.0,0,0
19910714,508,103,17,1.0,0,0
19910714,508,109,11,4.0,0,0
19910714,508,81,21,0.0,0,0
19910714,508,139,16,1.0,0,0
19910714,508,87,25,0.0,0,0
19910714,508,127,22,0.0,0,0
19910714,508,95,2,33.0,2,0
19910714,508,77,6,16.0,0,0
19910714,508,123,20,0.0,0,0
19910714,508,122,31,0.0,0,0
19910714,508,105,33,0.0,0,0
19910714,508,90,10,5.0,0,0
19910714,508,119,3,22.0,1,0
19910714,508,57,15,2.0,0,0
19910714,508,55,8,8.0,0,0
19910714,508,84,29,0.0,0,0
19910714,508,92,13,3.0,0,0
19910728,509,143,36,0.0,0,0
19910728,509,65,28,0.0,0,0
19910728,509,120,35,0.0,0,0
19910728,509,128,27,0.0,0,0
19910728,509,142,37,0.0,0,0
19910728,509,110,9,9.0,0,0
19910728,509,141,19,1.0,0,0
19910728,509,100,24,0.0,0,0
19910728,509,140,30,0.0,0,0
19910728,509,133,34,0.0,0,0
19910728,509,103,17,1.0,0,0
19910728,509,109,11,4.0,0,0
19910728,509,81,21,0.0,0,0
19910728,509,139,16,1.0,0,0
19910728,509,87,25,0.0,0,0
19910728,509,127,22,0.0,0,0
19910728,509,95,2,43.0,3,0
19910728,509,77,5,19.0,0,0
19910728,509,123,20,0.0,0,0
19910728,509,122,31,0.0,0,0
19910728,509,105,33,0.0,0,0
19910728,509,90,10,5.0,0,0
19910728,509,119,3,28.0,1,0
19910728,509,57,15,2.0,0,0
19910728,509,55,7,12.0,0,0
19910728,509,84,29,0.0,0,0
19910811,510,143,36,0.0,0,0
19910811,510,65,29,0.0,0,0
19910811,510,120,35,0.0,0,0
19910811,510,128,28,0.0,0,0
19910811,510,129,32,0.0,0,0
19910811,510,110,9,9.0,0,0
19910811,510,141,20,1.0,0,0
19910811,510,100,25,0.0,0,0
19910811,510,140,31,0.0,0,0
19910811,510,133,34,0.0,0,0
19910811,510,109,11,4.0,0,0
19910811,510,81,22,0.0,0,0
19910811,510,139,16,1.0,0,0
19910811,510,87,26,0.0,0,0
19910811,510,127,23,0.0,0,0
19910811,510,95,2,49.0,3,0
19910811,510,77,4,22.0,0,0
19910811,510,123,21,0.0,0,0
19910811,510,122,18,1.0,0,0
19910811,510,105,33,0.0,0,0
19910811,510,90,10,5.0,0,0
19910811,510,119,3,32.0,1,0
19910811,510,57,15,2.0,0,0
19910811,510,55,7,14.0,0,0
19910811,510,84,30,0.0,0,0
19910811,510,92,12,4.0,0,0
19910825,511,30,34,0.0,0,0
19910825,511,143,37,0.0,0,0
19910825,511,65,24,0.0,0,0
19910825,511,120,36,0.0,0,0
19910825,511,128,30,0.0,0,0
19910825,511,142,38,0.0,0,0
19910825,511,141,21,1.0,0,0
19910825,511,100,27,0.0,0,0
19910825,511,140,32,0.0,0,0
19910825,511,133,35,0.0,0,0
19910825,511,103,18,1.0,0,0
19910825,511,109,11,4.0,0,0
19910825,511,139,16,1.0,0,0
19910825,511,87,17,1.0,0,0
19910825,511,127,25,0.0,0,0
19910825,511,95,2,49.0,3,0
19910825,511,77,4,28.0,0,0
19910825,511,123,22,0.0,0,0
19910825,511,122,19,1.0,0,0
19910825,511,105,33,0.0,0,0
19910825,511,90,10,8.0,0,0
19910825,511,119,3,34.0,1,0
19910825,511,57,15,2.0,0,0
19910825,511,55,7,14.0,0,0
19910825,511,84,29,0.0,0,0
19910825,511,92,12,4.0,0,0
19910825,511,94,13,3.0,0,0
19910825,511,99,28,0.0,0,0
19910908,512,30,16,2.0,0,0
19910908,512,143,37,0.0,0,0
19910908,512,65,25,0.0,0,0
19910908,512,120,36,0.0,0,0
19910908,512,128,31,0.0,0,0
19910908,512,142,38,0.0,0,0
19910908,512,110,9,9.0,0,0
19910908,512,141,22,1.0,0,0
19910908,512,100,28,0.0,0,0
19910908,512,140,33,0.0,0,0
19910908,512,133,35,0.0,0,0
19910908,512,103,20,1.0,0,0
19910908,512,109,11,4.0,0,0
19910908,512,139,17,1.0,0,0
19910908,512,87,18,1.0,0,0
19910908,512,127,26,0.0,0,0
19910908,512,95,2,59.0,4,0
19910908,512,77,4,31.0,0,0
19910908,512,123,23,0.0,0,0
19910908,512,122,19,1.0,0,0
19910908,512,105,34,0.0,0,0
19910908,512,90,10,8.0,0,0
19910908,512,119,3,34.0,1,0
19910908,512,57,15,2.0,0,0
19910908,512,55,7,14.0,0,0
19910908,512,84,30,0.0,0,0
19910908,512,92,12,4.0,0,0
19910908,512,94,13,3.0,0,0
19910908,512,99,29,0.0,0,0
19910922,513,30,14,3.0,0,0
19910922,513,143,37,0.0,0,0
19910922,513,65,26,0.0,0,0
19910922,513,120,36,0.0,0,0
19910922,513,128,31,0.0,0,0
19910922,513,129,32,0.0,0,0
19910922,513,142,38,0.0,0,0
19910922,513,141,22,1.0,0,0
19910922,513,100,28,0.0,0,0
19910922,513,140,34,0.0,0,0
19910922,513,133,35,0.0,0,0
19910922,513,103,20,1.0,0,0
19910922,513,109,12,4.0,0,0
19910922,513,81,25,0.0,0,0
19910922,513,87,18,1.0,0,0
19910922,513,127,24,0.0,0,0
19910922,513,95,2,59.0,4,0
19910922,513,77,4,31.0,0,0
19910922,513,123,23,0.0,0,0
19910922,513,122,19,1.0,0,0
19910922,513,105,33,0.0,0,0
19910922,513,90,10,8.0,0,0
19910922,513,119,3,44.0,2,0
19910922,513,57,16,2.0,0,0
19910922,513,55,7,18.0,0,0
19910922,513,84,30,0.0,0,0
19910922,513,92,13,4.0,0,0
19910922,513,94,11,6.0,0,0
19910922,513,99,29,0.0,0,0
19910922,513,78,27,0.0,0,0
19910929,514,70,32,0.0,0,0
19910929,514,30,14,4.0,0,0
19910929,514,143,38,0.0,0,0
19910929,514,65,26,0.0,0,0
19910929,514,120,37,0.0,0,0
19910929,514,128,31,0.0,0,0
19910929,514,142,39,0.0,0,0
19910929,514,110,9,9.0,0,0
19910929,514,141,22,1.0,0,0
19910929,514,100,28,0.0,0,0
19910929,514,140,35,0.0,0,0
19910929,514,133,36,0.0,0,0
19910929,514,103,20,1.0,0,0
19910929,514,109,12,4.0,0,0
19910929,514,139,17,1.0,0,0
19910929,514,87,18,1.0,0,0
19910929,514,127,23,0.0,0,0
19910929,514,95,2,69.0,5,0
19910929,514,77,5,31.0,0,0
19910929,514,123,24,0.0,0,0
19910929,514,122,19,1.0,0,0
19910929,514,105,34,0.0,0,0
19910929,514,90,10,8.0,0,0
19910929,514,119,3,48.0,2,0
19910929,514,57,16,2.0,0,0
19910929,514,55,7,21.0,0,0
19910929,514,84,30,0.0,0,0
19910929,514,92,13,4.0,0,0
19910929,514,94,11,6.0,0,0
19910929,514,99,29,0.0,0,0
19911020,515,144,41,0.0,0,0
19911020,515,91,37,0.0,0,0
19911020,515,70,31,0.0,0,0
19911020,515,30,14,4.0,0,0
19911020,515,143,39,0.0,0,0
19911020,515,65,27,0.0,0,0
19911020,515,120,38,0.0,0,0
19911020,515,129,33,0.0,0,0
19911020,515,142,40,0.0,0,0
19911020,515,110,9,9.0,0,0
19911020,515,141,23,1.0,0,0
19911020,515,100,29,0.0,0,0
19911020,515,140,36,0.0,0,0
19911020,515,103,21,1.0,0,0
19911020,515,109,12,4.0,0,0
19911020,515,139,18,1.0,0,0
19911020,515,87,19,1.0,0,0
19911020,515,127,24,0.0,0,0
19911020,515,95,2,69.0,5,0
19911020,515,77,4,41.0,1,0
19911020,515,123,25,0.0,0,0
19911020,515,122,20,1.0,0,0
19911020,515,105,35,0.0,0,0
19911020,515,90,10,8.0,0,0
19911020,515,119,3,52.0,2,0
19911020,515,57,16,2.0,0,0
19911020,515,55,7,21.0,0,0
19911020,515,84,17,2.0,0,0
19911020,515,92,13,4.0,0,0
19911020,515,94,11,6.0,0,0
19911020,515,99,30,0.0,0,0
19911103,516,144,40,0.0,0,1
19911103,516,91,36,0.0,0,1
19911103,516,70,31,0.0,0,1
19911103,516,30,14,4.0,0,1
19911103,516,143,39,0.0,0,1
19911103,516,65,27,0.0,0,1
19911103,516,120,38,0.0,0,1
19911103,516,128,32,0.0,0,1
19911103,516,129,34,0.0,0,1
19911103,516,142,41,0.0,0,1
19911103,516,141,23,1.0,0,1
19911103,516,100,29,0.0,0,1
19911103,516,140,37,0.0,0,1
19911103,516,133,33,0.0,0,1
19911103,516,103,21,1.0,0,1
19911103,516,109,12,4.0,0,1
19911103,516,139,18,1.0,0,1
19911103,516,87,19,1.0,0,1
19911103,516,127,25,0.0,0,1
19911103,516,95,2,72.0,5,1
19911103,516,77,4,43.0,1,1
19911103,516,123,26,0.0,0,1
19911103,516,122,20,1.0,0,1
19911103,516,105,35,0.0,0,1
19911103,516,90,10,8.0,0,1
19911103,516,119,3,53.0,2,1
19911103,516,57,16,2.0,0,1
19911103,516,55,7,21.0,0,1
19911103,516,84,17,2.0,0,1
19911103,516,92,13,4.0,0,1
19911103,516,94,11,6.0,0,1
19911103,516,99,30,0.0,0,1
19911103,516,78,28,0.0,0,1
19900325,486,131,8,2.0,0,0
19900325,486,81,19,0.0,0,0
19900325,486,105,14,0.0,0,0
19900325,486,94,10,0.0,0,0
19900325,486,103,11,0.0,0,0
19900325,486,133,22,0.0,0,0
19900325,486,112,16,0.0,0,0
19900513,487,152,38,0.0,0,0
19900513,487,101,34,0.0,0,0
19900513,487,139,32,0.0,0,0
19900513,487,117,2,12.0,1,0
19900513,487,129,25,0.0,0,0
19900513,487,102,1,13.0,1,0
19900513,487,133,26,0.0,0,0
19900513,487,112,16,0.0,0,0
19900513,487,92,36,0.0,0,0
19900513,487,150,39,0.0,0,0
19900513,487,149,37,0.0,0,0
19900513,487,114,30,0.0,0,0
19900513,487,99,35,0.0,0,0
19900513,487,109,20,0.0,0,0
19900513,487,81,24,0.0,0,0
19900513,487,140,33,0.0,0,0
19900513,487,151,15,0.0,0,0
19900527,488,90,24,0.0,0,0
19900527,488,127,25,0.0,0,0
19900527,488,147,21,0.0,0,0
19900527,488,88,29,0.0,0,0
19900527,488,95,9,3.0,0,0
19900527,488,77,2,16.0,0,0
19900527,488,148,16,0.0,0,0
19900527,488,129,28,0.0,0,0
19900527,488,110,27,0.0,0,0
19900527,488,117,4,12.0,1,0
19900527,488,122,31,0.0,0,0
19900527,488,118,15,0.0,0,0
19900527,488,78,19,0.0,0,0
19900527,488,151,17,0.0,0,0
19900527,488,140,34,0.0,0,0
19900527,488,152,38,0.0,0,0
19900527,488,101,30,0.0,0,0
19900527,488,139,33,0.0,0,0
19900610,489,55,4,13.0,0,0
19900610,489,123,7,9.0,0,0
19900610,489,90,27,0.0,0,0
19900610,489,127,28,0.0,0,0
19900610,489,147,22,0.0,0,0
19900610,489,152,38,0.0,0,0
19900610,489,101,31,0.0,0,0
19900610,489,139,33,0.0,0,0
19900610,489,133,11,2.0,0,0
19900610,489,112,18,0.0,0,0
19900610,489,92,36,0.0,0,0
19900610,489,150,39,0.0,0,0
19900610,489,149,37,0.0,0,0
19900610,489,114,32,0.0,0,0
19900610,489,99,35,0.0,0,0
19900610,489,109,23,0.0,0,0
19900610,489,81,29,0.0,0,0
19900610,489,140,34,0.0,0,0
19900610,489,151,17,0.0,0,0
19900610,489,78,19,0.0,0,0
19900610,489,118,12,1.0,0,0
19900610,489,122,20,0.0,0,0
19900624,490,152,38,0.0,0,0
19900624,490,139,33,0.0,0,0
19900624,490,101,31,0.0,0,0
19900624,490,145,9,7.0,0,0
19900624,490,103,13,1.0,0,0
19900624,490,133,11,2.0,0,0
19900624,490,112,18,0.0,0,0
19900624,490,92,36,0.0,0,0
19900624,490,150,39,0.0,0,0
19900624,490,149,37,0.0,0,0
19900624,490,114,32,0.0,0,0
19900624,490,99,35,0.0,0,0
19900624,490,109,23,0.0,0,0
19900624,490,81,30,0.0,0,0
19900624,490,140,34,0.0,0,0
19900624,490,151,17,0.0,0,0
19900624,490,78,19,0.0,0,0
19900624,490,118,12,1.0,0,0
19900624,490,122,21,0.0,0,0
19900624,490,117,2,23.0,2,0
19900624,490,110,27,0.0,0,0
19900624,490,129,26,0.0,0,0
19900624,490,148,16,0.0,0,0
19900624,490,77,3,23.0,0,0
19900624,490,95,5,13.0,0,0
19900624,490,88,24,0.0,0,0
19900624,490,147,22,0.0,0,0
19900708,491,152,38,0.0,0,0
19900708,491,101,31,0.0,0,0
19900708,491,139,33,0.0,0,0
19900708,491,133,12,2.0,0,0
19900708,491,112,20,0.0,0,0
19900708,491,92,36,0.0,0,0
19900708,491,150,39,0.0,0,0
19900708,491,149,37,0.0,0,0
19900708,491,114,32,0.0,0,0
19900708,491,99,35,0.0,0,0
19900708,491,109,24,0.0,0,0
19900708,491,81,30,0.0,0,0
19900708,491,140,34,0.0,0,0
19900708,491,151,19,0.0,0,0
19900708,491,78,22,0.0,0,0
19900708,491,118,13,1.0,0,0
19900708,491,117,2,32.0,3,0
19900708,491,110,27,0.0,0,0
19900708,491,148,18,0.0,0,0
19900708,491,77,3,25.0,0,0
19900708,491,95,6,13.0,0,0
19900708,491,88,17,0.0,0,0
19900708,491,147,23,0.0,0,0
19900708,491,127,29,0.0,0,0
19900708,491,90,28,0.0,0,0
19900708,491,145,9,7.0,0,0
19900715,492,152,38,0.0,0,0
19900715,492,117,1,41.0,4,0
19900715,492,119,8,10.0,1,0
19900715,492,101,32,0.0,0,0
19900715,492,139,24,0.0,0,0
19900715,492,112,20,0.0,0,0
19900715,492,92,36,0.0,0,0
19900715,492,150,39,0.0,0,0
19900715,492,149,37,0.0,0,0
19900715,492,114,33,0.0,0,0
19900715,492,99,34,0.0,0,0
19900715,492,109,25,0.0,0,0
19900715,492,81,31,0.0,0,0
19900715,492,140,35,0.0,0,0
19900715,492,151,19,0.0,0,0
19900715,492,78,21,0.0,0,0
19900715,492,118,14,1.0,0,0
19900715,492,122,10,6.0,0,0
19900715,492,110,28,0.0,0,0
19900715,492,129,27,0.0,0,0
19900715,492,148,18,0.0,0,0
19900715,492,77,3,25.0,0,0
19900715,492,95,7,13.0,0,0
19900715,492,88,15,1.0,0,0
19900715,492,147,23,0.0,0,0
19900715,492,127,30,0.0,0,0
19900715,492,146,26,0.0,0,0
19900729,493,152,38,0.0,0,0
19900729,493,117,2,44.0,4,0
19900729,493,119,9,12.0,1,0
19900729,493,101,32,0.0,0,0
19900729,493,139,24,0.0,0,0
19900729,493,112,20,0.0,0,0
19900729,493,92,36,0.0,0,0
19900729,493,150,39,0.0,0,0
19900729,493,149,37,0.0,0,0
19900729,493,114,33,0.0,0,0
19900729,493,99,34,0.0,0,0
19900729,493,109,25,0.0,0,0
19900729,493,81,31,0.0,0,0
19900729,493,140,35,0.0,0,0
19900729,493,151,19,0.0,0,0
19900729,493,78,21,0.0,0,0
19900729,493,118,14,1.0,0,0
19900729,493,122,10,6.0,0,0
19900729,493,110,28,0.0,0,0
19900729,493,129,27,0.0,0,0
19900729,493,148,18,0.0,0,0
19900729,493,77,3,29.0,0,0
19900729,493,95,8,13.0,0,0
19900729,493,88,15,1.0,0,0
19900729,493,147,23,0.0,0,0
19900729,493,127,30,0.0,0,0
19900729,493,146,26,0.0,0,0
19900812,494,77,3,29.0,0,0
19900812,494,118,12,3.0,0,0
19900812,494,152,38,0.0,0,0
19900812,494,101,33,0.0,0,0
19900812,494,139,24,0.0,0,0
19900812,494,133,13,2.0,0,0
19900812,494,112,21,0.0,0,0
19900812,494,92,36,0.0,0,0
19900812,494,150,39,0.0,0,0
19900812,494,149,37,0.0,0,0
19900812,494,114,34,0.0,0,0
19900812,494,99,30,0.0,0,0
19900812,494,109,26,0.0,0,0
19900812,494,81,32,0.0,0,0
19900812,494,140,35,0.0,0,0
19900812,494,151,17,0.0,0,0
19900812,494,78,22,0.0,0,0
19900812,494,123,4,27.0,1,0
19900812,494,122,10,6.0,0,0
19900812,494,117,2,44.0,4,0
19900812,494,110,29,0.0,0,0
19900812,494,129,28,0.0,0,0
19900812,494,148,19,0.0,0,0
19900812,494,95,9,13.0,0,0
19900812,494,88,15,1.0,0,0
19900812,494,147,25,0.0,0,0
19900812,494,127,20,0.0,0,0
19900812,494,146,27,0.0,0,0
19900826,495,152,38,0.0,0,0
19900930,498,123,5,30.0,1,0
19900826,495,77,3,33.0,0,0
19900826,495,148,20,0.0,0,0
19900826,495,129,28,0.0,0,0
19900826,495,101,33,0.0,0,0
19900826,495,139,24,0.0,0,0
19900826,495,133,13,2.0,0,0
19900826,495,112,21,0.0,0,0
19900826,495,92,36,0.0,0,0
19900826,495,150,39,0.0,0,0
19900826,495,149,37,0.0,0,0
19900826,495,114,34,0.0,0,0
19900826,495,99,30,0.0,0,0
19900826,495,109,26,0.0,0,0
19900826,495,81,32,0.0,0,0
19900826,495,140,35,0.0,0,0
19900826,495,151,18,0.0,0,0
19900826,495,123,4,27.0,1,0
19900826,495,78,22,0.0,0,0
19900826,495,118,12,3.0,0,0
19900826,495,122,10,6.0,0,0
19900826,495,117,2,50.0,4,0
19900826,495,110,29,0.0,0,0
19900826,495,95,9,13.0,0,0
19900826,495,88,15,1.0,0,0
19900826,495,147,25,0.0,0,0
19900826,495,127,17,1.0,0,0
19900826,495,146,27,0.0,0,0
19900909,496,152,38,0.0,0,0
19900923,497,105,22,0.0,0,0
19900909,496,77,3,37.0,0,0
19900909,496,148,20,0.0,0,0
19900909,496,129,29,0.0,0,0
19900909,496,101,33,0.0,0,0
19900909,496,139,24,0.0,0,0
19900909,496,133,13,2.0,0,0
19900909,496,112,21,0.0,0,0
19900909,496,92,36,0.0,0,0
19900909,496,150,39,0.0,0,0
19900909,496,149,37,0.0,0,0
19900909,496,114,34,0.0,0,0
19900909,496,99,30,0.0,0,0
19900909,496,109,27,0.0,0,0
19900909,496,81,32,0.0,0,0
19900909,496,140,35,0.0,0,0
19900909,496,151,18,0.0,0,0
19900909,496,123,4,27.0,1,0
19900909,496,78,22,0.0,0,0
19900909,496,118,12,3.0,0,0
19900909,496,122,10,6.0,0,0
19900909,496,117,2,56.0,4,0
19900909,496,110,25,0.0,0,0
19900909,496,95,8,16.0,0,0
19900909,496,88,16,1.0,0,0
19900909,496,147,26,0.0,0,0
19900909,496,127,17,1.0,0,0
19900909,496,146,28,0.0,0,0
19900923,497,152,38,0.0,0,0
19900923,497,95,6,25.0,1,0
19900923,497,77,3,40.0,0,0
19900923,497,148,20,0.0,0,0
19900923,497,101,33,0.0,0,0
19900923,497,139,24,0.0,0,0
19900923,497,133,13,2.0,0,0
19900923,497,112,21,0.0,0,0
19900923,497,92,36,0.0,0,0
19900923,497,150,39,0.0,0,0
19900923,497,149,37,0.0,0,0
19900923,497,114,34,0.0,0,0
19900923,497,99,30,0.0,0,0
19900923,497,109,27,0.0,0,0
19900923,497,81,32,0.0,0,0
19900923,497,140,35,0.0,0,0
19900923,497,151,18,0.0,0,0
19900923,497,78,23,0.0,0,0
19900923,497,118,12,3.0,0,0
19900923,497,122,10,6.0,0,0
19900923,497,117,2,60.0,4,0
19900923,497,110,25,0.0,0,0
19900923,497,129,29,0.0,0,0
19900923,497,88,16,1.0,0,0
19900923,497,147,26,0.0,0,0
19900923,497,127,17,1.0,0,0
19900923,497,90,31,0.0,0,0
19900923,497,146,28,0.0,0,0
19900930,498,77,3,40.0,0,0
19900930,498,129,30,0.0,0,0
19900930,498,110,26,0.0,0,0
19900930,498,117,2,69.0,5,0
19900930,498,152,38,0.0,0,0
19900930,498,101,34,0.0,0,0
19900930,498,139,25,0.0,0,0
19900930,498,133,13,2.0,0,0
19900930,498,112,22,0.0,0,0
19900930,498,92,36,0.0,0,0
19900930,498,150,39,0.0,0,0
19900930,498,149,37,0.0,0,0
19900930,498,114,24,0.0,0,0
19900930,498,99,31,0.0,0,0
19900930,498,109,28,0.0,0,0
19900930,498,81,33,0.0,0,0
19900930,498,140,35,0.0,0,0
19900930,498,151,18,0.0,0,0
19900930,498,78,20,0.0,0,0
19900930,498,118,12,3.0,0,0
19900930,498,122,10,6.0,0,0
19900930,498,148,21,0.0,0,0
19900930,498,95,4,31.0,1,0
19900930,498,88,15,2.0,0,0
19900930,498,147,27,0.0,0,0
19900930,498,127,17,1.0,0,0
19900930,498,146,29,0.0,0,0
19901021,499,65,35,0.0,0,0
19901021,499,152,39,0.0,0,0
19901021,499,95,6,31.0,1,0
19901021,499,77,3,40.0,0,0
19901021,499,148,22,0.0,0,0
19901021,499,101,34,0.0,0,0
19901021,499,139,26,0.0,0,0
19901021,499,133,16,2.0,0,0
19901021,499,112,23,0.0,0,0
19901021,499,92,37,0.0,0,0
19901021,499,150,40,0.0,0,0
19901021,499,149,38,0.0,0,0
19901021,499,114,25,0.0,0,0
19901021,499,99,32,0.0,0,0
19901021,499,109,29,0.0,0,0
19901021,499,81,33,0.0,0,0
19901021,499,140,36,0.0,0,0
19901021,499,151,20,0.0,0,0
19901021,499,78,19,0.0,0,0
19901021,499,118,14,3.0,0,0
19901021,499,122,10,6.0,0,0
19901021,499,117,2,69.0,5,0
19901021,499,110,27,0.0,0,0
19901021,499,129,31,0.0,0,0
19901021,499,88,12,6.0,0,0
19901021,499,127,18,1.0,0,0
19901021,499,90,11,6.0,0,0
19901021,499,146,30,0.0,0,0
19901021,499,123,5,32.0,1,0
19901104,500,65,35,0.0,0,1
19901104,500,152,39,0.0,0,1
19901104,500,88,12,6.0,0,1
19901104,500,95,5,37.0,1,1
19901104,500,77,4,43.0,0,1
19901104,500,148,22,0.0,0,1
19901104,500,129,31,0.0,0,1
19901104,500,110,27,0.0,0,1
19901104,500,101,34,0.0,0,1
19901104,500,139,26,0.0,0,1
19901104,500,133,16,2.0,0,1
19901104,500,112,23,0.0,0,1
19901104,500,92,37,0.0,0,1
19901104,500,150,40,0.0,0,1
19901104,500,149,38,0.0,0,1
19901104,500,114,25,0.0,0,1
19901104,500,99,32,0.0,0,1
19901104,500,109,29,0.0,0,1
19901104,500,81,33,0.0,0,1
19901104,500,140,36,0.0,0,1
19901104,500,151,20,0.0,0,1
19901104,500,78,19,0.0,0,1
19901104,500,118,14,3.0,0,1
19901104,500,122,10,6.0,0,1
19901104,500,117,2,71.0,5,1
19901104,500,147,28,0.0,0,1
19901104,500,127,18,1.0,0,1
19901104,500,90,11,6.0,0,1
19901104,500,146,30,0.0,0,1
19901104,500,145,8,21.0,0,1
20090329,804,8,15,0.0,0,0
20090329,804,9,14,0.0,0,0
20090329,804,20,13,0.0,0,0
20090329,804,17,12,0.0,0,0
20090329,804,21,11,0.0,0,0
20090329,804,2,10,0.0,0,0
20090329,804,16,9,0.0,0,0
20090329,804,7,8,1.0,0,0
20090329,804,67,7,2.0,0,0
20090329,804,3,6,3.0,0,0
20090329,804,4,5,4.0,0,0
20090329,804,10,4,5.0,0,0
20090329,804,15,3,6.0,0,0
20090329,804,22,2,8.0,0,0
20090329,804,18,1,10.0,1,0
20090405,805,5,20,0.0,0,0
20090405,805,6,15,0.0,0,0
20090405,805,12,17,0.0,0,0
20090405,805,13,13,0.0,0,0
20090405,805,8,18,0.0,0,0
20090405,805,9,19,0.0,0,0
20090405,805,20,16,0.0,0,0
20090405,805,17,9,1.5,0,0
20090405,805,21,14,0.0,0,0
20090405,805,2,5,4.0,0,0
20090405,805,16,12,0.0,0,0
20090405,805,7,11,1.0,0,0
20090405,805,67,8,2.0,0,0
20090405,805,3,7,3.5,0,0
20090405,805,4,6,4.0,0,0
20090405,805,10,4,8.0,0,0
20090405,805,15,3,8.5,0,0
20090405,805,22,2,10.0,0,0
20090405,805,18,1,15.0,2,0
20070318,769,8,1,10.0,1,0
20070318,769,4,2,8.0,0,0
20070318,769,1,3,6.0,0,0
20070318,769,2,4,5.0,0,0
20070408,770,3,8,2.0,0,0
20070408,770,8,2,16.0,1,0
20070408,770,4,1,18.0,1,0
20070408,770,1,3,14.0,0,0
20070408,770,2,4,10.0,0,0
20070408,770,21,5,7.0,0,0
20070513,772,13,3,27.0,2,0
20070513,772,8,4,22.0,1,0
20070513,772,4,2,28.0,1,0
20070513,772,1,1,30.0,0,0
20070513,772,2,5,15.0,0,0
20070527,773,13,3,33.0,2,0
20070527,773,8,4,23.0,1,0
20070527,773,4,1,38.0,2,0
20070527,773,1,2,38.0,0,0
20070527,773,2,5,18.0,0,0
20070610,774,21,6,13.0,0,0
20070610,774,1,1,48.0,1,0
20070610,774,8,4,27.0,1,0
20070610,774,15,13,4.0,0,0
20070610,774,17,15,0.0,0,0
20070610,774,22,17,0.0,0,0
20070617,775,21,6,13.0,0,0
20070617,775,1,1,58.0,2,0
20070617,775,8,4,32.0,1,0
20070617,775,17,14,2.0,0,0
20070617,775,15,10,7.0,0,0
20070617,775,22,18,0.0,0,0
20070701,776,21,7,16.0,0,0
20070701,776,1,1,64.0,2,0
20070701,776,8,4,42.0,2,0
20070701,776,15,10,7.0,0,0
20070701,776,22,19,0.0,0,0
20070708,777,2,5,33.0,0,0
20070708,777,1,1,70.0,2,0
20070708,777,8,3,52.0,3,0
20070708,777,13,4,51.0,2,0
20070708,777,15,10,7.0,0,0
20070708,777,22,18,0.0,0,0
20070722,778,3,13,5.0,0,0
20070722,778,21,7,17.0,0,0
20070722,778,8,4,52.0,3,0
20070722,778,4,2,68.0,3,0
20070722,778,1,1,70.0,2,0
20070805,779,1,1,80.0,3,0
20070805,779,8,3,60.0,3,0
20070805,779,13,4,59.0,2,0
20070805,779,22,18,0.0,0,0
20070826,780,1,1,84.0,3,0
20070826,780,8,4,68.0,3,0
20070826,780,23,14,5.0,0,0
20070826,780,15,13,7.0,0,0
20070909,781,1,1,92.0,3,0
20070909,781,8,3,74.0,3,0
20070909,781,3,10,12.0,0,0
20070909,781,23,14,5.0,0,0
20070916,782,1,1,97.0,3,0
20070916,782,8,3,84.0,4,0
20070916,782,3,9,15.0,0,0
20070916,782,23,14,5.0,0,0
20070930,783,1,1,107.0,4,0
20070930,783,8,3,90.0,4,0
20070930,783,3,9,15.0,0,0
20070930,783,23,14,5.0,0,0
20071007,784,1,1,107.0,4,0
20071007,784,8,3,100.0,5,0
20071007,784,3,9,15.0,0,0
20071021,785,21,8,21.0,0,1
20071021,785,1,2,109.0,4,1
19900311,485,150,33,0.0,0,0
19900311,485,114,31,0.0,0,0
19900311,485,109,29,0.0,0,0
19900311,485,78,25,0.0,0,0
19900311,485,122,23,0.0,0,0
19900311,485,110,21,0.0,0,0
19900311,485,148,19,0.0,0,0
19900311,485,95,17,0.0,0,0
19900311,485,147,15,0.0,0,0
19900311,485,90,13,0.0,0,0
19900311,485,145,11,0.0,0,0
19900311,485,94,7,0.0,0,0
19900311,485,103,8,0.0,0,0
19900311,485,119,9,0.0,0,0
19900311,485,92,34,0.0,0,0
19900311,485,149,32,0.0,0,0
19900311,485,99,30,0.0,0,0
19900311,485,81,28,0.0,0,0
19900311,485,151,26,0.0,0,0
19900311,485,118,24,0.0,0,0
19900311,485,117,22,0.0,0,0
19900311,485,129,20,0.0,0,0
19900311,485,77,18,0.0,0,0
19900311,485,88,16,0.0,0,0
19900311,485,127,14,0.0,0,0
19900311,485,146,12,0.0,0,0
19900311,485,105,10,0.0,0,0
19900325,486,92,35,0.0,0,0
19900325,486,149,34,0.0,0,0
19900325,486,114,26,0.0,0,0
19900325,486,109,32,0.0,0,0
19900325,486,140,31,0.0,0,0
19900325,486,151,24,0.0,0,0
19900325,486,118,27,0.0,0,0
19900325,486,122,30,0.0,0,0
19900325,486,117,2,9.0,1,0
19900325,486,77,4,6.0,0,0
19900325,486,148,25,0.0,0,0
19900325,486,129,28,0.0,0,0
19900325,486,88,23,0.0,0,0
19900325,486,95,7,3.0,0,0
19900325,486,147,21,0.0,0,0
19900325,486,127,20,0.0,0,0
19900325,486,90,18,0.0,0,0
19900325,486,146,17,0.0,0,0
19900325,486,145,13,0.0,0,0
19900325,486,119,12,0.0,0,0
19900325,486,138,9,1.0,0,0
19900325,486,137,6,4.0,0,0
19900513,487,78,17,0.0,0,0
19900513,487,118,13,0.0,0,0
19900513,487,122,31,0.0,0,0
19900513,487,110,29,0.0,0,0
19900513,487,148,27,0.0,0,0
19900513,487,77,3,12.0,0,0
19900513,487,95,9,3.0,0,0
19900513,487,88,28,0.0,0,0
19900513,487,147,19,0.0,0,0
19900513,487,127,23,0.0,0,0
19900513,487,105,18,0.0,0,0
19900513,487,119,4,9.0,1,0
19900513,487,103,14,0.0,0,0
19900513,487,94,12,0.0,0,0
19900513,487,138,11,1.0,0,0
19900513,487,131,10,2.0,0,0
19900513,487,137,7,6.0,0,0
19900527,488,133,10,2.0,0,0
19900527,488,92,36,0.0,0,0
19900527,488,150,39,0.0,0,0
19900527,488,149,37,0.0,0,0
19900527,488,114,32,0.0,0,0
19900527,488,109,22,0.0,0,0
19900527,488,81,26,0.0,0,0
19900527,488,146,23,0.0,0,0
19900527,488,105,20,0.0,0,0
19900527,488,119,5,9.0,1,0
19900527,488,103,12,1.0,0,0
19900527,488,94,14,0.0,0,0
19900527,488,138,13,1.0,0,0
19900527,488,131,11,2.0,0,0
19900527,488,137,7,6.0,0,0
19900527,488,123,6,9.0,0,0
19900610,489,117,3,14.0,1,0
19900610,489,110,30,0.0,0,0
19900610,489,148,16,0.0,0,0
19900610,489,95,8,7.0,0,0
19900610,489,88,24,0.0,0,0
19900610,489,105,21,0.0,0,0
19900610,489,145,9,4.0,0,0
19900610,489,146,25,0.0,0,0
19900610,489,119,6,9.0,1,0
19900610,489,103,13,1.0,0,0
19900610,489,94,15,0.0,0,0
19900610,489,138,14,1.0,0,0
19900624,490,127,29,0.0,0,0
19900624,490,90,28,0.0,0,0
19900624,490,146,25,0.0,0,0
19900624,490,55,4,13.0,0,0
19900624,490,105,20,0.0,0,0
19900624,490,119,8,9.0,1,0
19900624,490,94,15,0.0,0,0
19900624,490,138,14,1.0,0,0
19900624,490,131,10,2.0,0,0
19900708,491,146,25,0.0,0,0
19900708,491,131,11,2.0,0,0
19900708,491,138,15,1.0,0,0
19900708,491,94,16,0.0,0,0
19900708,491,103,14,1.0,0,0
19900708,491,102,1,35.0,3,0
19900708,491,55,5,13.0,0,0
19900708,491,123,7,11.0,0,0
19900715,492,90,29,0.0,0,0
19900715,492,145,9,7.0,0,0
19900715,492,105,22,0.0,0,0
19900715,492,103,11,4.0,0,0
19900715,492,94,17,0.0,0,0
19900715,492,138,16,1.0,0,0
19900715,492,131,13,2.0,0,0
19900715,492,137,4,18.0,0,0
19900715,492,123,5,17.0,0,0
19900729,493,90,29,0.0,0,0
19900729,493,145,7,13.0,0,0
19900729,493,105,22,0.0,0,0
19900729,493,103,11,4.0,0,0
19900729,493,94,17,0.0,0,0
19900729,493,138,16,1.0,0,0
19900729,493,131,13,2.0,0,0
19900729,493,137,5,18.0,0,0
19900729,493,123,4,18.0,0,0
19900812,494,90,31,0.0,0,0
19900812,494,145,8,13.0,0,0
19900812,494,105,23,0.0,0,0
19900812,494,119,6,15.0,1,0
19900812,494,103,11,5.0,0,0
19900812,494,94,18,0.0,0,0
19900812,494,138,16,1.0,0,0
19900812,494,131,14,2.0,0,0
19900826,495,90,31,0.0,0,0
19900826,495,145,6,16.0,0,0
19900826,495,105,23,0.0,0,0
19900826,495,119,7,15.0,1,0
19900826,495,103,11,5.0,0,0
19900826,495,94,19,0.0,0,0
19900826,495,138,16,1.0,0,0
19900826,495,131,14,2.0,0,0
19900909,496,90,31,0.0,0,0
19900909,496,145,7,16.0,0,0
19900909,496,105,23,0.0,0,0
19900909,496,119,6,17.0,1,0
19900909,496,103,11,5.0,0,0
19900909,496,94,19,0.0,0,0
19900909,496,138,15,2.0,0,0
19900909,496,131,14,2.0,0,0
19900923,497,145,8,17.0,0,0
19900923,497,102,1,78.0,6,0
19900923,497,119,7,17.0,1,0
19900923,497,94,19,0.0,0,0
19900923,497,138,15,2.0,0,0
19900923,497,131,14,2.0,0,0
19900923,497,137,5,26.0,0,0
19900923,497,123,4,27.0,1,0
19900930,498,90,32,0.0,0,0
19900930,498,145,7,21.0,0,0
19900930,498,105,23,0.0,0,0
19900930,498,119,8,19.0,1,0
19900930,498,103,11,5.0,0,0
19900930,498,94,19,0.0,0,0
19900930,498,138,16,2.0,0,0
19900930,498,131,14,2.0,0,0
19901021,499,102,1,78.0,6,0
19901021,499,145,8,21.0,0,0
19901021,499,119,7,22.0,1,0
19901021,499,103,13,5.0,0,0
19901021,499,94,21,0.0,0,0
19901021,499,138,15,3.0,0,0
19901104,500,102,1,78.0,6,1
19901104,500,105,24,0.0,0,1
19901104,500,103,13,5.0,0,1
19901104,500,94,21,0.0,0,1
19901104,500,138,15,3.0,0,1
19901104,500,131,17,2.0,0,1
19901104,500,137,3,43.0,2,1
19900311,485,140,27,0.0,0,0
19900311,485,138,6,1.0,0,0
19900311,485,131,5,2.0,0,0
19900311,485,137,4,3.0,0,0
19900311,485,123,3,4.0,0,0
19900311,485,55,2,6.0,0,0
19900311,485,102,1,9.0,1,0
19900325,486,123,5,6.0,0,0
19900325,486,55,3,6.0,0,0
19900325,486,102,1,13.0,1,0
19900513,487,123,6,6.0,0,0
19900513,487,55,5,7.0,0,0
19900527,488,145,8,4.0,0,0
19900527,488,102,1,22.0,2,0
19900527,488,55,3,13.0,0,0
19900610,489,137,5,12.0,0,0
19900610,489,102,1,31.0,3,0
19900624,490,137,6,13.0,0,0
19900624,490,123,7,11.0,0,0
19900624,490,102,1,31.0,3,0
19900708,491,105,21,0.0,0,0
19900708,491,119,8,10.0,1,0
19900708,491,137,4,16.0,0,0
19900715,492,102,2,39.0,3,0
19900729,493,102,1,48.0,4,0
19900812,494,137,5,22.0,0,0
19900812,494,55,7,13.0,0,0
19900812,494,102,1,54.0,4,0
19900826,495,137,5,24.0,0,0
19900826,495,55,8,13.0,0,0
19900826,495,102,1,63.0,5,0
19900909,496,137,5,24.0,0,0
19900909,496,55,9,13.0,0,0
19900909,496,102,1,72.0,6,0
19900923,497,103,11,5.0,0,0
19900923,497,55,9,13.0,0,0
19900930,498,137,6,26.0,0,0
19900930,498,55,9,13.0,0,0
19900930,498,102,1,78.0,6,0
19901021,499,131,17,2.0,0,0
19901021,499,137,4,35.0,1,0
19901021,499,55,9,13.0,0,0
19901104,500,123,6,34.0,1,1
19901104,500,55,9,13.0,0,1
19900325,486,150,36,0.0,0,0
19900325,486,99,33,0.0,0,0
19900325,486,78,15,0.0,0,0
19900325,486,110,29,0.0,0,0
19900513,487,145,8,4.0,0,0
19900513,487,146,21,0.0,0,0
19900513,487,90,22,0.0,0,0
19900527,488,112,18,0.0,0,0
19900527,488,99,35,0.0,0,0
19900610,489,129,26,0.0,0,0
19900610,489,77,2,19.0,0,0
19900610,489,131,10,2.0,0,0
19900708,491,129,26,0.0,0,0
19900708,491,122,10,6.0,0,0
19900715,492,133,12,2.0,0,0
19900715,492,55,6,13.0,0,0
19900729,493,133,12,2.0,0,0
19900729,493,55,6,13.0,0,0
19901021,499,147,28,0.0,0,0
19901021,499,105,24,0.0,0,0
19901104,500,119,7,23.0,1,1
19910310,501,128,34,0.0,0,0
19910310,501,142,32,0.0,0,0
19910310,501,141,30,0.0,0,0
19910310,501,140,28,0.0,0,0
19910310,501,103,26,0.0,0,0
19910310,501,81,24,0.0,0,0
19910310,501,87,22,0.0,0,0
19910310,501,95,20,0.0,0,0
19910310,501,123,18,0.0,0,0
19910310,501,105,16,0.0,0,0
19910310,501,119,14,0.0,0,0
19910310,501,55,12,0.0,0,0
19910310,501,92,10,0.0,0,0
19910310,501,99,8,0.0,0,0
19910310,501,129,33,0.0,0,0
19910310,501,110,31,0.0,0,0
19910310,501,100,29,0.0,0,0
19910310,501,133,27,0.0,0,0
19910310,501,109,25,0.0,0,0
19910310,501,139,23,0.0,0,0
19910310,501,127,21,0.0,0,0
19910310,501,77,19,0.0,0,0
19910310,501,122,17,0.0,0,0
19910310,501,90,15,0.0,0,0
19910310,501,57,13,0.0,0,0
19910310,501,84,11,0.0,0,0
19910310,501,94,9,0.0,0,0
19910310,501,78,7,0.0,0,0
19910310,501,88,6,1.0,0,0
19910310,501,138,5,2.0,0,0
19910310,501,131,4,3.0,0,0
19910310,501,137,3,4.0,0,0
19910310,501,117,2,6.0,0,0
19910310,501,102,1,10.0,1,0
19910324,502,77,5,4.0,0,0
19910324,502,123,17,0.0,0,0
19910324,502,122,24,0.0,0,0
19910324,502,105,22,0.0,0,0
19910324,502,90,10,0.0,0,0
19910324,502,119,3,6.0,0,0
19910324,502,57,14,0.0,0,0
19910324,502,84,18,0.0,0,0
19910324,502,94,15,0.0,0,0
19910324,502,78,11,0.0,0,0
19910324,502,88,9,1.0,0,0
19910324,502,138,7,2.0,0,0
19910324,502,137,4,6.0,0,0
19910324,502,55,8,1.0,0,0
19910324,502,131,6,3.0,0,0
19910324,502,92,16,0.0,0,0
19910324,502,99,13,0.0,0,0
19910324,502,117,2,9.0,0,0
19910324,502,102,1,20.0,2,0
19910428,503,55,11,1.0,0,0
19910428,503,84,23,0.0,0,0
19910428,503,99,19,0.0,0,0
19910428,503,78,16,0.0,0,0
19910428,503,88,12,1.0,0,0
19910428,503,138,10,2.0,0,0
19910428,503,131,8,3.0,0,0
19910428,503,117,3,9.0,0,0
19910428,503,137,5,6.0,0,0
19910428,503,92,21,0.0,0,0
19910428,503,94,7,3.0,0,0
19910428,503,102,1,30.0,3,0
19910512,504,94,10,3.0,0,0
19910512,504,99,22,0.0,0,0
19910512,504,138,13,2.0,0,0
19910512,504,131,11,3.0,0,0
19910512,504,117,2,11.0,0,0
19910512,504,142,35,0.0,0,0
19910512,504,78,18,0.0,0,0
19910512,504,137,6,6.0,0,0
19910512,504,88,15,1.0,0,0
19910512,504,102,1,40.0,4,0
19910602,505,92,13,2.0,0,0
19910602,505,94,10,3.0,0,0
19910602,505,78,20,0.0,0,0
19910602,505,138,15,2.0,0,0
19910602,505,117,3,11.0,0,0
19910602,505,88,17,1.0,0,0
19910602,505,99,24,0.0,0,0
19910602,505,131,6,9.0,0,0
19910602,505,137,2,16.0,1,0
19910602,505,102,1,40.0,4,0
19910616,506,99,25,0.0,0,0
19910616,506,88,18,1.0,0,0
19910616,506,138,15,2.0,0,0
19910616,506,131,7,9.0,0,0
19910616,506,117,5,11.0,0,0
19910616,506,110,8,6.0,0,0
19910616,506,78,22,0.0,0,0
19910616,506,102,1,44.0,4,0
19910616,506,137,3,16.0,1,0
19910707,507,94,12,3.0,0,0
19910707,507,78,23,0.0,0,0
19910707,507,88,18,1.0,0,0
19910707,507,138,15,2.0,0,0
19910707,507,131,7,9.0,0,0
19910707,507,117,4,17.0,0,0
19910707,507,142,36,0.0,0,0
19910707,507,99,26,0.0,0,0
19910707,507,102,1,48.0,4,0
19910707,507,137,5,16.0,1,0
19910714,508,94,12,3.0,0,0
19910714,508,78,23,0.0,0,0
19910714,508,88,18,1.0,0,0
19910714,508,138,14,2.0,0,0
19910714,508,131,7,9.0,0,0
19910714,508,117,4,21.0,0,0
19910714,508,142,36,0.0,0,0
19910714,508,99,26,0.0,0,0
19910714,508,102,1,51.0,4,0
19910714,508,137,5,18.0,1,0
19910728,509,94,13,3.0,0,0
19910728,509,78,23,0.0,0,0
19910728,509,88,18,1.0,0,0
19910728,509,138,14,2.0,0,0
19910728,509,131,8,9.0,0,0
19910728,509,117,4,21.0,0,0
19910728,509,99,26,0.0,0,0
19910728,509,129,32,0.0,0,0
19910728,509,92,12,4.0,0,0
19910728,509,137,6,18.0,1,0
19910728,509,102,1,51.0,4,0
19910811,510,94,13,3.0,0,0
19910811,510,78,24,0.0,0,0
19910811,510,88,19,1.0,0,0
19910811,510,138,14,2.0,0,0
19910811,510,131,8,9.0,0,0
19910811,510,117,5,21.0,0,0
19910811,510,99,27,0.0,0,0
19910811,510,142,37,0.0,0,0
19910811,510,103,17,1.0,0,0
19910811,510,137,6,18.0,1,0
19910811,510,102,1,61.0,5,0
19910825,511,78,26,0.0,0,0
19910825,511,88,20,1.0,0,0
19910825,511,138,14,2.0,0,0
19910825,511,131,8,9.0,0,0
19910825,511,117,6,21.0,0,0
19910825,511,129,31,0.0,0,0
19910825,511,110,9,9.0,0,0
19910825,511,81,23,0.0,0,0
19910825,511,102,1,71.0,6,0
19910825,511,137,5,22.0,1,0
19910908,512,78,27,0.0,0,0
19910908,512,88,21,1.0,0,0
19910908,512,138,14,2.0,0,0
19910908,512,117,5,25.0,0,0
19910908,512,129,32,0.0,0,0
19910908,512,102,1,77.0,6,0
19910908,512,81,24,0.0,0,0
19910908,512,131,8,9.0,0,0
19910908,512,137,6,23.0,1,0
19910922,513,88,21,1.0,0,0
19910922,513,138,15,2.0,0,0
19910922,513,117,6,25.0,0,0
19910922,513,110,9,9.0,0,0
19910922,513,102,1,83.0,6,0
19910922,513,139,17,1.0,0,0
19910922,513,131,8,9.0,0,0
19910922,513,137,5,25.0,1,0
19910929,514,78,27,0.0,0,0
19910929,514,131,8,9.0,0,0
19910929,514,117,4,31.0,0,0
19910929,514,129,33,0.0,0,0
19910929,514,137,6,25.0,1,0
19910929,514,81,25,0.0,0,0
19910929,514,88,21,1.0,0,0
19910929,514,102,1,85.0,6,0
19910929,514,138,15,2.0,0,0
19911020,515,78,28,0.0,0,0
19911020,515,88,22,1.0,0,0
19911020,515,138,15,2.0,0,0
19911020,515,131,8,10.0,0,0
19911020,515,137,6,25.0,1,0
19911020,515,133,34,0.0,0,0
19911020,515,128,32,0.0,0,0
19911020,515,81,26,0.0,0,0
19911020,515,117,5,34.0,0,0
19911020,515,102,1,91.0,6,0
19911103,516,88,22,1.0,0,1
19911103,516,138,15,2.0,0,1
19911103,516,131,8,10.0,0,1
19911103,516,137,6,26.5,1,1
19911103,516,81,24,0.5,0,1
19911103,516,110,9,9.0,0,1
19911103,516,117,5,34.0,0,1
19911103,516,102,1,96.0,7,1
20090405,805,1,10,1.0,0,0
20090419,806,10,4,10.0,0,0
20090419,806,5,9,4.0,0,0
20090419,806,1,10,4.0,0,0
20090419,806,6,18,0.0,0,0
20090419,806,12,20,0.0,0,0
20090419,806,13,15,0.0,0,0
20090419,806,8,16,0.0,0,0
20090419,806,9,19,0.0,0,0
20090419,806,20,3,10.0,1,0
20090419,806,67,12,3.0,0,0
20090419,806,7,13,1.0,0,0
20090419,806,16,14,0.0,0,0
20090419,806,2,7,4.0,0,0
20090419,806,21,17,0.0,0,0
20090419,806,17,5,9.5,0,0
20090419,806,3,11,3.5,0,0
20090419,806,4,8,4.0,0,0
20090419,806,15,6,8.5,0,0
20090419,806,18,1,21.0,2,0
20090419,806,22,2,15.0,0,0
20090426,807,5,10,4.0,0,0
20090426,807,6,19,0.0,0,0
20090426,807,12,17,0.0,0,0
20090426,807,13,15,0.0,0,0
20090426,807,8,12,3.0,0,0
20090426,807,9,20,0.0,0,0
20090426,807,20,3,18.0,1,0
20090426,807,21,18,0.0,0,0
20090426,807,2,9,4.0,0,0
20090426,807,16,16,0.0,0,0
20090426,807,7,14,1.0,0,0
20090426,807,67,13,3.0,0,0
20090426,807,3,11,3.5,0,0
20090426,807,10,5,12.0,0,0
20090426,807,22,2,19.0,0,0
20090426,807,1,7,9.0,0,0
20090426,807,17,6,9.5,0,0
20090426,807,18,1,31.0,3,0
20090426,807,15,4,14.5,0,0
20090426,807,4,8,5.0,0,0
20090510,808,18,1,41.0,4,0
20090510,808,22,2,27.0,0,0
20090510,808,15,5,14.5,0,0
20090510,808,10,6,12.0,0,0
20090510,808,4,8,9.0,0,0
20090510,808,3,10,4.5,0,0
20090510,808,67,14,3.0,0,0
20090510,808,7,15,1.0,0,0
20090510,808,16,16,0.0,0,0
20090510,808,2,9,6.0,0,0
20090510,808,21,19,0.0,0,0
20090510,808,17,4,15.5,0,0
20090510,808,20,3,23.0,1,0
20090510,808,9,18,0.0,0,0
20090510,808,8,13,3.0,0,0
20090510,808,13,12,3.0,0,0
20090510,808,12,17,0.0,0,0
20090510,808,6,20,0.0,0,0
20090510,808,5,11,4.0,0,0
20090510,808,1,7,9.0,0,0
20090524,809,13,10,8.0,0,0
20090524,809,12,18,0.0,0,0
20090524,809,1,9,9.0,0,0
20090524,809,18,1,51.0,5,0
20090524,809,5,13,4.0,0,0
20090524,809,6,20,0.0,0,0
20090524,809,8,8,9.0,0,0
20090524,809,9,19,0.0,0,0
20090524,809,20,3,23.0,1,0
20090524,809,17,4,19.5,0,0
20090524,809,21,16,0.0,0,0
20090524,809,2,12,6.0,0,0
20090524,809,16,17,0.0,0,0
20090524,809,7,15,2.0,0,0
20090524,809,3,11,7.5,0,0
20090524,809,67,14,3.0,0,0
20090524,809,4,7,11.0,0,0
20090524,809,10,6,12.0,0,0
20090524,809,15,5,14.5,0,0
20090524,809,22,2,35.0,0,0
20090607,810,1,11,9.0,0,0
20090607,810,5,13,4.0,0,0
20090607,810,6,20,0.0,0,0
20090607,810,12,19,0.0,0,0
20090607,810,8,10,9.0,0,0
20090607,810,9,15,2.0,0,0
20090607,810,17,4,27.5,0,0
20090607,810,2,12,6.0,0,0
20090607,810,7,16,2.0,0,0
20090607,810,10,6,13.0,0,0
20090607,810,22,2,35.0,0,0
20090607,810,20,3,29.0,1,0
20090607,810,67,14,3.0,0,0
20090607,810,16,18,0.0,0,0
20090607,810,18,1,61.0,6,0
20090607,810,15,5,19.5,0,0
20090607,810,21,17,0.0,0,0
20090607,810,13,8,11.0,0,0
20090607,810,3,7,11.5,0,0
20090607,810,4,9,11.0,0,0
20090621,811,1,11,9.0,0,0
20090621,811,5,13,4.0,0,0
20090621,811,6,20,0.0,0,0
20090621,811,12,19,0.0,0,0
20090621,811,8,10,10.0,0,0
20090621,811,9,15,2.0,0,0
20090621,811,17,4,35.5,0,0
20090621,811,2,12,6.0,0,0
20090621,811,7,16,2.0,0,0
20090621,811,10,8,13.0,0,0
20090621,811,22,2,41.0,0,0
20090621,811,20,3,39.0,2,0
20090621,811,67,14,3.0,0,0
20090621,811,16,18,0.0,0,0
20090621,811,18,1,64.0,6,0
20090621,811,15,5,21.5,0,0
20090621,811,21,17,0.0,0,0
20090621,811,13,6,16.0,0,0
20090621,811,3,7,15.5,0,0
20090621,811,4,9,11.0,0,0
20090712,812,18,1,68.0,6,0
20090712,812,22,4,44.0,0,0
20090712,812,15,6,21.5,0,0
20090712,812,10,8,13.0,0,0
20090712,812,4,9,13.0,0,0
20090712,812,3,7,20.5,0,0
20090712,812,67,14,3.0,0,0
20090712,812,7,16,2.0,0,0
20090712,812,16,18,0.0,0,0
20090712,812,2,12,6.0,0,0
20090712,812,21,17,0.0,0,0
20090712,812,17,3,45.5,1,0
20090712,812,20,2,47.0,2,0
20090712,812,9,15,2.0,0,0
20090712,812,8,10,10.0,0,0
20090712,812,13,5,22.0,0,0
20090712,812,12,19,0.0,0,0
20090712,812,6,20,0.0,0,0
20090712,812,5,13,5.0,0,0
20090712,812,1,11,9.0,0,0
20090726,813,18,1,70.0,6,0
20090726,813,22,4,44.0,0,0
20090726,813,15,6,22.5,0,0
20090726,813,10,10,16.0,0,0
20090726,813,4,11,13.0,0,0
20090726,813,3,5,25.5,0,0
20090726,813,67,14,3.0,0,0
20090726,813,7,16,2.0,0,0
20090726,813,16,19,0.0,0,0
20090726,813,2,13,6.0,0,0
20090726,813,21,17,0.0,0,0
20090726,813,17,2,51.5,1,0
20090726,813,20,3,47.0,2,0
20090726,813,9,15,2.0,0,0
20090726,813,8,9,18.0,0,0
20090726,813,13,7,22.0,0,0
20090726,813,12,20,0.0,0,0
20090726,813,6,18,0.0,0,0
20090726,813,5,12,9.0,0,0
20090726,813,1,8,19.0,1,0
20090726,813,153,21,0.0,0,0
20090823,814,18,1,72.0,6,0
20090823,814,22,2,54.0,1,0
20090823,814,15,8,22.5,0,0
20090823,814,10,10,16.0,0,0
20090823,814,4,11,16.0,0,0
20090823,814,3,5,29.5,0,0
20090823,814,67,15,3.0,0,0
20090823,814,7,16,2.0,0,0
20090823,814,16,18,0.0,0,0
20090823,814,2,13,6.0,0,0
20090823,814,21,17,0.0,0,0
20090823,814,17,3,51.5,1,0
20090823,814,20,4,47.0,2,0
20090823,814,9,14,3.0,0,0
20090823,814,8,7,24.0,0,0
20090823,814,13,9,22.0,0,0
20090823,814,12,20,0.0,0,0
20090823,814,6,19,0.0,0,0
20090823,814,5,12,14.0,0,0
20090823,814,1,6,27.0,1,0
20090823,814,153,21,0.0,0,0
20090823,814,154,22,0.0,0,0
20090823,814,69,23,0.0,0,0
20090830,815,18,1,72.0,6,0
20090830,815,22,2,56.0,1,0
20090830,815,15,8,22.5,0,0
20090830,815,10,11,16.0,0,0
20090830,815,4,12,16.0,0,0
20090830,815,3,6,30.5,0,0
20090830,815,67,16,3.0,0,0
20090830,815,7,17,2.0,0,0
20090830,815,16,18,0.0,0,0
20090830,815,2,13,10.0,0,0
20090830,815,21,14,8.0,0,0
20090830,815,17,4,51.5,1,0
20090830,815,20,3,53.0,2,0
20090830,815,9,15,8.0,0,0
20090830,815,8,5,34.0,1,0
20090830,815,13,9,22.0,0,0
20090830,815,12,20,0.0,0,0
20090830,815,6,19,0.0,0,0
20090830,815,5,10,17.0,0,0
20090830,815,1,7,27.0,1,0
20090830,815,153,22,0.0,0,0
20090830,815,154,23,0.0,0,0
20090830,815,69,21,0.0,0,0
20090913,816,18,1,80.0,6,0
20090913,816,22,2,66.0,2,0
20090913,816,15,8,22.5,0,0
20090913,816,10,12,16.0,0,0
20090913,816,4,11,20.0,0,0
20090913,816,3,6,30.5,0,0
20090913,816,67,17,3.0,0,0
20090913,816,7,18,2.0,0,0
20090913,816,16,16,5.0,0,0
20090913,816,2,13,12.0,0,0
20090913,816,21,14,8.0,0,0
20090913,816,17,4,51.5,1,0
20090913,816,20,3,54.0,2,0
20090913,816,9,15,8.0,0,0
20090913,816,8,5,40.0,1,0
20090913,816,13,9,22.0,0,0
20090913,816,12,20,0.0,0,0
20090913,816,6,19,0.0,0,0
20090913,816,5,10,20.0,0,0
20090913,816,1,7,27.0,1,0
20090913,816,153,23,0.0,0,0
20090913,816,154,22,0.0,0,0
20090913,816,69,21,0.0,0,0
20090913,816,24,24,0.0,0,0
20090927,817,18,1,84.0,6,0
20090927,817,22,2,69.0,2,0
20090927,817,15,10,22.5,0,0
20090927,817,10,9,24.0,0,0
20090927,817,4,8,26.0,0,0
20090927,817,3,7,30.5,0,0
20090927,817,67,17,3.0,0,0
20090927,817,7,18,2.0,0,0
20090927,817,16,16,5.0,0,0
20090927,817,2,13,12.0,0,0
20090927,817,21,15,8.0,0,0
20090927,817,17,4,51.5,1,0
20090927,817,20,3,59.0,2,0
20090927,817,9,14,9.0,0,0
20090927,817,8,5,40.0,1,0
20090927,817,13,11,22.0,0,0
20090927,817,12,20,0.0,0,0
20090927,817,6,19,0.0,0,0
20090927,817,5,12,22.0,0,0
20090927,817,1,6,37.0,2,0
20090927,817,153,24,0.0,0,0
20090927,817,154,23,0.0,0,0
20090927,817,69,21,0.0,0,0
20090927,817,24,22,0.0,0,0
20091004,818,24,21,0.0,0,0
20091004,818,69,22,0.0,0,0
20091004,818,154,23,0.0,0,0
20091004,818,153,24,0.0,0,0
20091004,818,1,6,43.0,2,0
20091004,818,5,12,22.0,0,0
20091004,818,6,19,0.0,0,0
20091004,818,12,20,0.0,0,0
20091004,818,8,5,45.0,1,0
20091004,818,2,13,15.0,0,0
20091004,818,7,18,2.0,0,0
20091004,818,3,7,34.5,0,0
20091004,818,4,9,26.0,0,0
20091004,818,10,10,24.0,0,0
20091004,818,15,8,30.5,0,0
20091004,818,13,11,22.0,0,0
20091004,818,17,4,51.5,1,0
20091004,818,21,15,8.0,0,0
20091004,818,67,17,3.0,0,0
20091004,818,20,3,69.0,3,0
20091004,818,9,14,9.0,0,0
20091004,818,16,16,5.0,0,0
20091004,818,18,1,85.0,6,0
20091004,818,22,2,71.0,2,0
20091018,819,18,1,89.0,6,0
20091018,819,22,3,72.0,2,0
20091018,819,15,8,30.5,0,0
20091018,819,10,10,24.0,0,0
20091018,819,4,9,26.0,0,0
20091018,819,3,7,34.5,0,0
20091018,819,67,17,5.0,0,0
20091018,819,7,18,2.0,0,0
20091018,819,16,16,5.0,0,0
20091018,819,2,14,15.0,0,0
20091018,819,21,15,8.0,0,0
20091018,819,17,4,61.5,2,0
20091018,819,20,2,74.0,3,0
20091018,819,9,13,17.0,0,0
20091018,819,8,6,48.0,1,0
20091018,819,13,11,22.0,0,0
20091018,819,12,20,0.0,0,0
20091018,819,6,19,0.0,0,0
20091018,819,5,12,22.0,0,0
20091018,819,1,5,49.0,2,0
20091018,819,153,24,0.0,0,0
20091018,819,154,23,0.0,0,0
20091018,819,69,25,0.0,0,0
20091018,819,24,22,0.0,0,0
20091018,819,155,21,0.0,0,0
19890326,469,95,1,9.0,1,0
19890326,469,117,2,6.0,0,0
19890326,469,127,3,4.0,0,0
19890326,469,65,4,3.0,0,0
19890326,469,118,5,2.0,0,0
19890326,469,145,6,1.0,0,0
19890326,469,156,7,0.0,0,0
19890326,469,138,8,0.0,0,0
19890326,469,129,9,0.0,0,0
19890326,469,105,10,0.0,0,0
19890326,469,102,11,0.0,0,0
19890326,469,112,12,0.0,0,0
19890326,469,110,13,0.0,0,0
19890326,469,157,14,0.0,0,0
19890326,469,119,15,0.0,0,0
19890326,469,158,16,0.0,0,0
19890326,469,146,17,0.0,0,0
19890326,469,84,18,0.0,0,0
19890326,469,122,19,0.0,0,0
19890326,469,137,20,0.0,0,0
19890326,469,131,21,0.0,0,0
19890326,469,123,22,0.0,0,0
19890326,469,94,23,0.0,0,0
19890326,469,77,24,0.0,0,0
19890326,469,159,25,0.0,0,0
19890326,469,114,26,0.0,0,0
19890326,469,163,27,0.0,0,0
19890326,469,148,28,0.0,0,0
19890326,469,90,29,0.0,0,0
19890326,469,133,30,0.0,0,0
19890326,469,160,31,0.0,0,0
19890326,469,161,32,0.0,0,0
19890326,469,162,33,0.0,0,0
19890326,469,164,34,0.0,0,0
19890326,469,88,35,0.0,0,0
19890326,469,140,36,0.0,0,0
19890326,469,92,37,0.0,0,0
19890423,470,95,3,9.0,1,0
19890423,470,117,1,12.0,0,0
19890423,470,127,5,4.0,0,0
19890423,470,65,7,3.0,0,0
19890423,470,118,6,4.0,0,0
19890423,470,145,4,5.0,0,0
19890423,470,156,9,1.0,0,0
19890423,470,138,11,0.0,0,0
19890423,470,129,14,0.0,0,0
19890423,470,105,16,0.0,0,0
19890423,470,102,2,9.0,1,0
19890423,470,112,17,0.0,0,0
19890423,470,110,15,0.0,0,0
19890423,470,157,19,0.0,0,0
19890423,470,119,20,0.0,0,0
19890423,470,158,13,0.0,0,0
19890423,470,146,24,0.0,0,0
19890423,470,84,21,0.0,0,0
19890423,470,122,25,0.0,0,0
19890423,470,137,23,0.0,0,0
19890423,470,131,26,0.0,0,0
19890423,470,123,8,3.0,0,0
19890423,470,94,27,0.0,0,0
19890423,470,77,28,0.0,0,0
19890423,470,159,22,0.0,0,0
19890423,470,114,29,0.0,0,0
19890423,470,163,30,0.0,0,0
19890423,470,148,31,0.0,0,0
19890423,470,90,32,0.0,0,0
19890423,470,133,10,0.0,0,0
19890423,470,160,34,0.0,0,0
19890423,470,161,35,0.0,0,0
19890423,470,162,36,0.0,0,0
19890423,470,164,38,0.0,0,0
19890423,470,88,39,0.0,0,0
19890423,470,140,37,0.0,0,0
19890423,470,92,33,0.0,0,0
19890423,470,99,12,0.0,0,0
19890423,470,78,18,0.0,0,0
19890507,471,95,3,9.0,1,0
19890507,471,117,2,18.0,0,0
19890507,471,127,5,4.0,0,0
19890507,471,65,10,3.0,0,0
19890507,471,118,7,4.0,0,0
19890507,471,145,4,5.0,0,0
19890507,471,156,12,1.0,0,0
19890507,471,138,15,0.0,0,0
19890507,471,129,17,0.0,0,0
19890507,471,105,11,2.0,0,0
19890507,471,102,1,18.0,2,0
19890507,471,112,20,0.0,0,0
19890507,471,110,18,0.0,0,0
19890507,471,157,23,0.0,0,0
19890507,471,119,24,0.0,0,0
19890507,471,158,14,0.0,0,0
19890507,471,146,27,0.0,0,0
19890507,471,84,13,1.0,0,0
19890507,471,122,19,0.0,0,0
19890507,471,137,26,0.0,0,0
19890507,471,131,6,4.0,0,0
19890507,471,123,9,3.0,0,0
19890507,471,94,29,0.0,0,0
19890507,471,77,30,0.0,0,0
19890507,471,159,25,0.0,0,0
19890507,471,114,32,0.0,0,0
19890507,471,163,21,0.0,0,0
19890507,471,148,33,0.0,0,0
19890507,471,90,28,0.0,0,0
19890507,471,133,8,3.0,0,0
19890507,471,160,34,0.0,0,0
19890507,471,161,37,0.0,0,0
19890507,471,162,31,0.0,0,0
19890507,471,164,38,0.0,0,0
19890507,471,88,39,0.0,0,0
19890507,471,140,35,0.0,0,0
19890507,471,92,36,0.0,0,0
19890507,471,99,16,0.0,0,0
19890507,471,78,22,0.0,0,0
19890528,472,95,3,9.0,1,0
19890528,472,117,2,20.0,0,0
19890528,472,127,8,4.0,0,0
19890528,472,65,12,3.0,0,0
19890528,472,118,9,4.0,0,0
19890528,472,145,4,8.0,0,0
19890528,472,156,13,1.0,0,0
19890528,472,138,18,0.0,0,0
19890528,472,129,17,0.0,0,0
19890528,472,105,6,6.0,0,0
19890528,472,102,1,27.0,3,0
19890528,472,112,24,0.0,0,0
19890528,472,110,19,0.0,0,0
19890528,472,157,22,0.0,0,0
19890528,472,119,5,6.0,0,0
19890528,472,158,16,0.0,0,0
19890528,472,146,28,0.0,0,0
19890528,472,84,15,1.0,0,0
19890528,472,122,21,0.0,0,0
19890528,472,137,20,0.0,0,0
19890528,472,131,7,4.0,0,0
19890528,472,123,11,3.0,0,0
19890528,472,94,27,0.0,0,0
19890528,472,77,30,0.0,0,0
19890528,472,159,26,0.0,0,0
19890528,472,114,33,0.0,0,0
19890528,472,163,23,0.0,0,0
19890528,472,148,34,0.0,0,0
19890528,472,90,29,0.0,0,0
19890528,472,133,10,3.0,0,0
19890528,472,160,35,0.0,0,0
19890528,472,161,37,0.0,0,0
19890528,472,162,32,0.0,0,0
19890528,472,164,38,0.0,0,0
19890528,472,88,39,0.0,0,0
19890528,472,140,31,0.0,0,0
19890528,472,92,36,0.0,0,0
19890528,472,99,14,1.0,0,0
19890528,472,78,25,0.0,0,0
19890604,473,95,4,9.0,1,0
19890604,473,117,1,29.0,1,0
19890604,473,127,10,4.0,0,0
19890604,473,65,7,5.0,0,0
19890604,473,118,12,4.0,0,0
19890604,473,145,5,8.0,0,0
19890604,473,156,16,1.0,0,0
19890604,473,138,20,0.0,0,0
19890604,473,129,18,0.0,0,0
19890604,473,105,6,6.0,0,0
19890604,473,102,2,27.0,3,0
19890604,473,112,24,0.0,0,0
19890604,473,110,19,0.0,0,0
19890604,473,157,14,3.0,0,0
19890604,473,119,3,12.0,0,0
19890604,473,158,8,4.0,0,0
19890604,473,146,30,0.0,0,0
19890604,473,84,17,1.0,0,0
19890604,473,122,22,0.0,0,0
19890604,473,137,21,0.0,0,0
19890604,473,131,9,4.0,0,0
19890604,473,123,11,4.0,0,0
19890604,473,94,29,0.0,0,0
19890604,473,77,26,0.0,0,0
19890604,473,159,28,0.0,0,0
19890604,473,114,33,0.0,0,0
19890604,473,163,23,0.0,0,0
19890604,473,148,34,0.0,0,0
19890604,473,90,31,0.0,0,0
19890604,473,133,13,3.0,0,0
19890604,473,160,35,0.0,0,0
19890604,473,161,37,0.0,0,0
19890604,473,162,32,0.0,0,0
19890604,473,164,38,0.0,0,0
19890604,473,88,39,0.0,0,0
19890604,473,140,27,0.0,0,0
19890604,473,92,36,0.0,0,0
19890604,473,99,15,1.0,0,0
19890604,473,78,25,0.0,0,0
19890618,474,95,5,9.0,1,0
19890618,474,117,1,29.0,1,0
19890618,474,127,12,4.0,0,0
19890618,474,65,8,5.0,0,0
19890618,474,118,14,4.0,0,0
19890618,474,145,6,8.0,0,0
19890618,474,156,19,1.0,0,0
19890618,474,138,22,0.0,0,0
19890618,474,129,21,0.0,0,0
19890618,474,105,7,6.0,0,0
19890618,474,102,2,27.0,3,0
19890618,474,112,25,0.0,0,0
19890618,474,110,10,4.0,0,0
19890618,474,157,15,3.0,0,0
19890618,474,119,3,18.0,0,0
19890618,474,158,9,4.0,0,0
19890618,474,146,31,0.0,0,0
19890618,474,84,20,1.0,0,0
19890618,474,122,23,0.0,0,0
19890618,474,137,16,3.0,0,0
19890618,474,131,11,4.0,0,0
19890618,474,123,4,13.0,1,0
19890618,474,94,30,0.0,0,0
19890618,474,77,27,0.0,0,0
19890618,474,159,29,0.0,0,0
19890618,474,114,33,0.0,0,0
19890618,474,163,17,2.0,0,0
19890618,474,148,34,0.0,0,0
19890618,474,90,26,0.0,0,0
19890618,474,133,13,4.0,0,0
19890618,474,160,35,0.0,0,0
19890618,474,161,37,0.0,0,0
19890618,474,162,32,0.0,0,0
19890618,474,164,38,0.0,0,0
19890618,474,88,39,0.0,0,0
19890618,474,140,28,0.0,0,0
19890618,474,92,36,0.0,0,0
19890618,474,99,18,1.0,0,0
19890618,474,78,24,0.0,0,0
19890709,475,95,4,15.0,1,0
19890709,475,117,1,38.0,2,0
19890709,475,127,12,4.0,0,0
19890709,475,65,8,5.0,0,0
19890709,475,118,14,4.0,0,0
19890709,475,145,6,8.0,0,0
19890709,475,156,21,1.0,0,0
19890709,475,138,24,0.0,0,0
19890709,475,129,22,1.0,0,0
19890709,475,105,7,6.0,0,0
19890709,475,102,2,27.0,3,0
19890709,475,112,29,0.0,0,0
19890709,475,110,10,4.0,0,0
19890709,475,157,16,3.0,0,0
19890709,475,119,3,22.0,0,0
19890709,475,158,9,4.0,0,0
19890709,475,146,36,0.0,0,0
19890709,475,84,23,1.0,0,0
19890709,475,122,26,0.0,0,0
19890709,475,137,15,3.0,0,0
19890709,475,131,11,4.0,0,0
19890709,475,123,5,13.0,1,0
19890709,475,94,35,0.0,0,0
19890709,475,77,33,0.0,0,0
19890709,475,159,34,0.0,0,0
19890709,475,114,38,0.0,0,0
19890709,475,163,18,2.0,0,0
19890709,475,148,39,0.0,0,0
19890709,475,90,32,0.0,0,0
19890709,475,133,13,4.0,0,0
19890709,475,160,40,0.0,0,0
19890709,475,161,41,0.0,0,0
19890709,475,162,37,0.0,0,0
19890709,475,164,42,0.0,0,0
19890709,475,88,43,0.0,0,0
19890709,475,140,19,2.0,0,0
19890709,475,92,31,0.0,0,0
19890709,475,99,20,1.0,0,0
19890709,475,78,28,0.0,0,0
19890709,475,55,17,3.0,0,0
19890709,475,139,25,0.0,0,0
19890709,475,103,27,0.0,0,0
19890709,475,151,30,0.0,0,0
19890716,476,95,4,21.0,1,0
19890716,476,117,1,47.0,3,0
19890716,476,127,13,4.0,0,0
19890716,476,65,9,5.0,0,0
19890716,476,118,15,4.0,0,0
19890716,476,145,6,12.0,0,0
19890716,476,156,23,1.0,0,0
19890716,476,138,26,0.0,0,0
19890716,476,129,21,1.0,0,0
19890716,476,105,7,6.0,0,0
19890716,476,102,2,27.0,3,0
19890716,476,112,32,0.0,0,0
19890716,476,110,11,4.0,0,0
19890716,476,157,16,3.0,0,0
19890716,476,119,3,22.0,0,0
19890716,476,158,10,4.0,0,0
19890716,476,146,36,0.0,0,0
19890716,476,84,24,1.0,0,0
19890716,476,122,28,0.0,0,0
19890716,476,137,8,6.0,0,0
19890716,476,131,12,4.0,0,0
19890716,476,123,5,13.0,1,0
19890716,476,94,20,2.0,0,0
19890716,476,77,35,0.0,0,0
19890716,476,159,25,1.0,0,0
19890716,476,114,38,0.0,0,0
19890716,476,163,18,2.0,0,0
19890716,476,148,39,0.0,0,0
19890716,476,90,34,0.0,0,0
19890716,476,133,14,4.0,0,0
19890716,476,160,40,0.0,0,0
19890716,476,161,41,0.0,0,0
19890716,476,162,37,0.0,0,0
19890716,476,164,42,0.0,0,0
19890716,476,88,43,0.0,0,0
19890716,476,140,19,2.0,0,0
19890716,476,92,30,0.0,0,0
19890716,476,99,22,1.0,0,0
19890716,476,78,31,0.0,0,0
19890716,476,55,17,3.0,0,0
19890716,476,139,27,0.0,0,0
19890716,476,103,29,0.0,0,0
19890716,476,151,33,0.0,0,0
19890730,477,95,3,25.0,1,0
19890730,477,117,1,53.0,3,0
19890730,477,127,14,4.0,0,0
19890730,477,65,9,5.0,0,0
19890730,477,118,10,5.0,0,0
19890730,477,145,6,12.0,0,0
19890730,477,156,23,1.0,0,0
19890730,477,138,26,0.0,0,0
19890730,477,129,21,1.0,0,0
19890730,477,105,8,6.0,0,0
19890730,477,102,2,36.0,4,0
19890730,477,112,32,0.0,0,0
19890730,477,110,12,4.0,0,0
19890730,477,157,16,3.0,0,0
19890730,477,119,4,25.0,0,0
19890730,477,158,11,4.0,0,0
19890730,477,146,36,0.0,0,0
19890730,477,84,24,1.0,0,0
19890730,477,122,28,0.0,0,0
19890730,477,137,7,8.0,0,0
19890730,477,131,13,4.0,0,0
19890730,477,123,5,13.0,1,0
19890730,477,94,18,2.0,0,0
19890730,477,77,35,0.0,0,0
19890730,477,159,25,1.0,0,0
19890730,477,114,38,0.0,0,0
19890730,477,163,19,2.0,0,0
19890730,477,148,39,0.0,0,0
19890730,477,90,34,0.0,0,0
19890730,477,133,15,4.0,0,0
19890730,477,160,40,0.0,0,0
19890730,477,161,41,0.0,0,0
19890730,477,162,37,0.0,0,0
19890730,477,164,42,0.0,0,0
19890730,477,88,43,0.0,0,0
19890730,477,140,20,2.0,0,0
19890730,477,92,30,0.0,0,0
19890730,477,99,22,1.0,0,0
19890730,477,78,31,0.0,0,0
19890730,477,55,17,3.0,0,0
19890730,477,139,27,0.0,0,0
19890730,477,103,29,0.0,0,0
19890730,477,151,33,0.0,0,0
19890813,478,95,3,34.0,2,0
19890813,478,117,1,56.0,3,0
19890813,478,127,14,4.0,0,0
19890813,478,65,10,5.0,0,0
19890813,478,118,11,5.0,0,0
19890813,478,145,6,12.0,0,0
19890813,478,156,23,1.0,0,0
19890813,478,138,26,0.0,0,0
19890813,478,129,21,1.0,0,0
19890813,478,105,9,6.0,0,0
19890813,478,102,2,42.0,4,0
19890813,478,112,32,0.0,0,0
19890813,478,110,12,4.0,0,0
19890813,478,157,16,3.0,0,0
19890813,478,119,4,25.0,0,0
19890813,478,158,8,6.0,0,0
19890813,478,146,36,0.0,0,0
19890813,478,84,24,1.0,0,0
19890813,478,122,28,0.0,0,0
19890813,478,137,7,9.0,0,0
19890813,478,131,13,4.0,0,0
19890813,478,123,5,17.0,1,0
19890813,478,94,18,2.0,0,0
19890813,478,77,35,0.0,0,0
19890813,478,159,25,1.0,0,0
19890813,478,114,39,0.0,0,0
19890813,478,163,19,2.0,0,0
19890813,478,148,40,0.0,0,0
19890813,478,90,34,0.0,0,0
19890813,478,133,15,4.0,0,0
19890813,478,160,38,0.0,0,0
19890813,478,161,41,0.0,0,0
19890813,478,162,37,0.0,0,0
19890813,478,164,42,0.0,0,0
19890813,478,88,43,0.0,0,0
19890813,478,140,20,2.0,0,0
19890813,478,92,30,0.0,0,0
19890813,478,99,22,1.0,0,0
19890813,478,78,31,0.0,0,0
19890813,478,55,17,3.0,0,0
19890813,478,139,27,0.0,0,0
19890813,478,103,29,0.0,0,0
19890813,478,151,33,0.0,0,0
19890827,479,95,3,38.0,2,0
19890827,479,117,1,62.0,3,0
19890827,479,127,13,4.0,0,0
19890827,479,65,11,5.0,0,0
19890827,479,118,10,6.0,0,0
19890827,479,145,6,14.0,0,0
19890827,479,156,23,1.0,0,0
19890827,479,138,26,0.0,0,0
19890827,479,129,21,1.0,0,0
19890827,479,105,9,6.0,0,0
19890827,479,102,2,51.0,5,0
19890827,479,112,31,0.0,0,0
19890827,479,110,12,4.0,0,0
19890827,479,157,16,3.0,0,0
19890827,479,119,4,25.0,0,0
19890827,479,158,8,6.0,0,0
19890827,479,146,36,0.0,0,0
19890827,479,84,24,1.0,0,0
19890827,479,122,28,0.0,0,0
19890827,479,137,7,9.0,0,0
19890827,479,131,14,4.0,0,0
19890827,479,123,5,20.0,1,0
19890827,479,94,19,2.0,0,0
19890827,479,77,35,0.0,0,0
19890827,479,159,25,1.0,0,0
19890827,479,114,39,0.0,0,0
19890827,479,163,20,2.0,0,0
19890827,479,148,40,0.0,0,0
19890827,479,90,34,0.0,0,0
19890827,479,133,15,4.0,0,0
19890827,479,160,38,0.0,0,0
19890827,479,161,41,0.0,0,0
19890827,479,162,37,0.0,0,0
19890827,479,164,42,0.0,0,0
19890827,479,88,43,0.0,0,0
19890827,479,140,18,2.0,0,0
19890827,479,92,30,0.0,0,0
19890827,479,99,22,1.0,0,0
19890827,479,78,32,0.0,0,0
19890827,479,55,17,3.0,0,0
19890827,479,139,27,0.0,0,0
19890827,479,103,29,0.0,0,0
19890827,479,151,33,0.0,0,0
19890827,479,134,44,0.0,0,0
19890910,480,95,3,38.0,2,0
19890910,480,117,1,71.0,4,0
19890910,480,127,15,4.0,0,0
19890910,480,65,13,5.0,0,0
19890910,480,118,11,6.0,0,0
19890910,480,145,6,14.0,0,0
19890910,480,156,25,1.0,0,0
19890910,480,138,27,0.0,0,0
19890910,480,129,23,1.0,0,0
19890910,480,105,10,6.0,0,0
19890910,480,102,2,51.0,5,0
19890910,480,112,32,0.0,0,0
19890910,480,110,14,4.0,0,0
19890910,480,157,18,3.0,0,0
19890910,480,119,4,28.0,0,0
19890910,480,158,9,6.0,0,0
19890910,480,146,36,0.0,0,0
19890910,480,84,22,2.0,0,0
19890910,480,122,29,0.0,0,0
19890910,480,137,7,9.0,0,0
19890910,480,131,16,4.0,0,0
19890910,480,123,5,24.0,1,0
19890910,480,94,19,2.0,0,0
19890910,480,77,8,6.0,0,0
19890910,480,159,26,1.0,0,0
19890910,480,114,39,0.0,0,0
19890910,480,163,21,2.0,0,0
19890910,480,148,40,0.0,0,0
19890910,480,90,35,0.0,0,0
19890910,480,133,17,4.0,0,0
19890910,480,160,38,0.0,0,0
19890910,480,161,41,0.0,0,0
19890910,480,162,37,0.0,0,0
19890910,480,164,42,0.0,0,0
19890910,480,88,43,0.0,0,0
19890910,480,140,20,2.0,0,0
19890910,480,92,31,0.0,0,0
19890910,480,99,24,1.0,0,0
19890910,480,78,33,0.0,0,0
19890910,480,55,12,5.0,0,0
19890910,480,139,28,0.0,0,0
19890910,480,103,30,0.0,0,0
19890910,480,151,34,0.0,0,0
19890910,480,134,45,0.0,0,0
19890910,480,165,44,0.0,0,0
19890924,481,95,3,38.0,2,0
19890924,481,117,1,75.0,4,0
19890924,481,127,16,4.0,0,0
19890924,481,65,14,5.0,0,0
19890924,481,118,12,6.0,0,0
19890924,481,145,6,17.0,0,0
19890924,481,156,22,2.0,0,0
19890924,481,138,27,0.0,0,0
19890924,481,129,24,1.0,0,0
19890924,481,105,11,6.0,0,0
19890924,481,102,2,51.0,5,0
19890924,481,112,29,0.0,0,0
19890924,481,110,15,4.0,0,0
19890924,481,157,20,3.0,0,0
19890924,481,119,4,28.0,0,0
19890924,481,158,9,6.0,0,0
19890924,481,146,36,0.0,0,0
19890924,481,84,23,2.0,0,0
19890924,481,122,30,0.0,0,0
19890924,481,137,8,9.0,0,0
19890924,481,131,17,4.0,0,0
19890924,481,123,5,24.0,1,0
19890924,481,94,19,4.0,0,0
19890924,481,77,7,15.0,1,0
19890924,481,159,26,1.0,0,0
19890924,481,114,39,0.0,0,0
19890924,481,163,21,2.0,0,0
19890924,481,148,40,0.0,0,0
19890924,481,90,35,0.0,0,0
19890924,481,133,18,4.0,0,0
19890924,481,160,38,0.0,0,0
19890924,481,161,41,0.0,0,0
19890924,481,162,37,0.0,0,0
19890924,481,164,44,0.0,0,0
19890924,481,88,45,0.0,0,0
19890924,481,140,10,6.0,0,0
19890924,481,92,32,0.0,0,0
19890924,481,99,25,1.0,0,0
19890924,481,78,33,0.0,0,0
19890924,481,55,13,5.0,0,0
19890924,481,139,28,0.0,0,0
19890924,481,103,31,0.0,0,0
19890924,481,151,34,0.0,0,0
19890924,481,134,46,0.0,0,0
19890924,481,165,43,0.0,0,0
19890924,481,109,42,0.0,0,0
19891001,482,95,3,38.0,2,0
19891001,482,117,1,76.0,4,0
19891001,482,127,16,4.0,0,0
19891001,482,65,14,5.0,0,0
19891001,482,118,13,6.0,0,0
19891001,482,145,7,17.0,0,0
19891001,482,156,22,2.0,0,0
19891001,482,138,28,0.0,0,0
19891001,482,129,24,1.0,0,0
19891001,482,105,12,6.0,0,0
19891001,482,102,2,60.0,6,0
19891001,482,112,27,1.0,0,0
19891001,482,110,15,4.0,0,0
19891001,482,157,20,3.0,0,0
19891001,482,119,4,30.0,0,0
19891001,482,158,10,6.0,0,0
19891001,482,146,36,0.0,0,0
19891001,482,84,23,2.0,0,0
19891001,482,122,30,0.0,0,0
19891001,482,137,8,9.0,0,0
19891001,482,131,17,4.0,0,0
19891001,482,123,5,24.0,1,0
19891001,482,94,19,4.0,0,0
19891001,482,77,6,21.0,1,0
19891001,482,159,26,1.0,0,0
19891001,482,114,40,0.0,0,0
19891001,482,163,21,2.0,0,0
19891001,482,148,41,0.0,0,0
19891001,482,90,35,0.0,0,0
19891001,482,133,18,4.0,0,0
19891001,482,160,38,0.0,0,0
19891001,482,161,42,0.0,0,0
19891001,482,162,39,0.0,0,0
19891001,482,164,45,0.0,0,0
19891001,482,88,43,0.0,0,0
19891001,482,140,11,6.0,0,0
19891001,482,92,32,0.0,0,0
19891001,482,99,25,1.0,0,0
19891001,482,78,33,0.0,0,0
19891001,482,55,9,8.0,0,0
19891001,482,139,29,0.0,0,0
19891001,482,103,31,0.0,0,0
19891001,482,151,34,0.0,0,0
19891001,482,134,46,0.0,0,0
19891001,482,165,44,0.0,0,0
19891001,482,109,37,0.0,0,0
19891022,483,78,33,0.0,0,0
19891022,483,134,47,0.0,0,0
19891022,483,90,35,0.0,0,0
19891022,483,133,18,4.0,0,0
19891022,483,160,38,0.0,0,0
19891022,483,77,7,21.0,1,0
19891022,483,159,26,1.0,0,0
19891022,483,140,12,6.0,0,0
19891022,483,162,39,0.0,0,0
19891022,483,147,41,0.0,0,0
19891022,483,109,37,0.0,0,0
19891022,483,165,45,0.0,0,0
19891022,483,151,34,0.0,0,0
19891022,483,103,31,0.0,0,0
19891022,483,139,29,0.0,0,0
19891022,483,55,9,8.0,0,0
19891022,483,99,25,1.0,0,0
19891022,483,92,32,0.0,0,0
19891022,483,88,44,0.0,0,0
19891022,483,164,46,0.0,0,0
19891022,483,161,43,0.0,0,0
19891022,483,148,42,0.0,0,0
19891022,483,163,22,2.0,0,0
19891022,483,114,40,0.0,0,0
19891022,483,94,19,4.0,0,0
19891022,483,123,5,28.0,1,0
19891022,483,131,17,4.0,0,0
19891022,483,137,8,12.0,0,0
19891022,483,122,30,0.0,0,0
19891022,483,84,20,4.0,0,0
19891022,483,146,36,0.0,0,0
19891022,483,158,11,6.0,0,0
19891022,483,119,4,36.0,0,0
19891022,483,157,21,3.0,0,0
19891022,483,110,15,4.0,0,0
19891022,483,112,27,1.0,0,0
19891022,483,102,2,60.0,6,0
19891022,483,105,13,6.0,0,0
19891022,483,129,24,1.0,0,0
19891022,483,138,28,0.0,0,0
19891022,483,156,23,2.0,0,0
19891022,483,145,6,26.0,1,0
19891022,483,118,10,7.0,0,0
19891022,483,65,14,5.0,0,0
19891022,483,127,16,4.0,0,0
19891022,483,117,1,76.0,4,0
19891022,483,95,3,38.0,2,0
19891105,484,95,4,38.0,2,1
19891105,484,117,1,76.0,4,1
19891105,484,127,16,4.0,0,1
19891105,484,65,14,5.0,0,1
19891105,484,118,10,7.0,0,1
19891105,484,145,6,32.0,1,1
19891105,484,156,25,2.0,0,1
19891105,484,138,21,3.0,0,1
19891105,484,129,26,1.0,0,1
19891105,484,105,13,6.0,0,1
19891105,484,102,2,60.0,6,1
19891105,484,112,29,1.0,0,1
19891105,484,110,17,4.0,0,1
19891105,484,157,22,3.0,0,1
19891105,484,119,3,40.0,0,1
19891105,484,158,11,6.0,0,1
19891105,484,146,38,0.0,0,1
19891105,484,84,20,4.0,0,1
19891105,484,122,30,0.0,0,1
19891105,484,137,8,12.0,0,1
19891105,484,131,18,4.0,0,1
19891105,484,123,5,37.0,2,1
19891105,484,94,15,5.0,0,1
19891105,484,77,7,21.0,1,1
19891105,484,159,28,1.0,0,1
19891105,484,114,40,0.0,0,1
19891105,484,163,24,2.0,0,1
19891105,484,148,42,0.0,0,1
19891105,484,90,35,0.0,0,1
19891105,484,133,19,4.0,0,1
19891105,484,160,37,0.0,0,1
19891105,484,161,43,0.0,0,1
19891105,484,162,39,0.0,0,1
19891105,484,164,46,0.0,0,1
19891105,484,88,44,0.0,0,1
19891105,484,140,12,6.0,0,1
19891105,484,92,32,0.0,0,1
19891105,484,99,27,1.0,0,1
19891105,484,78,33,0.0,0,1
19891105,484,55,9,8.0,0,1
19891105,484,139,23,2.0,0,1
19891105,484,103,31,0.0,0,1
19891105,484,151,34,0.0,0,1
19891105,484,134,47,0.0,0,1
19891105,484,165,45,0.0,0,1
19891105,484,109,36,0.0,0,1
19891105,484,147,41,0.0,0,1
19880403,453,117,1,9.0,1,0
19880403,453,77,2,6.0,0,0
19880403,453,137,3,4.0,0,0
19880403,453,118,4,3.0,0,0
19880403,453,105,5,2.0,0,0
19880403,453,138,6,1.0,0,0
19880403,453,123,7,0.0,0,0
19880403,453,158,8,0.0,0,0
19880403,453,140,9,0.0,0,0
19880403,453,110,10,0.0,0,0
19880403,453,156,11,0.0,0,0
19880403,453,159,12,0.0,0,0
19880403,453,112,13,0.0,0,0
19880403,453,99,14,0.0,0,0
19880403,453,166,15,0.0,0,0
19880403,453,114,16,0.0,0,0
19880403,453,163,17,0.0,0,0
19880403,453,131,18,0.0,0,0
19880403,453,95,19,0.0,0,0
19880403,453,145,20,0.0,0,0
19880403,453,119,21,0.0,0,0
19880403,453,122,22,0.0,0,0
19880403,453,167,23,0.0,0,0
19880403,453,127,24,0.0,0,0
19880403,453,165,25,0.0,0,0
19880403,453,141,26,0.0,0,0
19880403,453,160,27,0.0,0,0
19880403,453,78,28,0.0,0,0
19880403,453,146,29,0.0,0,0
19880403,453,133,30,0.0,0,0
19880501,454,117,1,15.0,1,0
19880501,454,77,3,8.0,0,0
19880501,454,137,4,8.0,0,0
19880501,454,118,6,3.0,0,0
19880501,454,105,7,2.0,0,0
19880501,454,138,8,1.0,0,0
19880501,454,123,5,3.0,0,0
19880501,454,158,10,0.0,0,0
19880501,454,140,11,0.0,0,0
19880501,454,110,20,0.0,0,0
19880501,454,156,16,0.0,0,0
19880501,454,159,13,0.0,0,0
19880501,454,112,19,0.0,0,0
19880501,454,99,21,0.0,0,0
19880501,454,166,12,0.0,0,0
19880501,454,114,14,0.0,0,0
19880501,454,163,22,0.0,0,0
19880501,454,131,23,0.0,0,0
19880501,454,95,24,0.0,0,0
19880501,454,145,9,1.0,0,0
19880501,454,119,15,0.0,0,0
19880501,454,122,26,0.0,0,0
19880501,454,167,18,0.0,0,0
19880501,454,127,17,0.0,0,0
19880501,454,165,29,0.0,0,0
19880501,454,141,25,0.0,0,0
19880501,454,160,28,0.0,0,0
19880501,454,78,30,0.0,0,0
19880501,454,146,31,0.0,0,0
19880501,454,133,27,0.0,0,0
19880501,454,102,2,9.0,1,0
19880515,455,117,1,24.0,2,0
19880515,455,77,2,14.0,0,0
19880515,455,137,4,8.0,0,0
19880515,455,118,6,6.0,0,0
19880515,455,105,5,6.0,0,0
19880515,455,138,9,1.0,0,0
19880515,455,123,7,3.0,0,0
19880515,455,158,12,0.0,0,0
19880515,455,140,14,0.0,0,0
19880515,455,110,22,0.0,0,0
19880515,455,156,8,2.0,0,0
19880515,455,159,18,0.0,0,0
19880515,455,112,21,0.0,0,0
19880515,455,99,23,0.0,0,0
19880515,455,166,16,0.0,0,0
19880515,455,114,13,0.0,0,0
19880515,455,163,26,0.0,0,0
19880515,455,131,27,0.0,0,0
19880515,455,95,25,0.0,0,0
19880515,455,145,11,1.0,0,0
19880515,455,119,10,1.0,0,0
19880515,455,122,17,0.0,0,0
19880515,455,167,20,0.0,0,0
19880515,455,127,19,0.0,0,0
19880515,455,165,28,0.0,0,0
19880515,455,141,29,0.0,0,0
19880515,455,160,24,0.0,0,0
19880515,455,78,15,0.0,0,0
19880515,455,146,31,0.0,0,0
19880515,455,133,30,0.0,0,0
19880515,455,102,3,9.0,1,0
19880529,456,117,1,33.0,3,0
19880529,456,77,2,18.0,0,0
19880529,456,137,5,8.0,0,0
19880529,456,118,6,8.0,0,0
19880529,456,105,4,9.0,0,0
19880529,456,138,11,1.0,0,0
19880529,456,123,7,3.0,0,0
19880529,456,158,9,1.0,0,0
19880529,456,140,14,0.0,0,0
19880529,456,110,25,0.0,0,0
19880529,456,156,8,2.0,0,0
19880529,456,159,18,0.0,0,0
19880529,456,112,24,0.0,0,0
19880529,456,99,20,0.0,0,0
19880529,456,166,16,0.0,0,0
19880529,456,114,13,0.0,0,0
19880529,456,163,27,0.0,0,0
19880529,456,131,28,0.0,0,0
19880529,456,95,26,0.0,0,0
19880529,456,145,10,1.0,0,0
19880529,456,119,12,1.0,0,0
19880529,456,122,17,0.0,0,0
19880529,456,167,23,0.0,0,0
19880529,456,127,21,0.0,0,0
19880529,456,165,19,0.0,0,0
19880529,456,141,29,0.0,0,0
19880529,456,160,22,0.0,0,0
19880529,456,78,15,0.0,0,0
19880529,456,146,30,0.0,0,0
19880529,456,133,31,0.0,0,0
19880529,456,102,3,15.0,1,0
19880612,457,117,1,39.0,3,0
19880612,457,77,3,18.0,0,0
19880612,457,137,4,11.0,0,0
19880612,457,118,6,8.0,0,0
19880612,457,105,5,9.0,0,0
19880612,457,138,12,1.0,0,0
19880612,457,123,7,7.0,0,0
19880612,457,158,10,1.0,0,0
19880612,457,140,16,0.0,0,0
19880612,457,110,17,0.0,0,0
19880612,457,156,8,3.0,0,0
19880612,457,159,21,0.0,0,0
19880612,457,112,20,0.0,0,0
19880612,457,99,15,0.0,0,0
19880612,457,166,19,0.0,0,0
19880612,457,114,14,0.0,0,0
19880612,457,163,27,0.0,0,0
19880612,457,131,22,0.0,0,0
19880612,457,95,28,0.0,0,0
19880612,457,145,11,1.0,0,0
19880612,457,119,13,1.0,0,0
19880612,457,122,9,2.0,0,0
19880612,457,167,26,0.0,0,0
19880612,457,127,25,0.0,0,0
19880612,457,165,23,0.0,0,0
19880612,457,141,29,0.0,0,0
19880612,457,160,24,0.0,0,0
19880612,457,78,18,0.0,0,0
19880612,457,146,30,0.0,0,0
19880612,457,133,31,0.0,0,0
19880612,457,102,2,24.0,2,0
19880619,458,117,1,45.0,3,0
19880619,458,77,3,18.0,0,0
19880619,458,137,5,11.0,0,0
19880619,458,118,7,8.0,0,0
19880619,458,105,6,9.0,0,0
19880619,458,138,13,1.0,0,0
19880619,458,123,4,11.0,0,0
19880619,458,158,11,1.0,0,0
19880619,458,140,19,0.0,0,0
19880619,458,110,9,3.0,0,0
19880619,458,156,8,5.0,0,0
19880619,458,159,24,0.0,0,0
19880619,458,112,23,0.0,0,0
19880619,458,99,17,0.0,0,0
19880619,458,166,22,0.0,0,0
19880619,458,114,16,0.0,0,0
19880619,458,163,30,0.0,0,0
19880619,458,131,25,0.0,0,0
19880619,458,95,31,0.0,0,0
19880619,458,145,12,1.0,0,0
19880619,458,119,14,1.0,0,0
19880619,458,122,10,2.0,0,0
19880619,458,167,29,0.0,0,0
19880619,458,127,28,0.0,0,0
19880619,458,165,26,0.0,0,0
19880619,458,141,20,0.0,0,0
19880619,458,160,27,0.0,0,0
19880619,458,78,21,0.0,0,0
19880619,458,146,32,0.0,0,0
19880619,458,133,18,0.0,0,0
19880619,458,102,2,33.0,3,0
19880619,458,94,15,1.0,0,0
19880703,459,117,1,54.0,4,0
19880703,459,77,3,21.0,0,0
19880703,459,137,5,13.0,0,0
19880703,459,118,7,8.0,0,0
19880703,459,105,4,13.0,0,0
19880703,459,138,12,1.0,0,0
19880703,459,123,6,11.0,0,0
19880703,459,158,13,1.0,0,0
19880703,459,140,20,0.0,0,0
19880703,459,110,9,3.0,0,0
19880703,459,156,8,5.0,0,0
19880703,459,159,25,0.0,0,0
19880703,459,112,24,0.0,0,0
19880703,459,99,18,0.0,0,0
19880703,459,166,23,0.0,0,0
19880703,459,114,16,0.0,0,0
19880703,459,163,30,0.0,0,0
19880703,459,131,26,0.0,0,0
19880703,459,95,31,0.0,0,0
19880703,459,145,11,2.0,0,0
19880703,459,119,14,1.0,0,0
19880703,459,122,10,2.0,0,0
19880703,459,167,29,0.0,0,0
19880703,459,127,19,0.0,0,0
19880703,459,165,27,0.0,0,0
19880703,459,141,22,0.0,0,0
19880703,459,160,28,0.0,0,0
19880703,459,78,21,0.0,0,0
19880703,459,146,32,0.0,0,0
19880703,459,133,17,0.0,0,0
19880703,459,102,2,39.0,3,0
19880703,459,94,15,1.0,0,0
19880710,460,117,1,54.0,4,0
19880710,460,77,3,21.0,0,0
19880710,460,137,4,15.0,0,0
19880710,460,118,7,9.0,0,0
19880710,460,105,5,13.0,0,0
19880710,460,138,15,1.0,0,0
19880710,460,123,6,11.0,0,0
19880710,460,158,14,1.0,0,0
19880710,460,140,21,0.0,0,0
19880710,460,110,12,3.0,0,0
19880710,460,156,10,5.0,0,0
19880710,460,159,26,0.0,0,0
19880710,460,112,25,0.0,0,0
19880710,460,99,20,0.0,0,0
19880710,460,166,24,0.0,0,0
19880710,460,114,18,0.0,0,0
19880710,460,163,31,0.0,0,0
19880710,460,131,27,0.0,0,0
19880710,460,95,8,6.0,0,0
19880710,460,145,9,6.0,0,0
19880710,460,119,16,1.0,0,0
19880710,460,122,13,2.0,0,0
19880710,460,167,30,0.0,0,0
19880710,460,127,11,3.0,0,0
19880710,460,165,28,0.0,0,0
19880710,460,141,22,0.0,0,0
19880710,460,160,29,0.0,0,0
19880710,460,78,23,0.0,0,0
19880710,460,146,32,0.0,0,0
19880710,460,133,19,0.0,0,0
19880710,460,102,2,48.0,4,0
19880710,460,94,17,1.0,0,0
19880724,461,117,1,60.0,4,0
19880724,461,77,3,25.0,0,0
19880724,461,137,5,15.0,0,0
19880724,461,118,7,9.0,0,0
19880724,461,105,4,16.0,0,0
19880724,461,138,15,1.0,0,0
19880724,461,123,6,12.0,0,0
19880724,461,158,14,1.0,0,0
19880724,461,140,21,0.0,0,0
19880724,461,110,13,3.0,0,0
19880724,461,156,10,5.0,0,0
19880724,461,159,26,0.0,0,0
19880724,461,112,25,0.0,0,0
19880724,461,99,20,0.0,0,0
19880724,461,166,24,0.0,0,0
19880724,461,114,18,0.0,0,0
19880724,461,163,32,0.0,0,0
19880724,461,131,27,0.0,0,0
19880724,461,95,8,6.0,0,0
19880724,461,145,9,6.0,0,0
19880724,461,119,16,1.0,0,0
19880724,461,122,11,4.0,0,0
19880724,461,167,31,0.0,0,0
19880724,461,127,12,3.0,0,0
19880724,461,165,29,0.0,0,0
19880724,461,141,22,0.0,0,0
19880724,461,160,30,0.0,0,0
19880724,461,78,23,0.0,0,0
19880724,461,146,28,0.0,0,0
19880724,461,133,19,0.0,0,0
19880724,461,102,2,57.0,5,0
19880724,461,94,17,1.0,0,0
19880807,462,117,2,66.0,4,0
19880807,462,77,3,28.0,0,0
19880807,462,137,6,15.0,0,0
19880807,462,118,7,9.0,0,0
19880807,462,105,5,16.0,0,0
19880807,462,138,15,1.0,0,0
19880807,462,123,4,16.0,0,0
19880807,462,158,16,1.0,0,0
19880807,462,140,21,0.0,0,0
19880807,462,110,13,3.0,0,0
19880807,462,156,11,5.0,0,0
19880807,462,159,24,0.0,0,0
19880807,462,112,25,0.0,0,0
19880807,462,99,20,0.0,0,0
19880807,462,166,26,0.0,0,0
19880807,462,114,18,0.0,0,0
19880807,462,163,32,0.0,0,0
19880807,462,131,27,0.0,0,0
19880807,462,95,8,6.0,0,0
19880807,462,145,9,6.0,0,0
19880807,462,119,14,2.0,0,0
19880807,462,122,12,4.0,0,0
19880807,462,167,31,0.0,0,0
19880807,462,127,10,5.0,0,0
19880807,462,165,29,0.0,0,0
19880807,462,141,22,0.0,0,0
19880807,462,160,30,0.0,0,0
19880807,462,78,23,0.0,0,0
19880807,462,146,28,0.0,0,0
19880807,462,133,19,0.0,0,0
19880807,462,102,1,66.0,6,0
19880807,462,94,17,1.0,0,0
19880828,463,117,2,72.0,4,0
19880828,463,77,3,28.0,0,0
19880828,463,137,4,18.0,0,0
19880828,463,118,7,11.0,0,0
19880828,463,105,6,16.0,0,0
19880828,463,138,16,1.0,0,0
19880828,463,123,5,16.0,0,0
19880828,463,158,14,2.0,0,0
19880828,463,140,22,0.0,0,0
19880828,463,110,13,3.0,0,0
19880828,463,156,12,5.0,0,0
19880828,463,159,27,0.0,0,0
19880828,463,112,23,0.0,0,0
19880828,463,99,21,0.0,0,0
19880828,463,166,26,0.0,0,0
19880828,463,114,18,0.0,0,0
19880828,463,163,33,0.0,0,0
19880828,463,131,28,0.0,0,0
19880828,463,95,9,6.0,0,0
19880828,463,145,10,6.0,0,0
19880828,463,119,15,2.0,0,0
19880828,463,122,8,8.0,0,0
19880828,463,167,32,0.0,0,0
19880828,463,127,11,5.0,0,0
19880828,463,165,30,0.0,0,0
19880828,463,141,24,0.0,0,0
19880828,463,160,31,0.0,0,0
19880828,463,78,25,0.0,0,0
19880828,463,146,29,0.0,0,0
19880828,463,133,20,0.0,0,0
19880828,463,102,1,75.0,7,0
19880828,463,94,17,1.0,0,0
19880828,463,84,19,0.0,0,0
19880911,464,117,2,72.0,4,0
19880911,464,77,3,37.0,1,0
19880911,464,137,5,18.0,0,0
19880911,464,118,7,14.0,0,0
19880911,464,105,4,22.0,0,0
19880911,464,138,16,1.0,0,0
19880911,464,123,6,17.0,0,0
19880911,464,158,10,6.0,0,0
19880911,464,140,22,0.0,0,0
19880911,464,110,14,3.0,0,0
19880911,464,156,13,5.0,0,0
19880911,464,159,27,0.0,0,0
19880911,464,112,23,0.0,0,0
19880911,464,99,21,0.0,0,0
19880911,464,166,26,0.0,0,0
19880911,464,114,18,0.0,0,0
19880911,464,163,32,0.0,0,0
19880911,464,131,28,0.0,0,0
19880911,464,95,9,6.0,0,0
19880911,464,145,11,6.0,0,0
19880911,464,119,15,2.0,0,0
19880911,464,122,8,10.0,0,0
19880911,464,167,34,0.0,0,0
19880911,464,127,12,5.0,0,0
19880911,464,165,31,0.0,0,0
19880911,464,141,24,0.0,0,0
19880911,464,160,33,0.0,0,0
19880911,464,78,25,0.0,0,0
19880911,464,146,30,0.0,0,0
19880911,464,133,20,0.0,0,0
19880911,464,102,1,75.0,7,0
19880911,464,94,17,1.0,0,0
19880911,464,84,19,0.0,0,0
19880911,464,168,29,0.0,0,0
19880925,465,117,1,81.0,5,0
19880925,465,77,3,37.0,1,0
19880925,465,137,6,18.0,0,0
19880925,465,118,7,17.0,0,0
19880925,465,105,4,24.0,0,0
19880925,465,138,16,1.0,0,0
19880925,465,123,5,21.0,0,0
19880925,465,158,10,6.0,0,0
19880925,465,140,24,0.0,0,0
19880925,465,110,14,3.0,0,0
19880925,465,156,13,5.0,0,0
19880925,465,159,21,0.0,0,0
19880925,465,112,25,0.0,0,0
19880925,465,99,22,0.0,0,0
19880925,465,166,23,0.0,0,0
19880925,465,114,18,0.0,0,0
19880925,465,163,28,0.0,0,0
19880925,465,131,29,0.0,0,0
19880925,465,95,9,6.0,0,0
19880925,465,145,11,6.0,0,0
19880925,465,119,15,2.0,0,0
19880925,465,122,8,16.0,0,0
19880925,465,167,34,0.0,0,0
19880925,465,127,12,5.0,0,0
19880925,465,165,32,0.0,0,0
19880925,465,141,26,0.0,0,0
19880925,465,160,33,0.0,0,0
19880925,465,78,27,0.0,0,0
19880925,465,146,31,0.0,0,0
19880925,465,133,19,0.0,0,0
19880925,465,102,2,76.0,7,0
19880925,465,94,17,1.0,0,0
19880925,465,84,20,0.0,0,0
19880925,465,168,30,0.0,0,0
19881002,466,117,1,84.0,6,0
19881002,466,77,3,38.0,1,0
19881002,466,137,6,18.0,0,0
19881002,466,118,7,17.0,0,0
19881002,466,105,4,24.0,0,0
19881002,466,138,16,1.0,0,0
19881002,466,123,5,21.0,0,0
19881002,466,158,11,6.0,0,0
19881002,466,140,24,0.0,0,0
19881002,466,110,15,3.0,0,0
19881002,466,156,13,5.0,0,0
19881002,466,159,21,0.0,0,0
19881002,466,112,25,0.0,0,0
19881002,466,99,22,0.0,0,0
19881002,466,166,23,0.0,0,0
19881002,466,114,18,0.0,0,0
19881002,466,163,28,0.0,0,0
19881002,466,131,29,0.0,0,0
19881002,466,95,9,12.0,0,0
19881002,466,145,10,10.0,0,0
19881002,466,119,14,4.0,0,0
19881002,466,122,8,16.0,0,0
19881002,466,167,34,0.0,0,0
19881002,466,127,12,5.0,0,0
19881002,466,165,32,0.0,0,0
19881002,466,141,26,0.0,0,0
19881002,466,160,33,0.0,0,0
19881002,466,78,27,0.0,0,0
19881002,466,146,31,0.0,0,0
19881002,466,133,19,0.0,0,0
19881002,466,102,2,79.0,7,0
19881002,466,94,17,1.0,0,0
19881002,466,84,20,0.0,0,0
19881002,466,168,30,0.0,0,0
19881030,467,117,2,84.0,6,0
19881030,467,77,3,41.0,1,0
19881030,467,137,6,18.0,0,0
19881030,467,118,7,17.0,0,0
19881030,467,105,5,24.0,0,0
19881030,467,138,16,1.0,0,0
19881030,467,123,4,25.0,0,0
19881030,467,158,11,6.0,0,0
19881030,467,140,25,0.0,0,0
19881030,467,110,15,3.0,0,0
19881030,467,156,13,5.0,0,0
19881030,467,159,22,0.0,0,0
19881030,467,112,24,0.0,0,0
19881030,467,99,23,0.0,0,0
19881030,467,166,21,0.0,0,0
19881030,467,114,18,0.0,0,0
19881030,467,163,28,0.0,0,0
19881030,467,131,29,0.0,0,0
19881030,467,95,9,12.0,0,0
19881030,467,145,10,12.0,0,0
19881030,467,119,14,5.0,0,0
19881030,467,122,8,16.0,0,0
19881030,467,167,34,0.0,0,0
19881030,467,127,12,5.0,0,0
19881030,467,165,32,0.0,0,0
19881030,467,141,26,0.0,0,0
19881030,467,160,33,0.0,0,0
19881030,467,78,27,0.0,0,0
19881030,467,146,31,0.0,0,0
19881030,467,133,19,0.0,0,0
19881030,467,102,1,87.0,8,0
19881030,467,94,17,1.0,0,0
19881030,467,84,20,0.0,0,0
19881030,467,168,30,0.0,0,0
19881030,467,88,35,0.0,0,0
19881113,468,117,2,87.0,7,1
19881113,468,77,3,41.0,1,1
19881113,468,137,6,22.0,0,1
19881113,468,118,8,17.0,0,1
19881113,468,105,5,24.0,0,1
19881113,468,138,16,1.0,0,1
19881113,468,123,4,27.0,0,1
19881113,468,158,12,6.0,0,1
19881113,468,140,25,0.0,0,1
19881113,468,110,15,3.0,0,1
19881113,468,156,14,5.0,0,1
19881113,468,159,22,0.0,0,1
19881113,468,112,24,0.0,0,1
19881113,468,99,23,0.0,0,1
19881113,468,166,21,0.0,0,1
19881113,468,114,18,0.0,0,1
19881113,468,163,28,0.0,0,1
19881113,468,131,29,0.0,0,1
19881113,468,95,9,12.0,0,1
19881113,468,145,10,12.0,0,1
19881113,468,119,11,8.0,0,1
19881113,468,122,7,17.0,0,1
19881113,468,167,34,0.0,0,1
19881113,468,127,13,5.0,0,1
19881113,468,165,32,0.0,0,1
19881113,468,141,26,0.0,0,1
19881113,468,160,33,0.0,0,1
19881113,468,78,27,0.0,0,1
19881113,468,146,31,0.0,0,1
19881113,468,133,19,0.0,0,1
19881113,468,102,1,90.0,8,1
19881113,468,94,17,1.0,0,1
19881113,468,84,20,0.0,0,1
19881113,468,168,30,0.0,0,1
19881113,468,88,35,0.0,0,1
19881113,468,162,36,0.0,0,1
19870412,437,117,1,9.0,1,0
19870412,437,137,2,6.0,0,0
19870412,437,140,3,4.0,0,0
19870412,437,77,4,3.0,0,0
19870412,437,123,5,2.0,0,0
19870412,437,95,6,1.0,0,0
19870412,437,138,7,0.0,0,0
19870412,437,105,8,0.0,0,0
19870412,437,157,9,0.0,0,0
19870412,437,156,10,0.0,0,0
19870412,437,166,11,0.0,0,0
19870412,437,169,12,0.0,0,0
19870412,437,158,13,0.0,0,0
19870412,437,102,14,0.0,0,0
19870412,437,119,15,0.0,0,0
19870412,437,110,16,0.0,0,0
19870412,437,118,17,0.0,0,0
19870412,437,133,18,0.0,0,0
19870412,437,145,19,0.0,0,0
19870412,437,84,20,0.0,0,0
19870412,437,170,21,0.0,0,0
19870412,437,122,22,0.0,0,0
19870503,438,117,2,9.0,1,0
19870503,438,137,5,6.0,0,0
19870503,438,140,3,7.0,0,0
19870503,438,77,7,3.0,0,0
19870503,438,123,8,2.0,0,0
19870503,438,95,1,10.0,1,0
19870503,438,138,10,1.0,0,0
19870503,438,105,6,4.0,0,0
19870503,438,157,11,0.0,0,0
19870503,438,156,14,0.0,0,0
19870503,438,166,12,0.0,0,0
19870503,438,169,17,0.0,0,0
19870503,438,158,19,0.0,0,0
19870503,438,102,4,6.0,0,0
19870503,438,119,13,0.0,0,0
19870503,438,110,21,0.0,0,0
19870503,438,118,16,0.0,0,0
19870503,438,133,18,0.0,0,0
19870503,438,145,22,0.0,0,0
19870503,438,84,9,2.0,0,0
19870503,438,170,20,0.0,0,0
19870503,438,122,25,0.0,0,0
19870503,438,112,15,0.0,0,0
19870503,438,167,23,0.0,0,0
19870503,438,99,24,0.0,0,0
19870503,438,160,26,0.0,0,0
19870503,438,163,27,0.0,0,0
19870517,439,117,1,18.0,2,0
19870517,439,137,5,6.0,0,0
19870517,439,140,2,13.0,0,0
19870517,439,77,9,3.0,0,0
19870517,439,123,12,2.0,0,0
19870517,439,95,3,10.0,1,0
19870517,439,138,10,3.0,0,0
19870517,439,105,6,4.0,0,0
19870517,439,157,14,0.0,0,0
19870517,439,156,20,0.0,0,0
19870517,439,166,16,0.0,0,0
19870517,439,169,19,0.0,0,0
19870517,439,158,8,3.0,0,0
19870517,439,102,4,6.0,0,0
19870517,439,119,18,0.0,0,0
19870517,439,110,7,4.0,0,0
19870517,439,118,21,0.0,0,0
19870517,439,133,22,0.0,0,0
19870517,439,145,25,0.0,0,0
19870517,439,84,11,2.0,0,0
19870517,439,170,23,0.0,0,0
19870517,439,122,24,0.0,0,0
19870517,439,112,17,0.0,0,0
19870517,439,167,26,0.0,0,0
19870517,439,99,27,0.0,0,0
19870517,439,160,15,0.0,0,0
19870517,439,163,13,1.0,0,0
19870531,440,117,1,18.0,2,0
19870531,440,137,4,12.0,0,0
19870531,440,140,3,13.0,0,0
19870531,440,77,7,6.0,0,0
19870531,440,123,13,2.0,0,0
19870531,440,95,5,10.0,1,0
19870531,440,138,10,3.0,0,0
19870531,440,105,6,8.0,0,0
19870531,440,157,16,0.0,0,0
19870531,440,156,12,2.0,0,0
19870531,440,166,18,0.0,0,0
19870531,440,169,22,0.0,0,0
19870531,440,158,9,3.0,0,0
19870531,440,102,2,15.0,1,0
19870531,440,119,21,0.0,0,0
19870531,440,110,8,4.0,0,0
19870531,440,118,23,0.0,0,0
19870531,440,133,24,0.0,0,0
19870531,440,145,25,0.0,0,0
19870531,440,84,11,2.0,0,0
19870531,440,170,20,0.0,0,0
19870531,440,122,15,1.0,0,0
19870531,440,112,19,0.0,0,0
19870531,440,167,26,0.0,0,0
19870531,440,99,27,0.0,0,0
19870531,440,160,17,0.0,0,0
19870531,440,163,14,1.0,0,0
19870621,441,117,2,22.0,2,0
19870621,441,137,3,18.0,0,0
19870621,441,140,4,13.0,0,0
19870621,441,77,6,9.0,0,0
19870621,441,123,13,2.0,0,0
19870621,441,95,5,12.0,1,0
19870621,441,138,10,3.0,0,0
19870621,441,105,7,8.0,0,0
19870621,441,157,16,0.0,0,0
19870621,441,156,12,2.0,0,0
19870621,441,166,18,0.0,0,0
19870621,441,169,22,0.0,0,0
19870621,441,158,9,4.0,0,0
19870621,441,102,1,24.0,2,0
19870621,441,119,21,0.0,0,0
19870621,441,110,8,4.0,0,0
19870621,441,118,23,0.0,0,0
19870621,441,133,24,0.0,0,0
19870621,441,145,25,0.0,0,0
19870621,441,84,11,2.0,0,0
19870621,441,170,20,0.0,0,0
19870621,441,122,15,1.0,0,0
19870621,441,112,19,0.0,0,0
19870621,441,167,26,0.0,0,0
19870621,441,99,27,0.0,0,0
19870621,441,160,17,0.0,0,0
19870621,441,163,14,1.0,0,0
19870705,442,117,2,26.0,2,0
19870705,442,137,3,24.0,0,0
19870705,442,140,5,13.0,0,0
19870705,442,77,6,9.0,0,0
19870705,442,123,14,2.0,0,0
19870705,442,95,4,21.0,2,0
19870705,442,138,10,3.0,0,0
19870705,442,105,7,8.0,0,0
19870705,442,157,18,0.0,0,0
19870705,442,156,11,2.0,0,0
19870705,442,166,15,1.0,0,0
19870705,442,169,22,0.0,0,0
19870705,442,158,9,4.0,0,0
19870705,442,102,1,27.0,2,0
19870705,442,119,21,0.0,0,0
19870705,442,110,8,4.0,0,0
19870705,442,118,23,0.0,0,0
19870705,442,133,24,0.0,0,0
19870705,442,145,26,0.0,0,0
19870705,442,84,12,2.0,0,0
19870705,442,170,13,2.0,0,0
19870705,442,122,17,1.0,0,0
19870705,442,112,20,0.0,0,0
19870705,442,167,25,0.0,0,0
19870705,442,99,27,0.0,0,0
19870705,442,160,19,0.0,0,0
19870705,442,163,16,1.0,0,0
19870712,443,117,4,26.0,2,0
19870712,443,137,3,30.0,0,0
19870712,443,140,5,13.0,0,0
19870712,443,77,6,9.0,0,0
19870712,443,123,14,2.0,0,0
19870712,443,95,2,30.0,3,0
19870712,443,138,8,6.0,0,0
19870712,443,105,7,8.0,0,0
19870712,443,157,19,0.0,0,0
19870712,443,156,12,2.0,0,0
19870712,443,166,16,1.0,0,0
19870712,443,169,22,0.0,0,0
19870712,443,158,10,4.0,0,0
19870712,443,102,1,31.0,2,0
19870712,443,119,23,0.0,0,0
19870712,443,110,9,4.0,0,0
19870712,443,118,15,2.0,0,0
19870712,443,133,24,0.0,0,0
19870712,443,145,26,0.0,0,0
19870712,443,84,13,2.0,0,0
19870712,443,170,11,3.0,0,0
19870712,443,122,18,1.0,0,0
19870712,443,112,21,0.0,0,0
19870712,443,167,25,0.0,0,0
19870712,443,99,27,0.0,0,0
19870712,443,160,20,0.0,0,0
19870712,443,163,17,1.0,0,0
19870726,444,117,4,26.0,2,0
19870726,444,137,1,39.0,1,0
19870726,444,140,5,19.0,0,0
19870726,444,77,6,9.0,0,0
19870726,444,123,15,2.0,0,0
19870726,444,95,3,30.0,3,0
19870726,444,138,8,6.0,0,0
19870726,444,105,7,8.0,0,0
19870726,444,157,20,0.0,0,0
19870726,444,156,12,4.0,0,0
19870726,444,166,10,4.0,0,0
19870726,444,169,22,0.0,0,0
19870726,444,158,11,4.0,0,0
19870726,444,102,2,35.0,2,0
19870726,444,119,23,0.0,0,0
19870726,444,110,9,4.0,0,0
19870726,444,118,16,2.0,0,0
19870726,444,133,24,0.0,0,0
19870726,444,145,26,0.0,0,0
19870726,444,84,14,2.0,0,0
19870726,444,170,13,3.0,0,0
19870726,444,122,19,1.0,0,0
19870726,444,112,17,1.0,0,0
19870726,444,167,25,0.0,0,0
19870726,444,99,27,0.0,0,0
19870726,444,160,21,0.0,0,0
19870726,444,163,18,1.0,0,0
19870809,445,117,4,30.0,2,0
19870809,445,137,1,48.0,2,0
19870809,445,140,5,19.0,0,0
19870809,445,77,6,9.0,0,0
19870809,445,123,9,5.0,0,0
19870809,445,95,3,30.0,3,0
19870809,445,138,8,6.0,0,0
19870809,445,105,7,8.0,0,0
19870809,445,157,21,0.0,0,0
19870809,445,156,13,4.0,0,0
19870809,445,166,11,4.0,0,0
19870809,445,169,23,0.0,0,0
19870809,445,158,12,4.0,0,0
19870809,445,102,2,41.0,2,0
19870809,445,119,17,2.0,0,0
19870809,445,110,10,4.0,0,0
19870809,445,118,15,3.0,0,0
19870809,445,133,25,0.0,0,0
19870809,445,145,24,0.0,0,0
19870809,445,84,16,2.0,0,0
19870809,445,170,14,3.0,0,0
19870809,445,122,20,1.0,0,0
19870809,445,112,18,1.0,0,0
19870809,445,167,26,0.0,0,0
19870809,445,99,27,0.0,0,0
19870809,445,160,22,0.0,0,0
19870809,445,163,19,1.0,0,0
19870816,446,117,4,31.0,2,0
19870816,446,137,1,54.0,2,0
19870816,446,140,5,19.0,0,0
19870816,446,77,6,9.0,0,0
19870816,446,123,8,8.0,0,0
19870816,446,95,3,39.0,4,0
19870816,446,138,10,6.0,0,0
19870816,446,105,7,8.0,0,0
19870816,446,157,21,0.0,0,0
19870816,446,156,14,4.0,0,0
19870816,446,166,12,4.0,0,0
19870816,446,169,23,0.0,0,0
19870816,446,158,13,4.0,0,0
19870816,446,102,2,43.0,2,0
19870816,446,119,17,2.0,0,0
19870816,446,110,11,4.0,0,0
19870816,446,118,15,3.0,0,0
19870816,446,133,25,0.0,0,0
19870816,446,145,24,0.0,0,0
19870816,446,84,16,2.0,0,0
19870816,446,170,9,7.0,0,0
19870816,446,122,20,1.0,0,0
19870816,446,112,18,1.0,0,0
19870816,446,167,26,0.0,0,0
19870816,446,99,27,0.0,0,0
19870816,446,160,22,0.0,0,0
19870816,446,163,19,1.0,0,0
19870906,447,117,4,31.0,2,0
19870906,447,137,1,63.0,3,0
19870906,447,140,5,20.0,0,0
19870906,447,77,6,12.0,0,0
19870906,447,123,7,10.0,0,0
19870906,447,95,3,43.0,4,0
19870906,447,138,10,6.0,0,0
19870906,447,105,8,8.0,0,0
19870906,447,157,22,0.0,0,0
19870906,447,156,14,4.0,0,0
19870906,447,166,12,4.0,0,0
19870906,447,169,23,0.0,0,0
19870906,447,158,13,4.0,0,0
19870906,447,102,2,49.0,2,0
19870906,447,119,17,2.0,0,0
19870906,447,110,11,4.0,0,0
19870906,447,118,15,3.0,0,0
19870906,447,133,25,0.0,0,0
19870906,447,145,24,0.0,0,0
19870906,447,84,16,2.0,0,0
19870906,447,170,9,7.0,0,0
19870906,447,122,20,1.0,0,0
19870906,447,112,18,1.0,0,0
19870906,447,167,26,0.0,0,0
19870906,447,99,27,0.0,0,0
19870906,447,160,21,0.0,0,0
19870906,447,163,19,1.0,0,0
19870906,447,171,28,0.0,0,0
19870906,447,78,29,0.0,0,0
19870920,448,117,4,40.0,3,0
19870920,448,137,1,67.0,3,0
19870920,448,140,5,22.0,0,0
19870920,448,77,6,18.0,0,0
19870920,448,123,8,10.0,0,0
19870920,448,95,3,43.0,4,0
19870920,448,138,10,6.0,0,0
19870920,448,105,9,8.0,0,0
19870920,448,157,22,0.0,0,0
19870920,448,156,14,4.0,0,0
19870920,448,166,13,4.0,0,0
19870920,448,169,23,0.0,0,0
19870920,448,158,11,5.0,0,0
19870920,448,102,2,49.0,2,0
19870920,448,119,17,2.0,0,0
19870920,448,110,12,4.0,0,0
19870920,448,118,15,3.0,0,0
19870920,448,133,25,0.0,0,0
19870920,448,145,24,0.0,0,0
19870920,448,84,16,2.0,0,0
19870920,448,170,7,10.0,0,0
19870920,448,122,19,1.0,0,0
19870920,448,112,18,1.0,0,0
19870920,448,167,26,0.0,0,0
19870920,448,99,28,0.0,0,0
19870920,448,160,21,0.0,0,0
19870920,448,163,20,1.0,0,0
19870920,448,171,27,0.0,0,0
19870920,448,78,29,0.0,0,0
19870927,449,117,4,46.0,3,0
19870927,449,137,1,70.0,3,0
19870927,449,140,5,26.0,0,0
19870927,449,77,6,18.0,0,0
19870927,449,123,8,10.0,0,0
19870927,449,95,2,52.0,5,0
19870927,449,138,10,6.0,0,0
19870927,449,105,9,8.0,0,0
19870927,449,157,22,0.0,0,0
19870927,449,156,14,4.0,0,0
19870927,449,166,13,4.0,0,0
19870927,449,169,23,0.0,0,0
19870927,449,158,11,5.0,0,0
19870927,449,102,3,51.0,2,0
19870927,449,119,17,2.0,0,0
19870927,449,110,12,4.0,0,0
19870927,449,118,15,3.0,0,0
19870927,449,133,25,0.0,0,0
19870927,449,145,24,0.0,0,0
19870927,449,84,16,2.0,0,0
19870927,449,170,7,10.0,0,0
19870927,449,122,19,1.0,0,0
19870927,449,112,18,2.0,0,0
19870927,449,167,26,0.0,0,0
19870927,449,99,28,0.0,0,0
19870927,449,160,21,0.0,0,0
19870927,449,163,20,1.0,0,0
19870927,449,171,27,0.0,0,0
19870927,449,78,29,0.0,0,0
19871018,450,117,4,46.0,3,0
19871018,450,137,1,73.0,3,0
19871018,450,140,5,26.0,0,0
19871018,450,77,6,18.0,0,0
19871018,450,123,8,10.0,0,0
19871018,450,95,2,61.0,6,0
19871018,450,138,12,6.0,0,0
19871018,450,105,9,8.0,0,0
19871018,450,157,22,0.0,0,0
19871018,450,156,15,4.0,0,0
19871018,450,166,14,4.0,0,0
19871018,450,169,23,0.0,0,0
19871018,450,158,10,8.0,0,0
19871018,450,102,3,51.0,2,0
19871018,450,119,11,6.0,0,0
19871018,450,110,13,4.0,0,0
19871018,450,118,16,3.0,0,0
19871018,450,133,26,0.0,0,0
19871018,450,145,25,0.0,0,0
19871018,450,84,18,2.0,0,0
19871018,450,170,7,12.0,0,0
19871018,450,122,19,1.0,0,0
19871018,450,112,17,3.0,0,0
19871018,450,167,27,0.0,0,0
19871018,450,99,29,0.0,0,0
19871018,450,160,21,0.0,0,0
19871018,450,163,20,1.0,0,0
19871018,450,171,28,0.0,0,0
19871018,450,78,30,0.0,0,0
19871018,450,114,24,0.0,0,0
19871101,451,117,4,46.0,3,0
19871101,451,137,1,73.0,3,0
19871101,451,140,5,30.0,0,0
19871101,451,77,6,27.0,1,0
19871101,451,123,8,12.0,0,0
19871101,451,95,2,61.0,6,0
19871101,451,138,11,7.0,0,0
19871101,451,105,9,11.0,0,0
19871101,451,157,22,0.0,0,0
19871101,451,156,15,4.0,0,0
19871101,451,166,14,4.0,0,0
19871101,451,169,23,0.0,0,0
19871101,451,158,10,8.0,0,0
19871101,451,102,3,57.0,2,0
19871101,451,119,12,6.0,0,0
19871101,451,110,13,4.0,0,0
19871101,451,118,16,3.0,0,0
19871101,451,133,26,0.0,0,0
19871101,451,145,25,0.0,0,0
19871101,451,84,18,2.0,0,0
19871101,451,170,7,12.0,0,0
19871101,451,122,19,1.0,0,0
19871101,451,112,17,3.0,0,0
19871101,451,167,27,0.0,0,0
19871101,451,99,30,0.0,0,0
19871101,451,160,21,0.0,0,0
19871101,451,163,20,1.0,0,0
19871101,451,171,28,0.0,0,0
19871101,451,78,31,0.0,0,0
19871101,451,114,24,0.0,0,0
19871101,451,90,29,0.0,0,0
19871115,452,117,4,46.0,3,1
19871115,452,137,1,73.0,3,1
19871115,452,140,6,30.0,0,1
19871115,452,77,5,36.0,2,1
19871115,452,123,8,16.0,0,1
19871115,452,95,2,61.0,6,1
19871115,452,138,12,7.0,0,1
19871115,452,105,7,17.0,0,1
19871115,452,157,23,0.0,0,1
19871115,452,156,11,7.0,0,1
19871115,452,166,15,4.0,0,1
19871115,452,169,25,0.0,0,1
19871115,452,158,10,8.0,0,1
19871115,452,102,3,57.0,2,1
19871115,452,119,13,6.0,0,1
19871115,452,110,14,4.0,0,1
19871115,452,118,16,3.0,0,1
19871115,452,133,27,0.0,0,1
19871115,452,145,26,0.0,0,1
19871115,452,84,18,2.0,0,1
19871115,452,170,9,12.0,0,1
19871115,452,122,19,1.0,0,1
19871115,452,112,17,3.0,0,1
19871115,452,167,28,0.0,0,1
19871115,452,99,31,0.0,0,1
19871115,452,160,24,0.0,0,1
19871115,452,163,20,1.0,0,1
19871115,452,171,29,0.0,0,1
19871115,452,78,32,0.0,0,1
19871115,452,114,22,0.0,0,1
19871115,452,90,21,1.0,0,1
19871115,452,131,30,0.0,0,1
19860323,421,137,1,9.0,1,0
19860323,421,102,2,6.0,0,0
19860323,421,172,3,4.0,0,0
19860323,421,163,4,3.0,0,0
19860323,421,84,5,2.0,0,0
19860323,421,77,6,1.0,0,0
19860323,421,166,7,0.0,0,0
19860323,421,173,8,0.0,0,0
19860323,421,174,9,0.0,0,0
19860323,421,170,10,0.0,0,0
19860323,421,123,11,0.0,0,0
19860323,421,105,12,0.0,0,0
19860323,421,117,13,0.0,0,0
19860323,421,157,14,0.0,0,0
19860323,421,140,15,0.0,0,0
19860323,421,175,16,0.0,0,0
19860323,421,119,17,0.0,0,0
19860323,421,156,18,0.0,0,0
19860323,421,176,19,0.0,0,0
19860323,421,145,20,0.0,0,0
19860323,421,110,21,0.0,0,0
19860323,421,160,22,0.0,0,0
19860323,421,177,23,0.0,0,0
19860323,421,178,24,0.0,0,0
19860323,421,95,25,0.0,0,0
19860413,422,137,2,9.0,1,0
19860413,422,102,1,15.0,1,0
19860413,422,172,4,4.0,0,0
19860413,422,163,6,3.0,0,0
19860413,422,84,9,2.0,0,0
19860413,422,77,10,2.0,0,0
19860413,422,166,12,0.0,0,0
19860413,422,173,13,0.0,0,0
19860413,422,174,15,0.0,0,0
19860413,422,170,8,2.0,0,0
19860413,422,123,11,0.0,0,0
19860413,422,105,16,0.0,0,0
19860413,422,117,5,4.0,0,0
19860413,422,157,18,0.0,0,0
19860413,422,140,19,0.0,0,0
19860413,422,175,14,0.0,0,0
19860413,422,119,20,0.0,0,0
19860413,422,156,21,0.0,0,0
19860413,422,176,17,0.0,0,0
19860413,422,145,23,0.0,0,0
19860413,422,110,24,0.0,0,0
19860413,422,160,22,0.0,0,0
19860413,422,177,7,3.0,0,0
19860413,422,178,25,0.0,0,0
19860413,422,95,3,6.0,0,0
19860427,423,137,1,15.0,1,0
19860427,423,102,2,15.0,1,0
19860427,423,172,7,4.0,0,0
19860427,423,163,8,3.0,0,0
19860427,423,84,10,2.0,0,0
19860427,423,77,5,6.0,0,0
19860427,423,166,14,0.0,0,0
19860427,423,173,15,0.0,0,0
19860427,423,174,17,0.0,0,0
19860427,423,170,11,2.0,0,0
19860427,423,123,13,0.0,0,0
19860427,423,105,19,0.0,0,0
19860427,423,117,3,13.0,1,0
19860427,423,157,21,0.0,0,0
19860427,423,140,9,3.0,0,0
19860427,423,175,16,0.0,0,0
19860427,423,119,12,1.0,0,0
19860427,423,156,22,0.0,0,0
19860427,423,176,18,0.0,0,0
19860427,423,145,25,0.0,0,0
19860427,423,110,24,0.0,0,0
19860427,423,160,20,0.0,0,0
19860427,423,177,6,5.0,0,0
19860427,423,178,23,0.0,0,0
19860427,423,95,4,6.0,0,0
19860427,423,179,26,0.0,0,0
19860511,424,137,3,15.0,1,0
19860511,424,102,2,19.0,1,0
19860511,424,172,7,5.0,0,0
19860511,424,163,8,5.0,0,0
19860511,424,84,10,2.0,0,0
19860511,424,77,6,6.0,0,0
19860511,424,166,14,0.0,0,0
19860511,424,173,16,0.0,0,0
19860511,424,174,18,0.0,0,0
19860511,424,170,11,2.0,0,0
19860511,424,123,13,0.0,0,0
19860511,424,105,19,0.0,0,0
19860511,424,117,1,22.0,2,0
19860511,424,157,22,0.0,0,0
19860511,424,140,9,3.0,0,0
19860511,424,175,15,0.0,0,0
19860511,424,119,12,1.0,0,0
19860511,424,156,20,0.0,0,0
19860511,424,176,17,0.0,0,0
19860511,424,145,25,0.0,0,0
19860511,424,110,24,0.0,0,0
19860511,424,160,21,0.0,0,0
19860511,424,177,4,11.0,0,0
19860511,424,178,23,0.0,0,0
19860511,424,95,5,9.0,0,0
19860511,424,179,26,0.0,0,0
19860525,425,137,4,15.0,1,0
19860525,425,102,1,25.0,1,0
19860525,425,172,7,7.0,0,0
19860525,425,163,9,5.0,0,0
19860525,425,84,12,2.0,0,0
19860525,425,77,8,6.0,0,0
19860525,425,166,15,0.0,0,0
19860525,425,173,17,0.0,0,0
19860525,425,174,19,0.0,0,0
19860525,425,170,11,2.0,0,0
19860525,425,123,14,0.0,0,0
19860525,425,105,10,3.0,0,0
19860525,425,117,2,23.0,2,0
19860525,425,157,23,0.0,0,0
19860525,425,140,6,7.0,0,0
19860525,425,175,16,0.0,0,0
19860525,425,119,13,1.0,0,0
19860525,425,156,21,0.0,0,0
19860525,425,176,18,0.0,0,0
19860525,425,145,26,0.0,0,0
19860525,425,110,24,0.0,0,0
19860525,425,160,22,0.0,0,0
19860525,425,177,5,11.0,0,0
19860525,425,178,20,0.0,0,0
19860525,425,95,3,18.0,1,0
19860525,425,179,25,0.0,0,0
19860615,426,137,4,19.0,1,0
19860615,426,102,3,27.0,1,0
19860615,426,172,7,7.0,0,0
19860615,426,163,9,6.0,0,0
19860615,426,84,12,2.0,0,0
19860615,426,77,8,6.0,0,0
19860615,426,166,15,0.0,0,0
19860615,426,173,17,0.0,0,0
19860615,426,174,19,0.0,0,0
19860615,426,170,11,2.0,0,0
19860615,426,123,14,0.0,0,0
19860615,426,105,10,3.0,0,0
19860615,426,117,1,29.0,2,0
19860615,426,157,25,0.0,0,0
19860615,426,140,6,7.0,0,0
19860615,426,175,16,0.0,0,0
19860615,426,119,13,1.0,0,0
19860615,426,156,21,0.0,0,0
19860615,426,176,18,0.0,0,0
19860615,426,145,26,0.0,0,0
19860615,426,110,24,0.0,0,0
19860615,426,160,23,0.0,0,0
19860615,426,177,5,14.0,0,0
19860615,426,178,20,0.0,0,0
19860615,426,95,2,27.0,2,0
19860615,426,179,22,0.0,0,0
19860615,426,118,27,0.0,0,0
19860622,427,158,28,0.0,0,0
19860622,427,179,23,0.0,0,0
19860622,427,95,3,29.0,2,0
19860622,427,160,25,0.0,0,0
19860622,427,110,26,0.0,0,0
19860622,427,176,20,0.0,0,0
19860622,427,156,17,0.0,0,0
19860622,427,175,18,0.0,0,0
19860622,427,157,24,0.0,0,0
19860622,427,117,2,33.0,2,0
19860622,427,105,9,6.0,0,0
19860622,427,170,11,2.0,0,0
19860622,427,173,19,0.0,0,0
19860622,427,77,8,6.0,0,0
19860622,427,163,10,6.0,0,0
19860622,427,177,5,14.0,0,0
19860622,427,84,12,2.0,0,0
19860622,427,174,16,0.0,0,0
19860622,427,145,27,0.0,0,0
19860622,427,178,21,0.0,0,0
19860622,427,118,22,0.0,0,0
19860622,427,119,13,2.0,0,0
19860622,427,180,29,0.0,0,0
19860622,427,140,7,7.0,0,0
19860622,427,166,15,0.0,0,0
19860622,427,172,6,13.0,0,0
19860622,427,123,14,0.0,0,0
19860622,427,102,1,36.0,2,0
19860622,427,137,4,19.0,1,0
19860706,428,137,4,23.0,1,0
19860706,428,102,3,36.0,2,0
19860706,428,172,6,14.0,0,0
19860706,428,163,7,8.0,0,0
19860706,428,84,12,2.0,0,0
19860706,428,77,9,6.0,0,0
19860706,428,166,15,0.0,0,0
19860706,428,173,19,0.0,0,0
19860706,428,174,16,0.0,0,0
19860706,428,170,11,2.0,0,0
19860706,428,123,14,0.0,0,0
19860706,428,105,10,6.0,0,0
19860706,428,117,1,39.0,2,0
19860706,428,157,23,0.0,0,0
19860706,428,140,8,7.0,0,0
19860706,428,175,18,0.0,0,0
19860706,428,119,13,2.0,0,0
19860706,428,156,17,0.0,0,0
19860706,428,176,20,0.0,0,0
19860706,428,145,27,0.0,0,0
19860706,428,110,26,0.0,0,0
19860706,428,160,25,0.0,0,0
19860706,428,177,5,17.0,0,0
19860706,428,178,22,0.0,0,0
19860706,428,95,2,38.0,3,0
19860706,428,179,24,0.0,0,0
19860706,428,118,21,0.0,0,0
19860706,428,158,29,0.0,0,0
19860706,428,180,28,0.0,0,0
19860713,429,137,4,29.0,1,0
19860713,429,102,3,36.0,2,0
19860713,429,172,6,14.0,0,0
19860713,429,163,7,11.0,0,0
19860713,429,84,11,4.0,0,0
19860713,429,77,9,6.0,0,0
19860713,429,166,14,1.0,0,0
19860713,429,173,20,0.0,0,0
19860713,429,174,16,0.0,0,0
19860713,429,170,12,2.0,0,0
19860713,429,123,15,0.0,0,0
19860713,429,105,10,6.0,0,0
19860713,429,117,2,43.0,2,0
19860713,429,157,23,0.0,0,0
19860713,429,140,8,7.0,0,0
19860713,429,175,19,0.0,0,0
19860713,429,119,13,2.0,0,0
19860713,429,156,18,0.0,0,0
19860713,429,176,21,0.0,0,0
19860713,429,145,26,0.0,0,0
19860713,429,110,27,0.0,0,0
19860713,429,160,25,0.0,0,0
19860713,429,177,5,17.0,0,0
19860713,429,178,22,0.0,0,0
19860713,429,95,1,47.0,4,0
19860713,429,179,24,0.0,0,0
19860713,429,118,17,0.0,0,0
19860713,429,158,29,0.0,0,0
19860713,429,180,28,0.0,0,0
19860727,430,137,4,38.0,2,0
19860727,430,102,3,42.0,2,0
19860727,430,172,6,14.0,0,0
19860727,430,163,7,14.0,0,0
19860727,430,84,11,4.0,0,0
19860727,430,77,9,6.0,0,0
19860727,430,166,14,1.0,0,0
19860727,430,173,20,0.0,0,0
19860727,430,174,16,0.0,0,0
19860727,430,170,12,2.0,0,0
19860727,430,123,15,0.0,0,0
19860727,430,105,10,6.0,0,0
19860727,430,117,2,44.0,2,0
19860727,430,157,23,0.0,0,0
19860727,430,140,8,7.0,0,0
19860727,430,175,18,0.0,0,0
19860727,430,119,13,2.0,0,0
19860727,430,156,19,0.0,0,0
19860727,430,176,21,0.0,0,0
19860727,430,145,27,0.0,0,0
19860727,430,110,28,0.0,0,0
19860727,430,160,26,0.0,0,0
19860727,430,177,5,19.0,0,0
19860727,430,178,22,0.0,0,0
19860727,430,95,1,51.0,4,0
19860727,430,179,24,0.0,0,0
19860727,430,118,17,0.0,0,0
19860727,430,158,29,0.0,0,0
19860727,430,180,25,0.0,0,0
19860727,430,112,30,0.0,0,0
19860810,431,137,3,47.0,3,0
19860810,431,102,2,48.0,2,0
19860810,431,172,6,14.0,0,0
19860810,431,163,7,14.0,0,0
19860810,431,84,11,5.0,0,0
19860810,431,77,9,6.0,0,0
19860810,431,166,15,1.0,0,0
19860810,431,173,20,0.0,0,0
19860810,431,174,12,2.0,0,0
19860810,431,170,13,2.0,0,0
19860810,431,123,16,0.0,0,0
19860810,431,105,10,6.0,0,0
19860810,431,117,4,44.0,2,0
19860810,431,157,24,0.0,0,0
19860810,431,140,8,10.0,0,0
19860810,431,175,17,0.0,0,0
19860810,431,119,14,2.0,0,0
19860810,431,156,19,0.0,0,0
19860810,431,176,21,0.0,0,0
19860810,431,145,28,0.0,0,0
19860810,431,110,29,0.0,0,0
19860810,431,160,27,0.0,0,0
19860810,431,177,5,19.0,0,0
19860810,431,178,22,0.0,0,0
19860810,431,95,1,55.0,4,0
19860810,431,179,25,0.0,0,0
19860810,431,118,18,0.0,0,0
19860810,431,158,30,0.0,0,0
19860810,431,180,26,0.0,0,0
19860810,431,112,23,0.0,0,0
19860817,432,137,4,47.0,3,0
19860817,432,102,3,48.0,2,0
19860817,432,172,6,14.0,0,0
19860817,432,163,8,14.0,0,0
19860817,432,84,11,5.0,0,0
19860817,432,77,10,6.0,0,0
19860817,432,166,17,1.0,0,0
19860817,432,173,23,0.0,0,0
19860817,432,174,13,2.0,0,0
19860817,432,170,15,2.0,0,0
19860817,432,123,19,0.0,0,0
19860817,432,105,9,12.0,0,0
19860817,432,117,2,53.0,3,0
19860817,432,157,18,1.0,0,0
19860817,432,140,7,14.0,0,0
19860817,432,175,14,2.0,0,0
19860817,432,119,16,2.0,0,0
19860817,432,156,21,0.0,0,0
19860817,432,176,24,0.0,0,0
19860817,432,145,28,0.0,0,0
19860817,432,110,29,0.0,0,0
19860817,432,160,26,0.0,0,0
19860817,432,177,5,19.0,0,0
19860817,432,178,12,3.0,0,0
19860817,432,95,1,55.0,4,0
19860817,432,179,22,0.0,0,0
19860817,432,118,20,0.0,0,0
19860817,432,158,30,0.0,0,0
19860817,432,180,27,0.0,0,0
19860817,432,112,25,0.0,0,0
19860907,433,137,2,56.0,4,0
19860907,433,102,4,48.0,2,0
19860907,433,172,7,14.0,0,0
19860907,433,163,8,14.0,0,0
19860907,433,84,11,5.0,0,0
19860907,433,77,10,8.0,0,0
19860907,433,166,17,1.0,0,0
19860907,433,173,23,0.0,0,0
19860907,433,174,13,2.0,0,0
19860907,433,170,15,2.0,0,0
19860907,433,123,19,0.0,0,0
19860907,433,105,9,12.0,0,0
19860907,433,117,3,53.0,3,0
19860907,433,157,18,1.0,0,0
19860907,433,140,6,18.0,0,0
19860907,433,175,14,2.0,0,0
19860907,433,119,16,2.0,0,0
19860907,433,156,21,0.0,0,0
19860907,433,176,24,0.0,0,0
19860907,433,145,29,0.0,0,0
19860907,433,110,30,0.0,0,0
19860907,433,160,26,0.0,0,0
19860907,433,177,5,22.0,0,0
19860907,433,178,12,4.0,0,0
19860907,433,95,1,61.0,4,0
19860907,433,179,22,0.0,0,0
19860907,433,118,20,0.0,0,0
19860907,433,158,32,0.0,0,0
19860907,433,180,27,0.0,0,0
19860907,433,112,25,0.0,0,0
19860907,433,133,28,0.0,0,0
19860907,433,122,31,0.0,0,0
19860921,434,137,2,60.0,4,0
19860921,434,102,4,51.0,2,0
19860921,434,172,7,14.0,0,0
19860921,434,163,9,14.0,0,0
19860921,434,84,11,5.0,0,0
19860921,434,77,10,8.0,0,0
19860921,434,166,17,1.0,0,0
19860921,434,173,23,0.0,0,0
19860921,434,174,13,2.0,0,0
19860921,434,170,15,2.0,0,0
19860921,434,123,19,0.0,0,0
19860921,434,105,8,14.0,0,0
19860921,434,117,3,59.0,3,0
19860921,434,157,18,1.0,0,0
19860921,434,140,6,19.0,0,0
19860921,434,175,14,2.0,0,0
19860921,434,119,16,2.0,0,0
19860921,434,156,21,0.0,0,0
19860921,434,176,24,0.0,0,0
19860921,434,145,29,0.0,0,0
19860921,434,110,30,0.0,0,0
19860921,434,160,26,0.0,0,0
19860921,434,177,5,22.0,0,0
19860921,434,178,12,4.0,0,0
19860921,434,95,1,70.0,5,0
19860921,434,179,22,0.0,0,0
19860921,434,118,20,0.0,0,0
19860921,434,158,32,0.0,0,0
19860921,434,180,27,0.0,0,0
19860921,434,112,25,0.0,0,0
19860921,434,133,28,0.0,0,0
19860921,434,122,31,0.0,0,0
19861012,435,137,3,63.0,4,0
19861012,435,102,4,55.0,2,0
19861012,435,172,8,14.0,0,0
19861012,435,163,10,14.0,0,0
19861012,435,84,11,5.0,0,0
19861012,435,77,7,17.0,1,0
19861012,435,166,17,1.0,0,0
19861012,435,173,25,0.0,0,0
19861012,435,174,13,2.0,0,0
19861012,435,170,15,2.0,0,0
19861012,435,123,20,0.0,0,0
19861012,435,105,9,14.0,0,0
19861012,435,117,2,64.0,3,0
19861012,435,157,18,1.0,0,0
19861012,435,140,6,19.0,0,0
19861012,435,175,14,2.0,0,0
19861012,435,119,16,2.0,0,0
19861012,435,156,22,0.0,0,0
19861012,435,176,26,0.0,0,0
19861012,435,145,29,0.0,0,0
19861012,435,110,24,0.0,0,0
19861012,435,160,27,0.0,0,0
19861012,435,177,5,22.0,0,0
19861012,435,178,12,4.0,0,0
19861012,435,95,1,70.0,5,0
19861012,435,179,23,0.0,0,0
19861012,435,118,21,0.0,0,0
19861012,435,158,32,0.0,0,0
19861012,435,180,28,0.0,0,0
19861012,435,112,19,1.0,0,0
19861012,435,133,30,0.0,0,0
19861012,435,122,31,0.0,0,0
19861026,436,137,3,69.0,4,1
19861026,436,102,4,55.0,2,1
19861026,436,172,8,14.0,0,1
19861026,436,163,10,14.0,0,1
19861026,436,84,11,8.0,0,1
19861026,436,77,7,17.0,1,1
19861026,436,166,14,3.0,0,1
19861026,436,173,25,0.0,0,1
19861026,436,174,13,3.0,0,1
19861026,436,170,16,2.0,0,1
19861026,436,123,20,0.0,0,1
19861026,436,105,9,14.0,0,1
19861026,436,117,1,72.0,4,1
19861026,436,157,18,1.0,0,1
19861026,436,140,5,23.0,0,1
19861026,436,175,15,2.0,0,1
19861026,436,119,17,2.0,0,1
19861026,436,156,22,0.0,0,1
19861026,436,176,26,0.0,0,1
19861026,436,145,29,0.0,0,1
19861026,436,110,24,0.0,0,1
19861026,436,160,27,0.0,0,1
19861026,436,177,6,22.0,0,1
19861026,436,178,12,4.0,0,1
19861026,436,95,2,70.0,5,1
19861026,436,179,23,0.0,0,1
19861026,436,118,21,0.0,0,1
19861026,436,158,32,0.0,0,1
19861026,436,180,28,0.0,0,1
19861026,436,112,19,1.0,0,1
19861026,436,133,30,0.0,0,1
19861026,436,122,31,0.0,0,1
19850407,405,117,1,9.0,1,0
19850407,405,105,2,6.0,0,0
19850407,405,173,3,4.0,0,0
19850407,405,163,4,3.0,0,0
19850407,405,175,5,2.0,0,0
19850407,405,172,6,1.0,0,0
19850407,405,140,7,0.0,0,0
19850407,405,84,8,0.0,0,0
19850407,405,112,9,0.0,0,0
19850407,405,118,10,0.0,0,0
19850407,405,123,11,0.0,0,0
19850407,405,160,12,0.0,0,0
19850407,405,181,13,0.0,0,0
19850407,405,77,14,0.0,0,0
19850407,405,102,15,0.0,0,0
19850407,405,158,16,0.0,0,0
19850407,405,94,17,0.0,0,0
19850407,405,182,18,0.0,0,0
19850407,405,110,19,0.0,0,0
19850407,405,119,20,0.0,0,0
19850407,405,177,21,0.0,0,0
19850407,405,183,22,0.0,0,0
19850407,405,95,23,0.0,0,0
19850407,405,184,24,0.0,0,0
19850407,405,137,25,0.0,0,0
19850421,406,117,2,9.0,1,0
19850421,406,105,1,12.0,0,0
19850421,406,173,4,7.0,0,0
19850421,406,163,6,3.0,0,0
19850421,406,175,5,6.0,0,0
19850421,406,172,8,1.0,0,0
19850421,406,140,10,0.0,0,0
19850421,406,84,12,0.0,0,0
19850421,406,112,14,0.0,0,0
19850421,406,118,11,0.0,0,0
19850421,406,123,15,0.0,0,0
19850421,406,160,13,0.0,0,0
19850421,406,181,16,0.0,0,0
19850421,406,77,20,0.0,0,0
19850421,406,102,3,9.0,1,0
19850421,406,158,18,0.0,0,0
19850421,406,94,22,0.0,0,0
19850421,406,182,17,0.0,0,0
19850421,406,110,19,0.0,0,0
19850421,406,119,25,0.0,0,0
19850421,406,177,24,0.0,0,0
19850421,406,183,26,0.0,0,0
19850421,406,95,7,2.0,0,0
19850421,406,184,23,0.0,0,0
19850421,406,137,21,0.0,0,0
19850421,406,185,9,1.0,0,0
19850421,406,156,27,0.0,0,0
19850505,407,117,5,9.0,1,0
19850505,407,105,2,12.0,0,0
19850505,407,173,1,16.0,1,0
19850505,407,163,9,3.0,0,0
19850505,407,175,3,10.0,0,0
19850505,407,172,11,1.0,0,0
19850505,407,140,10,1.0,0,0
19850505,407,84,14,0.0,0,0
19850505,407,112,17,0.0,0,0
19850505,407,118,13,0.0,0,0
19850505,407,123,6,6.0,0,0
19850505,407,160,16,0.0,0,0
19850505,407,181,18,0.0,0,0
19850505,407,77,21,0.0,0,0
19850505,407,102,4,9.0,1,0
19850505,407,158,19,0.0,0,0
19850505,407,94,23,0.0,0,0
19850505,407,182,8,3.0,0,0
19850505,407,110,20,0.0,0,0
19850505,407,119,25,0.0,0,0
19850505,407,177,22,0.0,0,0
19850505,407,183,26,0.0,0,0
19850505,407,95,7,4.0,0,0
19850505,407,184,24,0.0,0,0
19850505,407,137,15,0.0,0,0
19850505,407,185,12,1.0,0,0
19850505,407,156,27,0.0,0,0
19850519,408,117,2,18.0,2,0
19850519,408,105,3,18.0,0,0
19850519,408,173,1,20.0,1,0
19850519,408,163,10,3.0,0,0
19850519,408,175,4,10.0,0,0
19850519,408,172,12,2.0,0,0
19850519,408,140,13,1.0,0,0
19850519,408,84,15,0.0,0,0
19850519,408,112,19,0.0,0,0
19850519,408,118,11,2.0,0,0
19850519,408,123,6,6.0,0,0
19850519,408,160,18,0.0,0,0
19850519,408,181,21,0.0,0,0
19850519,408,77,24,0.0,0,0
19850519,408,102,5,9.0,1,0
19850519,408,158,22,0.0,0,0
19850519,408,94,26,0.0,0,0
19850519,408,182,8,3.0,0,0
19850519,408,110,9,3.0,0,0
19850519,408,119,23,0.0,0,0
19850519,408,177,17,0.0,0,0
19850519,408,183,28,0.0,0,0
19850519,408,95,7,4.0,0,0
19850519,408,184,27,0.0,0,0
19850519,408,137,16,0.0,0,0
19850519,408,185,14,1.0,0,0
19850519,408,156,20,0.0,0,0
19850519,408,170,25,0.0,0,0
19850616,409,117,2,22.0,2,0
19850616,409,105,1,27.0,1,0
19850616,409,173,3,22.0,1,0
19850616,409,163,12,3.0,0,0
19850616,409,175,4,10.0,0,0
19850616,409,172,14,2.0,0,0
19850616,409,140,6,7.0,0,0
19850616,409,84,16,0.0,0,0
19850616,409,112,19,0.0,0,0
19850616,409,118,13,2.0,0,0
19850616,409,123,7,6.0,0,0
19850616,409,160,18,0.0,0,0
19850616,409,181,22,0.0,0,0
19850616,409,77,23,0.0,0,0
19850616,409,102,5,9.0,1,0
19850616,409,158,25,0.0,0,0
19850616,409,94,27,0.0,0,0
19850616,409,182,11,3.0,0,0
19850616,409,110,10,3.0,0,0
19850616,409,119,20,0.0,0,0
19850616,409,177,9,3.0,0,0
19850616,409,183,29,0.0,0,0
19850616,409,95,8,5.0,0,0
19850616,409,184,28,0.0,0,0
19850616,409,137,17,0.0,0,0
19850616,409,185,15,1.0,0,0
19850616,409,156,21,0.0,0,0
19850616,409,170,26,0.0,0,0
19850616,409,176,24,0.0,0,0
19850623,410,176,18,0.0,0,0
19850623,410,118,14,2.0,0,0
19850623,410,123,8,6.0,0,0
19850623,410,119,22,0.0,0,0
19850623,410,170,26,0.0,0,0
19850623,410,156,24,0.0,0,0
19850623,410,185,10,4.0,0,0
19850623,410,137,16,1.0,0,0
19850623,410,184,28,0.0,0,0
19850623,410,95,9,5.0,0,0
19850623,410,183,29,0.0,0,0
19850623,410,177,5,12.0,1,0
19850623,410,110,11,3.0,0,0
19850623,410,182,12,3.0,0,0
19850623,410,77,23,0.0,0,0
19850623,410,102,7,9.0,1,0
19850623,410,158,20,0.0,0,0
19850623,410,94,27,0.0,0,0
19850623,410,181,25,0.0,0,0
19850623,410,160,19,0.0,0,0
19850623,410,112,21,0.0,0,0
19850623,410,84,17,0.0,0,0
19850623,410,140,4,13.0,0,0
19850623,410,172,15,2.0,0,0
19850623,410,175,6,10.0,0,0
19850623,410,173,2,24.0,1,0
19850623,410,163,13,3.0,0,0
19850623,410,105,1,31.0,1,0
19850623,410,117,3,22.0,2,0
19850707,411,176,17,0.0,0,0
19850707,411,170,26,0.0,0,0
19850707,411,156,24,0.0,0,0
19850707,411,185,11,4.0,0,0
19850707,411,137,7,10.0,1,0
19850707,411,184,28,0.0,0,0
19850707,411,95,10,5.0,0,0
19850707,411,183,29,0.0,0,0
19850707,411,119,22,0.0,0,0
19850707,411,110,12,3.0,0,0
19850707,411,182,13,3.0,0,0
19850707,411,158,19,0.0,0,0
19850707,411,102,8,9.0,1,0
19850707,411,77,23,0.0,0,0
19850707,411,160,20,0.0,0,0
19850707,411,118,15,2.0,0,0
19850707,411,84,18,0.0,0,0
19850707,411,175,6,11.0,0,0
19850707,411,163,14,3.0,0,0
19850707,411,105,1,31.0,1,0
19850707,411,112,21,0.0,0,0
19850707,411,181,25,0.0,0,0
19850707,411,172,16,2.0,0,0
19850707,411,140,5,16.0,0,0
19850707,411,117,2,26.0,2,0
19850707,411,177,4,18.0,1,0
19850707,411,94,27,0.0,0,0
19850707,411,173,3,26.0,1,0
19850707,411,123,9,6.0,0,0
19850721,412,117,2,35.0,3,0
19850721,412,105,1,37.0,1,0
19850721,412,173,3,26.0,1,0
19850721,412,163,16,3.0,0,0
19850721,412,175,7,11.0,0,0
19850721,412,172,10,6.0,0,0
19850721,412,140,5,16.0,0,0
19850721,412,84,18,0.0,0,0
19850721,412,112,23,0.0,0,0
19850721,412,118,13,4.0,0,0
19850721,412,123,9,6.0,0,0
19850721,412,160,22,0.0,0,0
19850721,412,181,25,0.0,0,0
19850721,412,77,19,0.0,0,0
19850721,412,102,8,9.0,1,0
19850721,412,158,21,0.0,0,0
19850721,412,94,27,0.0,0,0
19850721,412,182,15,3.0,0,0
19850721,412,110,14,3.0,0,0
19850721,412,119,20,0.0,0,0
19850721,412,177,4,18.0,1,0
19850721,412,183,29,0.0,0,0
19850721,412,95,11,5.0,0,0
19850721,412,184,28,0.0,0,0
19850721,412,137,6,13.0,1,0
19850721,412,185,12,4.0,0,0
19850721,412,156,24,0.0,0,0
19850721,412,170,26,0.0,0,0
19850721,412,176,17,1.0,0,0
19850804,413,117,2,41.0,3,0
19850804,413,105,1,46.0,2,0
19850804,413,173,3,26.0,1,0
19850804,413,163,16,3.0,0,0
19850804,413,175,7,11.0,0,0
19850804,413,172,8,10.0,0,0
19850804,413,140,5,16.0,0,0
19850804,413,84,18,0.0,0,0
19850804,413,112,23,0.0,0,0
19850804,413,118,14,4.0,0,0
19850804,413,123,10,9.0,0,0
19850804,413,160,22,0.0,0,0
19850804,413,181,26,0.0,0,0
19850804,413,77,19,0.0,0,0
19850804,413,102,9,9.0,1,0
19850804,413,158,21,0.0,0,0
19850804,413,94,24,0.0,0,0
19850804,413,182,12,5.0,0,0
19850804,413,110,15,3.0,0,0
19850804,413,119,20,0.0,0,0
19850804,413,177,4,18.0,1,0
19850804,413,183,30,0.0,0,0
19850804,413,95,11,6.0,0,0
19850804,413,184,29,0.0,0,0
19850804,413,137,6,13.0,1,0
19850804,413,185,13,4.0,0,0
19850804,413,156,25,0.0,0,0
19850804,413,170,27,0.0,0,0
19850804,413,176,17,1.0,0,0
19850804,413,179,28,0.0,0,0
19850818,414,117,1,50.0,4,0
19850818,414,105,2,50.0,2,0
19850818,414,173,3,28.0,1,0
19850818,414,163,16,3.0,0,0
19850818,414,175,8,11.0,0,0
19850818,414,172,9,10.0,0,0
19850818,414,140,4,19.0,0,0
19850818,414,84,18,0.0,0,0
19850818,414,112,23,0.0,0,0
19850818,414,118,14,4.0,0,0
19850818,414,123,10,9.0,0,0
19850818,414,160,22,0.0,0,0
19850818,414,181,27,0.0,0,0
19850818,414,77,19,0.0,0,0
19850818,414,102,6,15.0,1,0
19850818,414,158,21,0.0,0,0
19850818,414,94,25,0.0,0,0
19850818,414,182,12,5.0,0,0
19850818,414,110,15,3.0,0,0
19850818,414,119,20,0.0,0,0
19850818,414,177,5,18.0,1,0
19850818,414,183,31,0.0,0,0
19850818,414,95,11,6.0,0,0
19850818,414,184,30,0.0,0,0
19850818,414,137,7,13.0,1,0
19850818,414,185,13,4.0,0,0
19850818,414,156,26,0.0,0,0
19850818,414,170,28,0.0,0,0
19850818,414,176,17,2.0,0,0
19850818,414,179,24,0.0,0,0
19850818,414,186,29,0.0,0,0
19850825,415,117,1,56.0,4,0
19850825,415,105,2,53.0,2,0
19850825,415,173,3,30.0,1,0
19850825,415,163,16,3.0,0,0
19850825,415,175,9,11.0,0,0
19850825,415,172,10,10.0,0,0
19850825,415,140,5,19.0,0,0
19850825,415,84,18,0.0,0,0
19850825,415,112,24,0.0,0,0
19850825,415,118,14,4.0,0,0
19850825,415,123,11,9.0,0,0
19850825,415,160,22,0.0,0,0
19850825,415,181,27,0.0,0,0
19850825,415,77,19,0.0,0,0
19850825,415,102,4,19.0,1,0
19850825,415,158,21,0.0,0,0
19850825,415,94,25,0.0,0,0
19850825,415,182,7,14.0,1,0
19850825,415,110,15,3.0,0,0
19850825,415,119,20,0.0,0,0
19850825,415,177,6,18.0,1,0
19850825,415,183,31,0.0,0,0
19850825,415,95,12,7.0,0,0
19850825,415,184,30,0.0,0,0
19850825,415,137,8,13.0,1,0
19850825,415,185,13,4.0,0,0
19850825,415,156,26,0.0,0,0
19850825,415,170,28,0.0,0,0
19850825,415,176,17,2.0,0,0
19850825,415,179,23,0.0,0,0
19850825,415,186,29,0.0,0,0
19850908,416,117,1,65.0,5,0
19850908,416,105,2,53.0,2,0
19850908,416,173,3,31.0,1,0
19850908,416,163,17,3.0,0,0
19850908,416,175,9,11.0,0,0
19850908,416,172,10,10.0,0,0
19850908,416,140,5,21.0,0,0
19850908,416,84,18,0.0,0,0
19850908,416,112,24,0.0,0,0
19850908,416,118,15,4.0,0,0
19850908,416,123,11,9.0,0,0
19850908,416,160,22,0.0,0,0
19850908,416,181,28,0.0,0,0
19850908,416,77,19,0.0,0,0
19850908,416,102,4,23.0,1,0
19850908,416,158,21,0.0,0,0
19850908,416,94,26,0.0,0,0
19850908,416,182,8,14.0,1,0
19850908,416,110,16,3.0,0,0
19850908,416,119,20,0.0,0,0
19850908,416,177,7,18.0,1,0
19850908,416,183,32,0.0,0,0
19850908,416,95,12,7.0,0,0
19850908,416,184,31,0.0,0,0
19850908,416,137,6,19.0,1,0
19850908,416,185,14,4.0,0,0
19850908,416,156,27,0.0,0,0
19850908,416,170,29,0.0,0,0
19850908,416,176,13,5.0,0,0
19850908,416,179,23,0.0,0,0
19850908,416,186,30,0.0,0,0
19850908,416,166,25,0.0,0,0
19850908,416,178,33,0.0,0,0
19850915,417,117,1,69.0,5,0
19850915,417,105,2,53.0,2,0
19850915,417,173,4,31.0,1,0
19850915,417,163,17,3.0,0,0
19850915,417,175,10,11.0,0,0
19850915,417,172,11,10.0,0,0
19850915,417,140,7,21.0,0,0
19850915,417,84,18,0.0,0,0
19850915,417,112,25,0.0,0,0
19850915,417,118,14,5.0,0,0
19850915,417,123,12,9.0,0,0
19850915,417,160,23,0.0,0,0
19850915,417,181,28,0.0,0,0
19850915,417,77,19,0.0,0,0
19850915,417,102,3,32.0,2,0
19850915,417,158,21,0.0,0,0
19850915,417,94,26,0.0,0,0
19850915,417,182,8,14.0,1,0
19850915,417,110,16,3.0,0,0
19850915,417,119,20,0.0,0,0
19850915,417,177,5,21.0,1,0
19850915,417,183,33,0.0,0,0
19850915,417,95,9,13.0,0,0
19850915,417,184,31,0.0,0,0
19850915,417,137,6,21.0,1,0
19850915,417,185,15,4.0,0,0
19850915,417,156,27,0.0,0,0
19850915,417,170,29,0.0,0,0
19850915,417,176,13,5.0,0,0
19850915,417,179,24,0.0,0,0
19850915,417,186,30,0.0,0,0
19850915,417,166,22,0.0,0,0
19850915,417,178,34,0.0,0,0
19850915,417,157,32,0.0,0,0
19851006,418,117,1,72.0,5,0
19851006,418,105,2,53.0,2,0
19851006,418,173,4,33.0,1,0
19851006,418,163,17,3.0,0,0
19851006,418,175,10,11.0,0,0
19851006,418,172,12,10.0,0,0
19851006,418,140,8,21.0,0,0
19851006,418,84,18,0.0,0,0
19851006,418,112,26,0.0,0,0
19851006,418,118,14,5.0,0,0
19851006,418,123,11,10.0,0,0
19851006,418,160,24,0.0,0,0
19851006,418,181,29,0.0,0,0
19851006,418,77,19,0.0,0,0
19851006,418,102,3,38.0,2,0
19851006,418,158,23,0.0,0,0
19851006,418,94,27,0.0,0,0
19851006,418,182,9,14.0,1,0
19851006,418,110,16,3.0,0,0
19851006,418,119,22,0.0,0,0
19851006,418,177,5,25.0,1,0
19851006,418,183,35,0.0,0,0
19851006,418,95,6,22.0,1,0
19851006,418,184,34,0.0,0,0
19851006,418,137,7,21.0,1,0
19851006,418,185,15,4.0,0,0
19851006,418,156,28,0.0,0,0
19851006,418,170,30,0.0,0,0
19851006,418,176,13,5.0,0,0
19851006,418,179,25,0.0,0,0
19851006,418,186,32,0.0,0,0
19851006,418,166,21,0.0,0,0
19851006,418,178,36,0.0,0,0
19851006,418,157,31,0.0,0,0
19851006,418,187,20,0.0,0,0
19851006,418,122,33,0.0,0,0
19851019,419,117,1,73.0,5,0
19851019,419,105,2,53.0,2,0
19851019,419,173,4,33.0,1,0
19851019,419,163,17,3.0,0,0
19851019,419,175,11,11.0,0,0
19851019,419,172,12,10.0,0,0
19851019,419,140,7,24.0,0,0
19851019,419,84,19,0.0,0,0
19851019,419,112,26,0.0,0,0
19851019,419,118,14,5.0,0,0
19851019,419,123,10,11.0,0,0
19851019,419,160,24,0.0,0,0
19851019,419,181,29,0.0,0,0
19851019,419,77,18,2.0,0,0
19851019,419,102,3,38.0,2,0
19851019,419,158,23,0.0,0,0
19851019,419,94,27,0.0,0,0
19851019,419,182,9,14.0,1,0
19851019,419,110,16,3.0,0,0
19851019,419,119,22,0.0,0,0
19851019,419,177,6,31.0,1,0
19851019,419,183,36,0.0,0,0
19851019,419,95,5,31.0,2,0
19851019,419,184,34,0.0,0,0
19851019,419,137,8,21.0,1,0
19851019,419,185,15,4.0,0,0
19851019,419,156,28,0.0,0,0
19851019,419,170,30,0.0,0,0
19851019,419,176,13,5.0,0,0
19851019,419,179,25,0.0,0,0
19851019,419,186,32,0.0,0,0
19851019,419,166,21,0.0,0,0
19851019,419,178,35,0.0,0,0
19851019,419,157,31,0.0,0,0
19851019,419,187,20,0.0,0,0
19851019,419,122,33,0.0,0,0
19851103,420,117,1,73.0,5,1
19851103,420,105,2,53.0,2,1
19851103,420,173,5,33.0,1,1
19851103,420,163,19,3.0,0,1
19851103,420,175,12,11.0,0,1
19851103,420,172,9,16.0,0,1
19851103,420,140,7,26.0,0,1
19851103,420,84,21,0.0,0,1
19851103,420,112,28,0.0,0,1
19851103,420,118,14,5.0,0,1
19851103,420,123,11,11.0,0,1
19851103,420,160,27,0.0,0,1
19851103,420,181,30,0.0,0,1
19851103,420,77,20,3.0,0,1
19851103,420,102,4,38.0,2,1
19851103,420,158,26,0.0,0,1
19851103,420,94,24,0.0,0,1
19851103,420,182,10,14.0,1,1
19851103,420,110,17,3.0,0,1
19851103,420,119,25,0.0,0,1
19851103,420,177,3,40.0,2,1
19851103,420,183,36,0.0,0,1
19851103,420,95,6,31.0,2,1
19851103,420,184,34,0.0,0,1
19851103,420,137,8,21.0,1,1
19851103,420,185,16,4.0,0,1
19851103,420,156,29,0.0,0,1
19851103,420,170,31,0.0,0,1
19851103,420,176,13,5.0,0,1
19851103,420,179,22,0.0,0,1
19851103,420,186,33,0.0,0,1
19851103,420,166,15,4.0,0,1
19851103,420,178,35,0.0,0,1
19851103,420,157,32,0.0,0,1
19851103,420,187,23,0.0,0,1
19851103,420,122,18,3.0,0,1
19840325,389,117,1,9.0,1,0
19840325,389,177,2,6.0,0,0
19840325,389,173,3,4.0,0,0
19840325,389,158,4,3.0,0,0
19840325,389,175,5,2.0,0,0
19840325,389,123,6,1.0,0,0
19840325,389,176,7,0.0,0,0
19840325,389,156,8,0.0,0,0
19840325,389,118,9,0.0,0,0
19840325,389,110,10,0.0,0,0
19840325,389,119,11,0.0,0,0
19840325,389,182,12,0.0,0,0
19840325,389,95,13,0.0,0,0
19840325,389,137,14,0.0,0,0
19840325,389,170,15,0.0,0,0
19840325,389,163,16,0.0,0,0
19840325,389,160,17,0.0,0,0
19840325,389,183,18,0.0,0,0
19840325,389,112,19,0.0,0,0
19840325,389,188,20,0.0,0,0
19840325,389,172,21,0.0,0,0
19840325,389,105,22,0.0,0,0
19840325,389,184,23,0.0,0,0
19840325,389,102,24,0.0,0,0
19840407,390,117,1,15.0,1,0
19840407,390,177,3,6.0,0,0
19840407,390,173,4,4.0,0,0
19840407,390,158,7,3.0,0,0
19840407,390,175,9,2.0,0,0
19840407,390,123,10,1.0,0,0
19840407,390,176,12,0.0,0,0
19840407,390,156,14,0.0,0,0
19840407,390,118,5,4.0,0,0
19840407,390,110,8,2.0,0,0
19840407,390,119,6,3.0,0,0
19840407,390,182,2,9.0,1,0
19840407,390,95,18,0.0,0,0
19840407,390,137,19,0.0,0,0
19840407,390,170,22,0.0,0,0
19840407,390,163,23,0.0,0,0
19840407,390,160,25,0.0,0,0
19840407,390,183,15,0.0,0,0
19840407,390,112,26,0.0,0,0
19840407,390,188,27,0.0,0,0
19840407,390,172,21,0.0,0,0
19840407,390,105,16,0.0,0,0
19840407,390,184,13,0.0,0,0
19840407,390,102,11,1.0,0,0
19840407,390,84,17,0.0,0,0
19840407,390,185,20,0.0,0,0
19840407,390,181,24,0.0,0,0
19840429,391,117,1,15.0,1,0
19840429,391,177,5,9.0,0,0
19840429,391,173,6,6.0,0,0
19840429,391,158,9,3.0,0,0
19840429,391,175,10,2.0,0,0
19840429,391,123,13,1.0,0,0
19840429,391,176,14,0.0,0,0
19840429,391,156,15,0.0,0,0
19840429,391,118,2,10.0,0,0
19840429,391,110,11,2.0,0,0
19840429,391,119,8,3.0,0,0
19840429,391,182,4,9.0,1,0
19840429,391,95,20,0.0,0,0
19840429,391,137,17,0.0,0,0
19840429,391,170,21,0.0,0,0
19840429,391,163,7,4.0,0,0
19840429,391,160,25,0.0,0,0
19840429,391,183,18,0.0,0,0
19840429,391,112,26,0.0,0,0
19840429,391,188,27,0.0,0,0
19840429,391,172,24,0.0,0,0
19840429,391,105,3,9.0,1,0
19840429,391,184,16,0.0,0,0
19840429,391,102,12,2.0,0,0
19840429,391,84,19,0.0,0,0
19840429,391,185,22,0.0,0,0
19840429,391,181,23,0.0,0,0
19840506,392,189,27,0.0,0,0
19840506,392,185,24,0.0,0,0
19840506,392,102,13,2.0,0,0
19840506,392,105,5,9.0,1,0
19840506,392,172,26,0.0,0,0
19840506,392,112,19,0.0,0,0
19840506,392,160,28,0.0,0,0
19840506,392,163,3,10.0,0,0
19840506,392,170,23,0.0,0,0
19840506,392,95,22,0.0,0,0
19840506,392,182,6,9.0,1,0
19840506,392,119,9,3.0,0,0
19840506,392,110,11,3.0,0,0
19840506,392,118,2,13.0,0,0
19840506,392,176,14,0.0,0,0
19840506,392,123,10,3.0,0,0
19840506,392,175,12,2.0,0,0
19840506,392,158,8,3.0,0,0
19840506,392,177,7,9.0,0,0
19840506,392,181,25,0.0,0,0
19840506,392,184,15,0.0,0,0
19840506,392,84,21,0.0,0,0
19840506,392,156,16,0.0,0,0
19840506,392,188,20,0.0,0,0
19840506,392,137,17,0.0,0,0
19840506,392,183,18,0.0,0,0
19840506,392,173,4,10.0,0,0
19840506,392,117,1,24.0,2,0
19840520,393,117,1,24.0,2,0
19840520,393,177,6,10.0,0,0
19840520,393,173,5,12.0,0,0
19840520,393,158,10,3.0,0,0
19840520,393,175,8,8.0,0,0
19840520,393,123,13,3.0,0,0
19840520,393,176,15,0.0,0,0
19840520,393,156,17,0.0,0,0
19840520,393,118,3,13.0,0,0
19840520,393,110,12,3.0,0,0
19840520,393,119,11,3.0,0,0
19840520,393,182,2,18.0,2,0
19840520,393,95,9,4.0,0,0
19840520,393,137,19,0.0,0,0
19840520,393,170,20,0.0,0,0
19840520,393,163,4,13.0,0,0
19840520,393,160,22,0.0,0,0
19840520,393,183,21,0.0,0,0
19840520,393,112,23,0.0,0,0
19840520,393,188,24,0.0,0,0
19840520,393,172,18,0.0,0,0
19840520,393,105,7,9.0,1,0
19840520,393,184,16,0.0,0,0
19840520,393,102,14,2.0,0,0
19840520,393,84,25,0.0,0,0
19840520,393,185,26,0.0,0,0
19840520,393,181,27,0.0,0,0
19840520,393,189,28,0.0,0,0
19840603,394,117,1,28.5,3,0
19840603,394,177,6,11.5,0,0
19840603,394,173,5,13.0,0,0
19840603,394,158,11,3.0,0,0
19840603,394,175,8,8.0,0,0
19840603,394,123,14,3.0,0,0
19840603,394,176,15,0.0,0,0
19840603,394,156,19,0.0,0,0
19840603,394,118,4,13.0,0,0
19840603,394,110,13,3.0,0,0
19840603,394,119,12,3.0,0,0
19840603,394,182,2,18.0,2,0
19840603,394,95,10,4.0,0,0
19840603,394,137,20,0.0,0,0
19840603,394,170,21,0.0,0,0
19840603,394,163,3,15.0,0,0
19840603,394,160,16,0.0,0,0
19840603,394,183,22,0.0,0,0
19840603,394,112,24,0.0,0,0
19840603,394,188,25,0.0,0,0
19840603,394,172,18,0.0,0,0
19840603,394,105,7,9.5,1,0
19840603,394,184,17,0.0,0,0
19840603,394,102,9,5.0,0,0
19840603,394,84,26,0.0,0,0
19840603,394,185,27,0.0,0,0
19840603,394,181,23,0.0,0,0
19840603,394,189,29,0.0,0,0
19840603,394,190,28,0.0,0,0
19840617,395,117,1,32.5,3,0
19840617,395,177,6,11.5,0,0
19840617,395,173,4,16.0,0,0
19840617,395,158,12,3.0,0,0
19840617,395,175,9,8.0,0,0
19840617,395,123,15,3.0,0,0
19840617,395,176,16,0.0,0,0
19840617,395,156,20,0.0,0,0
19840617,395,118,5,13.0,0,0
19840617,395,110,14,3.0,0,0
19840617,395,119,13,3.0,0,0
19840617,395,182,2,24.0,2,0
19840617,395,95,11,5.0,0,0
19840617,395,137,8,9.0,1,0
19840617,395,170,23,0.0,0,0
19840617,395,163,3,17.0,0,0
19840617,395,160,17,0.0,0,0
19840617,395,183,25,0.0,0,0
19840617,395,112,24,0.0,0,0
19840617,395,188,22,0.0,0,0
19840617,395,172,19,0.0,0,0
19840617,395,105,7,9.5,1,0
19840617,395,184,18,0.0,0,0
19840617,395,102,10,5.0,0,0
19840617,395,84,26,0.0,0,0
19840617,395,185,27,0.0,0,0
19840617,395,181,21,0.0,0,0
19840617,395,189,30,0.0,0,0
19840617,395,190,29,0.0,0,0
19840617,395,179,28,0.0,0,0
19840617,395,191,31,0.0,0,0
19840624,396,117,1,35.5,3,0
19840624,396,177,7,11.5,0,0
19840624,396,173,3,22.0,0,0
19840624,396,158,13,3.0,0,0
19840624,396,175,9,8.0,0,0
19840624,396,123,16,3.0,0,0
19840624,396,176,18,0.0,0,0
19840624,396,156,21,0.0,0,0
19840624,396,118,6,13.0,0,0
19840624,396,110,15,3.0,0,0
19840624,396,119,14,3.0,0,0
19840624,396,182,2,24.0,2,0
19840624,396,95,11,5.0,0,0
19840624,396,137,4,18.0,2,0
19840624,396,170,12,4.0,0,0
19840624,396,163,5,17.0,0,0
19840624,396,160,19,0.0,0,0
19840624,396,183,25,0.0,0,0
19840624,396,112,24,0.0,0,0
19840624,396,188,23,0.0,0,0
19840624,396,172,17,2.0,0,0
19840624,396,105,8,9.5,1,0
19840624,396,184,20,0.0,0,0
19840624,396,102,10,5.0,0,0
19840624,396,84,26,0.0,0,0
19840624,396,185,28,0.0,0,0
19840624,396,181,22,0.0,0,0
19840624,396,189,30,0.0,0,0
19840624,396,190,29,0.0,0,0
19840624,396,179,27,0.0,0,0
19840624,396,191,31,0.0,0,0
19840708,397,117,1,35.5,3,0
19840708,397,177,5,20.5,1,0
19840708,397,173,2,26.0,0,0
19840708,397,158,14,3.0,0,0
19840708,397,175,9,8.0,0,0
19840708,397,123,17,3.0,0,0
19840708,397,176,19,0.0,0,0
19840708,397,156,23,0.0,0,0
19840708,397,118,7,13.0,0,0
19840708,397,110,16,3.0,0,0
19840708,397,119,15,3.0,0,0
19840708,397,182,3,24.0,2,0
19840708,397,95,10,6.0,0,0
19840708,397,137,6,18.0,2,0
19840708,397,170,13,4.0,0,0
19840708,397,163,4,23.0,0,0
19840708,397,160,18,2.0,0,0
19840708,397,183,26,0.0,0,0
19840708,397,112,25,0.0,0,0
19840708,397,188,24,0.0,0,0
19840708,397,172,12,5.0,0,0
19840708,397,105,8,9.5,1,0
19840708,397,184,21,0.0,0,0
19840708,397,102,11,5.0,0,0
19840708,397,84,27,0.0,0,0
19840708,397,185,29,0.0,0,0
19840708,397,181,22,0.0,0,0
19840708,397,189,30,0.0,0,0
19840708,397,190,20,0.0,0,0
19840708,397,179,28,0.0,0,0
19840708,397,191,31,0.0,0,0
19840722,398,117,1,35.5,3,0
19840722,398,177,5,20.5,1,0
19840722,398,173,3,29.0,0,0
19840722,398,158,14,3.0,0,0
19840722,398,175,10,8.0,0,0
19840722,398,123,17,3.0,0,0
19840722,398,176,19,0.0,0,0
19840722,398,156,23,0.0,0,0
19840722,398,118,6,19.0,0,0
19840722,398,110,16,3.0,0,0
19840722,398,119,15,3.0,0,0
19840722,398,182,2,33.0,3,0
19840722,398,95,11,6.0,0,0
19840722,398,137,7,18.0,2,0
19840722,398,170,13,4.0,0,0
19840722,398,163,4,24.0,0,0
19840722,398,160,18,2.0,0,0
19840722,398,183,26,0.0,0,0
19840722,398,112,25,0.0,0,0
19840722,398,188,24,0.0,0,0
19840722,398,172,12,5.0,0,0
19840722,398,105,8,11.5,1,0
19840722,398,184,21,0.0,0,0
19840722,398,102,9,9.0,0,0
19840722,398,84,27,0.0,0,0
19840722,398,185,29,0.0,0,0
19840722,398,181,22,0.0,0,0
19840722,398,189,30,0.0,0,0
19840722,398,190,20,0.0,0,0
19840722,398,179,28,0.0,0,0
19840722,398,191,31,0.0,0,0
19840805,399,117,1,44.5,4,0
19840805,399,177,6,20.5,1,0
19840805,399,173,3,29.0,0,0
19840805,399,158,14,3.0,0,0
19840805,399,175,9,10.0,0,0
19840805,399,123,17,3.0,0,0
19840805,399,176,19,0.0,0,0
19840805,399,156,23,0.0,0,0
19840805,399,118,5,23.0,0,0
19840805,399,110,16,3.0,0,0
19840805,399,119,15,3.0,0,0
19840805,399,182,2,39.0,3,0
19840805,399,95,11,9.0,0,0
19840805,399,137,7,18.0,2,0
19840805,399,170,13,4.0,0,0
19840805,399,163,4,25.0,0,0
19840805,399,160,18,2.0,0,0
19840805,399,183,24,0.0,0,0
19840805,399,112,27,0.0,0,0
19840805,399,188,25,0.0,0,0
19840805,399,172,12,5.0,0,0
19840805,399,105,8,11.5,1,0
19840805,399,184,22,0.0,0,0
19840805,399,102,10,9.0,0,0
19840805,399,84,28,0.0,0,0
19840805,399,185,29,0.0,0,0
19840805,399,181,21,0.0,0,0
19840805,399,189,30,0.0,0,0
19840805,399,190,20,0.0,0,0
19840805,399,179,26,0.0,0,0
19840805,399,191,31,0.0,0,0
19840819,400,117,2,44.5,4,0
19840819,400,177,7,20.5,1,0
19840819,400,173,3,29.0,0,0
19840819,400,158,15,3.0,0,0
19840819,400,175,9,10.0,0,0
19840819,400,123,14,5.0,0,0
19840819,400,176,19,1.0,0,0
19840819,400,156,24,0.0,0,0
19840819,400,118,6,23.0,0,0
19840819,400,110,17,3.0,0,0
19840819,400,119,16,3.0,0,0
19840819,400,182,1,48.0,4,0
19840819,400,95,11,9.0,0,0
19840819,400,137,5,24.0,2,0
19840819,400,170,12,7.0,0,0
19840819,400,163,4,25.0,0,0
19840819,400,160,18,2.0,0,0
19840819,400,183,21,0.0,0,0
19840819,400,112,27,0.0,0,0
19840819,400,188,25,0.0,0,0
19840819,400,172,13,5.0,0,0
19840819,400,105,8,15.5,1,0
19840819,400,184,23,0.0,0,0
19840819,400,102,10,9.0,0,0
19840819,400,84,29,0.0,0,0
19840819,400,185,30,0.0,0,0
19840819,400,181,22,0.0,0,0
19840819,400,189,31,0.0,0,0
19840819,400,190,20,0.0,0,0
19840819,400,179,26,0.0,0,0
19840819,400,191,32,0.0,0,0
19840819,400,77,28,0.0,0,0
19840819,400,140,33,0.0,0,0
19840826,401,117,2,53.5,5,0
19840826,401,177,7,20.5,1,0
19840826,401,173,3,32.0,0,0
19840826,401,158,15,3.0,0,0
19840826,401,175,10,11.0,0,0
19840826,401,123,14,5.0,0,0
19840826,401,176,19,1.0,0,0
19840826,401,156,24,0.0,0,0
19840826,401,118,6,23.0,0,0
19840826,401,110,17,3.0,0,0
19840826,401,119,16,3.0,0,0
19840826,401,182,1,54.0,4,0
19840826,401,95,9,13.0,0,0
19840826,401,137,5,24.0,2,0
19840826,401,170,12,9.0,0,0
19840826,401,163,4,25.0,0,0
19840826,401,160,18,2.0,0,0
19840826,401,183,20,0.0,0,0
19840826,401,112,27,0.0,0,0
19840826,401,188,25,0.0,0,0
19840826,401,172,13,5.0,0,0
19840826,401,105,8,15.5,1,0
19840826,401,184,23,0.0,0,0
19840826,401,102,11,9.0,0,0
19840826,401,84,30,0.0,0,0
19840826,401,185,31,0.0,0,0
19840826,401,181,22,0.0,0,0
19840826,401,189,28,0.0,0,0
19840826,401,190,21,0.0,0,0
19840826,401,179,26,0.0,0,0
19840826,401,191,32,0.0,0,0
19840826,401,77,29,0.0,0,0
19840826,401,140,33,0.0,0,0
19840909,402,94,34,0.0,0,0
19840909,402,140,17,3.0,0,0
19840909,402,77,22,0.0,0,0
19840909,402,191,33,0.0,0,0
19840909,402,179,28,0.0,0,0
19840909,402,190,24,0.0,0,0
19840909,402,189,21,0.0,0,0
19840909,402,185,32,0.0,0,0
19840909,402,84,31,0.0,0,0
19840909,402,102,11,9.0,0,0
19840909,402,105,7,21.5,1,0
19840909,402,172,14,5.0,0,0
19840909,402,188,29,0.0,0,0
19840909,402,112,30,0.0,0,0
19840909,402,183,23,0.0,0,0
19840909,402,163,4,25.0,0,0
19840909,402,170,12,9.0,0,0
19840909,402,137,5,24.0,2,0
19840909,402,110,18,3.0,0,0
19840909,402,118,6,23.0,0,0
19840909,402,176,20,1.0,0,0
19840909,402,123,15,5.0,0,0
19840909,402,175,10,11.0,0,0
19840909,402,173,3,32.0,0,0
19840909,402,184,26,0.0,0,0
19840909,402,181,25,0.0,0,0
19840909,402,95,9,13.0,0,0
19840909,402,160,19,2.0,0,0
19840909,402,177,8,20.5,1,0
19840909,402,158,16,3.0,0,0
19840909,402,156,27,0.0,0,0
19840909,402,182,1,63.0,5,0
19840909,402,119,13,7.0,0,0
19840909,402,117,2,53.5,5,0
19841007,403,117,2,62.5,6,0
19841007,403,177,8,20.5,1,0
19841007,403,173,3,32.0,0,0
19841007,403,158,16,3.0,0,0
19841007,403,175,10,11.0,0,0
19841007,403,123,15,5.0,0,0
19841007,403,176,20,1.0,0,0
19841007,403,156,27,0.0,0,0
19841007,403,118,7,23.0,0,0
19841007,403,110,18,3.0,0,0
19841007,403,119,13,8.0,0,0
19841007,403,182,1,66.0,5,0
19841007,403,95,9,13.0,0,0
19841007,403,137,4,28.0,2,0
19841007,403,170,12,9.0,0,0
19841007,403,163,6,27.0,0,0
19841007,403,160,19,2.0,0,0
19841007,403,183,23,0.0,0,0
19841007,403,112,30,0.0,0,0
19841007,403,188,29,0.0,0,0
19841007,403,172,14,5.0,0,0
19841007,403,105,5,27.5,1,0
19841007,403,184,25,0.0,0,0
19841007,403,102,11,9.0,0,0
19841007,403,84,31,0.0,0,0
19841007,403,185,32,0.0,0,0
19841007,403,181,26,0.0,0,0
19841007,403,189,21,0.0,0,0
19841007,403,190,24,0.0,0,0
19841007,403,179,28,0.0,0,0
19841007,403,191,33,0.0,0,0
19841007,403,77,22,0.0,0,0
19841007,403,140,17,3.0,0,0
19841007,403,94,34,0.0,0,0
19841021,404,117,2,71.5,7,1
19841021,404,177,8,20.5,1,1
19841021,404,173,3,34.0,0,1
19841021,404,158,16,3.0,0,1
19841021,404,175,11,11.0,0,1
19841021,404,123,15,5.0,0,1
19841021,404,176,20,1.0,0,1
19841021,404,156,27,0.0,0,1
19841021,404,118,7,23.0,0,1
19841021,404,110,18,3.0,0,1
19841021,404,119,13,8.0,0,1
19841021,404,182,1,72.0,5,1
19841021,404,95,10,13.0,0,1
19841021,404,137,5,29.0,2,1
19841021,404,170,12,9.0,0,1
19841021,404,163,6,27.0,0,1
19841021,404,160,19,2.0,0,1
19841021,404,183,23,0.0,0,1
19841021,404,112,30,0.0,0,1
19841021,404,188,29,0.0,0,1
19841021,404,172,14,5.0,0,1
19841021,404,105,4,30.5,1,1
19841021,404,184,25,0.0,0,1
19841021,404,102,9,13.0,0,1
19841021,404,84,31,0.0,0,1
19841021,404,185,32,0.0,0,1
19841021,404,181,26,0.0,0,1
19841021,404,189,21,0.0,0,1
19841021,404,190,24,0.0,0,1
19841021,404,179,28,0.0,0,1
19841021,404,191,34,0.0,0,1
19841021,404,77,22,0.0,0,1
19841021,404,140,17,3.0,0,1
19841021,404,94,35,0.0,0,1
19841021,404,166,33,0.0,0,1
19830313,374,137,1,9.0,1,0
19830313,374,182,2,4.0,0,0
19830313,374,172,3,3.0,0,0
19830313,374,175,4,2.0,0,0
19830313,374,176,5,1.0,0,0
19830313,374,117,6,0.0,0,0
19830313,374,118,7,0.0,0,0
19830313,374,192,8,0.0,0,0
19830313,374,163,9,0.0,0,0
19830313,374,193,10,0.0,0,0
19830313,374,95,11,0.0,0,0
19830313,374,188,12,0.0,0,0
19830313,374,194,13,0.0,0,0
19830313,374,181,14,0.0,0,0
19830313,374,195,15,0.0,0,0
19830313,374,158,16,0.0,0,0
19830313,374,187,17,0.0,0,0
19830313,374,196,18,0.0,0,0
19830313,374,184,19,0.0,0,0
19830313,374,197,20,0.0,0,0
19830313,374,119,21,0.0,0,0
19830313,374,190,22,0.0,0,0
19830313,374,152,23,0.0,0,0
19830313,374,105,24,0.0,0,0
19830313,374,110,25,0.0,0,0
19830313,374,160,26,0.0,0,0
19830327,375,137,2,9.0,1,0
19830327,375,182,1,10.0,0,0
19830327,375,172,4,6.0,0,0
19830327,375,175,7,2.0,0,0
19830327,375,176,6,3.0,0,0
19830327,375,117,9,0.0,0,0
19830327,375,118,12,0.0,0,0
19830327,375,192,14,0.0,0,0
19830327,375,163,5,4.0,0,0
19830327,375,193,11,0.0,0,0
19830327,375,95,16,0.0,0,0
19830327,375,188,8,1.0,0,0
19830327,375,194,18,0.0,0,0
19830327,375,181,19,0.0,0,0
19830327,375,195,22,0.0,0,0
19830327,375,158,17,0.0,0,0
19830327,375,187,3,9.0,1,0
19830327,375,196,10,0.0,0,0
19830327,375,184,26,0.0,0,0
19830327,375,197,24,0.0,0,0
19830327,375,119,15,0.0,0,0
19830327,375,190,28,0.0,0,0
19830327,375,152,25,0.0,0,0
19830327,375,105,13,0.0,0,0
19830327,375,110,21,0.0,0,0
19830327,375,160,29,0.0,0,0
19830327,375,178,20,0.0,0,0
19830327,375,173,23,0.0,0,0
19830327,375,177,27,0.0,0,0
19830417,376,137,1,15.0,1,0
19830417,376,182,2,10.0,0,0
19830417,376,172,5,7.0,0,0
19830417,376,175,6,5.0,0,0
19830417,376,176,9,3.0,0,0
19830417,376,117,3,9.0,1,0
19830417,376,118,15,0.0,0,0
19830417,376,192,17,0.0,0,0
19830417,376,163,7,4.0,0,0
19830417,376,193,14,0.0,0,0
19830417,376,95,19,0.0,0,0
19830417,376,188,11,1.0,0,0
19830417,376,194,22,0.0,0,0
19830417,376,181,23,0.0,0,0
19830417,376,195,26,0.0,0,0
19830417,376,158,8,4.0,0,0
19830417,376,187,4,9.0,1,0
19830417,376,196,12,0.0,0,0
19830417,376,184,28,0.0,0,0
19830417,376,197,16,0.0,0,0
19830417,376,119,18,0.0,0,0
19830417,376,190,25,0.0,0,0
19830417,376,152,21,0.0,0,0
19830417,376,105,13,0.0,0,0
19830417,376,110,20,0.0,0,0
19830417,376,160,29,0.0,0,0
19830417,376,178,24,0.0,0,0
19830417,376,173,27,0.0,0,0
19830417,376,177,10,2.0,0,0
19830417,376,168,30,0.0,0,0
19830501,377,137,2,15.0,1,0
19830501,377,182,5,10.0,0,0
19830501,377,172,7,7.0,0,0
19830501,377,175,3,14.0,1,0
19830501,377,176,10,4.0,0,0
19830501,377,117,1,15.0,1,0
19830501,377,118,16,0.0,0,0
19830501,377,192,13,0.0,0,0
19830501,377,163,6,8.0,0,0
19830501,377,193,15,0.0,0,0
19830501,377,95,21,0.0,0,0
19830501,377,188,11,1.0,0,0
19830501,377,194,24,0.0,0,0
19830501,377,181,20,0.0,0,0
19830501,377,195,28,0.0,0,0
19830501,377,158,9,4.0,0,0
19830501,377,187,4,11.0,1,0
19830501,377,196,12,0.0,0,0
19830501,377,184,19,0.0,0,0
19830501,377,197,17,0.0,0,0
19830501,377,119,18,0.0,0,0
19830501,377,190,27,0.0,0,0
19830501,377,152,23,0.0,0,0
19830501,377,105,14,0.0,0,0
19830501,377,110,22,0.0,0,0
19830501,377,160,29,0.0,0,0
19830501,377,178,25,0.0,0,0
19830501,377,173,26,0.0,0,0
19830501,377,177,8,5.0,0,0
19830501,377,168,30,0.0,0,0
19830515,378,137,1,21.0,1,0
19830515,378,182,6,10.0,0,0
19830515,378,172,8,7.0,0,0
19830515,378,175,3,17.0,1,0
19830515,378,176,10,4.0,0,0
19830515,378,117,2,19.0,1,0
19830515,378,118,17,0.0,0,0
19830515,378,192,14,0.0,0,0
19830515,378,163,7,8.0,0,0
19830515,378,193,11,2.0,0,0
19830515,378,95,21,0.0,0,0
19830515,378,188,13,1.0,0,0
19830515,378,194,24,0.0,0,0
19830515,378,181,20,0.0,0,0
19830515,378,195,28,0.0,0,0
19830515,378,158,9,4.0,0,0
19830515,378,187,5,11.0,1,0
19830515,378,196,15,0.0,0,0
19830515,378,184,12,1.0,0,0
19830515,378,197,18,0.0,0,0
19830515,378,119,19,0.0,0,0
19830515,378,190,27,0.0,0,0
19830515,378,152,23,0.0,0,0
19830515,378,105,16,0.0,0,0
19830515,378,110,22,0.0,0,0
19830515,378,160,29,0.0,0,0
19830515,378,178,26,0.0,0,0
19830515,378,173,25,0.0,0,0
19830515,378,177,4,14.0,1,0
19830515,378,168,30,0.0,0,0
19830522,379,137,2,24.0,1,0
19830522,379,182,6,10.0,0,0
19830522,379,172,9,8.0,0,0
19830522,379,175,3,23.0,1,0
19830522,379,176,10,4.0,0,0
19830522,379,117,1,28.0,2,0
19830522,379,118,15,0.0,0,0
19830522,379,192,14,0.0,0,0
19830522,379,163,7,8.0,0,0
19830522,379,193,11,2.0,0,0
19830522,379,95,23,0.0,0,0
19830522,379,188,12,1.0,0,0
19830522,379,194,25,0.0,0,0
19830522,379,181,22,0.0,0,0
19830522,379,195,28,0.0,0,0
19830522,379,158,8,8.0,0,0
19830522,379,187,5,11.0,1,0
19830522,379,196,16,0.0,0,0
19830522,379,184,13,1.0,0,0
19830522,379,197,20,0.0,0,0
19830522,379,119,21,0.0,0,0
19830522,379,190,27,0.0,0,0
19830522,379,152,18,0.0,0,0
19830522,379,105,17,0.0,0,0
19830522,379,110,24,0.0,0,0
19830522,379,160,30,0.0,0,0
19830522,379,178,26,0.0,0,0
19830522,379,173,19,0.0,0,0
19830522,379,177,4,16.0,1,0
19830522,379,168,31,0.0,0,0
19830522,379,123,29,0.0,0,0
19830605,380,137,2,27.0,1,0
19830605,380,182,6,10.0,0,0
19830605,380,172,7,10.0,0,0
19830605,380,175,3,23.0,1,0
19830605,380,176,11,4.0,0,0
19830605,380,117,1,28.0,2,0
19830605,380,118,17,0.0,0,0
19830605,380,192,16,0.0,0,0
19830605,380,163,9,8.0,0,0
19830605,380,193,12,2.0,0,0
19830605,380,95,15,1.0,0,0
19830605,380,188,13,1.0,0,0
19830605,380,194,26,0.0,0,0
19830605,380,181,24,0.0,0,0
19830605,380,195,27,0.0,0,0
19830605,380,158,10,8.0,0,0
19830605,380,187,5,15.0,1,0
19830605,380,196,18,0.0,0,0
19830605,380,184,14,1.0,0,0
19830605,380,197,22,0.0,0,0
19830605,380,119,23,0.0,0,0
19830605,380,190,29,0.0,0,0
19830605,380,152,20,0.0,0,0
19830605,380,105,8,9.0,1,0
19830605,380,110,25,0.0,0,0
19830605,380,160,30,0.0,0,0
19830605,380,178,28,0.0,0,0
19830605,380,173,21,0.0,0,0
19830605,380,177,4,22.0,1,0
19830605,380,168,31,0.0,0,0
19830605,380,123,19,0.0,0,0
19830612,381,137,2,27.0,1,0
19830612,381,182,8,10.0,0,0
19830612,381,172,9,10.0,0,0
19830612,381,175,3,27.0,1,0
19830612,381,176,11,4.0,0,0
19830612,381,117,1,30.0,2,0
19830612,381,118,18,0.0,0,0
19830612,381,192,17,0.0,0,0
19830612,381,163,5,17.0,1,0
19830612,381,193,12,2.0,0,0
19830612,381,95,15,1.0,0,0
19830612,381,188,14,1.0,0,0
19830612,381,194,26,0.0,0,0
19830612,381,181,21,0.0,0,0
19830612,381,195,27,0.0,0,0
19830612,381,158,7,14.0,0,0
19830612,381,187,6,16.0,1,0
19830612,381,196,19,0.0,0,0
19830612,381,184,13,1.0,0,0
19830612,381,197,23,0.0,0,0
19830612,381,119,24,0.0,0,0
19830612,381,190,29,0.0,0,0
19830612,381,152,20,0.0,0,0
19830612,381,105,10,9.0,1,0
19830612,381,110,25,0.0,0,0
19830612,381,160,30,0.0,0,0
19830612,381,178,28,0.0,0,0
19830612,381,173,22,0.0,0,0
19830612,381,177,4,25.0,1,0
19830612,381,168,32,0.0,0,0
19830612,381,123,16,0.0,0,0
19830612,381,198,31,0.0,0,0
19830716,382,137,2,33.0,1,0
19830716,382,182,8,11.0,0,0
19830716,382,172,9,10.0,0,0
19830716,382,175,3,31.0,1,0
19830716,382,176,12,4.0,0,0
19830716,382,117,1,39.0,3,0
19830716,382,118,18,0.0,0,0
19830716,382,192,17,0.0,0,0
19830716,382,163,5,19.0,1,0
19830716,382,193,13,2.0,0,0
19830716,382,95,11,4.0,0,0
19830716,382,188,15,1.0,0,0
19830716,382,194,26,0.0,0,0
19830716,382,181,23,0.0,0,0
19830716,382,195,27,0.0,0,0
19830716,382,158,7,14.0,0,0
19830716,382,187,6,16.0,1,0
19830716,382,196,19,0.0,0,0
19830716,382,184,14,1.0,0,0
19830716,382,197,22,0.0,0,0
19830716,382,119,25,0.0,0,0
19830716,382,190,29,0.0,0,0
19830716,382,152,20,0.0,0,0
19830716,382,105,10,9.0,1,0
19830716,382,110,21,0.0,0,0
19830716,382,160,30,0.0,0,0
19830716,382,178,28,0.0,0,0
19830716,382,173,24,0.0,0,0
19830716,382,177,4,25.0,1,0
19830716,382,168,34,0.0,0,0
19830716,382,123,16,0.0,0,0
19830716,382,198,32,0.0,0,0
19830716,382,140,31,0.0,0,0
19830716,382,186,33,0.0,0,0
19830807,383,137,2,33.0,1,0
19830807,383,182,8,11.0,0,0
19830807,383,172,9,11.0,0,0
19830807,383,175,3,31.0,1,0
19830807,383,176,14,4.0,0,0
19830807,383,117,1,42.0,3,0
19830807,383,118,20,0.0,0,0
19830807,383,192,19,0.0,0,0
19830807,383,163,4,28.0,2,0
19830807,383,193,15,2.0,0,0
19830807,383,95,13,4.0,0,0
19830807,383,188,17,1.0,0,0
19830807,383,194,26,0.0,0,0
19830807,383,181,24,0.0,0,0
19830807,383,195,27,0.0,0,0
19830807,383,158,7,14.0,0,0
19830807,383,187,6,18.0,1,0
19830807,383,196,21,0.0,0,0
19830807,383,184,16,1.0,0,0
19830807,383,197,22,0.0,0,0
19830807,383,119,12,4.0,0,0
19830807,383,190,29,0.0,0,0
19830807,383,152,23,0.0,0,0
19830807,383,105,10,9.0,1,0
19830807,383,110,11,6.0,0,0
19830807,383,160,30,0.0,0,0
19830807,383,178,28,0.0,0,0
19830807,383,173,25,0.0,0,0
19830807,383,177,5,25.0,1,0
19830807,383,168,34,0.0,0,0
19830807,383,123,18,0.0,0,0
19830807,383,198,33,0.0,0,0
19830807,383,140,31,0.0,0,0
19830807,383,186,32,0.0,0,0
19830814,384,137,2,37.0,1,0
19830814,384,182,8,12.0,0,0
19830814,384,172,9,11.0,0,0
19830814,384,175,4,31.0,1,0
19830814,384,176,14,4.0,0,0
19830814,384,117,1,51.0,4,0
19830814,384,118,21,0.0,0,0
19830814,384,192,20,0.0,0,0
19830814,384,163,3,34.0,2,0
19830814,384,193,15,2.0,0,0
19830814,384,95,12,6.0,0,0
19830814,384,188,17,1.0,0,0
19830814,384,194,29,0.0,0,0
19830814,384,181,24,0.0,0,0
19830814,384,195,30,0.0,0,0
19830814,384,158,7,17.0,0,0
19830814,384,187,6,18.0,1,0
19830814,384,196,22,0.0,0,0
19830814,384,184,16,1.0,0,0
19830814,384,197,19,0.0,0,0
19830814,384,119,13,4.0,0,0
19830814,384,190,26,0.0,0,0
19830814,384,152,23,0.0,0,0
19830814,384,105,10,9.0,1,0
19830814,384,110,11,6.0,0,0
19830814,384,160,27,0.0,0,0
19830814,384,178,31,0.0,0,0
19830814,384,173,25,0.0,0,0
19830814,384,177,5,25.0,1,0
19830814,384,168,34,0.0,0,0
19830814,384,123,18,0.0,0,0
19830814,384,198,33,0.0,0,0
19830814,384,140,28,0.0,0,0
19830814,384,186,32,0.0,0,0
19830828,385,137,3,37.0,1,0
19830828,385,182,8,12.0,0,0
19830828,385,172,9,11.0,0,0
19830828,385,175,4,37.0,1,0
19830828,385,176,14,4.0,0,0
19830828,385,117,1,51.0,4,0
19830828,385,118,15,3.0,0,0
19830828,385,192,21,0.0,0,0
19830828,385,163,2,43.0,3,0
19830828,385,193,17,2.0,0,0
19830828,385,95,12,6.0,0,0
19830828,385,188,18,1.0,0,0
19830828,385,194,30,0.0,0,0
19830828,385,181,25,0.0,0,0
19830828,385,195,29,0.0,0,0
19830828,385,158,7,17.0,0,0
19830828,385,187,6,22.0,1,0
19830828,385,196,22,0.0,0,0
19830828,385,184,16,3.0,0,0
19830828,385,197,20,0.0,0,0
19830828,385,119,13,4.0,0,0
19830828,385,190,27,0.0,0,0
19830828,385,152,24,0.0,0,0
19830828,385,105,10,10.0,1,0
19830828,385,110,11,6.0,0,0
19830828,385,160,28,0.0,0,0
19830828,385,178,31,0.0,0,0
19830828,385,173,26,0.0,0,0
19830828,385,177,5,25.0,1,0
19830828,385,168,34,0.0,0,0
19830828,385,123,19,0.0,0,0
19830828,385,198,33,0.0,0,0
19830828,385,140,23,0.0,0,0
19830828,385,186,32,0.0,0,0
19830911,386,137,3,46.0,2,0
19830911,386,182,8,12.0,0,0
19830911,386,172,9,11.0,0,0
19830911,386,175,4,40.0,1,0
19830911,386,176,15,4.0,0,0
19830911,386,117,1,51.0,4,0
19830911,386,118,14,4.0,0,0
19830911,386,192,23,0.0,0,0
19830911,386,163,2,49.0,3,0
19830911,386,193,17,2.0,0,0
19830911,386,95,12,6.0,0,0
19830911,386,188,19,1.0,0,0
19830911,386,194,30,0.0,0,0
19830911,386,181,26,0.0,0,0
19830911,386,195,29,0.0,0,0
19830911,386,158,7,21.0,0,0
19830911,386,187,6,22.0,1,0
19830911,386,196,24,0.0,0,0
19830911,386,184,16,3.0,0,0
19830911,386,197,21,0.0,0,0
19830911,386,119,13,4.0,0,0
19830911,386,190,27,0.0,0,0
19830911,386,152,22,0.0,0,0
19830911,386,105,10,10.0,1,0
19830911,386,110,11,6.0,0,0
19830911,386,160,28,0.0,0,0
19830911,386,178,31,0.0,0,0
19830911,386,173,18,2.0,0,0
19830911,386,177,5,25.0,1,0
19830911,386,168,34,0.0,0,0
19830911,386,123,20,0.0,0,0
19830911,386,198,33,0.0,0,0
19830911,386,140,25,0.0,0,0
19830911,386,186,32,0.0,0,0
19830925,387,156,30,0.0,0,0
19830925,387,186,33,0.0,0,0
19830925,387,140,25,0.0,0,0
19830925,387,198,34,0.0,0,0
19830925,387,123,21,0.0,0,0
19830925,387,168,35,0.0,0,0
19830925,387,177,5,25.0,1,0
19830925,387,178,32,0.0,0,0
19830925,387,160,28,0.0,0,0
19830925,387,110,12,9.0,0,0
19830925,387,152,19,1.0,0,0
19830925,387,190,27,0.0,0,0
19830925,387,119,14,4.0,0,0
19830925,387,196,24,0.0,0,0
19830925,387,187,6,22.0,1,0
19830925,387,118,13,6.0,0,0
19830925,387,176,15,4.0,0,0
19830925,387,175,4,40.0,1,0
19830925,387,182,8,12.0,0,0
19830925,387,192,23,0.0,0,0
19830925,387,163,3,49.0,3,0
19830925,387,193,17,2.0,0,0
19830925,387,95,11,10.0,0,0
19830925,387,188,20,1.0,0,0
19830925,387,194,31,0.0,0,0
19830925,387,181,26,0.0,0,0
19830925,387,195,29,0.0,0,0
19830925,387,158,7,21.0,0,0
19830925,387,117,1,57.0,4,0
19830925,387,173,18,2.0,0,0
19830925,387,105,10,10.0,1,0
19830925,387,197,22,0.0,0,0
19830925,387,137,2,55.0,3,0
19830925,387,184,16,3.0,0,0
19830925,387,172,9,11.0,0,0
19831015,388,137,1,59.0,3,1
19831015,388,182,10,12.0,0,1
19831015,388,172,11,11.0,0,1
19831015,388,175,4,40.0,1,1
19831015,388,176,15,4.0,0,1
19831015,388,117,2,57.0,4,1
19831015,388,118,14,9.0,0,1
19831015,388,192,23,0.0,0,1
19831015,388,163,3,49.0,3,1
19831015,388,193,17,2.0,0,1
19831015,388,95,13,10.0,0,1
19831015,388,188,20,1.0,0,1
19831015,388,194,32,0.0,0,1
19831015,388,181,26,0.0,0,1
19831015,388,195,29,0.0,0,1
19831015,388,158,7,22.0,0,1
19831015,388,187,6,22.0,1,1
19831015,388,196,24,0.0,0,1
19831015,388,184,16,3.0,0,1
19831015,388,197,22,0.0,0,1
19831015,388,119,9,13.0,1,1
19831015,388,190,27,0.0,0,1
19831015,388,152,19,1.0,0,1
19831015,388,105,12,10.0,1,1
19831015,388,110,8,15.0,0,1
19831015,388,160,28,0.0,0,1
19831015,388,178,33,0.0,0,1
19831015,388,173,18,2.0,0,1
19831015,388,177,5,27.0,1,1
19831015,388,168,35,0.0,0,1
19831015,388,123,21,0.0,0,1
19831015,388,198,34,0.0,0,1
19831015,388,140,25,0.0,0,1
19831015,388,186,30,0.0,0,1
19831015,388,156,31,0.0,0,1
19820123,358,117,1,9.0,1,0
19820123,358,199,2,6.0,0,0
19820123,358,163,3,4.0,0,0
19820123,358,182,4,3.0,0,0
19820123,358,177,5,2.0,0,0
19820123,358,187,6,1.0,0,0
19820123,358,105,7,0.0,0,0
19820123,358,173,8,0.0,0,0
19820123,358,194,9,0.0,0,0
19820123,358,181,10,0.0,0,0
19820123,358,152,11,0.0,0,0
19820123,358,200,12,0.0,0,0
19820123,358,110,13,0.0,0,0
19820123,358,206,14,0.0,0,0
19820123,358,196,15,0.0,0,0
19820123,358,201,16,0.0,0,0
19820123,358,192,17,0.0,0,0
19820123,358,202,18,0.0,0,0
19820123,358,172,19,0.0,0,0
19820123,358,118,20,0.0,0,0
19820123,358,119,21,0.0,0,0
19820123,358,158,22,0.0,0,0
19820123,358,203,23,0.0,0,0
19820123,358,137,24,0.0,0,0
19820123,358,95,25,0.0,0,0
19820123,358,197,26,0.0,0,0
19820123,358,184,27,0.0,0,0
19820123,358,204,28,0.0,0,0
19820123,358,205,29,0.0,0,0
19820123,358,195,30,0.0,0,0
19820123,358,170,31,0.0,0,0
19820321,359,117,1,18.0,2,0
19820321,359,199,3,6.0,0,0
19820321,359,163,4,4.0,0,0
19820321,359,182,7,3.0,0,0
19820321,359,177,9,2.0,0,0
19820321,359,187,2,7.0,0,0
19820321,359,105,6,3.0,0,0
19820321,359,173,13,0.0,0,0
19820321,359,194,14,0.0,0,0
19820321,359,181,8,2.0,0,0
19820321,359,152,17,0.0,0,0
19820321,359,200,12,0.0,0,0
19820321,359,110,18,0.0,0,0
19820321,359,206,19,0.0,0,0
19820321,359,196,20,0.0,0,0
19820321,359,201,11,0.0,0,0
19820321,359,192,21,0.0,0,0
19820321,359,202,10,1.0,0,0
19820321,359,172,24,0.0,0,0
19820321,359,118,25,0.0,0,0
19820321,359,119,22,0.0,0,0
19820321,359,158,26,0.0,0,0
19820321,359,203,23,0.0,0,0
19820321,359,137,27,0.0,0,0
19820321,359,95,5,4.0,0,0
19820321,359,197,15,0.0,0,0
19820321,359,184,16,0.0,0,0
19820321,359,204,30,0.0,0,0
19820321,359,205,29,0.0,0,0
19820321,359,195,31,0.0,0,0
19820321,359,170,28,0.0,0,0
19820404,360,117,1,18.0,2,0
19820404,360,199,5,6.0,0,0
19820404,360,163,9,4.0,0,0
19820404,360,182,2,12.0,1,0
19820404,360,177,3,8.0,0,0
19820404,360,187,4,8.0,0,0
19820404,360,105,6,6.0,0,0
19820404,360,173,10,2.0,0,0
19820404,360,194,16,0.0,0,0
19820404,360,181,11,2.0,0,0
19820404,360,152,19,0.0,0,0
19820404,360,200,14,0.0,0,0
19820404,360,110,20,0.0,0,0
19820404,360,206,21,0.0,0,0
19820404,360,196,15,0.0,0,0
19820404,360,201,13,0.0,0,0
19820404,360,192,22,0.0,0,0
19820404,360,202,12,1.0,0,0
19820404,360,172,26,0.0,0,0
19820404,360,118,29,0.0,0,0
19820404,360,119,8,4.0,0,0
19820404,360,158,23,0.0,0,0
19820404,360,203,27,0.0,0,0
19820404,360,137,28,0.0,0,0
19820404,360,95,7,4.0,0,0
19820404,360,197,17,0.0,0,0
19820404,360,184,18,0.0,0,0
19820404,360,204,32,0.0,0,0
19820404,360,205,24,0.0,0,0
19820404,360,195,25,0.0,0,0
19820404,360,170,31,0.0,0,0
19820404,360,207,30,0.0,0,0
19820425,361,117,1,18.0,2,0
19820425,361,199,8,6.0,0,0
19820425,361,163,10,4.0,0,0
19820425,361,182,2,12.0,1,0
19820425,361,177,5,8.0,0,0
19820425,361,187,6,8.0,0,0
19820425,361,105,4,10.0,0,0
19820425,361,173,13,2.0,0,0
19820425,361,194,14,2.0,0,0
19820425,361,181,15,2.0,0,0
19820425,361,152,20,0.0,0,0
19820425,361,200,17,0.0,0,0
19820425,361,110,21,0.0,0,0
19820425,361,206,22,0.0,0,0
19820425,361,196,18,0.0,0,0
19820425,361,201,16,0.0,0,0
19820425,361,192,23,0.0,0,0
19820425,361,202,3,10.0,1,0
19820425,361,172,30,0.0,0,0
19820425,361,118,28,0.0,0,0
19820425,361,119,11,4.0,0,0
19820425,361,158,26,0.0,0,0
19820425,361,203,7,6.0,0,0
19820425,361,137,31,0.0,0,0
19820425,361,95,9,4.0,0,0
19820425,361,197,12,3.0,0,0
19820425,361,184,19,0.0,0,0
19820425,361,204,25,0.0,0,0
19820425,361,205,27,0.0,0,0
19820425,361,195,29,0.0,0,0
19820425,361,170,24,0.0,0,0
19820425,361,207,32,0.0,0,0
19820509,362,117,1,18.0,2,0
19820509,362,199,8,6.0,0,0
19820509,362,163,11,4.0,0,0
19820509,362,182,4,12.0,1,0
19820509,362,177,3,14.0,0,0
19820509,362,187,2,17.0,1,0
19820509,362,105,6,10.0,0,0
19820509,362,173,9,5.0,0,0
19820509,362,194,15,2.0,0,0
19820509,362,181,16,2.0,0,0
19820509,362,152,25,0.0,0,0
19820509,362,200,21,0.0,0,0
19820509,362,110,26,0.0,0,0
19820509,362,206,27,0.0,0,0
19820509,362,196,22,0.0,0,0
19820509,362,201,19,0.0,0,0
19820509,362,192,18,1.0,0,0
19820509,362,202,5,10.0,1,0
19820509,362,172,23,0.0,0,0
19820509,362,118,31,0.0,0,0
19820509,362,119,13,4.0,0,0
19820509,362,158,12,4.0,0,0
19820509,362,203,7,6.0,0,0
19820509,362,137,17,2.0,0,0
19820509,362,95,10,4.0,0,0
19820509,362,197,14,3.0,0,0
19820509,362,184,24,0.0,0,0
19820509,362,204,29,0.0,0,0
19820509,362,205,30,0.0,0,0
19820509,362,195,32,0.0,0,0
19820509,362,170,28,0.0,0,0
19820509,362,207,33,0.0,0,0
19820509,362,176,20,0.0,0,0
19820509,362,136,34,0.0,0,0
19820509,362,208,35,0.0,0,0
19820523,363,117,1,18.0,2,0
19820523,363,199,11,6.0,0,0
19820523,363,163,13,4.0,0,0
19820523,363,182,6,12.0,1,0
19820523,363,177,4,14.0,0,0
19820523,363,187,2,17.0,1,0
19820523,363,105,7,10.0,0,0
19820523,363,173,9,7.0,0,0
19820523,363,194,16,2.0,0,0
19820523,363,181,17,2.0,0,0
19820523,363,152,28,0.0,0,0
19820523,363,200,23,0.0,0,0
19820523,363,110,12,4.0,0,0
19820523,363,206,19,1.0,0,0
19820523,363,196,24,0.0,0,0
19820523,363,201,22,0.0,0,0
19820523,363,192,20,1.0,0,0
19820523,363,202,3,16.0,1,0
19820523,363,172,26,0.0,0,0
19820523,363,118,31,0.0,0,0
19820523,363,119,5,13.0,1,0
19820523,363,158,14,4.0,0,0
19820523,363,203,10,6.0,0,0
19820523,363,137,18,2.0,0,0
19820523,363,95,8,7.0,0,0
19820523,363,197,15,3.0,0,0
19820523,363,184,27,0.0,0,0
19820523,363,204,30,0.0,0,0
19820523,363,205,25,0.0,0,0
19820523,363,195,32,0.0,0,0
19820523,363,170,29,0.0,0,0
19820523,363,207,33,0.0,0,0
19820523,363,176,21,0.0,0,0
19820523,363,136,34,0.0,0,0
19820523,363,208,35,0.0,0,0
19820606,364,117,3,18.0,2,0
19820606,364,199,12,6.0,0,0
19820606,364,163,13,4.0,0,0
19820606,364,182,6,12.0,1,0
19820606,364,177,4,17.0,0,0
19820606,364,187,1,26.0,2,0
19820606,364,105,8,10.0,0,0
19820606,364,173,10,7.0,0,0
19820606,364,194,17,2.0,0,0
19820606,364,181,18,2.0,0,0
19820606,364,152,28,0.0,0,0
19820606,364,200,22,0.0,0,0
19820606,364,110,14,4.0,0,0
19820606,364,206,16,3.0,0,0
19820606,364,196,25,0.0,0,0
19820606,364,201,24,0.0,0,0
19820606,364,192,21,1.0,0,0
19820606,364,202,2,20.0,1,0
19820606,364,172,20,1.0,0,0
19820606,364,118,31,0.0,0,0
19820606,364,119,5,13.0,1,0
19820606,364,158,7,10.0,0,0
19820606,364,203,11,6.0,0,0
19820606,364,137,19,2.0,0,0
19820606,364,95,9,7.0,0,0
19820606,364,197,15,3.0,0,0
19820606,364,184,27,0.0,0,0
19820606,364,204,30,0.0,0,0
19820606,364,205,26,0.0,0,0
19820606,364,195,32,0.0,0,0
19820606,364,170,29,0.0,0,0
19820606,364,207,33,0.0,0,0
19820606,364,176,23,0.0,0,0
19820606,364,136,34,0.0,0,0
19820606,364,208,35,0.0,0,0
19820613,365,117,4,18.0,2,0
19820613,365,199,13,6.0,0,0
19820613,365,163,15,4.0,0,0
19820613,365,182,6,12.0,1,0
19820613,365,177,5,17.0,0,0
19820613,365,187,1,30.0,2,0
19820613,365,105,9,10.0,0,0
19820613,365,173,10,10.0,0,0
19820613,365,194,19,2.0,0,0
19820613,365,181,20,2.0,0,0
19820613,365,152,28,0.0,0,0
19820613,365,200,23,0.0,0,0
19820613,365,110,14,5.0,0,0
19820613,365,206,17,3.0,0,0
19820613,365,196,25,0.0,0,0
19820613,365,201,24,0.0,0,0
19820613,365,192,22,1.0,0,0
19820613,365,202,2,20.0,1,0
19820613,365,172,21,1.0,0,0
19820613,365,118,31,0.0,0,0
19820613,365,119,3,19.0,1,0
19820613,365,158,8,10.0,0,0
19820613,365,203,12,6.0,0,0
19820613,365,137,7,11.0,1,0
19820613,365,95,11,7.0,0,0
19820613,365,197,16,3.0,0,0
19820613,365,184,27,0.0,0,0
19820613,365,204,30,0.0,0,0
19820613,365,205,26,0.0,0,0
19820613,365,195,32,0.0,0,0
19820613,365,170,29,0.0,0,0
19820613,365,207,33,0.0,0,0
19820613,365,176,18,2.0,0,0
19820613,365,136,34,0.0,0,0
19820613,365,208,36,0.0,0,0
19820613,365,209,35,0.0,0,0
19820703,366,117,5,18.0,2,0
19820703,366,199,13,6.0,0,0
19820703,366,163,16,4.0,0,0
19820703,366,182,7,15.0,1,0
19820703,366,177,3,21.0,0,0
19820703,366,187,1,30.0,2,0
19820703,366,105,9,10.0,0,0
19820703,366,173,10,10.0,0,0
19820703,366,194,19,2.0,0,0
19820703,366,181,20,2.0,0,0
19820703,366,152,29,0.0,0,0
19820703,366,200,24,0.0,0,0
19820703,366,110,14,5.0,0,0
19820703,366,206,15,5.0,0,0
19820703,366,196,26,0.0,0,0
19820703,366,201,25,0.0,0,0
19820703,366,192,23,1.0,0,0
19820703,366,202,2,29.0,2,0
19820703,366,172,22,1.0,0,0
19820703,366,118,32,0.0,0,0
19820703,366,119,4,19.0,1,0
19820703,366,158,8,10.0,0,0
19820703,366,203,12,6.0,0,0
19820703,366,137,6,17.0,1,0
19820703,366,95,11,7.0,0,0
19820703,366,197,17,3.0,0,0
19820703,366,184,21,1.0,0,0
19820703,366,204,31,0.0,0,0
19820703,366,205,27,0.0,0,0
19820703,366,195,33,0.0,0,0
19820703,366,170,30,0.0,0,0
19820703,366,207,35,0.0,0,0
19820703,366,176,18,2.0,0,0
19820703,366,136,34,0.0,0,0
19820703,366,208,37,0.0,0,0
19820703,366,209,36,0.0,0,0
19820703,366,175,28,0.0,0,0
19820703,366,90,38,0.0,0,0
19820718,367,117,5,19.0,2,0
19820718,367,199,14,6.0,0,0
19820718,367,163,17,4.0,0,0
19820718,367,182,3,24.0,2,0
19820718,367,177,4,21.0,0,0
19820718,367,187,2,30.0,2,0
19820718,367,105,10,10.0,0,0
19820718,367,173,8,13.0,0,0
19820718,367,194,20,2.0,0,0
19820718,367,181,21,2.0,0,0
19820718,367,152,27,0.0,0,0
19820718,367,200,25,0.0,0,0
19820718,367,110,15,5.0,0,0
19820718,367,206,12,7.0,0,0
19820718,367,196,29,0.0,0,0
19820718,367,201,26,0.0,0,0
19820718,367,192,24,1.0,0,0
19820718,367,202,1,35.0,2,0
19820718,367,172,23,1.0,0,0
19820718,367,118,32,0.0,0,0
19820718,367,119,6,19.0,1,0
19820718,367,158,9,10.0,0,0
19820718,367,203,13,6.0,0,0
19820718,367,137,7,17.0,1,0
19820718,367,95,11,7.0,0,0
19820718,367,197,18,3.0,0,0
19820718,367,184,22,1.0,0,0
19820718,367,204,31,0.0,0,0
19820718,367,205,28,0.0,0,0
19820718,367,195,33,0.0,0,0
19820718,367,170,30,0.0,0,0
19820718,367,207,35,0.0,0,0
19820718,367,176,19,2.0,0,0
19820718,367,136,34,0.0,0,0
19820718,367,208,37,0.0,0,0
19820718,367,209,36,0.0,0,0
19820718,367,175,16,4.0,0,0
19820718,367,90,38,0.0,0,0
19820725,368,117,3,25.0,2,0
19820725,368,199,16,6.0,0,0
19820725,368,163,8,13.0,1,0
19820725,368,182,4,24.0,2,0
19820725,368,177,5,23.0,0,0
19820725,368,187,2,30.0,2,0
19820725,368,105,10,11.0,0,0
19820725,368,173,9,13.0,0,0
19820725,368,194,20,2.0,0,0
19820725,368,181,21,2.0,0,0
19820725,368,152,26,0.0,0,0
19820725,368,200,25,0.0,0,0
19820725,368,110,17,5.0,0,0
19820725,368,206,14,7.0,0,0
19820725,368,196,29,0.0,0,0
19820725,368,201,27,0.0,0,0
19820725,368,192,24,1.0,0,0
19820725,368,202,1,39.0,2,0
19820725,368,172,23,1.0,0,0
19820725,368,118,31,0.0,0,0
19820725,368,119,6,19.0,1,0
19820725,368,158,11,10.0,0,0
19820725,368,203,15,6.0,0,0
19820725,368,137,7,17.0,1,0
19820725,368,95,12,7.0,0,0
19820725,368,197,18,3.0,0,0
19820725,368,184,22,1.0,0,0
19820725,368,204,33,0.0,0,0
19820725,368,205,28,0.0,0,0
19820725,368,195,34,0.0,0,0
19820725,368,170,32,0.0,0,0
19820725,368,207,36,0.0,0,0
19820725,368,176,19,2.0,0,0
19820725,368,136,35,0.0,0,0
19820725,368,208,37,0.0,0,0
19820725,368,209,30,0.0,0,0
19820725,368,175,13,7.0,0,0
19820725,368,90,38,0.0,0,0
19820808,369,117,4,25.0,2,0
19820808,369,199,16,6.0,0,0
19820808,369,163,6,19.0,1,0
19820808,369,182,5,24.0,2,0
19820808,369,177,3,27.0,0,0
19820808,369,187,2,30.0,2,0
19820808,369,105,10,14.0,0,0
19820808,369,173,11,13.0,0,0
19820808,369,194,21,2.0,0,0
19820808,369,181,22,2.0,0,0
19820808,369,152,20,2.0,0,0
19820808,369,200,27,0.0,0,0
19820808,369,110,17,5.0,0,0
19820808,369,206,14,7.0,0,0
19820808,369,196,29,0.0,0,0
19820808,369,201,28,0.0,0,0
19820808,369,192,25,1.0,0,0
19820808,369,202,1,39.0,2,0
19820808,369,172,24,1.0,0,0
19820808,369,118,31,0.0,0,0
19820808,369,119,7,19.0,1,0
19820808,369,158,12,10.0,0,0
19820808,369,203,15,6.0,0,0
19820808,369,137,8,17.0,1,0
19820808,369,95,13,7.0,0,0
19820808,369,197,18,3.0,0,0
19820808,369,184,23,1.0,0,0
19820808,369,204,34,0.0,0,0
19820808,369,205,26,0.0,0,0
19820808,369,195,30,0.0,0,0
19820808,369,170,33,0.0,0,0
19820808,369,207,36,0.0,0,0
19820808,369,176,19,3.0,0,0
19820808,369,136,35,0.0,0,0
19820808,369,208,37,0.0,0,0
19820808,369,209,32,0.0,0,0
19820808,369,175,9,16.0,1,0
19820808,369,90,40,0.0,0,0
19820808,369,210,38,0.0,0,0
19820808,369,211,39,0.0,0,0
19820815,370,117,5,25.0,2,0
19820815,370,199,16,6.0,0,0
19820815,370,163,7,19.0,1,0
19820815,370,182,4,26.0,2,0
19820815,370,177,2,33.0,0,0
19820815,370,187,3,30.0,2,0
19820815,370,105,11,14.0,0,0
19820815,370,173,6,22.0,1,0
19820815,370,194,22,2.0,0,0
19820815,370,181,23,2.0,0,0
19820815,370,152,21,2.0,0,0
19820815,370,200,27,0.0,0,0
19820815,370,110,18,5.0,0,0
19820815,370,206,14,7.0,0,0
19820815,370,196,29,0.0,0,0
19820815,370,201,28,0.0,0,0
19820815,370,192,25,1.0,0,0
19820815,370,202,1,39.0,2,0
19820815,370,172,17,5.0,0,0
19820815,370,118,31,0.0,0,0
19820815,370,119,8,19.0,1,0
19820815,370,158,12,10.0,0,0
19820815,370,203,15,6.0,0,0
19820815,370,137,10,17.0,1,0
19820815,370,95,13,7.0,0,0
19820815,370,197,19,3.0,0,0
19820815,370,184,24,2.0,0,0
19820815,370,204,34,0.0,0,0
19820815,370,205,26,0.0,0,0
19820815,370,195,30,0.0,0,0
19820815,370,170,33,0.0,0,0
19820815,370,207,37,0.0,0,0
19820815,370,176,20,3.0,0,0
19820815,370,136,36,0.0,0,0
19820815,370,208,39,0.0,0,0
19820815,370,209,32,0.0,0,0
19820815,370,175,9,19.0,1,0
19820815,370,90,40,0.0,0,0
19820815,370,210,35,0.0,0,0
19820815,370,211,38,0.0,0,0
19820829,371,117,3,31.0,2,0
19820829,371,199,16,6.0,0,0
19820829,371,163,9,19.0,1,0
19820829,371,182,5,30.0,2,0
19820829,371,177,1,42.0,1,0
19820829,371,187,4,30.0,2,0
19820829,371,105,11,14.0,0,0
19820829,371,173,6,23.0,1,0
19820829,371,194,22,2.0,0,0
19820829,371,181,23,2.0,0,0
19820829,371,152,21,2.0,0,0
19820829,371,200,27,0.0,0,0
19820829,371,110,18,5.0,0,0
19820829,371,206,14,7.0,0,0
19820829,371,196,29,0.0,0,0
19820829,371,201,28,0.0,0,0
19820829,371,192,25,1.0,0,0
19820829,371,202,2,39.0,2,0
19820829,371,172,17,5.0,0,0
19820829,371,118,31,0.0,0,0
19820829,371,119,7,21.0,1,0
19820829,371,158,12,10.0,0,0
19820829,371,203,15,6.0,0,0
19820829,371,137,8,20.0,1,0
19820829,371,95,13,7.0,0,0
19820829,371,197,19,3.0,0,0
19820829,371,184,24,2.0,0,0
19820829,371,204,34,0.0,0,0
19820829,371,205,26,0.0,0,0
19820829,371,195,30,0.0,0,0
19820829,371,170,33,0.0,0,0
19820829,371,207,37,0.0,0,0
19820829,371,176,20,3.0,0,0
19820829,371,136,36,0.0,0,0
19820829,371,208,39,0.0,0,0
19820829,371,209,32,0.0,0,0
19820829,371,175,10,19.0,1,0
19820829,371,90,40,0.0,0,0
19820829,371,210,35,0.0,0,0
19820829,371,211,38,0.0,0,0
19820912,372,117,4,31.0,2,0
19820912,372,199,16,6.0,0,0
19820912,372,163,6,28.0,2,0
19820912,372,182,5,30.0,2,0
19820912,372,177,1,42.0,1,0
19820912,372,187,3,33.0,2,0
19820912,372,105,11,16.0,0,0
19820912,372,173,8,23.0,1,0
19820912,372,194,23,2.0,0,0
19820912,372,181,24,2.0,0,0
19820912,372,152,22,2.0,0,0
19820912,372,200,28,0.0,0,0
19820912,372,110,18,5.0,0,0
19820912,372,206,14,7.0,0,0
19820912,372,196,30,0.0,0,0
19820912,372,201,29,0.0,0,0
19820912,372,192,26,1.0,0,0
19820912,372,202,2,39.0,2,0
19820912,372,172,17,5.0,0,0
19820912,372,118,32,0.0,0,0
19820912,372,119,9,21.0,1,0
19820912,372,158,12,11.0,0,0
19820912,372,203,15,6.0,0,0
19820912,372,137,10,20.0,1,0
19820912,372,95,13,7.0,0,0
19820912,372,197,20,3.0,0,0
19820912,372,184,25,2.0,0,0
19820912,372,204,35,0.0,0,0
19820912,372,205,27,0.0,0,0
19820912,372,195,31,0.0,0,0
19820912,372,170,34,0.0,0,0
19820912,372,207,19,4.0,0,0
19820912,372,176,21,3.0,0,0
19820912,372,136,37,0.0,0,0
19820912,372,208,39,0.0,0,0
19820912,372,209,33,0.0,0,0
19820912,372,175,7,25.0,1,0
19820912,372,90,40,0.0,0,0
19820912,372,210,36,0.0,0,0
19820912,372,211,38,0.0,0,0
19810315,343,178,1,9.0,1,0
19820925,373,202,2,39.0,2,1
19820925,373,172,18,5.0,0,1
19820925,373,210,37,0.0,0,1
19820925,373,176,21,3.0,0,1
19820925,373,136,38,0.0,0,1
19820925,373,197,20,3.0,0,1
19810315,343,175,6,1.0,0,0
19810315,343,158,5,2.0,0,0
19810315,343,207,4,3.0,0,0
19810315,343,137,3,4.0,0,0
19810315,343,199,2,6.0,0,0
19820925,373,211,33,0.0,0,1
19820925,373,90,40,0.0,0,1
19820925,373,175,7,25.0,1,1
19820925,373,209,34,0.0,0,1
19820925,373,208,39,0.0,0,1
19820925,373,207,19,4.0,0,1
19820925,373,170,35,0.0,0,1
19820925,373,195,31,0.0,0,1
19820925,373,205,27,0.0,0,1
19820925,373,204,36,0.0,0,1
19820925,373,184,25,2.0,0,1
19820925,373,95,14,7.0,0,1
19820925,373,119,10,21.0,1,1
19820925,373,158,12,15.0,0,1
19820925,373,203,15,6.0,0,1
19820925,373,137,11,20.0,1,1
19820925,373,118,32,0.0,0,1
19820925,373,192,26,1.0,0,1
19820925,373,201,29,0.0,0,1
19820925,373,196,30,0.0,0,1
19820925,373,206,13,8.0,0,1
19820925,373,152,22,2.0,0,1
19820925,373,200,28,0.0,0,1
19820925,373,110,17,5.0,0,1
19820925,373,181,24,2.0,0,1
19820925,373,194,23,2.0,0,1
19820925,373,105,8,25.0,1,1
19820925,373,173,9,23.0,1,1
19820925,373,187,3,39.0,2,1
19820925,373,177,1,44.0,1,1
19820925,373,182,5,30.0,2,1
19820925,373,117,4,34.0,2,1
19820925,373,199,16,6.0,0,1
19820925,373,163,6,28.0,2,1
19810315,343,192,7,0.0,0,0
19810315,343,163,8,0.0,0,0
19810315,343,176,9,0.0,0,0
19810315,343,202,10,0.0,0,0
19810315,343,197,11,0.0,0,0
19810315,343,212,12,0.0,0,0
19810315,343,152,13,0.0,0,0
19810315,343,172,14,0.0,0,0
19810315,343,177,15,0.0,0,0
19810315,343,136,16,0.0,0,0
19810315,343,119,17,0.0,0,0
19810315,343,213,18,0.0,0,0
19810315,343,95,19,0.0,0,0
19810315,343,203,20,0.0,0,0
19810315,343,187,21,0.0,0,0
19810315,343,173,22,0.0,0,0
19810315,343,117,23,0.0,0,0
19810315,343,110,24,0.0,0,0
19810315,343,214,25,0.0,0,0
19810315,343,206,26,0.0,0,0
19810315,343,215,27,0.0,0,0
19810315,343,216,28,0.0,0,0
19810315,343,194,29,0.0,0,0
19810329,344,178,1,15.0,1,0
19810329,344,199,2,15.0,1,0
19810329,344,137,3,4.0,0,0
19810329,344,207,6,3.0,0,0
19810329,344,158,7,2.0,0,0
19810329,344,175,9,1.0,0,0
19810329,344,192,12,0.0,0,0
19810329,344,163,14,0.0,0,0
19810329,344,176,5,3.0,0,0
19810329,344,202,18,0.0,0,0
19810329,344,197,11,0.0,0,0
19810329,344,212,19,0.0,0,0
19810329,344,152,20,0.0,0,0
19810329,344,172,10,1.0,0,0
19810329,344,177,15,0.0,0,0
19810329,344,136,22,0.0,0,0
19810329,344,119,4,4.0,0,0
19810329,344,213,24,0.0,0,0
19810329,344,95,16,0.0,0,0
19810329,344,203,21,0.0,0,0
19810329,344,187,13,0.0,0,0
19810329,344,173,8,2.0,0,0
19810329,344,117,23,0.0,0,0
19810329,344,110,26,0.0,0,0
19810329,344,214,27,0.0,0,0
19810329,344,206,28,0.0,0,0
19810329,344,215,29,0.0,0,0
19810329,344,216,25,0.0,0,0
19810329,344,194,30,0.0,0,0
19810329,344,217,17,0.0,0,0
19810329,344,218,31,0.0,0,0
19810412,345,178,2,18.0,1,0
19810412,345,199,1,21.0,1,0
19810412,345,137,3,13.0,1,0
19810412,345,207,6,3.0,0,0
19810412,345,158,10,2.0,0,0
19810412,345,175,11,1.0,0,0
19810412,345,192,14,0.0,0,0
19810412,345,163,9,2.0,0,0
19810412,345,176,7,3.0,0,0
19810412,345,202,23,0.0,0,0
19810412,345,197,13,0.0,0,0
19810412,345,212,24,0.0,0,0
19810412,345,152,18,0.0,0,0
19810412,345,172,12,1.0,0,0
19810412,345,177,16,0.0,0,0
19810412,345,136,21,0.0,0,0
19810412,345,119,4,4.0,0,0
19810412,345,213,26,0.0,0,0
19810412,345,95,19,0.0,0,0
19810412,345,203,25,0.0,0,0
19810412,345,187,15,0.0,0,0
19810412,345,173,8,3.0,0,0
19810412,345,117,5,4.0,0,0
19810412,345,110,20,0.0,0,0
19810412,345,214,28,0.0,0,0
19810412,345,206,29,0.0,0,0
19810412,345,215,27,0.0,0,0
19810412,345,216,17,0.0,0,0
19810412,345,194,30,0.0,0,0
19810412,345,217,22,0.0,0,0
19810412,345,218,32,0.0,0,0
19810412,345,219,31,0.0,0,0
19810503,346,178,3,18.0,1,0
19810503,346,199,1,25.0,1,0
19810503,346,137,2,22.0,2,0
19810503,346,207,6,3.0,0,0
19810503,346,158,12,2.0,0,0
19810503,346,175,13,1.0,0,0
19810503,346,192,18,0.0,0,0
19810503,346,163,10,2.0,0,0
19810503,346,176,7,3.0,0,0
19810503,346,202,11,2.0,0,0
19810503,346,197,16,0.0,0,0
19810503,346,212,8,3.0,0,0
19810503,346,152,22,0.0,0,0
19810503,346,172,15,1.0,0,0
19810503,346,177,20,0.0,0,0
19810503,346,136,24,0.0,0,0
19810503,346,119,4,10.0,0,0
19810503,346,213,30,0.0,0,0
19810503,346,95,23,0.0,0,0
19810503,346,203,17,0.0,0,0
19810503,346,187,19,0.0,0,0
19810503,346,173,9,3.0,0,0
19810503,346,117,5,4.0,0,0
19810503,346,110,14,1.0,0,0
19810503,346,214,32,0.0,0,0
19810503,346,206,33,0.0,0,0
19810503,346,215,31,0.0,0,0
19810503,346,216,21,0.0,0,0
19810503,346,194,28,0.0,0,0
19810503,346,217,25,0.0,0,0
19810503,346,218,36,0.0,0,0
19810503,346,219,27,0.0,0,0
19810503,346,201,26,0.0,0,0
19810503,346,105,29,0.0,0,0
19810503,346,118,34,0.0,0,0
19810503,346,205,35,0.0,0,0
19810517,347,178,3,18.0,1,0
19810517,347,199,1,34.0,2,0
19810517,347,137,2,22.0,2,0
19810517,347,207,10,3.0,0,0
19810517,347,158,13,3.0,0,0
19810517,347,175,16,1.0,0,0
19810517,347,192,20,0.0,0,0
19810517,347,163,14,2.0,0,0
19810517,347,176,11,3.0,0,0
19810517,347,202,15,2.0,0,0
19810517,347,197,19,0.0,0,0
19810517,347,212,12,3.0,0,0
19810517,347,152,21,0.0,0,0
19810517,347,172,5,7.0,0,0
19810517,347,177,22,0.0,0,0
19810517,347,136,24,0.0,0,0
19810517,347,119,4,10.0,0,0
19810517,347,213,31,0.0,0,0
19810517,347,95,7,4.0,0,0
19810517,347,203,9,3.0,0,0
19810517,347,187,18,0.0,0,0
19810517,347,173,6,5.0,0,0
19810517,347,117,8,4.0,0,0
19810517,347,110,17,1.0,0,0
19810517,347,214,34,0.0,0,0
19810517,347,206,33,0.0,0,0
19810517,347,215,32,0.0,0,0
19810517,347,216,23,0.0,0,0
19810517,347,194,30,0.0,0,0
19810517,347,217,26,0.0,0,0
19810517,347,218,37,0.0,0,0
19810517,347,219,29,0.0,0,0
19810517,347,201,27,0.0,0,0
19810517,347,105,25,0.0,0,0
19810517,347,118,35,0.0,0,0
19810517,347,205,36,0.0,0,0
19810517,347,160,28,0.0,0,0
19810531,348,178,2,24.0,1,0
19810531,348,199,1,34.0,2,0
19810531,348,137,3,22.0,2,0
19810531,348,207,13,3.0,0,0
19810531,348,158,8,5.0,0,0
19810531,348,175,16,1.0,0,0
19810531,348,192,20,0.0,0,0
19810531,348,163,15,2.0,0,0
19810531,348,176,12,4.0,0,0
19810531,348,202,7,5.0,0,0
19810531,348,197,19,0.0,0,0
19810531,348,212,14,3.0,0,0
19810531,348,152,21,0.0,0,0
19810531,348,172,5,11.0,0,0
19810531,348,177,22,0.0,0,0
19810531,348,136,25,0.0,0,0
19810531,348,119,6,10.0,0,0
19810531,348,213,31,0.0,0,0
19810531,348,95,10,4.0,0,0
19810531,348,203,4,12.0,1,0
19810531,348,187,18,0.0,0,0
19810531,348,173,9,5.0,0,0
19810531,348,117,11,4.0,0,0
19810531,348,110,17,1.0,0,0
19810531,348,214,34,0.0,0,0
19810531,348,206,33,0.0,0,0
19810531,348,215,32,0.0,0,0
19810531,348,216,23,0.0,0,0
19810531,348,194,30,0.0,0,0
19810531,348,217,26,0.0,0,0
19810531,348,218,37,0.0,0,0
19810531,348,219,29,0.0,0,0
19810531,348,201,28,0.0,0,0
19810531,348,105,24,0.0,0,0
19810531,348,118,35,0.0,0,0
19810531,348,205,36,0.0,0,0
19810531,348,160,27,0.0,0,0
19810621,349,178,2,24.0,1,0
19810621,349,199,1,37.0,2,0
19810621,349,137,3,22.0,2,0
19810621,349,207,14,3.0,0,0
19810621,349,158,10,5.0,0,0
19810621,349,175,17,1.0,0,0
19810621,349,192,19,0.0,0,0
19810621,349,163,16,2.0,0,0
19810621,349,176,13,4.0,0,0
19810621,349,202,9,5.0,0,0
19810621,349,197,20,0.0,0,0
19810621,349,212,15,3.0,0,0
19810621,349,152,21,0.0,0,0
19810621,349,172,5,17.0,0,0
19810621,349,177,22,0.0,0,0
19810621,349,136,25,0.0,0,0
19810621,349,119,6,10.0,0,0
19810621,349,213,32,0.0,0,0
19810621,349,95,8,5.0,0,0
19810621,349,203,4,21.0,2,0
19810621,349,187,11,4.0,0,0
19810621,349,173,7,7.0,0,0
19810621,349,117,12,4.0,0,0
19810621,349,110,18,1.0,0,0
19810621,349,214,34,0.0,0,0
19810621,349,206,30,0.0,0,0
19810621,349,215,33,0.0,0,0
19810621,349,216,23,0.0,0,0
19810621,349,194,29,0.0,0,0
19810621,349,217,26,0.0,0,0
19810621,349,218,38,0.0,0,0
19810621,349,219,31,0.0,0,0
19810621,349,201,28,0.0,0,0
19810621,349,105,24,0.0,0,0
19810621,349,118,36,0.0,0,0
19810621,349,205,35,0.0,0,0
19810621,349,160,27,0.0,0,0
19810621,349,220,37,0.0,0,0
19810705,350,178,3,24.0,1,0
19810705,350,199,1,37.0,2,0
19810705,350,137,2,26.0,2,0
19810705,350,207,15,3.0,0,0
19810705,350,158,13,5.0,0,0
19810705,350,175,17,1.0,0,0
19810705,350,192,19,0.0,0,0
19810705,350,163,12,5.0,0,0
19810705,350,176,14,4.0,0,0
19810705,350,202,10,7.0,0,0
19810705,350,197,20,0.0,0,0
19810705,350,212,16,3.0,0,0
19810705,350,152,21,0.0,0,0
19810705,350,172,5,17.0,0,0
19810705,350,177,22,0.0,0,0
19810705,350,136,25,0.0,0,0
19810705,350,119,8,10.0,0,0
19810705,350,213,32,0.0,0,0
19810705,350,95,11,5.0,0,0
19810705,350,203,4,21.0,2,0
19810705,350,187,7,10.0,0,0
19810705,350,173,9,8.0,0,0
19810705,350,117,6,13.0,1,0
19810705,350,110,18,1.0,0,0
19810705,350,214,34,0.0,0,0
19810705,350,206,30,0.0,0,0
19810705,350,215,33,0.0,0,0
19810705,350,216,23,0.0,0,0
19810705,350,194,29,0.0,0,0
19810705,350,217,26,0.0,0,0
19810705,350,218,38,0.0,0,0
19810705,350,219,31,0.0,0,0
19810705,350,201,28,0.0,0,0
19810705,350,105,24,0.0,0,0
19810705,350,118,36,0.0,0,0
19810705,350,205,35,0.0,0,0
19810705,350,160,27,0.0,0,0
19810705,350,220,37,0.0,0,0
19810718,351,178,3,24.0,1,0
19810718,351,199,1,43.0,2,0
19810718,351,137,2,26.0,2,0
19810718,351,207,16,3.0,0,0
19810718,351,158,9,8.0,0,0
19810718,351,175,17,1.0,0,0
19810718,351,192,21,0.0,0,0
19810718,351,163,13,5.0,0,0
19810718,351,176,15,4.0,0,0
19810718,351,202,11,7.0,0,0
19810718,351,197,20,0.0,0,0
19810718,351,212,14,5.0,0,0
19810718,351,152,23,0.0,0,0
19810718,351,172,5,21.0,0,0
19810718,351,177,24,0.0,0,0
19810718,351,136,27,0.0,0,0
19810718,351,119,8,10.0,0,0
19810718,351,213,32,0.0,0,0
19810718,351,95,12,5.0,0,0
19810718,351,203,4,21.0,2,0
19810718,351,187,6,19.0,1,0
19810718,351,173,10,8.0,0,0
19810718,351,117,7,13.0,1,0
19810718,351,110,18,1.0,0,0
19810718,351,214,34,0.0,0,0
19810718,351,206,22,0.0,0,0
19810718,351,215,33,0.0,0,0
19810718,351,216,25,0.0,0,0
19810718,351,194,30,0.0,0,0
19810718,351,217,28,0.0,0,0
19810718,351,218,38,0.0,0,0
19810718,351,219,31,0.0,0,0
19810718,351,201,19,1.0,0,0
19810718,351,105,26,0.0,0,0
19810718,351,118,36,0.0,0,0
19810718,351,205,35,0.0,0,0
19810718,351,160,29,0.0,0,0
19810718,351,220,37,0.0,0,0
19810802,352,160,29,0.0,0,0
19810802,352,205,35,0.0,0,0
19810802,352,105,26,0.0,0,0
19810802,352,201,19,1.0,0,0
19810802,352,219,31,0.0,0,0
19810802,352,218,38,0.0,0,0
19810802,352,217,28,0.0,0,0
19810802,352,216,25,0.0,0,0
19810802,352,206,22,0.0,0,0
19810802,352,110,18,1.0,0,0
19810802,352,173,11,8.0,0,0
19810802,352,203,5,21.0,2,0
19810802,352,95,13,5.0,0,0
19810802,352,213,32,0.0,0,0
19810802,352,119,8,10.0,0,0
19810802,352,177,24,0.0,0,0
19810802,352,172,3,25.0,0,0
19810802,352,152,23,0.0,0,0
19810802,352,212,10,8.0,0,0
19810802,352,197,20,0.0,0,0
19810802,352,176,15,4.0,0,0
19810802,352,192,21,0.0,0,0
19810802,352,158,9,10.0,0,0
19810802,352,207,16,3.0,0,0
19810802,352,199,1,43.0,2,0
19810802,352,118,36,0.0,0,0
19810802,352,215,33,0.0,0,0
19810802,352,214,34,0.0,0,0
19810802,352,187,6,20.0,1,0
19810802,352,220,37,0.0,0,0
19810802,352,117,7,19.0,1,0
19810802,352,194,30,0.0,0,0
19810802,352,163,14,5.0,0,0
19810802,352,175,17,1.0,0,0
19810802,352,137,2,35.0,3,0
19810802,352,202,12,7.0,0,0
19810802,352,136,27,0.0,0,0
19810802,352,178,4,24.0,1,0
19810816,353,178,4,27.0,1,0
19810816,353,199,1,45.0,2,0
19810816,353,137,2,39.0,3,0
19810816,353,207,16,3.0,0,0
19810816,353,158,10,10.0,0,0
19810816,353,175,17,1.0,0,0
19810816,353,192,22,0.0,0,0
19810816,353,163,8,11.0,0,0
19810816,353,176,15,4.0,0,0
19810816,353,202,13,7.0,0,0
19810816,353,197,20,0.0,0,0
19810816,353,212,11,8.0,0,0
19810816,353,152,23,0.0,0,0
19810816,353,172,3,34.0,1,0
19810816,353,177,24,0.0,0,0
19810816,353,136,27,0.0,0,0
19810816,353,119,9,10.0,0,0
19810816,353,213,32,0.0,0,0
19810816,353,95,14,5.0,0,0
19810816,353,203,5,21.0,2,0
19810816,353,187,6,21.0,1,0
19810816,353,173,12,8.0,0,0
19810816,353,117,7,19.0,1,0
19810816,353,110,18,1.0,0,0
19810816,353,214,34,0.0,0,0
19810816,353,206,21,0.0,0,0
19810816,353,215,33,0.0,0,0
19810816,353,216,25,0.0,0,0
19810816,353,194,30,0.0,0,0
19810816,353,217,28,0.0,0,0
19810816,353,218,38,0.0,0,0
19810816,353,219,31,0.0,0,0
19810816,353,201,19,1.0,0,0
19810816,353,105,26,0.0,0,0
19810816,353,118,36,0.0,0,0
19810816,353,205,35,0.0,0,0
19810816,353,160,29,0.0,0,0
19810816,353,220,37,0.0,0,0
19810830,354,178,4,31.0,1,0
19810830,354,199,2,45.0,2,0
19810830,354,137,1,45.0,3,0
19810830,354,207,16,3.0,0,0
19810830,354,158,11,10.0,0,0
19810830,354,175,17,1.0,0,0
19810830,354,192,24,0.0,0,0
19810830,354,163,8,11.0,0,0
19810830,354,176,15,4.0,0,0
19810830,354,202,13,7.0,0,0
19810830,354,197,21,0.0,0,0
19810830,354,212,9,11.0,0,0
19810830,354,152,25,0.0,0,0
19810830,354,172,3,34.0,1,0
19810830,354,177,27,0.0,0,0
19810830,354,136,28,0.0,0,0
19810830,354,119,10,10.0,0,0
19810830,354,213,32,0.0,0,0
19810830,354,95,14,5.0,0,0
19810830,354,203,6,21.0,2,0
19810830,354,187,7,21.0,1,0
19810830,354,173,12,10.0,0,0
19810830,354,117,5,28.0,2,0
19810830,354,110,18,1.0,0,0
19810830,354,214,34,0.0,0,0
19810830,354,206,23,0.0,0,0
19810830,354,215,33,0.0,0,0
19810830,354,216,22,0.0,0,0
19810830,354,194,20,1.0,0,0
19810830,354,217,29,0.0,0,0
19810830,354,218,38,0.0,0,0
19810830,354,219,31,0.0,0,0
19810830,354,201,19,1.0,0,0
19810830,354,105,26,0.0,0,0
19810830,354,118,36,0.0,0,0
19810830,354,205,35,0.0,0,0
19810830,354,160,30,0.0,0,0
19810830,354,220,37,0.0,0,0
19810913,355,178,4,37.0,1,0
19810913,355,199,1,49.0,2,0
19810913,355,137,2,46.0,3,0
19810913,355,207,16,3.0,0,0
19810913,355,158,12,10.0,0,0
19810913,355,175,18,1.0,0,0
19810913,355,192,24,0.0,0,0
19810913,355,163,9,11.0,0,0
19810913,355,176,15,4.0,0,0
19810913,355,202,13,9.0,0,0
19810913,355,197,21,0.0,0,0
19810913,355,212,10,11.0,0,0
19810913,355,152,25,0.0,0,0
19810913,355,172,5,34.0,1,0
19810913,355,177,27,0.0,0,0
19810913,355,136,29,0.0,0,0
19810913,355,119,11,10.0,0,0
19810913,355,213,33,0.0,0,0
19810913,355,95,14,5.0,0,0
19810913,355,203,6,21.0,2,0
19810913,355,187,7,21.0,1,0
19810913,355,173,8,13.0,0,0
19810913,355,117,3,37.0,3,0
19810913,355,110,17,1.0,0,0
19810913,355,214,35,0.0,0,0
19810913,355,206,23,0.0,0,0
19810913,355,215,34,0.0,0,0
19810913,355,216,22,0.0,0,0
19810913,355,194,20,1.0,0,0
19810913,355,217,30,0.0,0,0
19810913,355,218,38,0.0,0,0
19810913,355,219,32,0.0,0,0
19810913,355,201,19,1.0,0,0
19810913,355,105,26,0.0,0,0
19810913,355,118,36,0.0,0,0
19810913,355,205,28,0.0,0,0
19810913,355,160,31,0.0,0,0
19810913,355,220,37,0.0,0,0
19810927,356,178,5,37.0,1,0
19810927,356,199,1,49.0,2,0
19810927,356,137,2,48.0,3,0
19810927,356,207,16,3.0,0,0
19810927,356,158,12,10.0,0,0
19810927,356,175,19,1.0,0,0
19810927,356,192,25,0.0,0,0
19810927,356,163,9,11.0,0,0
19810927,356,176,15,4.0,0,0
19810927,356,202,13,9.0,0,0
19810927,356,197,22,0.0,0,0
19810927,356,212,10,11.0,0,0
19810927,356,152,17,3.0,0,0
19810927,356,172,3,43.0,2,0
19810927,356,177,27,0.0,0,0
19810927,356,136,29,0.0,0,0
19810927,356,119,11,10.0,0,0
19810927,356,213,33,0.0,0,0
19810927,356,95,14,5.0,0,0
19810927,356,203,7,25.0,2,0
19810927,356,187,6,27.0,1,0
19810927,356,173,8,14.0,0,0
19810927,356,117,4,37.0,3,0
19810927,356,110,18,1.0,0,0
19810927,356,214,35,0.0,0,0
19810927,356,206,23,0.0,0,0
19810927,356,215,34,0.0,0,0
19810927,356,216,24,0.0,0,0
19810927,356,194,21,1.0,0,0
19810927,356,217,30,0.0,0,0
19810927,356,218,39,0.0,0,0
19810927,356,219,32,0.0,0,0
19810927,356,201,20,1.0,0,0
19810927,356,105,26,0.0,0,0
19810927,356,118,36,0.0,0,0
19810927,356,205,28,0.0,0,0
19810927,356,160,31,0.0,0,0
19810927,356,220,38,0.0,0,0
19810927,356,198,37,0.0,0,0
19811017,357,178,3,46.0,2,1
19811017,357,199,2,49.0,2,1
19811017,357,137,1,50.0,3,1
19811017,357,207,17,3.0,0,1
19811017,357,158,12,10.0,0,1
19811017,357,175,19,1.0,0,1
19811017,357,192,25,0.0,0,1
19811017,357,163,9,11.0,0,1
19811017,357,176,16,4.0,0,1
19811017,357,202,13,9.0,0,1
19811017,357,197,22,0.0,0,1
19811017,357,212,10,11.0,0,1
19811017,357,152,15,7.0,0,1
19811017,357,172,4,44.0,2,1
19811017,357,177,26,0.0,0,1
19811017,357,136,29,0.0,0,1
19811017,357,119,11,10.0,0,1
19811017,357,213,34,0.0,0,1
19811017,357,95,14,8.0,0,1
19811017,357,203,7,25.0,2,1
19811017,357,187,6,27.0,1,1
19811017,357,173,8,14.0,0,1
19811017,357,117,5,43.0,3,1
19811017,357,110,18,1.0,0,1
19811017,357,214,36,0.0,0,1
19811017,357,206,23,0.0,0,1
19811017,357,215,35,0.0,0,1
19811017,357,216,24,0.0,0,1
19811017,357,194,21,1.0,0,1
19811017,357,217,30,0.0,0,1
19811017,357,218,39,0.0,0,1
19811017,357,219,32,0.0,0,1
19811017,357,201,20,1.0,0,1
19811017,357,105,27,0.0,0,1
19811017,357,118,33,0.0,0,1
19811017,357,205,28,0.0,0,1
19811017,357,160,31,0.0,0,1
19811017,357,220,38,0.0,0,1
19811017,357,198,37,0.0,0,1
19800113,329,158,28,0.0,0,0
19800113,329,136,27,0.0,0,0
19800113,329,140,26,0.0,0,0
19800113,329,225,25,0.0,0,0
19800113,329,197,24,0.0,0,0
19800113,329,202,23,0.0,0,0
19800113,329,163,22,0.0,0,0
19800113,329,219,21,0.0,0,0
19800113,329,187,20,0.0,0,0
19800113,329,173,19,0.0,0,0
19800113,329,199,18,0.0,0,0
19800113,329,200,17,0.0,0,0
19800113,329,207,16,0.0,0,0
19800113,329,176,15,0.0,0,0
19800113,329,119,14,0.0,0,0
19800113,329,172,13,0.0,0,0
19800113,329,203,12,0.0,0,0
19800113,329,224,11,0.0,0,0
19800113,329,223,10,0.0,0,0
19800113,329,222,9,0.0,0,0
19800113,329,221,8,0.0,0,0
19800113,329,217,7,0.0,0,0
19800113,329,117,6,1.0,0,0
19800113,329,152,5,2.0,0,0
19800113,329,206,4,3.0,0,0
19800113,329,177,3,4.0,0,0
19800113,329,137,2,6.0,0,0
19800113,329,178,1,9.0,1,0
19800127,330,158,28,0.0,0,0
19800127,330,136,26,0.0,0,0
19800127,330,140,27,0.0,0,0
19800127,330,225,25,0.0,0,0
19800127,330,197,15,0.0,0,0
19800127,330,202,7,3.0,0,0
19800127,330,163,2,9.0,1,0
19800127,330,219,23,0.0,0,0
19800127,330,187,14,0.0,0,0
19800127,330,173,3,6.0,0,0
19800127,330,199,24,0.0,0,0
19800127,330,200,13,0.0,0,0
19800127,330,207,22,0.0,0,0
19800127,330,176,12,0.0,0,0
19800127,330,119,10,1.0,0,0
19800127,330,172,21,0.0,0,0
19800127,330,203,17,0.0,0,0
19800127,330,224,16,0.0,0,0
19800127,330,223,20,0.0,0,0
19800127,330,222,19,0.0,0,0
19800127,330,221,18,0.0,0,0
19800127,330,217,11,0.0,0,0
19800127,330,117,8,3.0,0,0
19800127,330,152,9,2.0,0,0
19800127,330,206,6,3.0,0,0
19800127,330,177,5,4.0,0,0
19800127,330,137,4,6.0,0,0
19800127,330,178,1,13.0,1,0
19800301,331,209,21,0.0,0,0
19800301,331,158,26,0.0,0,0
19800301,331,136,28,0.0,0,0
19800301,331,140,29,0.0,0,0
19800301,331,225,27,0.0,0,0
19800301,331,197,15,0.0,0,0
19800301,331,202,4,7.0,0,0
19800301,331,163,1,18.0,2,0
19800301,331,219,25,0.0,0,0
19800301,331,187,19,0.0,0,0
19800301,331,173,6,6.0,0,0
19800301,331,199,11,2.0,0,0
19800301,331,200,12,1.0,0,0
19800301,331,207,20,0.0,0,0
19800301,331,176,16,0.0,0,0
19800301,331,119,13,1.0,0,0
19800301,331,172,5,6.0,0,0
19800301,331,203,22,0.0,0,0
19800301,331,224,17,0.0,0,0
19800301,331,223,18,0.0,0,0
19800301,331,222,24,0.0,0,0
19800301,331,221,23,0.0,0,0
19800301,331,217,14,0.0,0,0
19800301,331,117,9,3.0,0,0
19800301,331,152,10,2.0,0,0
19800301,331,206,8,3.0,0,0
19800301,331,177,7,4.0,0,0
19800301,331,137,3,9.0,0,0
19800301,331,178,2,13.0,1,0
19800330,332,226,30,0.0,0,0
19800330,332,209,23,0.0,0,0
19800330,332,158,26,0.0,0,0
19800330,332,136,27,0.0,0,0
19800330,332,140,29,0.0,0,0
19800330,332,225,28,0.0,0,0
19800330,332,197,18,0.0,0,0
19800330,332,202,4,8.0,0,0
19800330,332,163,1,18.0,2,0
19800330,332,219,21,0.0,0,0
19800330,332,187,11,3.0,0,0
19800330,332,173,7,6.0,0,0
19800330,332,199,15,2.0,0,0
19800330,332,200,16,1.0,0,0
19800330,332,207,22,0.0,0,0
19800330,332,176,19,0.0,0,0
19800330,332,119,5,7.0,0,0
19800330,332,172,6,6.0,0,0
19800330,332,203,24,0.0,0,0
19800330,332,224,8,4.0,0,0
19800330,332,223,20,0.0,0,0
19800330,332,222,14,2.0,0,0
19800330,332,221,25,0.0,0,0
19800330,332,217,17,0.0,0,0
19800330,332,117,12,3.0,0,0
19800330,332,152,13,2.0,0,0
19800330,332,206,10,3.0,0,0
19800330,332,177,9,4.0,0,0
19800330,332,137,2,18.0,1,0
19800330,332,178,3,13.0,1,0
19800504,333,227,28,0.0,0,0
19800504,333,226,31,0.0,0,0
19800504,333,209,25,0.0,0,0
19800504,333,158,27,0.0,0,0
19800504,333,136,24,0.0,0,0
19800504,333,140,30,0.0,0,0
19800504,333,225,29,0.0,0,0
19800504,333,197,14,2.0,0,0
19800504,333,202,4,17.0,1,0
19800504,333,163,1,21.0,2,0
19800504,333,219,22,0.0,0,0
19800504,333,187,12,3.0,0,0
19800504,333,173,6,6.0,0,0
19800504,333,199,8,6.0,0,0
19800504,333,200,17,1.0,0,0
19800504,333,207,23,0.0,0,0
19800504,333,176,20,0.0,0,0
19800504,333,119,5,7.0,0,0
19800504,333,172,7,6.0,0,0
19800504,333,203,18,1.0,0,0
19800504,333,224,10,4.0,0,0
19800504,333,223,21,0.0,0,0
19800504,333,222,15,2.0,0,0
19800504,333,221,26,0.0,0,0
19800504,333,217,19,0.0,0,0
19800504,333,117,13,3.0,0,0
19800504,333,152,16,2.0,0,0
19800504,333,206,11,3.0,0,0
19800504,333,177,9,4.0,0,0
19800504,333,137,3,18.0,1,0
19800504,333,178,2,19.0,1,0
19800518,334,227,28,0.0,0,0
19800518,334,226,31,0.0,0,0
19800518,334,209,25,0.0,0,0
19800518,334,158,27,0.0,0,0
19800518,334,136,24,0.0,0,0
19800518,334,140,30,0.0,0,0
19800518,334,225,29,0.0,0,0
19800518,334,197,16,2.0,0,0
19800518,334,202,4,17.0,1,0
19800518,334,163,2,21.0,2,0
19800518,334,219,23,0.0,0,0
19800518,334,187,13,3.0,0,0
19800518,334,173,8,6.0,0,0
19800518,334,199,5,15.0,1,0
19800518,334,200,11,4.0,0,0
19800518,334,207,20,0.0,0,0
19800518,334,176,21,0.0,0,0
19800518,334,119,7,7.0,0,0
19800518,334,172,6,12.0,0,0
19800518,334,203,14,3.0,0,0
19800518,334,224,9,5.0,0,0
19800518,334,223,22,0.0,0,0
19800518,334,222,17,2.0,0,0
19800518,334,221,26,0.0,0,0
19800518,334,217,19,0.0,0,0
19800518,334,117,15,3.0,0,0
19800518,334,152,18,2.0,0,0
19800518,334,206,12,3.0,0,0
19800518,334,177,10,4.0,0,0
19800518,334,137,1,22.0,1,0
19800518,334,178,3,19.0,1,0
19800629,335,227,28,0.0,0,0
19800629,335,226,31,0.0,0,0
19800629,335,209,25,0.0,0,0
19800629,335,158,27,0.0,0,0
19800629,335,136,24,0.0,0,0
19800629,335,140,30,0.0,0,0
19800629,335,225,29,0.0,0,0
19800629,335,197,16,2.0,0,0
19800629,335,202,4,23.0,1,0
19800629,335,163,3,23.0,2,0
19800629,335,219,23,0.0,0,0
19800629,335,187,12,3.0,0,0
19800629,335,173,8,6.0,0,0
19800629,335,199,5,16.0,1,0
19800629,335,200,11,4.0,0,0
19800629,335,207,20,0.0,0,0
19800629,335,176,21,0.0,0,0
19800629,335,119,7,7.0,0,0
19800629,335,172,6,16.0,0,0
19800629,335,203,14,3.0,0,0
19800629,335,224,9,5.0,0,0
19800629,335,223,22,0.0,0,0
19800629,335,222,17,2.0,0,0
19800629,335,221,26,0.0,0,0
19800629,335,217,19,0.0,0,0
19800629,335,117,15,3.0,0,0
19800629,335,152,18,2.0,0,0
19800629,335,206,13,3.0,0,0
19800629,335,177,10,4.0,0,0
19800629,335,137,2,25.0,1,0
19800629,335,178,1,28.0,2,0
19800713,336,228,34,0.0,0,0
19800713,336,211,25,0.0,0,0
19800713,336,212,22,0.0,0,0
19800713,336,227,30,0.0,0,0
19800713,336,226,33,0.0,0,0
19800713,336,209,27,0.0,0,0
19800713,336,158,29,0.0,0,0
19800713,336,136,26,0.0,0,0
19800713,336,140,32,0.0,0,0
19800713,336,225,31,0.0,0,0
19800713,336,197,13,4.0,0,0
19800713,336,202,4,23.0,1,0
19800713,336,163,3,23.0,2,0
19800713,336,219,24,0.0,0,0
19800713,336,187,15,3.0,0,0
19800713,336,173,8,6.0,0,0
19800713,336,199,5,20.0,1,0
19800713,336,200,12,4.0,0,0
19800713,336,207,20,0.0,0,0
19800713,336,176,21,0.0,0,0
19800713,336,119,7,7.0,0,0
19800713,336,172,6,16.0,0,0
19800713,336,203,16,3.0,0,0
19800713,336,224,10,5.0,0,0
19800713,336,223,23,0.0,0,0
19800713,336,222,17,2.0,0,0
19800713,336,221,28,0.0,0,0
19800713,336,217,19,0.0,0,0
19800713,336,117,14,4.0,0,0
19800713,336,152,18,2.0,0,0
19800713,336,206,9,6.0,0,0
19800713,336,177,11,4.0,0,0
19800713,336,137,2,31.0,1,0
19800713,336,178,1,37.0,3,0
19800810,337,229,33,0.0,0,0
19800810,337,228,35,0.0,0,0
19800810,337,211,25,0.0,0,0
19800810,337,212,22,0.0,0,0
19800810,337,227,30,0.0,0,0
19800810,337,226,34,0.0,0,0
19800810,337,209,27,0.0,0,0
19800810,337,158,29,0.0,0,0
19800810,337,136,26,0.0,0,0
19800810,337,140,32,0.0,0,0
19800810,337,225,31,0.0,0,0
19800810,337,197,13,4.0,0,0
19800810,337,202,6,23.0,1,0
19800810,337,163,5,23.0,2,0
19800810,337,219,24,0.0,0,0
19800810,337,187,17,3.0,0,0
19800810,337,173,8,6.0,0,0
19800810,337,199,3,26.0,1,0
19800810,337,200,12,4.0,0,0
19800810,337,207,19,0.0,0,0
19800810,337,176,21,0.0,0,0
19800810,337,119,7,7.0,0,0
19800810,337,172,4,25.0,1,0
19800810,337,203,15,4.0,0,0
19800810,337,224,10,5.0,0,0
19800810,337,223,23,0.0,0,0
19800810,337,222,18,2.0,0,0
19800810,337,221,28,0.0,0,0
19800810,337,217,20,0.0,0,0
19800810,337,117,16,4.0,0,0
19800810,337,152,14,4.0,0,0
19800810,337,206,9,6.0,0,0
19800810,337,177,11,4.0,0,0
19800810,337,137,2,34.0,1,0
19800810,337,178,1,41.0,3,0
19800817,338,95,30,0.0,0,0
19800817,338,229,34,0.0,0,0
19800817,338,228,36,0.0,0,0
19800817,338,211,25,0.0,0,0
19800817,338,212,22,0.0,0,0
19800817,338,227,31,0.0,0,0
19800817,338,226,35,0.0,0,0
19800817,338,209,27,0.0,0,0
19800817,338,158,29,0.0,0,0
19800817,338,136,26,0.0,0,0
19800817,338,140,33,0.0,0,0
19800817,338,225,32,0.0,0,0
19800817,338,197,14,4.0,0,0
19800817,338,202,6,23.0,1,0
19800817,338,163,5,23.0,2,0
19800817,338,219,7,9.0,1,0
19800817,338,187,18,3.0,0,0
19800817,338,173,9,7.0,0,0
19800817,338,199,3,30.0,1,0
19800817,338,200,13,4.0,0,0
19800817,338,207,20,0.0,0,0
19800817,338,176,23,0.0,0,0
19800817,338,119,8,7.0,0,0
19800817,338,172,4,28.0,1,0
19800817,338,203,17,4.0,0,0
19800817,338,224,11,5.0,0,0
19800817,338,223,24,0.0,0,0
19800817,338,222,19,2.0,0,0
19800817,338,221,28,0.0,0,0
19800817,338,217,21,0.0,0,0
19800817,338,117,16,4.0,0,0
19800817,338,152,15,4.0,0,0
19800817,338,206,10,6.0,0,0
19800817,338,177,12,4.0,0,0
19800817,338,137,2,36.0,1,0
19800817,338,178,1,47.0,3,0
19800831,339,191,37,0.0,0,0
19800831,339,230,31,0.0,0,0
19800831,339,95,30,0.0,0,0
19800831,339,229,35,0.0,0,0
19800831,339,228,38,0.0,0,0
19800831,339,211,25,0.0,0,0
19800831,339,212,23,0.0,0,0
19800831,339,227,32,0.0,0,0
19800831,339,226,36,0.0,0,0
19800831,339,209,27,0.0,0,0
19800831,339,158,29,0.0,0,0
19800831,339,136,26,0.0,0,0
19800831,339,140,34,0.0,0,0
19800831,339,225,33,0.0,0,0
19800831,339,197,11,6.0,0,0
19800831,339,202,6,23.0,1,0
19800831,339,163,5,29.0,2,0
19800831,339,219,7,9.0,1,0
19800831,339,187,18,3.0,0,0
19800831,339,173,9,7.0,0,0
19800831,339,199,3,33.0,1,0
19800831,339,200,15,4.0,0,0
19800831,339,207,20,0.0,0,0
19800831,339,176,22,0.0,0,0
19800831,339,119,8,7.0,0,0
19800831,339,172,4,32.0,1,0
19800831,339,203,17,4.0,0,0
19800831,339,224,12,5.0,0,0
19800831,339,223,24,0.0,0,0
19800831,339,222,19,2.0,0,0
19800831,339,221,28,0.0,0,0
19800831,339,217,21,0.0,0,0
19800831,339,117,13,5.0,0,0
19800831,339,152,16,4.0,0,0
19800831,339,206,10,6.0,0,0
19800831,339,177,14,4.0,0,0
19800831,339,137,2,45.0,2,0
19800831,339,178,1,47.0,3,0
19800914,340,181,36,0.0,0,0
19800914,340,191,38,0.0,0,0
19800914,340,230,31,0.0,0,0
19800914,340,95,30,0.0,0,0
19800914,340,229,35,0.0,0,0
19800914,340,228,39,0.0,0,0
19800914,340,211,25,0.0,0,0
19800914,340,212,23,0.0,0,0
19800914,340,227,32,0.0,0,0
19800914,340,226,37,0.0,0,0
19800914,340,209,28,0.0,0,0
19800914,340,158,27,0.0,0,0
19800914,340,136,26,0.0,0,0
19800914,340,140,34,0.0,0,0
19800914,340,225,33,0.0,0,0
19800914,340,197,12,6.0,0,0
19800914,340,202,6,24.0,1,0
19800914,340,163,5,29.0,2,0
19800914,340,219,8,9.0,1,0
19800914,340,187,18,3.0,0,0
19800914,340,173,7,10.0,0,0
19800914,340,199,3,37.0,1,0
19800914,340,200,15,4.0,0,0
19800914,340,207,20,0.0,0,0
19800914,340,176,22,0.0,0,0
19800914,340,119,9,7.0,0,0
19800914,340,172,4,32.0,1,0
19800914,340,203,17,4.0,0,0
19800914,340,224,13,5.0,0,0
19800914,340,223,24,0.0,0,0
19800914,340,222,19,2.0,0,0
19800914,340,221,29,0.0,0,0
19800914,340,217,21,0.0,0,0
19800914,340,117,14,5.0,0,0
19800914,340,152,16,4.0,0,0
19800914,340,206,11,6.0,0,0
19800914,340,177,10,6.0,0,0
19800914,340,137,1,54.0,3,0
19800914,340,178,2,53.0,3,0
19800928,341,214,41,0.0,0,0
19800928,341,110,32,0.0,0,0
19800928,341,181,38,0.0,0,0
19800928,341,191,34,0.0,0,0
19800928,341,230,31,0.0,0,0
19800928,341,95,30,0.0,0,0
19800928,341,229,37,0.0,0,0
19800928,341,228,40,0.0,0,0
19800928,341,211,25,0.0,0,0
19800928,341,212,20,1.0,0,0
19800928,341,227,33,0.0,0,0
19800928,341,226,39,0.0,0,0
19800928,341,209,28,0.0,0,0
19800928,341,158,27,0.0,0,0
19800928,341,136,26,0.0,0,0
19800928,341,140,36,0.0,0,0
19800928,341,225,35,0.0,0,0
19800928,341,197,13,6.0,0,0
19800928,341,202,6,28.0,1,0
19800928,341,163,5,29.0,2,0
19800928,341,219,8,9.0,1,0
19800928,341,187,11,6.0,0,0
19800928,341,173,7,10.0,0,0
19800928,341,199,3,40.0,1,0
19800928,341,200,17,4.0,0,0
19800928,341,207,21,0.0,0,0
19800928,341,176,23,0.0,0,0
19800928,341,119,9,7.0,0,0
19800928,341,172,4,32.0,1,0
19800928,341,203,14,6.0,0,0
19800928,341,224,15,5.0,0,0
19800928,341,223,24,0.0,0,0
19800928,341,222,19,2.0,0,0
19800928,341,221,29,0.0,0,0
19800928,341,217,22,0.0,0,0
19800928,341,117,16,5.0,0,0
19800928,341,152,18,4.0,0,0
19800928,341,206,12,6.0,0,0
19800928,341,177,10,6.0,0,0
19800928,341,137,2,54.0,3,0
19800928,341,178,1,62.0,4,0
19801005,342,214,41,0.0,0,1
19801005,342,110,32,0.0,0,1
19801005,342,181,38,0.0,0,1
19801005,342,191,34,0.0,0,1
19801005,342,230,31,0.0,0,1
19801005,342,95,30,0.0,0,1
19801005,342,229,37,0.0,0,1
19801005,342,228,40,0.0,0,1
19801005,342,211,24,0.0,0,1
19801005,342,212,21,1.0,0,1
19801005,342,227,33,0.0,0,1
19801005,342,226,39,0.0,0,1
19801005,342,209,28,0.0,0,1
19801005,342,158,27,0.0,0,1
19801005,342,136,26,0.0,0,1
19801005,342,140,36,0.0,0,1
19801005,342,225,35,0.0,0,1
19801005,342,197,13,6.0,0,1
19801005,342,202,5,32.0,1,1
19801005,342,163,6,29.0,2,1
19801005,342,219,8,9.0,1,1
19801005,342,187,11,6.0,0,1
19801005,342,173,7,13.0,0,1
19801005,342,199,3,42.0,1,1
19801005,342,200,17,4.0,0,1
19801005,342,207,20,1.0,0,1
19801005,342,176,22,0.0,0,1
19801005,342,119,9,7.0,0,1
19801005,342,172,4,34.0,1,1
19801005,342,203,14,6.0,0,1
19801005,342,224,15,5.0,0,1
19801005,342,223,25,0.0,0,1
19801005,342,222,19,2.0,0,1
19801005,342,221,29,0.0,0,1
19801005,342,217,23,0.0,0,1
19801005,342,117,16,5.0,0,1
19801005,342,152,18,4.0,0,1
19801005,342,206,12,6.0,0,1
19801005,342,177,10,6.0,0,1
19801005,342,137,2,54.0,3,1
19801005,342,178,1,67.0,5,1
19790121,314,233,26,0.0,0,0
19790121,314,119,25,0.0,0,0
19790121,314,232,24,0.0,0,0
19790121,314,137,23,0.0,0,0
19790121,314,175,22,0.0,0,0
19790121,314,202,21,0.0,0,0
19790121,314,222,20,0.0,0,0
19790121,314,163,19,0.0,0,0
19790121,314,182,18,0.0,0,0
19790121,314,219,17,0.0,0,0
19790121,314,197,16,0.0,0,0
19790121,314,231,15,0.0,0,0
19790121,314,136,14,0.0,0,0
19790121,314,212,13,0.0,0,0
19790121,314,203,12,0.0,0,0
19790121,314,206,11,0.0,0,0
19790121,314,223,10,0.0,0,0
19790121,314,178,9,0.0,0,0
19790121,314,200,8,0.0,0,0
19790121,314,173,7,0.0,0,0
19790121,314,224,6,1.0,0,0
19790121,314,207,5,2.0,0,0
19790121,314,221,4,3.0,0,0
19790121,314,187,3,4.0,0,0
19790121,314,199,2,6.0,0,0
19790121,314,172,1,9.0,1,0
19790204,315,233,21,0.0,0,0
19790204,315,119,13,0.0,0,0
19790204,315,232,26,0.0,0,0
19790204,315,137,25,0.0,0,0
19790204,315,175,24,0.0,0,0
19790204,315,202,5,3.0,0,0
19790204,315,222,9,1.0,0,0
19790204,315,163,22,0.0,0,0
19790204,315,182,23,0.0,0,0
19790204,315,219,15,0.0,0,0
19790204,315,197,20,0.0,0,0
19790204,315,231,19,0.0,0,0
19790204,315,136,17,0.0,0,0
19790204,315,212,18,0.0,0,0
19790204,315,203,6,2.0,0,0
19790204,315,206,16,0.0,0,0
19790204,315,223,14,0.0,0,0
19790204,315,178,12,0.0,0,0
19790204,315,200,10,0.0,0,0
19790204,315,173,11,0.0,0,0
19790204,315,224,8,1.0,0,0
19790204,315,207,7,2.0,0,0
19790204,315,221,3,9.0,0,0
19790204,315,187,4,4.0,0,0
19790204,315,199,2,10.0,0,0
19790204,315,172,1,18.0,2,0
19790303,316,233,25,0.0,0,0
19790303,316,119,17,0.0,0,0
19790303,316,232,26,0.0,0,0
19790303,316,137,14,0.0,0,0
19790303,316,175,20,0.0,0,0
19790303,316,202,9,3.0,0,0
19790303,316,222,5,7.0,0,0
19790303,316,163,24,0.0,0,0
19790303,316,182,11,1.0,0,0
19790303,316,219,19,0.0,0,0
19790303,316,197,8,4.0,0,0
19790303,316,231,15,0.0,0,0
19790303,316,136,22,0.0,0,0
19790303,316,212,23,0.0,0,0
19790303,316,203,3,11.0,1,0
19790303,316,206,21,0.0,0,0
19790303,316,223,16,0.0,0,0
19790303,316,178,18,0.0,0,0
19790303,316,200,12,0.0,0,0
19790303,316,173,13,0.0,0,0
19790303,316,224,10,1.0,0,0
19790303,316,207,6,5.0,0,0
19790303,316,221,4,9.0,0,0
19790303,316,187,7,4.0,0,0
19790303,316,199,2,12.0,0,0
19790303,316,172,1,18.0,2,0
19790408,317,233,25,0.0,0,0
19790408,317,119,18,0.0,0,0
19790408,317,232,26,0.0,0,0
19790408,317,137,15,0.0,0,0
19790408,317,175,20,0.0,0,0
19790408,317,202,10,3.0,0,0
19790408,317,222,3,13.0,0,0
19790408,317,163,24,0.0,0,0
19790408,317,182,12,1.0,0,0
19790408,317,219,19,0.0,0,0
19790408,317,197,7,5.0,0,0
19790408,317,231,16,0.0,0,0
19790408,317,136,22,0.0,0,0
19790408,317,212,23,0.0,0,0
19790408,317,203,1,20.0,2,0
19790408,317,206,21,0.0,0,0
19790408,317,223,17,0.0,0,0
19790408,317,178,9,4.0,0,0
19790408,317,200,14,0.0,0,0
19790408,317,173,13,0.0,0,0
19790408,317,224,11,1.0,0,0
19790408,317,207,6,8.0,0,0
19790408,317,221,5,11.0,0,0
19790408,317,187,8,4.0,0,0
19790408,317,199,4,12.0,0,0
19790408,317,172,2,18.0,2,0
19790429,318,234,27,0.0,0,0
19790429,318,233,24,0.0,0,0
19790429,318,119,17,0.0,0,0
19790429,318,232,26,0.0,0,0
19790429,318,137,15,0.0,0,0
19790429,318,175,20,0.0,0,0
19790429,318,202,10,4.0,0,0
19790429,318,222,5,16.0,0,0
19790429,318,163,19,0.0,0,0
19790429,318,182,12,1.0,0,0
19790429,318,219,21,0.0,0,0
19790429,318,197,7,7.0,0,0
19790429,318,231,16,0.0,0,0
19790429,318,136,23,0.0,0,0
19790429,318,212,25,0.0,0,0
19790429,318,203,1,20.0,2,0
19790429,318,206,22,0.0,0,0
19790429,318,223,18,0.0,0,0
19790429,318,178,9,4.0,0,0
19790429,318,200,14,0.0,0,0
19790429,318,173,13,0.0,0,0
19790429,318,224,11,1.0,0,0
19790429,318,207,6,12.0,0,0
19790429,318,221,2,20.0,1,0
19790429,318,187,8,4.0,0,0
19790429,318,199,4,18.0,0,0
19790429,318,172,3,18.0,2,0
19790513,319,152,26,0.0,0,0
19790513,319,234,28,0.0,0,0
19790513,319,233,17,0.0,0,0
19790513,319,119,11,2.0,0,0
19790513,319,232,27,0.0,0,0
19790513,319,137,16,0.0,0,0
19790513,319,175,22,0.0,0,0
19790513,319,202,7,8.0,0,0
19790513,319,222,2,24.0,1,0
19790513,319,163,20,0.0,0,0
19790513,319,182,13,1.0,0,0
19790513,319,219,23,0.0,0,0
19790513,319,197,8,7.0,0,0
19790513,319,231,18,0.0,0,0
19790513,319,136,21,0.0,0,0
19790513,319,212,25,0.0,0,0
19790513,319,203,3,20.0,2,0
19790513,319,206,24,0.0,0,0
19790513,319,223,19,0.0,0,0
19790513,319,178,10,4.0,0,0
19790513,319,200,15,0.0,0,0
19790513,319,173,14,0.0,0,0
19790513,319,224,12,1.0,0,0
19790513,319,207,6,12.0,0,0
19790513,319,221,4,20.0,1,0
19790513,319,187,9,5.0,0,0
19790513,319,199,5,19.0,0,0
19790513,319,172,1,24.0,2,0
19790527,320,152,26,0.0,0,0
19790527,320,234,28,0.0,0,0
19790527,320,233,18,0.0,0,0
19790527,320,119,12,2.0,0,0
19790527,320,232,27,0.0,0,0
19790527,320,137,17,0.0,0,0
19790527,320,175,22,0.0,0,0
19790527,320,202,8,8.0,0,0
19790527,320,222,1,30.0,2,0
19790527,320,163,20,0.0,0,0
19790527,320,182,15,1.0,0,0
19790527,320,219,23,0.0,0,0
19790527,320,197,9,7.0,0,0
19790527,320,231,19,0.0,0,0
19790527,320,136,21,0.0,0,0
19790527,320,212,25,0.0,0,0
19790527,320,203,3,20.0,2,0
19790527,320,206,24,0.0,0,0
19790527,320,223,10,6.0,0,0
19790527,320,178,11,4.0,0,0
19790527,320,200,13,1.0,0,0
19790527,320,173,16,0.0,0,0
19790527,320,224,14,1.0,0,0
19790527,320,207,6,12.0,0,0
19790527,320,221,4,20.0,1,0
19790527,320,187,7,8.0,0,0
19790527,320,199,5,20.0,0,0
19790527,320,172,2,24.0,2,0
19790701,321,236,31,0.0,0,0
19790701,321,235,29,0.0,0,0
19790701,321,177,22,0.0,0,0
19790701,321,152,27,0.0,0,0
19790701,321,234,30,0.0,0,0
19790701,321,233,20,0.0,0,0
19790701,321,119,14,2.0,0,0
19790701,321,232,28,0.0,0,0
19790701,321,137,19,0.0,0,0
19790701,321,175,23,0.0,0,0
19790701,321,202,10,8.0,0,0
19790701,321,222,1,30.0,2,0
19790701,321,163,13,4.0,0,0
19790701,321,182,17,1.0,0,0
19790701,321,219,7,9.0,1,0
19790701,321,197,8,9.0,0,0
19790701,321,231,21,0.0,0,0
19790701,321,136,24,0.0,0,0
19790701,321,212,26,0.0,0,0
19790701,321,203,2,26.0,2,0
19790701,321,206,25,0.0,0,0
19790701,321,223,11,7.0,0,0
19790701,321,178,12,7.0,0,0
19790701,321,200,15,1.0,0,0
19790701,321,173,18,0.0,0,0
19790701,321,224,16,1.0,0,0
19790701,321,207,6,12.0,0,0
19790701,321,221,4,20.0,1,0
19790701,321,187,9,8.0,0,0
19790701,321,199,5,20.0,0,0
19790701,321,172,3,24.0,2,0
19790714,322,236,28,0.0,0,0
19790714,322,235,18,1.0,0,0
19790714,322,177,25,0.0,0,0
19790714,322,152,29,0.0,0,0
19790714,322,234,31,0.0,0,0
19790714,322,233,22,0.0,0,0
19790714,322,119,14,2.0,0,0
19790714,322,232,30,0.0,0,0
19790714,322,137,20,0.0,0,0
19790714,322,175,21,0.0,0,0
19790714,322,202,12,8.0,0,0
19790714,322,222,1,32.0,2,0
19790714,322,163,10,10.0,0,0
19790714,322,182,17,1.0,0,0
19790714,322,219,11,9.0,1,0
19790714,322,197,7,13.0,0,0
19790714,322,231,23,0.0,0,0
19790714,322,136,26,0.0,0,0
19790714,322,212,24,0.0,0,0
19790714,322,203,2,26.0,2,0
19790714,322,206,27,0.0,0,0
19790714,322,223,6,16.0,1,0
19790714,322,178,13,7.0,0,0
19790714,322,200,15,1.0,0,0
19790714,322,173,19,0.0,0,0
19790714,322,224,16,1.0,0,0
19790714,322,207,8,12.0,0,0
19790714,322,221,4,20.0,1,0
19790714,322,187,9,11.0,0,0
19790714,322,199,5,20.0,0,0
19790714,322,172,3,24.0,2,0
19790729,323,209,22,0.0,0,0
19790729,323,236,29,0.0,0,0
19790729,323,235,18,1.0,0,0
19790729,323,177,26,0.0,0,0
19790729,323,152,30,0.0,0,0
19790729,323,234,32,0.0,0,0
19790729,323,233,23,0.0,0,0
19790729,323,119,14,2.0,0,0
19790729,323,232,31,0.0,0,0
19790729,323,137,20,0.0,0,0
19790729,323,175,21,0.0,0,0
19790729,323,202,13,8.0,0,0
19790729,323,222,1,35.0,2,0
19790729,323,163,11,10.0,0,0
19790729,323,182,17,1.0,0,0
19790729,323,219,12,9.0,1,0
19790729,323,197,8,13.0,0,0
19790729,323,231,24,0.0,0,0
19790729,323,136,27,0.0,0,0
19790729,323,212,25,0.0,0,0
19790729,323,203,3,26.0,2,0
19790729,323,206,28,0.0,0,0
19790729,323,223,4,22.0,1,0
19790729,323,178,7,16.0,1,0
19790729,323,200,15,2.0,0,0
19790729,323,173,19,0.0,0,0
19790729,323,224,16,1.0,0,0
19790729,323,207,10,12.0,0,0
19790729,323,221,5,20.0,1,0
19790729,323,187,9,13.0,0,0
19790729,323,199,6,20.0,0,0
19790729,323,172,2,28.0,2,0
19790812,324,209,22,0.0,0,0
19790812,324,236,29,0.0,0,0
19790812,324,235,18,1.0,0,0
19790812,324,177,27,0.0,0,0
19790812,324,152,30,0.0,0,0
19790812,324,234,32,0.0,0,0
19790812,324,233,24,0.0,0,0
19790812,324,119,14,2.0,0,0
19790812,324,232,31,0.0,0,0
19790812,324,137,20,0.0,0,0
19790812,324,175,21,0.0,0,0
19790812,324,202,13,8.0,0,0
19790812,324,222,1,38.0,2,0
19790812,324,163,11,11.0,0,0
19790812,324,182,17,1.0,0,0
19790812,324,219,12,9.0,1,0
19790812,324,197,8,13.0,0,0
19790812,324,231,25,0.0,0,0
19790812,324,136,28,0.0,0,0
19790812,324,212,26,0.0,0,0
19790812,324,203,2,32.0,2,0
19790812,324,206,23,0.0,0,0
19790812,324,223,5,24.0,1,0
19790812,324,178,4,25.0,2,0
19790812,324,200,15,2.0,0,0
19790812,324,173,19,0.0,0,0
19790812,324,224,16,1.0,0,0
19790812,324,207,10,12.0,0,0
19790812,324,221,6,20.0,1,0
19790812,324,187,9,13.0,0,0
19790812,324,199,7,20.0,0,0
19790812,324,172,3,32.0,2,0
19790826,325,209,23,0.0,0,0
19790826,325,236,29,0.0,0,0
19790826,325,235,15,3.0,0,0
19790826,325,177,27,0.0,0,0
19790826,325,152,30,0.0,0,0
19790826,325,234,32,0.0,0,0
19790826,325,233,25,0.0,0,0
19790826,325,119,17,2.0,0,0
19790826,325,232,31,0.0,0,0
19790826,325,137,14,3.0,0,0
19790826,325,175,22,0.0,0,0
19790826,325,202,13,8.0,0,0
19790826,325,222,1,44.0,2,0
19790826,325,163,11,11.0,0,0
19790826,325,182,19,1.0,0,0
19790826,325,219,12,9.0,1,0
19790826,325,197,8,13.0,0,0
19790826,325,231,26,0.0,0,0
19790826,325,136,28,0.0,0,0
19790826,325,212,21,0.0,0,0
19790826,325,203,4,32.0,2,0
19790826,325,206,24,0.0,0,0
19790826,325,223,5,24.0,1,0
19790826,325,178,3,34.0,3,0
19790826,325,200,16,3.0,0,0
19790826,325,173,20,0.0,0,0
19790826,325,224,18,1.0,0,0
19790826,325,207,10,12.0,0,0
19790826,325,221,6,20.0,1,0
19790826,325,187,9,13.0,0,0
19790826,325,199,7,20.0,0,0
19790826,325,172,2,36.0,2,0
19790909,326,176,34,0.0,0,0
19790909,326,230,29,0.0,0,0
19790909,326,209,23,0.0,0,0
19790909,326,236,30,0.0,0,0
19790909,326,235,16,3.0,0,0
19790909,326,177,27,0.0,0,0
19790909,326,152,31,0.0,0,0
19790909,326,234,33,0.0,0,0
19790909,326,233,25,0.0,0,0
19790909,326,119,18,2.0,0,0
19790909,326,232,32,0.0,0,0
19790909,326,137,15,3.0,0,0
19790909,326,175,22,0.0,0,0
19790909,326,202,13,8.0,0,0
19790909,326,222,1,51.0,3,0
19790909,326,163,11,11.0,0,0
19790909,326,182,14,4.0,0,0
19790909,326,219,12,9.0,1,0
19790909,326,197,8,14.0,0,0
19790909,326,231,26,0.0,0,0
19790909,326,136,28,0.0,0,0
19790909,326,212,21,0.0,0,0
19790909,326,203,2,38.0,2,0
19790909,326,206,24,0.0,0,0
19790909,326,223,5,27.0,1,0
19790909,326,178,4,34.0,3,0
19790909,326,200,17,3.0,0,0
19790909,326,173,20,0.0,0,0
19790909,326,224,19,1.0,0,0
19790909,326,207,9,14.0,0,0
19790909,326,221,6,20.0,1,0
19790909,326,187,10,13.0,0,0
19790909,326,199,7,20.0,0,0
19790909,326,172,3,36.0,2,0
19790930,327,237,36,0.0,0,0
19790930,327,217,24,0.0,0,0
19790930,327,176,35,0.0,0,0
19790930,327,230,30,0.0,0,0
19790930,327,209,23,0.0,0,0
19790930,327,236,31,0.0,0,0
19790930,327,235,16,3.0,0,0
19790930,327,177,29,0.0,0,0
19790930,327,152,32,0.0,0,0
19790930,327,234,34,0.0,0,0
19790930,327,233,26,0.0,0,0
19790930,327,119,18,2.0,0,0
19790930,327,232,33,0.0,0,0
19790930,327,137,15,3.0,0,0
19790930,327,175,22,0.0,0,0
19790930,327,202,12,10.0,0,0
19790930,327,222,1,51.0,3,0
19790930,327,163,11,11.0,0,0
19790930,327,182,14,4.0,0,0
19790930,327,219,13,9.0,1,0
19790930,327,197,8,14.0,0,0
19790930,327,231,27,0.0,0,0
19790930,327,136,28,0.0,0,0
19790930,327,212,21,0.0,0,0
19790930,327,203,2,44.0,2,0
19790930,327,206,25,0.0,0,0
19790930,327,223,5,29.0,1,0
19790930,327,178,3,40.0,4,0
19790930,327,200,17,3.0,0,0
19790930,327,173,20,0.0,0,0
19790930,327,224,19,1.0,0,0
19790930,327,207,9,14.0,0,0
19790930,327,221,6,20.0,1,0
19790930,327,187,10,14.0,0,0
19790930,327,199,7,20.0,0,0
19790930,327,172,4,36.0,2,0
19791007,328,237,36,0.0,0,1
19791007,328,217,24,0.0,0,1
19791007,328,176,33,0.0,0,1
19791007,328,230,30,0.0,0,1
19791007,328,209,25,0.0,0,1
19791007,328,236,31,0.0,0,1
19791007,328,235,17,3.0,0,1
19791007,328,177,29,0.0,0,1
19791007,328,152,32,0.0,0,1
19791007,328,234,35,0.0,0,1
19791007,328,233,19,2.0,0,1
19791007,328,119,20,2.0,0,1
19791007,328,232,34,0.0,0,1
19791007,328,137,16,3.0,0,1
19791007,328,175,23,0.0,0,1
19791007,328,202,10,14.0,0,1
19791007,328,222,1,51.0,3,1
19791007,328,163,8,17.0,0,1
19791007,328,182,14,4.0,0,1
19791007,328,219,13,9.0,1,1
19791007,328,197,11,14.0,0,1
19791007,328,231,27,0.0,0,1
19791007,328,136,28,0.0,0,1
19791007,328,212,22,0.0,0,1
19791007,328,203,2,47.0,3,1
19791007,328,206,26,0.0,0,1
19791007,328,223,5,29.0,1,1
19791007,328,178,3,40.0,4,1
19791007,328,200,18,3.0,0,1
19791007,328,173,15,3.0,0,1
19791007,328,224,21,1.0,0,1
19791007,328,207,12,14.0,0,1
19791007,328,221,6,20.0,1,1
19791007,328,187,9,15.0,0,1
19791007,328,199,7,20.0,0,1
19791007,328,172,4,36.0,2,1
19780115,298,242,27,0.0,0,0
19780115,298,158,26,0.0,0,0
19780115,298,212,25,0.0,0,0
19780115,298,211,24,0.0,0,0
19780115,298,232,23,0.0,0,0
19780115,298,241,22,0.0,0,0
19780115,298,240,21,0.0,0,0
19780115,298,178,20,0.0,0,0
19780115,298,187,19,0.0,0,0
19780115,298,230,18,0.0,0,0
19780115,298,233,17,0.0,0,0
19780115,298,172,16,0.0,0,0
19780115,298,223,15,0.0,0,0
19780115,298,202,14,0.0,0,0
19780115,298,239,13,0.0,0,0
19780115,298,197,12,0.0,0,0
19780115,298,200,11,0.0,0,0
19780115,298,222,10,0.0,0,0
19780115,298,224,9,0.0,0,0
19780115,298,203,8,0.0,0,0
19780115,298,199,7,0.0,0,0
19780115,298,175,6,1.0,0,0
19780115,298,238,5,2.0,0,0
19780115,298,231,4,3.0,0,0
19780115,298,221,3,4.0,0,0
19780115,298,182,2,6.0,0,0
19780115,298,207,1,9.0,1,0
19780129,299,119,16,0.0,0,0
19780129,299,242,28,0.0,0,0
19780129,299,158,27,0.0,0,0
19780129,299,212,22,0.0,0,0
19780129,299,211,25,0.0,0,0
19780129,299,232,26,0.0,0,0
19780129,299,241,24,0.0,0,0
19780129,299,240,23,0.0,0,0
19780129,299,178,17,0.0,0,0
19780129,299,187,13,0.0,0,0
19780129,299,230,21,0.0,0,0
19780129,299,233,20,0.0,0,0
19780129,299,172,14,0.0,0,0
19780129,299,223,7,2.0,0,0
19780129,299,202,9,1.0,0,0
19780129,299,239,19,0.0,0,0
19780129,299,197,18,0.0,0,0
19780129,299,200,11,0.0,0,0
19780129,299,222,15,0.0,0,0
19780129,299,224,4,6.0,0,0
19780129,299,203,12,0.0,0,0
19780129,299,199,3,9.0,1,0
19780129,299,175,10,1.0,0,0
19780129,299,238,8,2.0,0,0
19780129,299,231,6,3.0,0,0
19780129,299,221,5,4.0,0,0
19780129,299,182,2,10.0,0,0
19780129,299,207,1,12.0,1,0
19780304,300,163,32,0.0,0,0
19780304,300,177,29,0.0,0,0
19780304,300,219,28,0.0,0,0
19780304,300,243,17,0.0,0,0
19780304,300,119,19,0.0,0,0
19780304,300,242,31,0.0,0,0
19780304,300,158,30,0.0,0,0
19780304,300,212,18,0.0,0,0
19780304,300,211,25,0.0,0,0
19780304,300,232,26,0.0,0,0
19780304,300,241,27,0.0,0,0
19780304,300,240,24,0.0,0,0
19780304,300,178,8,3.0,0,0
19780304,300,187,7,4.0,0,0
19780304,300,230,22,0.0,0,0
19780304,300,233,23,0.0,0,0
19780304,300,172,10,2.0,0,0
19780304,300,223,11,2.0,0,0
19780304,300,202,12,2.0,0,0
19780304,300,239,21,0.0,0,0
19780304,300,197,15,0.0,0,0
19780304,300,200,14,0.0,0,0
19780304,300,222,20,0.0,0,0
19780304,300,224,6,6.0,0,0
19780304,300,203,16,0.0,0,0
19780304,300,199,5,9.0,1,0
19780304,300,175,13,1.0,0,0
19780304,300,238,2,11.0,1,0
19780304,300,231,9,3.0,0,0
19780304,300,221,4,10.0,0,0
19780304,300,182,3,10.0,0,0
19780304,300,207,1,12.0,1,0
19780402,301,206,33,0.0,0,0
19780402,301,163,32,0.0,0,0
19780402,301,177,29,0.0,0,0
19780402,301,219,24,0.0,0,0
19780402,301,243,18,0.0,0,0
19780402,301,119,13,1.0,0,0
19780402,301,242,31,0.0,0,0
19780402,301,158,30,0.0,0,0
19780402,301,212,19,0.0,0,0
19780402,301,211,27,0.0,0,0
19780402,301,232,25,0.0,0,0
19780402,301,241,28,0.0,0,0
19780402,301,240,26,0.0,0,0
19780402,301,178,9,3.0,0,0
19780402,301,187,7,4.0,0,0
19780402,301,230,22,0.0,0,0
19780402,301,233,23,0.0,0,0
19780402,301,172,8,4.0,0,0
19780402,301,223,11,2.0,0,0
19780402,301,202,12,2.0,0,0
19780402,301,239,21,0.0,0,0
19780402,301,197,16,0.0,0,0
19780402,301,200,15,0.0,0,0
19780402,301,222,20,0.0,0,0
19780402,301,224,6,6.0,0,0
19780402,301,203,17,0.0,0,0
19780402,301,199,1,18.0,2,0
19780402,301,175,14,1.0,0,0
19780402,301,238,3,14.0,1,0
19780402,301,231,10,3.0,0,0
19780402,301,221,4,14.0,0,0
19780402,301,182,5,10.0,0,0
19780402,301,207,2,18.0,1,0
19780507,302,235,25,0.0,0,0
19780507,302,206,32,0.0,0,0
19780507,302,163,33,0.0,0,0
19780507,302,177,30,0.0,0,0
19780507,302,219,21,0.0,0,0
19780507,302,243,19,0.0,0,0
19780507,302,119,14,2.0,0,0
19780507,302,242,34,0.0,0,0
19780507,302,158,31,0.0,0,0
19780507,302,212,20,0.0,0,0
19780507,302,211,26,0.0,0,0
19780507,302,232,27,0.0,0,0
19780507,302,241,29,0.0,0,0
19780507,302,240,28,0.0,0,0
19780507,302,178,11,3.0,0,0
19780507,302,187,6,7.0,0,0
19780507,302,230,23,0.0,0,0
19780507,302,233,24,0.0,0,0
19780507,302,172,9,4.0,0,0
19780507,302,223,13,2.0,0,0
19780507,302,202,10,4.0,0,0
19780507,302,239,22,0.0,0,0
19780507,302,197,17,0.0,0,0
19780507,302,200,16,0.0,0,0
19780507,302,222,8,4.0,0,0
19780507,302,224,7,6.0,0,0
19780507,302,203,18,0.0,0,0
19780507,302,199,2,18.0,2,0
19780507,302,175,15,1.0,0,0
19780507,302,238,5,14.0,1,0
19780507,302,231,12,3.0,0,0
19780507,302,221,1,23.0,1,0
19780507,302,182,4,16.0,0,0
19780507,302,207,3,18.0,1,0
19780521,303,244,36,0.0,0,0
19780521,303,152,20,0.0,0,0
19780521,303,235,26,0.0,0,0
19780521,303,206,34,0.0,0,0
19780521,303,163,22,0.0,0,0
19780521,303,177,32,0.0,0,0
19780521,303,219,24,0.0,0,0
19780521,303,243,21,0.0,0,0
19780521,303,119,15,2.0,0,0
19780521,303,242,35,0.0,0,0
19780521,303,158,33,0.0,0,0
19780521,303,212,23,0.0,0,0
19780521,303,211,28,0.0,0,0
19780521,303,232,29,0.0,0,0
19780521,303,241,31,0.0,0,0
19780521,303,240,30,0.0,0,0
19780521,303,178,11,3.0,0,0
19780521,303,187,6,7.0,0,0
19780521,303,230,25,0.0,0,0
19780521,303,233,27,0.0,0,0
19780521,303,172,8,6.0,0,0
19780521,303,223,14,2.0,0,0
19780521,303,202,9,5.0,0,0
19780521,303,239,18,0.0,0,0
19780521,303,197,19,0.0,0,0
19780521,303,200,17,0.0,0,0
19780521,303,222,10,4.0,0,0
19780521,303,224,7,6.0,0,0
19780521,303,203,12,3.0,0,0
19780521,303,199,3,22.0,2,0
19780521,303,175,16,1.0,0,0
19780521,303,238,4,20.0,1,0
19780521,303,231,13,3.0,0,0
19780521,303,221,2,23.0,1,0
19780521,303,182,5,16.0,0,0
19780521,303,207,1,27.0,2,0
19780604,304,208,36,0.0,0,0
19780604,304,244,37,0.0,0,0
19780604,304,152,21,0.0,0,0
19780604,304,235,27,0.0,0,0
19780604,304,206,34,0.0,0,0
19780604,304,163,23,0.0,0,0
19780604,304,177,32,0.0,0,0
19780604,304,219,24,0.0,0,0
19780604,304,243,22,0.0,0,0
19780604,304,119,15,2.0,0,0
19780604,304,242,35,0.0,0,0
19780604,304,158,33,0.0,0,0
19780604,304,212,25,0.0,0,0
19780604,304,211,26,0.0,0,0
19780604,304,232,29,0.0,0,0
19780604,304,241,31,0.0,0,0
19780604,304,240,30,0.0,0,0
19780604,304,178,12,3.0,0,0
19780604,304,187,7,9.0,0,0
19780604,304,230,19,0.0,0,0
19780604,304,233,28,0.0,0,0
19780604,304,172,6,10.0,0,0
19780604,304,223,14,2.0,0,0
19780604,304,202,10,5.0,0,0
19780604,304,239,18,0.0,0,0
19780604,304,197,20,0.0,0,0
19780604,304,200,17,0.0,0,0
19780604,304,222,8,7.0,0,0
19780604,304,224,9,6.0,0,0
19780604,304,203,13,3.0,0,0
19780604,304,199,4,22.0,2,0
19780604,304,175,16,1.0,0,0
19780604,304,238,2,26.0,1,0
19780604,304,231,11,4.0,0,0
19780604,304,221,3,23.0,1,0
19780604,304,182,5,16.0,0,0
19780604,304,207,1,36.0,3,0
19780617,305,208,36,0.0,0,0
19780617,305,244,37,0.0,0,0
19780617,305,152,21,0.0,0,0
19780617,305,235,28,0.0,0,0
19780617,305,206,34,0.0,0,0
19780617,305,163,23,0.0,0,0
19780617,305,177,29,0.0,0,0
19780617,305,219,25,0.0,0,0
19780617,305,243,22,0.0,0,0
19780617,305,119,8,8.0,0,0
19780617,305,242,35,0.0,0,0
19780617,305,158,33,0.0,0,0
19780617,305,212,24,0.0,0,0
19780617,305,211,27,0.0,0,0
19780617,305,232,30,0.0,0,0
19780617,305,241,32,0.0,0,0
19780617,305,240,31,0.0,0,0
19780617,305,178,15,3.0,0,0
19780617,305,187,7,9.0,0,0
19780617,305,230,19,0.0,0,0
19780617,305,233,26,0.0,0,0
19780617,305,172,6,10.0,0,0
19780617,305,223,14,4.0,0,0
19780617,305,202,11,5.0,0,0
19780617,305,239,18,0.0,0,0
19780617,305,197,20,0.0,0,0
19780617,305,200,17,0.0,0,0
19780617,305,222,10,7.0,0,0
19780617,305,224,9,7.0,0,0
19780617,305,203,16,3.0,0,0
19780617,305,199,5,22.0,2,0
19780617,305,175,12,4.0,0,0
19780617,305,238,2,30.0,1,0
19780617,305,231,13,4.0,0,0
19780617,305,221,4,23.0,1,0
19780617,305,182,3,25.0,1,0
19780617,305,207,1,36.0,3,0
19780702,306,208,36,0.0,0,0
19780702,306,244,37,0.0,0,0
19780702,306,152,21,0.0,0,0
19780702,306,235,28,0.0,0,0
19780702,306,206,34,0.0,0,0
19780702,306,163,23,0.0,0,0
19780702,306,177,29,0.0,0,0
19780702,306,219,25,0.0,0,0
19780702,306,243,22,0.0,0,0
19780702,306,119,8,8.0,0,0
19780702,306,242,35,0.0,0,0
19780702,306,158,33,0.0,0,0
19780702,306,212,24,0.0,0,0
19780702,306,211,27,0.0,0,0
19780702,306,232,30,0.0,0,0
19780702,306,241,32,0.0,0,0
19780702,306,240,31,0.0,0,0
19780702,306,178,12,5.0,0,0
19780702,306,187,6,12.0,0,0
19780702,306,230,19,0.0,0,0
19780702,306,233,26,0.0,0,0
19780702,306,172,7,10.0,0,0
19780702,306,223,15,4.0,0,0
19780702,306,202,13,5.0,0,0
19780702,306,239,18,0.0,0,0
19780702,306,197,20,0.0,0,0
19780702,306,200,17,0.0,0,0
19780702,306,222,10,8.0,0,0
19780702,306,224,11,7.0,0,0
19780702,306,203,16,3.0,0,0
19780702,306,199,5,22.0,2,0
19780702,306,175,14,4.0,0,0
19780702,306,238,2,36.0,1,0
19780702,306,231,9,8.0,0,0
19780702,306,221,4,23.0,1,0
19780702,306,182,3,25.0,1,0
19780702,306,207,1,45.0,4,0
19780716,307,245,39,0.0,0,0
19780716,307,209,38,0.0,0,0
19780716,307,208,36,0.0,0,0
19780716,307,244,37,0.0,0,0
19780716,307,152,19,0.0,0,0
19780716,307,235,28,0.0,0,0
19780716,307,206,32,0.0,0,0
19780716,307,163,24,0.0,0,0
19780716,307,177,29,0.0,0,0
19780716,307,219,26,0.0,0,0
19780716,307,243,23,0.0,0,0
19780716,307,119,8,8.0,0,0
19780716,307,242,35,0.0,0,0
19780716,307,158,34,0.0,0,0
19780716,307,212,25,0.0,0,0
19780716,307,211,27,0.0,0,0
19780716,307,232,30,0.0,0,0
19780716,307,241,33,0.0,0,0
19780716,307,240,31,0.0,0,0
19780716,307,178,12,5.0,0,0
19780716,307,187,6,16.0,0,0
19780716,307,230,21,0.0,0,0
19780716,307,233,17,2.0,0,0
19780716,307,172,7,10.0,0,0
19780716,307,223,15,4.0,0,0
19780716,307,202,14,5.0,0,0
19780716,307,239,18,0.0,0,0
19780716,307,197,22,0.0,0,0
19780716,307,200,20,0.0,0,0
19780716,307,222,10,8.0,0,0
19780716,307,224,11,7.0,0,0
19780716,307,203,16,3.0,0,0
19780716,307,199,3,31.0,3,0
19780716,307,175,13,5.0,0,0
19780716,307,238,2,36.0,1,0
19780716,307,231,9,8.0,0,0
19780716,307,221,5,26.0,1,0
19780716,307,182,4,31.0,1,0
19780716,307,207,1,45.0,4,0
19780730,308,137,32,0.0,0,0
19780730,308,229,29,0.0,0,0
19780730,308,245,41,0.0,0,0
19780730,308,209,40,0.0,0,0
19780730,308,208,38,0.0,0,0
19780730,308,244,39,0.0,0,0
19780730,308,152,20,0.0,0,0
19780730,308,235,30,0.0,0,0
19780730,308,206,34,0.0,0,0
19780730,308,163,25,0.0,0,0
19780730,308,177,27,0.0,0,0
19780730,308,219,26,0.0,0,0
19780730,308,243,24,0.0,0,0
19780730,308,119,10,8.0,0,0
19780730,308,242,37,0.0,0,0
19780730,308,158,36,0.0,0,0
19780730,308,212,18,1.0,0,0
19780730,308,211,28,0.0,0,0
19780730,308,232,31,0.0,0,0
19780730,308,241,35,0.0,0,0
19780730,308,240,33,0.0,0,0
19780730,308,178,13,5.0,0,0
19780730,308,187,6,16.0,0,0
19780730,308,230,22,0.0,0,0
19780730,308,233,17,2.0,0,0
19780730,308,172,8,14.0,0,0
19780730,308,223,15,4.0,0,0
19780730,308,202,12,7.0,0,0
19780730,308,239,19,0.0,0,0
19780730,308,197,23,0.0,0,0
19780730,308,200,21,0.0,0,0
19780730,308,222,7,14.0,0,0
19780730,308,224,9,10.0,0,0
19780730,308,203,16,3.0,0,0
19780730,308,199,3,31.0,3,0
19780730,308,175,14,5.0,0,0
19780730,308,238,2,36.0,1,0
19780730,308,231,11,8.0,0,0
19780730,308,221,5,26.0,1,0
19780730,308,182,4,31.0,1,0
19780730,308,207,1,54.0,5,0
19780813,309,246,41,0.0,0,0
19780813,309,137,32,0.0,0,0
19780813,309,229,29,0.0,0,0
19780813,309,245,42,0.0,0,0
19780813,309,209,40,0.0,0,0
19780813,309,208,38,0.0,0,0
19780813,309,244,39,0.0,0,0
19780813,309,152,21,0.0,0,0
19780813,309,235,30,0.0,0,0
19780813,309,206,34,0.0,0,0
19780813,309,163,25,0.0,0,0
19780813,309,177,27,0.0,0,0
19780813,309,219,26,0.0,0,0
19780813,309,243,24,0.0,0,0
19780813,309,119,10,8.0,0,0
19780813,309,242,37,0.0,0,0
19780813,309,158,36,0.0,0,0
19780813,309,212,19,1.0,0,0
19780813,309,211,28,0.0,0,0
19780813,309,232,31,0.0,0,0
19780813,309,241,35,0.0,0,0
19780813,309,240,33,0.0,0,0
19780813,309,178,14,5.0,0,0
19780813,309,187,6,16.0,0,0
19780813,309,230,18,1.0,0,0
19780813,309,233,17,2.0,0,0
19780813,309,172,7,16.0,0,0
19780813,309,223,16,4.0,0,0
19780813,309,202,13,7.0,0,0
19780813,309,239,20,0.0,0,0
19780813,309,197,23,0.0,0,0
19780813,309,200,22,0.0,0,0
19780813,309,222,8,14.0,0,0
19780813,309,224,9,13.0,0,0
19780813,309,203,12,7.0,0,0
19780813,309,199,4,31.0,3,0
19780813,309,175,15,5.0,0,0
19780813,309,238,2,45.0,2,0
19780813,309,231,11,8.0,0,0
19780813,309,221,3,32.0,1,0
19780813,309,182,5,31.0,1,0
19780813,309,207,1,54.0,5,0
19780827,310,247,40,0.0,0,0
19780827,310,246,42,0.0,0,0
19780827,310,137,32,0.0,0,0
19780827,310,229,29,0.0,0,0
19780827,310,245,43,0.0,0,0
19780827,310,209,41,0.0,0,0
19780827,310,208,38,0.0,0,0
19780827,310,244,39,0.0,0,0
19780827,310,152,21,0.0,0,0
19780827,310,235,30,0.0,0,0
19780827,310,206,34,0.0,0,0
19780827,310,163,25,0.0,0,0
19780827,310,177,27,0.0,0,0
19780827,310,219,26,0.0,0,0
19780827,310,243,24,0.0,0,0
19780827,310,119,10,8.0,0,0
19780827,310,242,37,0.0,0,0
19780827,310,158,36,0.0,0,0
19780827,310,212,19,1.0,0,0
19780827,310,211,28,0.0,0,0
19780827,310,232,31,0.0,0,0
19780827,310,241,35,0.0,0,0
19780827,310,240,33,0.0,0,0
19780827,310,178,14,5.0,0,0
19780827,310,187,6,19.0,0,0
19780827,310,230,18,1.0,0,0
19780827,310,233,17,2.0,0,0
19780827,310,172,7,16.0,0,0
19780827,310,223,16,4.0,0,0
19780827,310,202,13,7.0,0,0
19780827,310,239,20,0.0,0,0
19780827,310,197,23,0.0,0,0
19780827,310,200,22,0.0,0,0
19780827,310,222,9,14.0,0,0
19780827,310,224,8,15.0,0,0
19780827,310,203,11,8.0,0,0
19780827,310,199,5,31.0,3,0
19780827,310,175,15,5.0,0,0
19780827,310,238,2,51.0,2,0
19780827,310,231,12,8.0,0,0
19780827,310,221,4,32.0,1,0
19780827,310,182,3,35.0,1,0
19780827,310,207,1,63.0,6,0
19780910,311,248,41,0.0,0,0
19780910,311,247,38,0.0,0,0
19780910,311,246,43,0.0,0,0
19780910,311,137,26,0.0,0,0
19780910,311,229,31,0.0,0,0
19780910,311,245,44,0.0,0,0
19780910,311,209,42,0.0,0,0
19780910,311,208,39,0.0,0,0
19780910,311,244,40,0.0,0,0
19780910,311,152,21,0.0,0,0
19780910,311,235,32,0.0,0,0
19780910,311,206,29,0.0,0,0
19780910,311,163,25,0.0,0,0
19780910,311,177,28,0.0,0,0
19780910,311,219,27,0.0,0,0
19780910,311,243,24,0.0,0,0
19780910,311,119,10,8.0,0,0
19780910,311,242,37,0.0,0,0
19780910,311,158,36,0.0,0,0
19780910,311,212,19,1.0,0,0
19780910,311,211,30,0.0,0,0
19780910,311,232,33,0.0,0,0
19780910,311,241,35,0.0,0,0
19780910,311,240,34,0.0,0,0
19780910,311,178,15,5.0,0,0
19780910,311,187,6,25.0,0,0
19780910,311,230,18,1.0,0,0
19780910,311,233,17,2.0,0,0
19780910,311,172,7,19.0,0,0
19780910,311,223,16,4.0,0,0
19780910,311,202,14,7.0,0,0
19780910,311,239,20,0.0,0,0
19780910,311,197,23,0.0,0,0
19780910,311,200,22,0.0,0,0
19780910,311,222,9,14.0,0,0
19780910,311,224,8,15.0,0,0
19780910,311,203,11,8.0,0,0
19780910,311,199,4,35.0,3,0
19780910,311,175,13,7.0,0,0
19780910,311,238,2,51.0,2,0
19780910,311,231,12,8.0,0,0
19780910,311,221,5,32.0,1,0
19780910,311,182,3,44.0,2,0
19780910,311,207,1,64.0,6,0
19781001,312,213,41,0.0,0,0
19781001,312,249,33,0.0,0,0
19781001,312,248,43,0.0,0,0
19781001,312,247,35,0.0,0,0
19781001,312,246,45,0.0,0,0
19781001,312,137,28,0.0,0,0
19781001,312,229,31,0.0,0,0
19781001,312,245,46,0.0,0,0
19781001,312,209,44,0.0,0,0
19781001,312,208,40,0.0,0,0
19781001,312,244,42,0.0,0,0
19781001,312,152,22,0.0,0,0
19781001,312,235,32,0.0,0,0
19781001,312,206,24,0.0,0,0
19781001,312,163,26,0.0,0,0
19781001,312,177,29,0.0,0,0
19781001,312,219,17,3.0,0,0
19781001,312,243,27,0.0,0,0
19781001,312,119,11,8.0,0,0
19781001,312,242,39,0.0,0,0
19781001,312,158,38,0.0,0,0
19781001,312,212,20,1.0,0,0
19781001,312,211,30,0.0,0,0
19781001,312,232,34,0.0,0,0
19781001,312,241,37,0.0,0,0
19781001,312,240,36,0.0,0,0
19781001,312,178,10,11.0,0,0
19781001,312,187,6,25.0,0,0
19781001,312,230,19,1.0,0,0
19781001,312,233,18,2.0,0,0
19781001,312,172,7,19.0,0,0
19781001,312,223,16,4.0,0,0
19781001,312,202,15,7.0,0,0
19781001,312,239,21,0.0,0,0
19781001,312,197,25,0.0,0,0
19781001,312,200,23,0.0,0,0
19781001,312,222,8,18.0,0,0
19781001,312,224,9,17.0,0,0
19781001,312,203,12,8.0,0,0
19781001,312,199,3,44.0,4,0
19781001,312,175,14,8.0,0,0
19781001,312,238,2,51.0,2,0
19781001,312,231,13,8.0,0,0
19781001,312,221,5,32.0,1,0
19781001,312,182,4,44.0,2,0
19781001,312,207,1,64.0,6,0
19781008,313,213,38,0.0,0,1
19781008,313,249,33,0.0,0,1
19781008,313,248,43,0.0,0,1
19781008,313,247,35,0.0,0,1
19781008,313,246,45,0.0,0,1
19781008,313,137,28,0.0,0,1
19781008,313,229,31,0.0,0,1
19781008,313,245,46,0.0,0,1
19781008,313,209,44,0.0,0,1
19781008,313,208,41,0.0,0,1
19781008,313,244,42,0.0,0,1
19781008,313,152,23,0.0,0,1
19781008,313,235,32,0.0,0,1
19781008,313,206,20,1.0,0,1
19781008,313,163,26,0.0,0,1
19781008,313,177,29,0.0,0,1
19781008,313,219,17,3.0,0,1
19781008,313,243,27,0.0,0,1
19781008,313,119,12,11.0,0,1
19781008,313,242,40,0.0,0,1
19781008,313,158,39,0.0,0,1
19781008,313,212,21,1.0,0,1
19781008,313,211,30,0.0,0,1
19781008,313,232,34,0.0,0,1
19781008,313,241,37,0.0,0,1
19781008,313,240,36,0.0,0,1
19781008,313,178,11,11.0,0,1
19781008,313,187,6,25.0,0,1
19781008,313,230,19,1.0,0,1
19781008,313,233,18,2.0,0,1
19781008,313,172,8,19.0,0,1
19781008,313,223,16,4.0,0,1
19781008,313,202,15,7.0,0,1
19781008,313,239,22,0.0,0,1
19781008,313,197,25,0.0,0,1
19781008,313,200,24,0.0,0,1
19781008,313,222,7,24.0,0,1
19781008,313,224,10,17.0,0,1
19781008,313,203,9,17.0,1,1
19781008,313,199,3,48.0,4,1
19781008,313,175,14,8.0,0,1
19781008,313,238,2,51.0,2,1
19781008,313,231,13,8.0,0,1
19781008,313,221,5,34.0,1,1
19781008,313,182,4,44.0,2,1
19781008,313,207,1,64.0,6,1
19770109,281,255,21,0.0,0,0
19770109,281,254,20,0.0,0,0
19770109,281,246,19,0.0,0,0
19770109,281,182,18,0.0,0,0
19770109,281,253,17,0.0,0,0
19770109,281,238,16,0.0,0,0
19770109,281,200,15,0.0,0,0
19770109,281,231,14,0.0,0,0
19770109,281,221,13,0.0,0,0
19770109,281,172,12,0.0,0,0
19770109,281,237,11,0.0,0,0
19770109,281,187,10,0.0,0,0
19770109,281,252,9,0.0,0,0
19770109,281,251,8,0.0,0,0
19770109,281,230,7,0.0,0,0
19770109,281,223,6,1.0,0,0
19770109,281,207,5,2.0,0,0
19770109,281,224,4,3.0,0,0
19770109,281,199,3,4.0,0,0
19770109,281,250,2,6.0,0,0
19770109,281,222,1,9.0,1,0
19770123,282,256,22,0.0,0,0
19770123,282,255,8,2.0,0,0
19770123,282,254,10,1.0,0,0
19770123,282,246,16,0.0,0,0
19770123,282,182,6,4.0,0,0
19770123,282,253,11,0.0,0,0
19770123,282,238,21,0.0,0,0
19770123,282,200,20,0.0,0,0
19770123,282,231,4,6.0,0,0
19770123,282,221,19,0.0,0,0
19770123,282,172,18,0.0,0,0
19770123,282,237,17,0.0,0,0
19770123,282,187,15,0.0,0,0
19770123,282,252,14,0.0,0,0
19770123,282,251,13,0.0,0,0
19770123,282,230,12,0.0,0,0
19770123,282,223,9,1.0,0,0
19770123,282,207,7,2.0,0,0
19770123,282,224,5,6.0,0,0
19770123,282,199,1,13.0,1,0
19770123,282,250,3,6.0,0,0
19770123,282,222,2,9.0,1,0
19770305,283,257,25,0.0,0,0
19770305,283,233,24,0.0,0,0
19770305,283,239,17,0.0,0,0
19770305,283,256,18,0.0,0,0
19770305,283,255,8,2.0,0,0
19770305,283,254,13,1.0,0,0
19770305,283,246,16,0.0,0,0
19770305,283,182,3,13.0,1,0
19770305,283,253,15,0.0,0,0
19770305,283,238,23,0.0,0,0
19770305,283,200,10,2.0,0,0
19770305,283,231,4,9.0,0,0
19770305,283,221,7,4.0,0,0
19770305,283,172,22,0.0,0,0
19770305,283,237,21,0.0,0,0
19770305,283,187,12,1.0,0,0
19770305,283,252,20,0.0,0,0
19770305,283,251,19,0.0,0,0
19770305,283,230,14,0.0,0,0
19770305,283,223,11,1.0,0,0
19770305,283,207,9,2.0,0,0
19770305,283,224,6,6.0,0,0
19770305,283,199,2,13.0,1,0
19770305,283,250,5,6.0,0,0
19770305,283,222,1,15.0,1,0
19770403,284,178,27,0.0,0,0
19770403,284,205,18,0.0,0,0
19770403,284,197,14,1.0,0,0
19770403,284,257,28,0.0,0,0
19770403,284,233,26,0.0,0,0
19770403,284,239,20,0.0,0,0
19770403,284,256,21,0.0,0,0
19770403,284,255,9,2.0,0,0
19770403,284,254,13,1.0,0,0
19770403,284,246,19,0.0,0,0
19770403,284,182,1,19.0,1,0
19770403,284,253,16,0.0,0,0
19770403,284,238,25,0.0,0,0
19770403,284,200,10,2.0,0,0
19770403,284,231,5,9.0,0,0
19770403,284,221,7,7.0,0,0
19770403,284,172,17,0.0,0,0
19770403,284,237,24,0.0,0,0
19770403,284,187,12,1.0,0,0
19770403,284,252,23,0.0,0,0
19770403,284,251,22,0.0,0,0
19770403,284,230,15,0.0,0,0
19770403,284,223,11,1.0,0,0
19770403,284,207,4,11.0,1,0
19770403,284,224,6,8.0,0,0
19770403,284,199,3,13.0,1,0
19770403,284,250,8,6.0,0,0
19770403,284,222,2,19.0,1,0
19770508,285,260,35,0.0,0,0
19770508,285,259,34,0.0,0,0
19770508,285,232,33,0.0,0,0
19770508,285,229,31,0.0,0,0
19770508,285,211,30,0.0,0,0
19770508,285,208,25,0.0,0,0
19770508,285,258,24,0.0,0,0
19770508,285,178,29,0.0,0,0
19770508,285,205,22,0.0,0,0
19770508,285,197,15,1.0,0,0
19770508,285,257,32,0.0,0,0
19770508,285,233,13,1.0,0,0
19770508,285,239,21,0.0,0,0
19770508,285,256,26,0.0,0,0
19770508,285,255,10,4.0,0,0
19770508,285,254,14,1.0,0,0
19770508,285,246,20,0.0,0,0
19770508,285,182,4,19.0,1,0
19770508,285,253,18,0.0,0,0
19770508,285,238,19,0.0,0,0
19770508,285,200,9,5.0,0,0
19770508,285,231,5,9.0,0,0
19770508,285,221,7,7.0,0,0
19770508,285,172,17,0.0,0,0
19770508,285,237,28,0.0,0,0
19770508,285,187,12,1.0,0,0
19770508,285,252,27,0.0,0,0
19770508,285,251,23,0.0,0,0
19770508,285,230,16,0.0,0,0
19770508,285,223,11,1.0,0,0
19770508,285,207,2,20.0,2,0
19770508,285,224,6,8.0,0,0
19770508,285,199,3,19.0,1,0
19770508,285,250,8,6.0,0,0
19770508,285,222,1,23.0,1,0
19770522,286,235,25,0.0,0,0
19770522,286,119,22,0.0,0,0
19770522,286,260,37,0.0,0,0
19770522,286,259,36,0.0,0,0
19770522,286,232,35,0.0,0,0
19770522,286,229,33,0.0,0,0
19770522,286,211,27,0.0,0,0
19770522,286,208,29,0.0,0,0
19770522,286,258,28,0.0,0,0
19770522,286,178,15,1.0,0,0
19770522,286,205,24,0.0,0,0
19770522,286,197,12,1.0,0,0
19770522,286,257,34,0.0,0,0
19770522,286,233,14,1.0,0,0
19770522,286,239,23,0.0,0,0
19770522,286,256,30,0.0,0,0
19770522,286,255,10,4.0,0,0
19770522,286,254,16,1.0,0,0
19770522,286,246,21,0.0,0,0
19770522,286,182,2,25.0,1,0
19770522,286,253,19,0.0,0,0
19770522,286,238,20,0.0,0,0
19770522,286,200,7,8.0,0,0
19770522,286,231,5,9.0,0,0
19770522,286,221,8,7.0,0,0
19770522,286,172,18,0.0,0,0
19770522,286,237,32,0.0,0,0
19770522,286,187,13,1.0,0,0
19770522,286,252,31,0.0,0,0
19770522,286,251,26,0.0,0,0
19770522,286,230,17,0.0,0,0
19770522,286,223,11,1.0,0,0
19770522,286,207,4,22.0,2,0
19770522,286,224,6,8.0,0,0
19770522,286,199,3,23.0,1,0
19770522,286,250,9,6.0,0,0
19770522,286,222,1,32.0,2,0
19770605,287,212,39,0.0,0,0
19770605,287,261,38,0.0,0,0
19770605,287,235,27,0.0,0,0
19770605,287,119,23,0.0,0,0
19770605,287,260,37,0.0,0,0
19770605,287,259,32,0.0,0,0
19770605,287,232,33,0.0,0,0
19770605,287,229,22,0.0,0,0
19770605,287,211,30,0.0,0,0
19770605,287,208,31,0.0,0,0
19770605,287,258,24,0.0,0,0
19770605,287,178,13,3.0,0,0
19770605,287,205,26,0.0,0,0
19770605,287,197,16,1.0,0,0
19770605,287,257,36,0.0,0,0
19770605,287,233,14,2.0,0,0
19770605,287,239,25,0.0,0,0
19770605,287,256,29,0.0,0,0
19770605,287,255,5,13.0,1,0
19770605,287,254,18,1.0,0,0
19770605,287,246,21,0.0,0,0
19770605,287,182,2,31.0,1,0
19770605,287,253,20,0.0,0,0
19770605,287,238,11,4.0,0,0
19770605,287,200,8,8.0,0,0
19770605,287,231,6,9.0,0,0
19770605,287,221,9,7.0,0,0
19770605,287,172,19,0.0,0,0
19770605,287,237,35,0.0,0,0
19770605,287,187,17,1.0,0,0
19770605,287,252,34,0.0,0,0
19770605,287,251,28,0.0,0,0
19770605,287,230,12,3.0,0,0
19770605,287,223,15,1.0,0,0
19770605,287,207,4,22.0,2,0
19770605,287,224,7,8.0,0,0
19770605,287,199,3,23.0,1,0
19770605,287,250,10,6.0,0,0
19770605,287,222,1,32.0,2,0
19770619,288,263,41,0.0,0,0
19770619,288,262,24,0.0,0,0
19770619,288,212,39,0.0,0,0
19770619,288,261,40,0.0,0,0
19770619,288,235,28,0.0,0,0
19770619,288,119,23,0.0,0,0
19770619,288,260,38,0.0,0,0
19770619,288,259,32,0.0,0,0
19770619,288,232,34,0.0,0,0
19770619,288,229,22,0.0,0,0
19770619,288,211,30,0.0,0,0
19770619,288,208,33,0.0,0,0
19770619,288,258,26,0.0,0,0
19770619,288,178,14,3.0,0,0
19770619,288,205,27,0.0,0,0
19770619,288,197,18,1.0,0,0
19770619,288,257,37,0.0,0,0
19770619,288,233,16,2.0,0,0
19770619,288,239,25,0.0,0,0
19770619,288,256,31,0.0,0,0
19770619,288,255,6,13.0,1,0
19770619,288,254,19,1.0,0,0
19770619,288,246,21,0.0,0,0
19770619,288,182,2,31.0,1,0
19770619,288,253,20,0.0,0,0
19770619,288,238,12,4.0,0,0
19770619,288,200,5,14.0,0,0
19770619,288,231,9,9.0,0,0
19770619,288,221,7,10.0,0,0
19770619,288,172,8,9.0,1,0
19770619,288,237,36,0.0,0,0
19770619,288,187,15,3.0,0,0
19770619,288,252,35,0.0,0,0
19770619,288,251,29,0.0,0,0
19770619,288,230,13,3.0,0,0
19770619,288,223,17,1.0,0,0
19770619,288,207,4,23.0,2,0
19770619,288,224,10,8.0,0,0
19770619,288,199,3,27.0,1,0
19770619,288,250,11,6.0,0,0
19770619,288,222,1,32.0,2,0
19770703,289,175,40,0.0,0,0
19770703,289,263,42,0.0,0,0
19770703,289,262,24,0.0,0,0
19770703,289,212,38,0.0,0,0
19770703,289,261,41,0.0,0,0
19770703,289,235,29,0.0,0,0
19770703,289,119,23,0.0,0,0
19770703,289,260,39,0.0,0,0
19770703,289,259,32,0.0,0,0
19770703,289,232,34,0.0,0,0
19770703,289,229,22,0.0,0,0
19770703,289,211,26,0.0,0,0
19770703,289,208,33,0.0,0,0
19770703,289,258,27,0.0,0,0
19770703,289,178,15,3.0,0,0
19770703,289,205,28,0.0,0,0
19770703,289,197,18,1.0,0,0
19770703,289,257,37,0.0,0,0
19770703,289,233,16,2.0,0,0
19770703,289,239,25,0.0,0,0
19770703,289,256,31,0.0,0,0
19770703,289,255,5,16.0,1,0
19770703,289,254,19,1.0,0,0
19770703,289,246,21,0.0,0,0
19770703,289,182,1,33.0,1,0
19770703,289,253,20,0.0,0,0
19770703,289,238,13,4.0,0,0
19770703,289,200,6,14.0,0,0
19770703,289,231,7,13.0,0,0
19770703,289,221,8,10.0,0,0
19770703,289,172,9,9.0,1,0
19770703,289,237,36,0.0,0,0
19770703,289,187,10,9.0,0,0
19770703,289,252,35,0.0,0,0
19770703,289,251,30,0.0,0,0
19770703,289,230,14,3.0,0,0
19770703,289,223,17,1.0,0,0
19770703,289,207,2,32.0,3,0
19770703,289,224,11,8.0,0,0
19770703,289,199,4,28.0,1,0
19770703,289,250,12,6.0,0,0
19770703,289,222,3,32.0,2,0
19770716,290,266,49,0.0,0,0
19770716,290,245,48,0.0,0,0
19770716,290,265,47,0.0,0,0
19770716,290,264,46,0.0,0,0
19770716,290,219,40,0.0,0,0
19770716,290,267,33,0.0,0,0
19770716,290,203,31,0.0,0,0
19770716,290,175,41,0.0,0,0
19770716,290,263,45,0.0,0,0
19770716,290,262,24,0.0,0,0
19770716,290,212,42,0.0,0,0
19770716,290,261,44,0.0,0,0
19770716,290,235,29,0.0,0,0
19770716,290,119,23,0.0,0,0
19770716,290,260,43,0.0,0,0
19770716,290,259,34,0.0,0,0
19770716,290,232,36,0.0,0,0
19770716,290,229,22,0.0,0,0
19770716,290,211,27,0.0,0,0
19770716,290,208,35,0.0,0,0
19770716,290,258,25,0.0,0,0
19770716,290,178,16,3.0,0,0
19770716,290,205,28,0.0,0,0
19770716,290,197,18,1.0,0,0
19770716,290,257,39,0.0,0,0
19770716,290,233,14,4.0,0,0
19770716,290,239,26,0.0,0,0
19770716,290,256,32,0.0,0,0
19770716,290,255,6,20.0,1,0
19770716,290,254,19,1.0,0,0
19770716,290,246,21,0.0,0,0
19770716,290,182,1,39.0,1,0
19770716,290,253,20,0.0,0,0
19770716,290,238,13,4.0,0,0
19770716,290,200,7,17.0,0,0
19770716,290,231,5,22.0,1,0
19770716,290,221,9,10.0,0,0
19770716,290,172,8,10.0,1,0
19770716,290,237,38,0.0,0,0
19770716,290,187,10,9.0,0,0
19770716,290,252,37,0.0,0,0
19770716,290,251,30,0.0,0,0
19770716,290,230,15,3.0,0,0
19770716,290,223,17,1.0,0,0
19770716,290,207,2,32.0,3,0
19770716,290,224,11,8.0,0,0
19770716,290,199,4,28.0,1,0
19770716,290,250,12,6.0,0,0
19770716,290,222,3,32.0,2,0
19770731,291,269,45,0.0,0,0
19770731,291,268,43,0.0,0,0
19770731,291,266,51,0.0,0,0
19770731,291,245,50,0.0,0,0
19770731,291,265,49,0.0,0,0
19770731,291,264,48,0.0,0,0
19770731,291,219,42,0.0,0,0
19770731,291,267,21,0.0,0,0
19770731,291,203,34,0.0,0,0
19770731,291,175,20,1.0,0,0
19770731,291,263,47,0.0,0,0
19770731,291,262,27,0.0,0,0
19770731,291,212,41,0.0,0,0
19770731,291,261,46,0.0,0,0
19770731,291,235,32,0.0,0,0
19770731,291,119,24,0.0,0,0
19770731,291,260,44,0.0,0,0
19770731,291,259,36,0.0,0,0
19770731,291,232,38,0.0,0,0
19770731,291,229,26,0.0,0,0
19770731,291,211,30,0.0,0,0
19770731,291,208,37,0.0,0,0
19770731,291,258,28,0.0,0,0
19770731,291,178,16,3.0,0,0
19770731,291,205,31,0.0,0,0
19770731,291,197,18,1.0,0,0
19770731,291,257,40,0.0,0,0
19770731,291,233,11,8.0,0,0
19770731,291,239,29,0.0,0,0
19770731,291,256,35,0.0,0,0
19770731,291,255,6,20.0,1,0
19770731,291,254,19,1.0,0,0
19770731,291,246,25,0.0,0,0
19770731,291,182,1,48.0,2,0
19770731,291,253,22,0.0,0,0
19770731,291,238,15,4.0,0,0
19770731,291,200,7,17.0,0,0
19770731,291,231,5,22.0,1,0
19770731,291,221,9,10.0,0,0
19770731,291,172,8,10.0,1,0
19770731,291,237,23,0.0,0,0
19770731,291,187,10,9.0,0,0
19770731,291,252,39,0.0,0,0
19770731,291,251,33,0.0,0,0
19770731,291,230,14,5.0,0,0
19770731,291,223,17,1.0,0,0
19770731,291,207,3,32.0,3,0
19770731,291,224,12,8.0,0,0
19770731,291,199,4,31.0,1,0
19770731,291,250,13,6.0,0,0
19770731,291,222,2,38.0,2,0
19770814,292,270,44,0.0,0,0
19770814,292,269,46,0.0,0,0
19770814,292,268,43,0.0,0,0
19770814,292,266,52,0.0,0,0
19770814,292,245,51,0.0,0,0
19770814,292,265,50,0.0,0,0
19770814,292,264,49,0.0,0,0
19770814,292,219,42,0.0,0,0
19770814,292,267,22,0.0,0,0
19770814,292,203,34,0.0,0,0
19770814,292,175,20,1.0,0,0
19770814,292,263,48,0.0,0,0
19770814,292,262,29,0.0,0,0
19770814,292,212,41,0.0,0,0
19770814,292,261,47,0.0,0,0
19770814,292,235,32,0.0,0,0
19770814,292,119,26,0.0,0,0
19770814,292,260,45,0.0,0,0
19770814,292,259,36,0.0,0,0
19770814,292,232,38,0.0,0,0
19770814,292,229,28,0.0,0,0
19770814,292,211,21,0.0,0,0
19770814,292,208,37,0.0,0,0
19770814,292,258,25,0.0,0,0
19770814,292,178,8,12.0,1,0
19770814,292,205,31,0.0,0,0
19770814,292,197,18,1.0,0,0
19770814,292,257,40,0.0,0,0
19770814,292,233,9,12.0,0,0
19770814,292,239,30,0.0,0,0
19770814,292,256,35,0.0,0,0
19770814,292,255,6,20.0,1,0
19770814,292,254,19,1.0,0,0
19770814,292,246,27,0.0,0,0
19770814,292,182,1,54.0,2,0
19770814,292,253,23,0.0,0,0
19770814,292,238,15,6.0,0,0
19770814,292,200,7,18.0,0,0
19770814,292,231,5,22.0,1,0
19770814,292,221,11,10.0,0,0
19770814,292,172,10,10.0,1,0
19770814,292,237,24,0.0,0,0
19770814,292,187,12,9.0,0,0
19770814,292,252,39,0.0,0,0
19770814,292,251,33,0.0,0,0
19770814,292,230,16,5.0,0,0
19770814,292,223,17,1.0,0,0
19770814,292,207,4,32.0,3,0
19770814,292,224,13,8.0,0,0
19770814,292,199,3,34.0,1,0
19770814,292,250,14,6.0,0,0
19770814,292,222,2,38.0,2,0
19770828,293,247,51,0.0,0,0
19770828,293,270,44,0.0,0,0
19770828,293,269,46,0.0,0,0
19770828,293,268,43,0.0,0,0
19770828,293,266,53,0.0,0,0
19770828,293,245,52,0.0,0,0
19770828,293,265,50,0.0,0,0
19770828,293,264,49,0.0,0,0
19770828,293,219,41,0.0,0,0
19770828,293,267,22,0.0,0,0
19770828,293,203,34,0.0,0,0
19770828,293,175,17,3.0,0,0
19770828,293,263,48,0.0,0,0
19770828,293,262,30,0.0,0,0
19770828,293,212,42,0.0,0,0
19770828,293,261,47,0.0,0,0
19770828,293,235,33,0.0,0,0
19770828,293,119,28,0.0,0,0
19770828,293,260,45,0.0,0,0
19770828,293,259,36,0.0,0,0
19770828,293,232,38,0.0,0,0
19770828,293,229,29,0.0,0,0
19770828,293,211,21,0.0,0,0
19770828,293,208,37,0.0,0,0
19770828,293,258,27,0.0,0,0
19770828,293,178,9,12.0,1,0
19770828,293,205,32,0.0,0,0
19770828,293,197,19,1.0,0,0
19770828,293,257,40,0.0,0,0
19770828,293,233,10,12.0,0,0
19770828,293,239,26,0.0,0,0
19770828,293,256,35,0.0,0,0
19770828,293,255,6,20.0,1,0
19770828,293,254,20,1.0,0,0
19770828,293,246,24,0.0,0,0
19770828,293,182,1,63.0,3,0
19770828,293,253,23,0.0,0,0
19770828,293,238,15,6.0,0,0
19770828,293,200,7,18.0,0,0
19770828,293,231,5,22.0,1,0
19770828,293,221,12,10.0,0,0
19770828,293,172,8,16.0,1,0
19770828,293,237,25,0.0,0,0
19770828,293,187,13,9.0,0,0
19770828,293,252,39,0.0,0,0
19770828,293,251,31,0.0,0,0
19770828,293,230,16,5.0,0,0
19770828,293,223,18,1.0,0,0
19770828,293,207,4,32.0,3,0
19770828,293,224,11,11.0,0,0
19770828,293,199,3,35.0,1,0
19770828,293,250,14,6.0,0,0
19770828,293,222,2,42.0,2,0
19770911,294,220,55,0.0,0,0
19770911,294,271,53,0.0,0,0
19770911,294,241,45,0.0,0,0
19770911,294,152,40,0.0,0,0
19770911,294,247,54,0.0,0,0
19770911,294,270,46,0.0,0,0
19770911,294,269,48,0.0,0,0
19770911,294,268,44,0.0,0,0
19770911,294,266,57,0.0,0,0
19770911,294,245,56,0.0,0,0
19770911,294,265,52,0.0,0,0
19770911,294,264,51,0.0,0,0
19770911,294,219,41,0.0,0,0
19770911,294,267,23,0.0,0,0
19770911,294,203,34,0.0,0,0
19770911,294,175,18,3.0,0,0
19770911,294,263,50,0.0,0,0
19770911,294,262,30,0.0,0,0
19770911,294,212,43,0.0,0,0
19770911,294,261,49,0.0,0,0
19770911,294,235,33,0.0,0,0
19770911,294,119,28,0.0,0,0
19770911,294,260,47,0.0,0,0
19770911,294,259,36,0.0,0,0
19770911,294,232,38,0.0,0,0
19770911,294,229,29,0.0,0,0
19770911,294,211,22,0.0,0,0
19770911,294,208,37,0.0,0,0
19770911,294,258,21,0.0,0,0
19770911,294,178,9,16.0,1,0
19770911,294,205,32,0.0,0,0
19770911,294,197,19,1.0,0,0
19770911,294,257,42,0.0,0,0
19770911,294,233,10,12.0,0,0
19770911,294,239,27,0.0,0,0
19770911,294,256,35,0.0,0,0
19770911,294,255,7,20.0,1,0
19770911,294,254,20,1.0,0,0
19770911,294,246,25,0.0,0,0
19770911,294,182,1,69.0,3,0
19770911,294,253,24,0.0,0,0
19770911,294,238,14,7.0,0,0
19770911,294,200,6,21.0,0,0
19770911,294,231,5,22.0,1,0
19770911,294,221,12,10.0,0,0
19770911,294,172,8,16.0,1,0
19770911,294,237,26,0.0,0,0
19770911,294,187,13,9.0,0,0
19770911,294,252,39,0.0,0,0
19770911,294,251,31,0.0,0,0
19770911,294,230,16,5.0,0,0
19771002,295,240,46,0.0,0,0
19771002,295,220,56,0.0,0,0
19771002,295,271,54,0.0,0,0
19771002,295,241,47,0.0,0,0
19771002,295,152,41,0.0,0,0
19771002,295,247,55,0.0,0,0
19771002,295,270,39,0.0,0,0
19771002,295,269,49,0.0,0,0
19771002,295,268,45,0.0,0,0
19771002,295,266,58,0.0,0,0
19771002,295,245,57,0.0,0,0
19771002,295,265,53,0.0,0,0
19771002,295,264,52,0.0,0,0
19771002,295,219,42,0.0,0,0
19771002,295,267,23,0.0,0,0
19771002,295,203,34,0.0,0,0
19771002,295,175,18,3.0,0,0
19771002,295,263,51,0.0,0,0
19771002,295,262,30,0.0,0,0
19771002,295,212,44,0.0,0,0
19771002,295,261,50,0.0,0,0
19771002,295,235,33,0.0,0,0
19771002,295,119,28,0.0,0,0
19771002,295,260,48,0.0,0,0
19771002,295,259,36,0.0,0,0
19771002,295,232,38,0.0,0,0
19771002,295,229,29,0.0,0,0
19771002,295,211,21,0.0,0,0
19771002,295,208,37,0.0,0,0
19771002,295,258,22,0.0,0,0
19771002,295,178,9,16.0,1,0
19771002,295,205,32,0.0,0,0
19771002,295,197,19,1.0,0,0
19771002,295,257,43,0.0,0,0
19771002,295,233,10,12.0,0,0
19771002,295,239,27,0.0,0,0
19771002,295,256,35,0.0,0,0
19771002,295,255,7,20.0,1,0
19771002,295,254,20,1.0,0,0
19771002,295,246,25,0.0,0,0
19771002,295,182,1,72.0,3,0
19771002,295,253,24,0.0,0,0
19771002,295,238,14,7.0,0,0
19771002,295,200,6,21.0,0,0
19771002,295,231,5,31.0,2,0
19771002,295,221,12,10.0,0,0
19771002,295,172,8,16.0,1,0
19771002,295,237,26,0.0,0,0
19771002,295,187,13,9.0,0,0
19771002,295,252,40,0.0,0,0
19771002,295,251,31,0.0,0,0
19771002,295,230,16,5.0,0,0
19771002,295,223,17,5.0,0,0
19771002,295,207,2,47.0,4,0
19771002,295,224,11,11.0,0,0
19771002,295,199,4,36.0,1,0
19771002,295,250,15,6.0,0,0
19771002,295,222,3,46.0,2,0
19771009,296,240,25,0.0,0,0
19771009,296,220,56,0.0,0,0
19771009,296,271,54,0.0,0,0
19771009,296,241,47,0.0,0,0
19771009,296,152,42,0.0,0,0
19771009,296,247,55,0.0,0,0
19771009,296,270,40,0.0,0,0
19771009,296,269,49,0.0,0,0
19771009,296,268,46,0.0,0,0
19771009,296,266,58,0.0,0,0
19771009,296,245,57,0.0,0,0
19771009,296,265,53,0.0,0,0
19771009,296,264,52,0.0,0,0
19771009,296,219,43,0.0,0,0
19771009,296,267,23,0.0,0,0
19771009,296,203,35,0.0,0,0
19771009,296,175,18,5.0,0,0
19771009,296,263,51,0.0,0,0
19771009,296,262,31,0.0,0,0
19771009,296,212,45,0.0,0,0
19771009,296,261,50,0.0,0,0
19771009,296,235,34,0.0,0,0
19771009,296,119,29,0.0,0,0
19771009,296,260,48,0.0,0,0
19771009,296,259,37,0.0,0,0
19771009,296,232,39,0.0,0,0
19771009,296,229,30,0.0,0,0
19771009,296,211,21,0.0,0,0
19771009,296,208,38,0.0,0,0
19771009,296,258,22,0.0,0,0
19771009,296,178,8,19.0,1,0
19771009,296,205,33,0.0,0,0
19771009,296,197,19,1.0,0,0
19771009,296,257,44,0.0,0,0
19771009,296,233,11,12.0,0,0
19771009,296,239,28,0.0,0,0
19771009,296,256,36,0.0,0,0
19771009,296,255,7,20.0,1,0
19771009,296,254,20,1.0,0,0
19771009,296,246,27,0.0,0,0
19771009,296,182,1,72.0,3,0
19771009,296,253,24,0.0,0,0
19771009,296,238,14,7.0,0,0
19771009,296,200,6,25.0,0,0
19771009,296,231,5,31.0,2,0
19771009,296,221,10,16.0,0,0
19771009,296,172,9,16.0,1,0
19771009,296,237,26,0.0,0,0
19771009,296,187,13,9.0,0,0
19771009,296,252,41,0.0,0,0
19771009,296,251,32,0.0,0,0
19771009,296,230,16,6.0,0,0
19771009,296,223,17,5.0,0,0
19771009,296,207,3,47.0,4,0
19771009,296,224,12,11.0,0,0
19771009,296,199,4,36.0,1,0
19771009,296,250,15,6.0,0,0
19771009,296,222,2,55.0,3,0
19771023,297,274,48,0.0,0,1
19771023,297,273,37,0.0,0,1
19771023,297,272,32,0.0,0,1
19771023,297,240,26,0.0,0,1
19771023,297,220,59,0.0,0,1
19771023,297,271,57,0.0,0,1
19771023,297,241,50,0.0,0,1
19771023,297,152,44,0.0,0,1
19771023,297,247,58,0.0,0,1
19771023,297,270,42,0.0,0,1
19771023,297,269,52,0.0,0,1
19771023,297,268,49,0.0,0,1
19771023,297,266,61,0.0,0,1
19771023,297,245,60,0.0,0,1
19771023,297,265,56,0.0,0,1
19771023,297,264,55,0.0,0,1
19771023,297,219,45,0.0,0,1
19771023,297,267,24,0.0,0,1
19771023,297,203,36,0.0,0,1
19771023,297,175,18,5.0,0,1
19771023,297,263,54,0.0,0,1
19771023,297,262,31,0.0,0,1
19771023,297,212,47,0.0,0,1
19771023,297,261,53,0.0,0,1
19771023,297,235,35,0.0,0,1
19771023,297,119,20,1.0,0,1
19771023,297,260,51,0.0,0,1
19771023,297,259,39,0.0,0,1
19771023,297,232,41,0.0,0,1
19771023,297,229,30,0.0,0,1
19771023,297,211,22,0.0,0,1
19771023,297,208,40,0.0,0,1
19771023,297,258,23,0.0,0,1
19771023,297,178,7,22.0,1,1
19771023,297,205,34,0.0,0,1
19771023,297,197,19,1.0,0,1
19771023,297,257,46,0.0,0,1
19771023,297,233,11,12.0,0,1
19771023,297,239,29,0.0,0,1
19771023,297,256,38,0.0,0,1
19771023,297,255,8,20.0,1,1
19771023,297,254,21,1.0,0,1
19771023,297,246,28,0.0,0,1
19771023,297,182,1,72.0,3,1
19771023,297,253,25,0.0,0,1
19771023,297,238,14,7.0,0,1
19771023,297,200,6,25.0,0,1
19771023,297,231,5,40.0,3,1
19771023,297,221,9,20.0,0,1
19771023,297,172,10,18.0,1,1
19771023,297,237,27,0.0,0,1
19771023,297,187,13,9.0,0,1
19771023,297,252,43,0.0,0,1
19771023,297,251,33,0.0,0,1
19771023,297,230,16,6.0,0,1
19771023,297,223,17,5.0,0,1
19771023,297,207,3,47.0,4,1
19771023,297,224,12,11.0,0,1
19771023,297,199,4,42.0,1,1
19771023,297,250,15,6.0,0,1
19771023,297,222,2,55.0,3,1
19770911,294,223,17,3.0,0,0
19770911,294,207,3,41.0,4,0
19770911,294,224,11,11.0,0,0
19770911,294,199,4,35.0,1,0
19770911,294,250,15,6.0,0,0
19770911,294,222,2,42.0,2,0
19760125,265,270,22,0.0,0,0
19760125,265,187,21,0.0,0,0
19760125,265,207,20,0.0,0,0
19760125,265,238,19,0.0,0,0
19760125,265,172,18,0.0,0,0
19760125,265,230,17,0.0,0,0
19760125,265,231,16,0.0,0,0
19760125,265,197,15,0.0,0,0
19760125,265,275,14,0.0,0,0
19760125,265,224,13,0.0,0,0
19760125,265,199,12,0.0,0,0
19760125,265,253,11,0.0,0,0
19760125,265,250,10,0.0,0,0
19760125,265,254,9,0.0,0,0
19760125,265,235,8,0.0,0,0
19760125,265,223,7,0.0,0,0
19760125,265,200,6,1.0,0,0
19760125,265,222,5,2.0,0,0
19760125,265,233,4,3.0,0,0
19760125,265,252,3,4.0,0,0
19760125,265,221,2,6.0,0,0
19760125,265,182,1,9.0,1,0
19760306,266,251,29,0.0,0,0
19760306,266,255,28,0.0,0,0
19760306,266,229,23,0.0,0,0
19760306,266,278,21,0.0,0,0
19760306,266,277,20,0.0,0,0
19760306,266,239,17,0.0,0,0
19760306,266,276,15,0.0,0,0
19760306,266,270,27,0.0,0,0
19760306,266,187,8,2.0,0,0
19760306,266,207,9,1.0,0,0
19760306,266,238,26,0.0,0,0
19760306,266,172,25,0.0,0,0
19760306,266,230,12,0.0,0,0
19760306,266,231,3,6.0,0,0
19760306,266,197,24,0.0,0,0
19760306,266,275,22,0.0,0,0
19760306,266,224,19,0.0,0,0
19760306,266,199,18,0.0,0,0
19760306,266,253,16,0.0,0,0
19760306,266,250,14,0.0,0,0
19760306,266,254,13,0.0,0,0
19760306,266,235,11,0.0,0,0
19760306,266,223,10,0.0,0,0
19760306,266,200,4,5.0,0,0
19760306,266,222,5,5.0,0,0
19760306,266,233,7,3.0,0,0
19760306,266,252,6,4.0,0,0
19760306,266,221,2,6.0,0,0
19760306,266,182,1,18.0,2,0
19760328,267,232,30,0.0,0,0
19760328,267,178,27,0.0,0,0
19760328,267,251,31,0.0,0,0
19760328,267,255,28,0.0,0,0
19760328,267,229,26,0.0,0,0
19760328,267,278,14,0.0,0,0
19760328,267,277,24,0.0,0,0
19760328,267,239,22,0.0,0,0
19760328,267,276,20,0.0,0,0
19760328,267,270,29,0.0,0,0
19760328,267,187,10,2.0,0,0
19760328,267,207,12,1.0,0,0
19760328,267,238,19,0.0,0,0
19760328,267,172,9,3.0,0,0
19760328,267,230,16,0.0,0,0
19760328,267,231,5,6.0,0,0
19760328,267,197,13,0.0,0,0
19760328,267,275,25,0.0,0,0
19760328,267,224,11,1.0,0,0
19760328,267,199,23,0.0,0,0
19760328,267,253,21,0.0,0,0
19760328,267,250,17,0.0,0,0
19760328,267,254,18,0.0,0,0
19760328,267,235,15,0.0,0,0
19760328,267,223,3,9.0,1,0
19760328,267,200,4,7.0,0,0
19760328,267,222,6,5.0,0,0
19760328,267,233,8,3.0,0,0
19760328,267,252,7,4.0,0,0
19760328,267,221,2,10.0,0,0
19760328,267,182,1,24.0,2,0
19760502,268,208,35,0.0,0,0
19760502,268,279,34,0.0,0,0
19760502,268,271,33,0.0,0,0
19760502,268,256,27,0.0,0,0
19760502,268,232,30,0.0,0,0
19760502,268,178,20,0.0,0,0
19760502,268,251,32,0.0,0,0
19760502,268,255,8,4.0,0,0
19760502,268,229,29,0.0,0,0
19760502,268,278,12,2.0,0,0
19760502,268,277,22,0.0,0,0
19760502,268,239,26,0.0,0,0
19760502,268,276,24,0.0,0,0
19760502,268,270,31,0.0,0,0
19760502,268,187,13,2.0,0,0
19760502,268,207,16,1.0,0,0
19760502,268,238,23,0.0,0,0
19760502,268,172,10,3.0,0,0
19760502,268,230,19,0.0,0,0
19760502,268,231,2,15.0,1,0
19760502,268,197,18,0.0,0,0
19760502,268,275,28,0.0,0,0
19760502,268,224,15,1.0,0,0
19760502,268,199,11,3.0,0,0
19760502,268,253,25,0.0,0,0
19760502,268,250,14,1.0,0,0
19760502,268,254,21,0.0,0,0
19760502,268,235,17,0.0,0,0
19760502,268,223,4,9.0,1,0
19760502,268,200,5,7.0,0,0
19760502,268,222,6,5.0,0,0
19760502,268,233,9,3.0,0,0
19760502,268,252,7,4.0,0,0
19760502,268,221,3,10.0,0,0
19760502,268,182,1,30.0,2,0
19760516,269,265,37,0.0,0,0
19760516,269,258,32,0.0,0,0
19760516,269,208,36,0.0,0,0
19760516,269,279,35,0.0,0,0
19760516,269,271,28,0.0,0,0
19760516,269,256,20,0.0,0,0
19760516,269,232,31,0.0,0,0
19760516,269,178,14,2.0,0,0
19760516,269,251,34,0.0,0,0
19760516,269,255,9,4.0,0,0
19760516,269,229,30,0.0,0,0
19760516,269,278,13,2.0,0,0
19760516,269,277,23,0.0,0,0
19760516,269,239,26,0.0,0,0
19760516,269,276,25,0.0,0,0
19760516,269,270,33,0.0,0,0
19760516,269,187,12,2.0,0,0
19760516,269,207,17,1.0,0,0
19760516,269,238,24,0.0,0,0
19760516,269,172,7,7.0,0,0
19760516,269,230,21,0.0,0,0
19760516,269,231,3,15.0,1,0
19760516,269,197,19,0.0,0,0
19760516,269,275,29,0.0,0,0
19760516,269,224,16,1.0,0,0
19760516,269,199,11,3.0,0,0
19760516,269,253,27,0.0,0,0
19760516,269,250,15,1.0,0,0
19760516,269,254,22,0.0,0,0
19760516,269,235,18,0.0,0,0
19760516,269,223,2,15.0,1,0
19760516,269,200,5,8.0,0,0
19760516,269,222,6,8.0,0,0
19760516,269,233,10,3.0,0,0
19760516,269,252,8,4.0,0,0
19760516,269,221,4,10.0,0,0
19760516,269,182,1,39.0,3,0
19760530,270,280,34,0.0,0,0
19760530,270,265,38,0.0,0,0
19760530,270,258,32,0.0,0,0
19760530,270,208,37,0.0,0,0
19760530,270,279,36,0.0,0,0
19760530,270,271,28,0.0,0,0
19760530,270,256,20,0.0,0,0
19760530,270,232,31,0.0,0,0
19760530,270,178,14,2.0,0,0
19760530,270,251,35,0.0,0,0
19760530,270,255,10,4.0,0,0
19760530,270,229,30,0.0,0,0
19760530,270,278,13,2.0,0,0
19760530,270,277,23,0.0,0,0
19760530,270,239,26,0.0,0,0
19760530,270,276,25,0.0,0,0
19760530,270,270,33,0.0,0,0
19760530,270,187,12,2.0,0,0
19760530,270,207,17,1.0,0,0
19760530,270,238,24,0.0,0,0
19760530,270,172,7,7.0,0,0
19760530,270,230,21,0.0,0,0
19760530,270,231,3,15.0,1,0
19760530,270,197,18,0.0,0,0
19760530,270,275,29,0.0,0,0
19760530,270,224,15,2.0,0,0
19760530,270,199,11,3.0,0,0
19760530,270,253,27,0.0,0,0
19760530,270,250,16,1.0,0,0
19760530,270,254,22,0.0,0,0
19760530,270,235,19,0.0,0,0
19760530,270,223,2,15.0,1,0
19760530,270,200,6,10.0,0,0
19760530,270,222,5,14.0,0,0
19760530,270,233,8,6.0,0,0
19760530,270,252,9,4.0,0,0
19760530,270,221,4,14.0,0,0
19760530,270,182,1,48.0,4,0
19760613,271,281,36,0.0,0,0
19760613,271,280,34,0.0,0,0
19760613,271,265,39,0.0,0,0
19760613,271,258,32,0.0,0,0
19760613,271,208,38,0.0,0,0
19760613,271,279,37,0.0,0,0
19760613,271,271,28,0.0,0,0
19760613,271,256,22,0.0,0,0
19760613,271,232,29,0.0,0,0
19760613,271,178,14,2.0,0,0
19760613,271,251,35,0.0,0,0
19760613,271,255,10,4.0,0,0
19760613,271,229,31,0.0,0,0
19760613,271,278,13,2.0,0,0
19760613,271,277,24,0.0,0,0
19760613,271,239,26,0.0,0,0
19760613,271,276,25,0.0,0,0
19760613,271,270,33,0.0,0,0
19760613,271,187,12,2.0,0,0
19760613,271,207,17,1.0,0,0
19760613,271,238,20,0.0,0,0
19760613,271,172,6,10.0,0,0
19760613,271,230,21,0.0,0,0
19760613,271,231,4,17.0,1,0
19760613,271,197,18,0.0,0,0
19760613,271,275,30,0.0,0,0
19760613,271,224,15,2.0,0,0
19760613,271,199,11,3.0,0,0
19760613,271,253,27,0.0,0,0
19760613,271,250,16,1.0,0,0
19760613,271,254,23,0.0,0,0
19760613,271,235,19,0.0,0,0
19760613,271,223,5,16.0,1,0
19760613,271,200,7,10.0,0,0
19760613,271,222,2,23.0,1,0
19760613,271,233,8,6.0,0,0
19760613,271,252,9,4.0,0,0
19760613,271,221,3,20.0,0,0
19760613,271,182,1,52.0,4,0
19760704,272,282,40,0.0,0,0
19760704,272,281,37,0.0,0,0
19760704,272,280,34,0.0,0,0
19760704,272,265,32,0.0,0,0
19760704,272,258,33,0.0,0,0
19760704,272,208,39,0.0,0,0
19760704,272,279,38,0.0,0,0
19760704,272,271,29,0.0,0,0
19760704,272,256,22,0.0,0,0
19760704,272,232,23,0.0,0,0
19760704,272,178,16,2.0,0,0
19760704,272,251,36,0.0,0,0
19760704,272,255,11,4.0,0,0
19760704,272,229,31,0.0,0,0
19760704,272,278,15,2.0,0,0
19760704,272,277,25,0.0,0,0
19760704,272,239,27,0.0,0,0
19760704,272,276,26,0.0,0,0
19760704,272,270,35,0.0,0,0
19760704,272,187,8,6.0,0,0
19760704,272,207,14,3.0,0,0
19760704,272,238,20,0.0,0,0
19760704,272,172,6,10.0,0,0
19760704,272,230,21,0.0,0,0
19760704,272,231,2,26.0,2,0
19760704,272,197,18,0.0,0,0
19760704,272,275,30,0.0,0,0
19760704,272,224,17,2.0,0,0
19760704,272,199,13,3.0,0,0
19760704,272,253,28,0.0,0,0
19760704,272,250,12,4.0,0,0
19760704,272,254,24,0.0,0,0
19760704,272,235,19,0.0,0,0
19760704,272,223,5,16.0,1,0
19760704,272,200,7,10.0,0,0
19760704,272,222,4,24.0,1,0
19760704,272,233,9,6.0,0,0
19760704,272,252,10,4.0,0,0
19760704,272,221,3,26.0,0,0
19760704,272,182,1,52.0,4,0
19760718,273,283,42,0.0,0,0
19760718,273,242,40,0.0,0,0
19760718,273,282,41,0.0,0,0
19760718,273,281,37,0.0,0,0
19760718,273,280,34,0.0,0,0
19760718,273,265,32,0.0,0,0
19760718,273,258,33,0.0,0,0
19760718,273,208,39,0.0,0,0
19760718,273,279,38,0.0,0,0
19760718,273,271,30,0.0,0,0
19760718,273,256,23,0.0,0,0
19760718,273,232,24,0.0,0,0
19760718,273,178,13,4.0,0,0
19760718,273,251,36,0.0,0,0
19760718,273,255,11,4.0,0,0
19760718,273,229,21,0.0,0,0
19760718,273,278,17,2.0,0,0
19760718,273,277,26,0.0,0,0
19760718,273,239,28,0.0,0,0
19760718,273,276,27,0.0,0,0
19760718,273,270,35,0.0,0,0
19760718,273,187,6,10.0,0,0
19760718,273,207,15,3.0,0,0
19760718,273,238,20,0.0,0,0
19760718,273,172,7,10.0,0,0
19760718,273,230,22,0.0,0,0
19760718,273,231,3,26.0,2,0
19760718,273,197,18,0.0,0,0
19760718,273,275,31,0.0,0,0
19760718,273,224,16,3.0,0,0
19760718,273,199,14,3.0,0,0
19760718,273,253,29,0.0,0,0
19760718,273,250,12,4.0,0,0
19760718,273,254,25,0.0,0,0
19760718,273,235,19,0.0,0,0
19760718,273,223,5,16.0,1,0
19760718,273,200,8,10.0,0,0
19760718,273,222,2,30.0,1,0
19760718,273,233,10,6.0,0,0
19760718,273,252,9,7.0,0,0
19760718,273,221,4,26.0,0,0
19760718,273,182,1,61.0,5,0
19760801,274,284,33,0.0,0,0
19760801,274,243,18,1.0,0,0
19760801,274,283,44,0.0,0,0
19760801,274,242,42,0.0,0,0
19760801,274,282,43,0.0,0,0
19760801,274,281,39,0.0,0,0
19760801,274,280,36,0.0,0,0
19760801,274,265,34,0.0,0,0
19760801,274,258,35,0.0,0,0
19760801,274,208,41,0.0,0,0
19760801,274,279,40,0.0,0,0
19760801,274,271,31,0.0,0,0
19760801,274,256,24,0.0,0,0
19760801,274,232,25,0.0,0,0
19760801,274,178,13,4.0,0,0
19760801,274,251,38,0.0,0,0
19760801,274,255,11,6.0,0,0
19760801,274,229,22,0.0,0,0
19760801,274,278,17,2.0,0,0
19760801,274,277,27,0.0,0,0
19760801,274,239,29,0.0,0,0
19760801,274,276,28,0.0,0,0
19760801,274,270,37,0.0,0,0
19760801,274,187,7,10.0,0,0
19760801,274,207,15,3.0,0,0
19760801,274,238,21,0.0,0,0
19760801,274,172,8,10.0,0,0
19760801,274,230,23,0.0,0,0
19760801,274,231,3,35.0,3,0
19760801,274,197,19,0.0,0,0
19760801,274,275,32,0.0,0,0
19760801,274,224,16,3.0,0,0
19760801,274,199,14,3.0,0,0
19760801,274,253,30,0.0,0,0
19760801,274,250,10,7.0,0,0
19760801,274,254,26,0.0,0,0
19760801,274,235,20,0.0,0,0
19760801,274,223,5,16.0,1,0
19760801,274,200,6,14.0,0,0
19760801,274,222,2,36.0,1,0
19760801,274,233,12,6.0,0,0
19760801,274,252,9,7.0,0,0
19760801,274,221,4,26.0,0,0
19760801,274,182,1,61.0,5,0
19760815,275,246,37,0.0,0,0
19760815,275,284,31,0.0,0,0
19760815,275,243,19,1.0,0,0
19760815,275,283,45,0.0,0,0
19760815,275,242,43,0.0,0,0
19760815,275,282,44,0.0,0,0
19760815,275,281,40,0.0,0,0
19760815,275,280,26,0.0,0,0
19760815,275,265,35,0.0,0,0
19760815,275,258,36,0.0,0,0
19760815,275,208,42,0.0,0,0
19760815,275,279,41,0.0,0,0
19760815,275,271,34,0.0,0,0
19760815,275,256,24,0.0,0,0
19760815,275,232,25,0.0,0,0
19760815,275,178,14,4.0,0,0
19760815,275,251,39,0.0,0,0
19760815,275,255,9,10.0,0,0
19760815,275,229,22,0.0,0,0
19760815,275,278,17,2.0,0,0
19760815,275,277,28,0.0,0,0
19760815,275,239,29,0.0,0,0
19760815,275,276,30,0.0,0,0
19760815,275,270,38,0.0,0,0
19760815,275,187,5,19.0,1,0
19760815,275,207,13,5.0,0,0
19760815,275,238,18,1.0,0,0
19760815,275,172,7,16.0,0,0
19760815,275,230,23,0.0,0,0
19760815,275,231,2,38.0,3,0
19760815,275,197,20,0.0,0,0
19760815,275,275,33,0.0,0,0
19760815,275,224,16,3.0,0,0
19760815,275,199,15,3.0,0,0
19760815,275,253,32,0.0,0,0
19760815,275,250,11,7.0,0,0
19760815,275,254,27,0.0,0,0
19760815,275,235,21,0.0,0,0
19760815,275,223,6,16.0,1,0
19760815,275,200,8,14.0,0,0
19760815,275,222,3,36.0,1,0
19760815,275,233,12,6.0,0,0
19760815,275,252,10,7.0,0,0
19760815,275,221,4,26.0,0,0
19760815,275,182,1,61.0,5,0
19760829,276,260,40,0.0,0,0
19760829,276,257,38,0.0,0,0
19760829,276,246,37,0.0,0,0
19760829,276,284,31,0.0,0,0
19760829,276,243,20,1.0,0,0
19760829,276,283,47,0.0,0,0
19760829,276,242,45,0.0,0,0
19760829,276,282,46,0.0,0,0
19760829,276,281,42,0.0,0,0
19760829,276,280,25,0.0,0,0
19760829,276,265,35,0.0,0,0
19760829,276,258,36,0.0,0,0
19760829,276,208,44,0.0,0,0
19760829,276,279,43,0.0,0,0
19760829,276,271,34,0.0,0,0
19760829,276,256,24,0.0,0,0
19760829,276,232,26,0.0,0,0
19760829,276,178,14,4.0,0,0
19760829,276,251,41,0.0,0,0
19760829,276,255,9,10.0,0,0
19760829,276,229,23,0.0,0,0
19760829,276,278,17,2.0,0,0
19760829,276,277,28,0.0,0,0
19760829,276,239,29,0.0,0,0
19760829,276,276,30,0.0,0,0
19760829,276,270,39,0.0,0,0
19760829,276,187,6,19.0,1,0
19760829,276,207,11,9.0,0,0
19760829,276,238,18,1.0,0,0
19760829,276,172,7,16.0,0,0
19760829,276,230,19,1.0,0,0
19760829,276,231,2,47.0,4,0
19760829,276,197,21,0.0,0,0
19760829,276,275,33,0.0,0,0
19760829,276,224,16,3.0,0,0
19760829,276,199,15,3.0,0,0
19760829,276,253,32,0.0,0,0
19760829,276,250,12,7.0,0,0
19760829,276,254,27,0.0,0,0
19760829,276,235,22,0.0,0,0
19760829,276,223,5,22.0,1,0
19760829,276,200,8,14.0,0,0
19760829,276,222,3,38.0,1,0
19760829,276,233,13,6.0,0,0
19760829,276,252,10,10.0,0,0
19760829,276,221,4,26.0,0,0
19760829,276,182,1,61.0,5,0
19760912,277,285,47,0.0,0,0
19760912,277,260,40,0.0,0,0
19760912,277,257,38,0.0,0,0
19760912,277,246,37,0.0,0,0
19760912,277,284,31,0.0,0,0
19760912,277,243,20,1.0,0,0
19760912,277,283,48,0.0,0,0
19760912,277,242,45,0.0,0,0
19760912,277,282,46,0.0,0,0
19760912,277,281,42,0.0,0,0
19760912,277,280,25,0.0,0,0
19760912,277,265,35,0.0,0,0
19760912,277,258,36,0.0,0,0
19760912,277,208,44,0.0,0,0
19760912,277,279,43,0.0,0,0
19760912,277,271,34,0.0,0,0
19760912,277,256,24,0.0,0,0
19760912,277,232,26,0.0,0,0
19760912,277,178,15,4.0,0,0
19760912,277,251,41,0.0,0,0
19760912,277,255,10,10.0,0,0
19760912,277,229,23,0.0,0,0
19760912,277,278,18,2.0,0,0
19760912,277,277,28,0.0,0,0
19760912,277,239,29,0.0,0,0
19760912,277,276,30,0.0,0,0
19760912,277,270,39,0.0,0,0
19760912,277,187,7,19.0,1,0
19760912,277,207,12,9.0,0,0
19760912,277,238,9,10.0,1,0
19760912,277,172,6,20.0,0,0
19760912,277,230,19,1.0,0,0
19760912,277,231,2,47.0,4,0
19760912,277,197,21,0.0,0,0
19760912,277,275,33,0.0,0,0
19760912,277,224,17,3.0,0,0
19760912,277,199,16,3.0,0,0
19760912,277,253,32,0.0,0,0
19760912,277,250,13,7.0,0,0
19760912,277,254,27,0.0,0,0
19760912,277,235,22,0.0,0,0
19760912,277,223,4,28.0,1,0
19760912,277,200,8,14.0,0,0
19760912,277,222,3,40.0,1,0
19760912,277,233,14,6.0,0,0
19760912,277,252,11,10.0,0,0
19760912,277,221,5,27.0,0,0
19760912,277,182,1,64.0,5,0
19761003,278,285,42,0.0,0,0
19761003,278,260,40,0.0,0,0
19761003,278,257,38,0.0,0,0
19761003,278,246,37,0.0,0,0
19761003,278,284,31,0.0,0,0
19761003,278,243,20,1.0,0,0
19761003,278,283,48,0.0,0,0
19761003,278,242,46,0.0,0,0
19761003,278,282,47,0.0,0,0
19761003,278,281,43,0.0,0,0
19761003,278,280,25,0.0,0,0
19761003,278,265,35,0.0,0,0
19761003,278,258,36,0.0,0,0
19761003,278,208,45,0.0,0,0
19761003,278,279,44,0.0,0,0
19761003,278,271,34,0.0,0,0
19761003,278,256,24,0.0,0,0
19761003,278,232,26,0.0,0,0
19761003,278,178,15,4.0,0,0
19761003,278,251,41,0.0,0,0
19761003,278,255,11,10.0,0,0
19761003,278,229,23,0.0,0,0
19761003,278,278,18,2.0,0,0
19761003,278,277,28,0.0,0,0
19761003,278,239,29,0.0,0,0
19761003,278,276,30,0.0,0,0
19761003,278,270,39,0.0,0,0
19761003,278,187,7,19.0,1,0
19761003,278,207,9,13.0,0,0
19761003,278,238,10,10.0,1,0
19761003,278,172,6,20.0,0,0
19761003,278,230,19,1.0,0,0
19761003,278,231,2,56.0,5,0
19761003,278,197,21,0.0,0,0
19761003,278,275,33,0.0,0,0
19761003,278,224,17,3.0,0,0
19761003,278,199,16,3.0,0,0
19761003,278,253,32,0.0,0,0
19761003,278,250,13,7.0,0,0
19761003,278,254,27,0.0,0,0
19761003,278,235,22,0.0,0,0
19761003,278,223,5,29.0,1,0
19761003,278,200,8,16.0,0,0
19761003,278,222,3,43.0,1,0
19761003,278,233,14,6.0,0,0
19761003,278,252,12,10.0,0,0
19761003,278,221,4,33.0,0,0
19761003,278,182,1,64.0,5,0
19761010,279,286,36,0.0,0,0
19761010,279,237,35,0.0,0,0
19761010,279,285,44,0.0,0,0
19761010,279,260,42,0.0,0,0
19761010,279,257,40,0.0,0,0
19761010,279,246,39,0.0,0,0
19761010,279,284,31,0.0,0,0
19761010,279,243,20,1.0,0,0
19761010,279,283,50,0.0,0,0
19761010,279,242,48,0.0,0,0
19761010,279,282,49,0.0,0,0
19761010,279,281,45,0.0,0,0
19761010,279,280,25,0.0,0,0
19761010,279,265,37,0.0,0,0
19761010,279,258,38,0.0,0,0
19761010,279,208,47,0.0,0,0
19761010,279,279,46,0.0,0,0
19761010,279,271,34,0.0,0,0
19761010,279,256,24,0.0,0,0
19761010,279,232,26,0.0,0,0
19761010,279,178,15,4.0,0,0
19761010,279,251,43,0.0,0,0
19761010,279,255,11,10.0,0,0
19761010,279,229,23,0.0,0,0
19761010,279,278,18,2.0,0,0
19761010,279,277,28,0.0,0,0
19761010,279,239,29,0.0,0,0
19761010,279,276,30,0.0,0,0
19761010,279,270,41,0.0,0,0
19761010,279,187,6,20.0,1,0
19761010,279,207,9,13.0,0,0
19761010,279,238,10,10.0,1,0
19761010,279,172,7,20.0,0,0
19761010,279,230,19,1.0,0,0
19761010,279,231,2,65.0,6,0
19761010,279,197,21,0.0,0,0
19761010,279,275,33,0.0,0,0
19761010,279,224,17,3.0,0,0
19761010,279,199,16,3.0,0,0
19761010,279,253,32,0.0,0,0
19761010,279,250,14,7.0,0,0
19761010,279,254,27,0.0,0,0
19761010,279,235,22,0.0,0,0
19761010,279,223,5,29.0,1,0
19761010,279,200,8,19.0,0,0
19761010,279,222,3,49.0,1,0
19761010,279,233,13,8.0,0,0
19761010,279,252,12,10.0,0,0
19761010,279,221,4,33.0,0,0
19761010,279,182,1,68.0,5,0
19761024,280,245,47,0.0,0,1
19761024,280,273,43,0.0,0,1
19761024,280,287,34,0.0,0,1
19761024,280,274,27,0.0,0,1
19761024,280,286,38,0.0,0,1
19761024,280,237,37,0.0,0,1
19761024,280,285,48,0.0,0,1
19761024,280,260,45,0.0,0,1
19761024,280,257,42,0.0,0,1
19761024,280,246,41,0.0,0,1
19761024,280,284,32,0.0,0,1
19761024,280,243,20,1.0,0,1
19761024,280,283,54,0.0,0,1
19761024,280,242,52,0.0,0,1
19761024,280,282,53,0.0,0,1
19761024,280,281,49,0.0,0,1
19761024,280,280,25,0.0,0,1
19761024,280,265,39,0.0,0,1
19761024,280,258,40,0.0,0,1
19761024,280,208,51,0.0,0,1
19761024,280,279,50,0.0,0,1
19761024,280,271,36,0.0,0,1
19761024,280,256,24,0.0,0,1
19761024,280,232,26,0.0,0,1
19761024,280,178,15,7.0,0,1
19761024,280,251,46,0.0,0,1
19761024,280,255,10,11.0,0,1
19761024,280,229,21,0.0,0,1
19761024,280,278,18,2.0,0,1
19761024,280,277,29,0.0,0,1
19761024,280,239,30,0.0,0,1
19761024,280,276,31,0.0,0,1
19761024,280,270,44,0.0,0,1
19761024,280,187,7,20.0,1,1
19761024,280,207,6,22.0,1,1
19761024,280,238,11,10.0,1,1
19761024,280,172,8,20.0,0,1
19761024,280,230,19,1.0,0,1
19761024,280,231,1,69.0,6,1
19761024,280,197,22,0.0,0,1
19761024,280,275,35,0.0,0,1
19761024,280,224,17,3.0,0,1
19761024,280,199,16,3.0,0,1
19761024,280,253,33,0.0,0,1
19761024,280,250,14,7.0,0,1
19761024,280,254,28,0.0,0,1
19761024,280,235,23,0.0,0,1
19761024,280,223,5,31.0,1,1
19761024,280,200,9,19.0,0,1
19761024,280,222,3,49.0,1,1
19761024,280,233,13,8.0,0,1
19761024,280,252,12,10.0,0,1
19761024,280,221,4,39.0,0,1
19761024,280,182,2,68.0,5,1
19750112,251,197,22,0.0,0,0
19750112,251,290,21,0.0,0,0
19750112,251,172,20,0.0,0,0
19750112,251,238,19,0.0,0,0
19750112,251,283,18,0.0,0,0
19750112,251,207,17,0.0,0,0
19750112,251,232,16,0.0,0,0
19750112,251,250,15,0.0,0,0
19750112,251,200,14,0.0,0,0
19750112,251,243,13,0.0,0,0
19750112,251,252,12,0.0,0,0
19750112,251,222,11,0.0,0,0
19750112,251,289,10,0.0,0,0
19750112,251,230,9,0.0,0,0
19750112,251,235,8,0.0,0,0
19750112,251,288,7,0.0,0,0
19750112,251,182,6,1.0,0,0
19750112,251,221,5,2.0,0,0
19750112,251,223,4,3.0,0,0
19750112,251,199,3,4.0,0,0
19750112,251,231,2,6.0,0,0
19750112,251,224,1,9.0,1,0
19750126,252,187,14,0.0,0,0
19750126,252,197,22,0.0,0,0
19750126,252,290,19,0.0,0,0
19750126,252,172,15,0.0,0,0
19750126,252,238,20,0.0,0,0
19750126,252,283,23,0.0,0,0
19750126,252,207,9,0.0,0,0
19750126,252,232,21,0.0,0,0
19750126,252,250,2,9.0,1,0
19750126,252,200,6,4.0,0,0
19750126,252,243,18,0.0,0,0
19750126,252,252,17,0.0,0,0
19750126,252,222,16,0.0,0,0
19750126,252,289,13,0.0,0,0
19750126,252,230,12,0.0,0,0
19750126,252,235,11,0.0,0,0
19750126,252,288,10,0.0,0,0
19750126,252,182,7,3.0,0,0
19750126,252,221,8,2.0,0,0
19750126,252,223,4,6.0,0,0
19750126,252,199,5,4.0,0,0
19750126,252,231,3,7.0,0,0
19750126,252,224,1,15.0,1,0
19750301,253,275,29,0.0,0,0
19750301,253,251,28,0.0,0,0
19750301,253,276,24,0.0,0,0
19750301,253,293,23,0.0,0,0
19750301,253,292,22,0.0,0,0
19750301,253,291,20,0.0,0,0
19750301,253,187,18,0.0,0,0
19750301,253,197,26,0.0,0,0
19750301,253,290,21,0.0,0,0
19750301,253,172,19,0.0,0,0
19750301,253,238,17,0.0,0,0
19750301,253,283,27,0.0,0,0
19750301,253,207,12,0.0,0,0
19750301,253,232,25,0.0,0,0
19750301,253,250,2,12.0,1,0
19750301,253,200,8,5.0,0,0
19750301,253,243,11,0.0,0,0
19750301,253,252,14,0.0,0,0
19750301,253,222,4,9.0,1,0
19750301,253,289,16,0.0,0,0
19750301,253,230,15,0.0,0,0
19750301,253,235,13,0.0,0,0
19750301,253,288,10,0.0,0,0
19750301,253,182,9,5.0,0,0
19750301,253,221,6,6.0,0,0
19750301,253,223,7,6.0,0,0
19750301,253,199,3,10.0,0,0
19750301,253,231,5,7.0,0,0
19750301,253,224,1,15.0,1,0
19750427,254,178,33,0.0,0,0
19750427,254,296,29,0.0,0,0
19750427,254,295,28,0.0,0,0
19750427,254,294,17,0.0,0,0
19750427,254,275,13,0.5,0,0
19750427,254,251,32,0.0,0,0
19750427,254,276,27,0.0,0,0
19750427,254,293,26,0.0,0,0
19750427,254,292,25,0.0,0,0
19750427,254,291,23,0.0,0,0
19750427,254,187,18,0.0,0,0
19750427,254,197,11,1.5,0,0
19750427,254,290,24,0.0,0,0
19750427,254,172,22,0.0,0,0
19750427,254,238,21,0.0,0,0
19750427,254,283,31,0.0,0,0
19750427,254,207,16,0.0,0,0
19750427,254,232,30,0.0,0,0
19750427,254,250,2,12.0,1,0
19750427,254,200,4,9.5,1,0
19750427,254,243,15,0.0,0,0
19750427,254,252,19,0.0,0,0
19750427,254,222,5,9.0,1,0
19750427,254,289,20,0.0,0,0
19750427,254,230,12,1.0,0,0
19750427,254,235,10,3.0,0,0
19750427,254,288,14,0.0,0,0
19750427,254,182,9,5.0,0,0
19750427,254,221,7,6.0,0,0
19750427,254,223,8,6.0,0,0
19750427,254,199,3,12.0,0,0
19750427,254,231,6,7.0,0,0
19750427,254,224,1,15.0,1,0
19750511,255,297,34,0.0,0,0
19750511,255,178,28,0.0,0,0
19750511,255,296,30,0.0,0,0
19750511,255,295,29,0.0,0,0
19750511,255,294,18,0.0,0,0
19750511,255,275,14,0.5,0,0
19750511,255,251,33,0.0,0,0
19750511,255,276,27,0.0,0,0
19750511,255,293,26,0.0,0,0
19750511,255,292,25,0.0,0,0
19750511,255,291,23,0.0,0,0
19750511,255,187,19,0.0,0,0
19750511,255,197,12,1.5,0,0
19750511,255,290,24,0.0,0,0
19750511,255,172,22,0.0,0,0
19750511,255,238,11,3.0,0,0
19750511,255,283,32,0.0,0,0
19750511,255,207,17,0.0,0,0
19750511,255,232,31,0.0,0,0
19750511,255,250,2,16.0,1,0
19750511,255,200,5,10.5,1,0
19750511,255,243,16,0.0,0,0
19750511,255,252,20,0.0,0,0
19750511,255,222,6,9.0,1,0
19750511,255,289,21,0.0,0,0
19750511,255,230,13,1.0,0,0
19750511,255,235,10,3.0,0,0
19750511,255,288,15,0.0,0,0
19750511,255,182,3,14.0,1,0
19750511,255,221,7,8.0,0,0
19750511,255,223,9,6.0,0,0
19750511,255,199,4,12.0,0,0
19750511,255,231,8,7.0,0,0
19750511,255,224,1,21.0,1,0
19750525,256,297,34,0.0,0,0
19750525,256,178,28,0.0,0,0
19750525,256,296,29,0.0,0,0
19750525,256,295,30,0.0,0,0
19750525,256,294,19,0.0,0,0
19750525,256,275,15,0.5,0,0
19750525,256,251,33,0.0,0,0
19750525,256,276,21,0.0,0,0
19750525,256,293,27,0.0,0,0
19750525,256,292,26,0.0,0,0
19750525,256,291,24,0.0,0,0
19750525,256,187,20,0.0,0,0
19750525,256,197,12,1.5,0,0
19750525,256,290,25,0.0,0,0
19750525,256,172,23,0.0,0,0
19750525,256,238,11,3.0,0,0
19750525,256,283,32,0.0,0,0
19750525,256,207,18,0.0,0,0
19750525,256,232,31,0.0,0,0
19750525,256,250,3,16.0,1,0
19750525,256,200,7,10.5,1,0
19750525,256,243,17,0.0,0,0
19750525,256,252,14,1.0,0,0
19750525,256,222,5,15.0,1,0
19750525,256,289,22,0.0,0,0
19750525,256,230,13,1.0,0,0
19750525,256,235,10,3.0,0,0
19750525,256,288,16,0.0,0,0
19750525,256,182,1,23.0,2,0
19750525,256,221,6,11.0,0,0
19750525,256,223,8,8.0,0,0
19750525,256,199,4,16.0,0,0
19750525,256,231,9,7.0,0,0
19750525,256,224,2,21.0,1,0
19750608,257,267,36,0.0,0,0
19750608,257,282,30,0.0,0,0
19750608,257,297,23,0.0,0,0
19750608,257,178,24,0.0,0,0
19750608,257,296,31,0.0,0,0
19750608,257,295,32,0.0,0,0
19750608,257,294,16,1.0,0,0
19750608,257,275,18,0.5,0,0
19750608,257,251,35,0.0,0,0
19750608,257,276,21,0.0,0,0
19750608,257,293,29,0.0,0,0
19750608,257,292,28,0.0,0,0
19750608,257,291,26,0.0,0,0
19750608,257,187,20,0.0,0,0
19750608,257,197,14,1.5,0,0
19750608,257,290,27,0.0,0,0
19750608,257,172,25,0.0,0,0
19750608,257,238,12,3.0,0,0
19750608,257,283,34,0.0,0,0
19750608,257,207,11,3.0,0,0
19750608,257,232,33,0.0,0,0
19750608,257,250,4,16.0,1,0
19750608,257,200,8,10.5,1,0
19750608,257,243,19,0.0,0,0
19750608,257,252,17,1.0,0,0
19750608,257,222,5,15.0,1,0
19750608,257,289,22,0.0,0,0
19750608,257,230,15,1.0,0,0
19750608,257,235,10,3.0,0,0
19750608,257,288,13,2.0,0,0
19750608,257,182,1,32.0,3,0
19750608,257,221,7,11.0,0,0
19750608,257,223,6,12.0,0,0
19750608,257,199,2,22.0,0,0
19750608,257,231,9,7.0,0,0
19750608,257,224,3,21.0,1,0
19750622,258,299,38,0.0,0,0
19750622,258,298,24,0.0,0,0
19750622,258,267,37,0.0,0,0
19750622,258,282,32,0.0,0,0
19750622,258,297,23,0.0,0,0
19750622,258,178,26,0.0,0,0
19750622,258,296,33,0.0,0,0
19750622,258,295,34,0.0,0,0
19750622,258,294,17,1.0,0,0
19750622,258,275,18,0.5,0,0
19750622,258,251,29,0.0,0,0
19750622,258,276,21,0.0,0,0
19750622,258,293,31,0.0,0,0
19750622,258,292,30,0.0,0,0
19750622,258,291,28,0.0,0,0
19750622,258,187,20,0.0,0,0
19750622,258,197,15,1.5,0,0
19750622,258,290,25,0.0,0,0
19750622,258,172,27,0.0,0,0
19750622,258,238,12,3.0,0,0
19750622,258,283,36,0.0,0,0
19750622,258,207,11,3.0,0,0
19750622,258,232,35,0.0,0,0
19750622,258,250,4,18.0,1,0
19750622,258,200,9,10.5,1,0
19750622,258,243,19,0.0,0,0
19750622,258,252,14,2.0,0,0
19750622,258,222,7,15.0,1,0
19750622,258,289,22,0.0,0,0
19750622,258,230,16,1.0,0,0
19750622,258,235,10,3.0,0,0
19750622,258,288,13,2.0,0,0
19750622,258,182,1,38.0,3,0
19750622,258,221,8,11.0,0,0
19750622,258,223,6,16.0,0,0
19750622,258,199,2,25.0,0,0
19750622,258,231,5,16.0,1,0
19750622,258,224,3,21.0,1,0
19750706,259,219,30,0.0,0,0
19750706,259,299,39,0.0,0,0
19750706,259,298,23,0.0,0,0
19750706,259,267,38,0.0,0,0
19750706,259,282,33,0.0,0,0
19750706,259,297,24,0.0,0,0
19750706,259,178,27,0.0,0,0
19750706,259,296,34,0.0,0,0
19750706,259,295,35,0.0,0,0
19750706,259,294,17,1.0,0,0
19750706,259,275,18,0.5,0,0
19750706,259,251,29,0.0,0,0
19750706,259,276,21,0.0,0,0
19750706,259,293,32,0.0,0,0
19750706,259,292,31,0.0,0,0
19750706,259,291,28,0.0,0,0
19750706,259,187,20,0.0,0,0
19750706,259,197,15,1.5,0,0
19750706,259,290,26,0.0,0,0
19750706,259,172,25,0.0,0,0
19750706,259,238,12,3.0,0,0
19750706,259,283,37,0.0,0,0
19750706,259,207,10,5.0,0,0
19750706,259,232,36,0.0,0,0
19750706,259,250,5,18.0,1,0
19750706,259,200,8,14.5,1,0
19750706,259,243,19,0.0,0,0
19750706,259,252,14,2.0,0,0
19750706,259,222,7,15.0,1,0
19750706,259,289,22,0.0,0,0
19750706,259,230,16,1.0,0,0
19750706,259,235,11,3.0,0,0
19750706,259,288,13,2.0,0,0
19750706,259,182,1,47.0,4,0
19750706,259,221,9,12.0,0,0
19750706,259,223,6,16.0,0,0
19750706,259,199,2,25.0,0,0
19750706,259,231,4,22.0,1,0
19750706,259,224,3,24.0,1,0
19750719,260,302,43,0.0,0,0
19750719,260,233,42,0.0,0,0
19750719,260,301,36,0.0,0,0
19750719,260,300,35,0.0,0,0
19750719,260,205,34,0.0,0,0
19750719,260,219,30,0.0,0,0
19750719,260,299,44,0.0,0,0
19750719,260,298,24,0.0,0,0
19750719,260,267,41,0.0,0,0
19750719,260,282,33,0.0,0,0
19750719,260,297,25,0.0,0,0
19750719,260,178,22,0.0,0,0
19750719,260,296,37,0.0,0,0
19750719,260,295,38,0.0,0,0
19750719,260,294,17,1.0,0,0
19750719,260,275,18,0.5,0,0
19750719,260,251,29,0.0,0,0
19750719,260,276,21,0.0,0,0
19750719,260,293,32,0.0,0,0
19750719,260,292,31,0.0,0,0
19750719,260,291,28,0.0,0,0
19750719,260,187,20,0.0,0,0
19750719,260,197,16,1.5,0,0
19750719,260,290,27,0.0,0,0
19750719,260,172,26,0.0,0,0
19750719,260,238,13,3.0,0,0
19750719,260,283,40,0.0,0,0
19750719,260,207,10,5.0,0,0
19750719,260,232,39,0.0,0,0
19750719,260,250,5,24.0,1,0
19750719,260,200,8,14.5,1,0
19750719,260,243,19,0.0,0,0
19750719,260,252,15,2.0,0,0
19750719,260,222,6,19.0,1,0
19750719,260,289,23,0.0,0,0
19750719,260,230,14,2.0,0,0
19750719,260,235,12,3.0,0,0
19750719,260,288,11,4.0,0,0
19750719,260,182,1,47.0,4,0
19750719,260,221,9,12.0,0,0
19750719,260,223,7,16.0,0,0
19750719,260,199,4,25.0,0,0
19750719,260,231,3,25.0,1,0
19750719,260,224,2,33.0,2,0
19750803,261,245,47,0.0,0,0
19750803,261,270,46,0.0,0,0
19750803,261,229,24,0.0,0,0
19750803,261,302,44,0.0,0,0
19750803,261,233,41,0.0,0,0
19750803,261,301,37,0.0,0,0
19750803,261,300,36,0.0,0,0
19750803,261,205,35,0.0,0,0
19750803,261,219,31,0.0,0,0
19750803,261,299,45,0.0,0,0
19750803,261,298,20,1.0,0,0
19750803,261,267,43,0.0,0,0
19750803,261,282,34,0.0,0,0
19750803,261,297,27,0.0,0,0
19750803,261,178,17,2.0,0,0
19750803,261,296,38,0.0,0,0
19750803,261,295,39,0.0,0,0
19750803,261,294,19,1.0,0,0
19750803,261,275,21,0.5,0,0
19750803,261,251,30,0.0,0,0
19750803,261,276,25,0.0,0,0
19750803,261,293,33,0.0,0,0
19750803,261,292,32,0.0,0,0
19750803,261,291,29,0.0,0,0
19750803,261,187,23,0.0,0,0
19750803,261,197,18,1.5,0,0
19750803,261,290,28,0.0,0,0
19750803,261,172,10,6.0,0,0
19750803,261,238,15,3.0,0,0
19750803,261,283,42,0.0,0,0
19750803,261,207,11,5.0,0,0
19750803,261,232,40,0.0,0,0
19750803,261,250,5,24.0,1,0
19750803,261,200,8,14.5,1,0
19750803,261,243,22,0.0,0,0
19750803,261,252,12,5.0,0,0
19750803,261,222,6,19.0,1,0
19750803,261,289,26,0.0,0,0
19750803,261,230,16,2.0,0,0
19750803,261,235,14,3.0,0,0
19750803,261,288,13,4.0,0,0
19750803,261,182,1,51.0,4,0
19750803,261,221,9,12.0,0,0
19750803,261,223,7,16.0,0,0
19750803,261,199,2,34.0,1,0
19750803,261,231,4,25.0,1,0
19750803,261,224,3,33.0,2,0
19750817,262,303,47,0.0,0,0
19750817,262,239,34,0.0,0,0
19750817,262,278,31,0.0,0,0
19750817,262,245,50,0.0,0,0
19750817,262,270,49,0.0,0,0
19750817,262,229,24,0.0,0,0
19750817,262,302,46,0.0,0,0
19750817,262,233,43,0.0,0,0
19750817,262,301,39,0.0,0,0
19750817,262,300,38,0.0,0,0
19750817,262,205,37,0.0,0,0
19750817,262,219,32,0.0,0,0
19750817,262,299,48,0.0,0,0
19750817,262,298,20,1.0,0,0
19750817,262,267,45,0.0,0,0
19750817,262,282,36,0.0,0,0
19750817,262,297,27,0.0,0,0
19750817,262,178,17,2.0,0,0
19750817,262,296,40,0.0,0,0
19750817,262,295,41,0.0,0,0
19750817,262,294,19,1.0,0,0
19750817,262,275,21,0.5,0,0
19750817,262,251,30,0.0,0,0
19750817,262,276,25,0.0,0,0
19750817,262,293,35,0.0,0,0
19750817,262,292,33,0.0,0,0
19750817,262,291,29,0.0,0,0
19750817,262,187,23,0.0,0,0
19750817,262,197,18,1.5,0,0
19750817,262,290,28,0.0,0,0
19750817,262,172,12,6.0,0,0
19750817,262,238,14,4.0,0,0
19750817,262,283,44,0.0,0,0
19750817,262,207,13,5.0,0,0
19750817,262,232,42,0.0,0,0
19750817,262,250,5,24.0,1,0
19750817,262,200,7,16.0,1,0
19750817,262,243,22,0.0,0,0
19750817,262,252,10,7.0,0,0
19750817,262,222,6,19.0,1,0
19750817,262,289,26,0.0,0,0
19750817,262,230,11,6.5,1,0
19750817,262,235,16,3.0,0,0
19750817,262,288,15,4.0,0,0
19750817,262,182,1,51.5,4,0
19750817,262,221,9,12.0,0,0
19750817,262,223,8,16.0,0,0
19750817,262,199,2,34.0,1,0
19750817,262,231,4,28.0,1,0
19750817,262,224,3,33.0,2,0
19750907,263,254,39,0.0,0,0
19750907,263,303,48,0.0,0,0
19750907,263,239,27,0.0,0,0
19750907,263,278,32,0.0,0,0
19750907,263,245,51,0.0,0,0
19750907,263,270,50,0.0,0,0
19750907,263,229,23,0.0,0,0
19750907,263,302,35,0.0,0,0
19750907,263,233,45,0.0,0,0
19750907,263,301,42,0.0,0,0
19750907,263,300,41,0.0,0,0
19750907,263,205,40,0.0,0,0
19750907,263,219,34,0.0,0,0
19750907,263,299,49,0.0,0,0
19750907,263,298,20,1.0,0,0
19750907,263,267,47,0.0,0,0
19750907,263,282,38,0.0,0,0
19750907,263,297,28,0.0,0,0
19750907,263,178,17,2.0,0,0
19750907,263,296,43,0.0,0,0
19750907,263,295,44,0.0,0,0
19750907,263,294,19,1.0,0,0
19750907,263,275,21,0.5,0,0
19750907,263,251,33,0.0,0,0
19750907,263,276,25,0.0,0,0
19750907,263,293,37,0.0,0,0
19750907,263,292,36,0.0,0,0
19750907,263,291,31,0.0,0,0
19750907,263,187,24,0.0,0,0
19750907,263,197,18,1.5,0,0
19750907,263,290,29,0.0,0,0
19750907,263,172,12,6.0,0,0
19750907,263,238,14,4.0,0,0
19750907,263,283,46,0.0,0,0
19750907,263,207,13,5.0,0,0
19750907,263,232,30,0.0,0,0
19750907,263,250,6,24.0,1,0
19750907,263,200,8,16.0,1,0
19750907,263,243,22,0.0,0,0
19750907,263,252,10,8.0,0,0
19750907,263,222,7,19.0,1,0
19750907,263,289,26,0.0,0,0
19750907,263,230,11,6.5,1,0
19750907,263,235,16,3.0,0,0
19750907,263,288,15,4.0,0,0
19750907,263,182,1,55.5,4,0
19750907,263,221,9,12.0,0,0
19750907,263,223,5,25.0,1,0
19750907,263,199,3,37.0,1,0
19750907,263,231,4,30.0,1,0
19750907,263,224,2,39.0,2,0
19751005,264,277,47,0.0,0,1
19751005,264,254,40,0.0,0,1
19751005,264,303,49,0.0,0,1
19751005,264,239,29,0.0,0,1
19751005,264,278,33,0.0,0,1
19751005,264,245,52,0.0,0,1
19751005,264,270,51,0.0,0,1
19751005,264,229,24,0.0,0,1
19751005,264,302,36,0.0,0,1
19751005,264,233,25,0.0,0,1
19751005,264,301,43,0.0,0,1
19751005,264,300,42,0.0,0,1
19751005,264,205,41,0.0,0,1
19751005,264,219,35,0.0,0,1
19751005,264,299,50,0.0,0,1
19751005,264,298,20,1.0,0,1
19751005,264,267,48,0.0,0,1
19751005,264,282,39,0.0,0,1
19751005,264,297,30,0.0,0,1
19751005,264,178,17,2.0,0,1
19751005,264,296,44,0.0,0,1
19751005,264,295,45,0.0,0,1
19751005,264,294,19,1.0,0,1
19751005,264,275,21,0.5,0,1
19751005,264,251,34,0.0,0,1
19751005,264,276,26,0.0,0,1
19751005,264,293,38,0.0,0,1
19751005,264,292,37,0.0,0,1
19751005,264,291,32,0.0,0,1
19751005,264,187,23,0.0,0,1
19751005,264,197,18,1.5,0,1
19751005,264,290,27,0.0,0,1
19751005,264,172,12,6.0,0,1
19751005,264,238,13,6.0,0,1
19751005,264,283,46,0.0,0,1
19751005,264,207,14,5.0,0,1
19751005,264,232,31,0.0,0,1
19751005,264,250,6,24.0,1,1
19751005,264,200,8,20.0,1,1
19751005,264,243,22,0.0,0,1
19751005,264,252,10,8.0,0,1
19751005,264,222,7,20.0,1,1
19751005,264,289,28,0.0,0,1
19751005,264,230,11,6.5,1,1
19751005,264,235,16,3.0,0,1
19751005,264,288,15,4.0,0,1
19751005,264,182,1,64.5,5,1
19751005,264,221,9,12.0,0,1
19751005,264,223,5,25.0,1,1
19751005,264,199,3,37.0,1,1
19751005,264,231,4,33.0,1,1
19751005,264,224,2,45.0,2,1
19740113,236,197,25,0.0,0,0
19740113,236,309,24,0.0,0,0
19740113,236,200,23,0.0,0,0
19740113,236,231,22,0.0,0,0
19740113,236,232,21,0.0,0,0
19740113,236,250,20,0.0,0,0
19740113,236,222,19,0.0,0,0
19740113,236,296,18,0.0,0,0
19740113,236,233,17,0.0,0,0
19740113,236,308,16,0.0,0,0
19740113,236,235,15,0.0,0,0
19740113,236,289,14,0.0,0,0
19740113,236,238,13,0.0,0,0
19740113,236,187,12,0.0,0,0
19740113,236,265,11,0.0,0,0
19740113,236,224,10,0.0,0,0
19740113,236,280,9,0.0,0,0
19740113,236,307,8,0.0,0,0
19740113,236,199,7,0.0,0,0
19740113,236,221,6,1.0,0,0
19740113,236,306,5,2.0,0,0
19740113,236,305,4,3.0,0,0
19740113,236,223,3,4.0,0,0
19740113,236,182,2,6.0,0,0
19740113,236,304,1,9.0,1,0
19740127,237,197,23,0.0,0,0
19740127,237,309,25,0.0,0,0
19740127,237,200,21,0.0,0,0
19740127,237,231,14,0.0,0,0
19740127,237,232,24,0.0,0,0
19740127,237,250,7,3.0,0,0
19740127,237,222,18,0.0,0,0
19740127,237,296,20,0.0,0,0
19740127,237,233,22,0.0,0,0
19740127,237,308,19,0.0,0,0
19740127,237,235,6,4.0,0,0
19740127,237,289,15,0.0,0,0
19740127,237,238,10,1.0,0,0
19740127,237,187,17,0.0,0,0
19740127,237,265,16,0.0,0,0
19740127,237,224,2,9.0,1,0
19740127,237,280,13,0.0,0,0
19740127,237,307,12,0.0,0,0
19740127,237,199,11,0.0,0,0
19740127,237,221,9,1.0,0,0
19740127,237,306,8,2.0,0,0
19740127,237,305,5,5.0,0,0
19740127,237,223,1,10.0,0,0
19740127,237,182,4,6.0,0,0
19740127,237,304,3,9.0,1,0
19740330,238,311,31,0.0,0,0
19740330,238,310,30,0.0,0,0
19740330,238,293,27,0.0,0,0
19740330,238,292,23,0.0,0,0
19740330,238,251,22,0.0,0,0
19740330,238,230,18,0.0,0,0
19740330,238,197,28,0.0,0,0
19740330,238,309,29,0.0,0,0
19740330,238,200,26,0.0,0,0
19740330,238,231,17,0.0,0,0
19740330,238,232,13,1.0,0,0
19740330,238,250,10,3.0,0,0
19740330,238,222,14,0.0,0,0
19740330,238,296,24,0.0,0,0
19740330,238,233,11,2.0,0,0
19740330,238,308,25,0.0,0,0
19740330,238,235,8,4.0,0,0
19740330,238,289,19,0.0,0,0
19740330,238,238,12,1.0,0,0
19740330,238,187,21,0.0,0,0
19740330,238,265,20,0.0,0,0
19740330,238,224,3,9.0,1,0
19740330,238,280,16,0.0,0,0
19740330,238,307,15,0.0,0,0
19740330,238,199,2,9.0,1,0
19740330,238,221,9,4.0,0,0
19740330,238,306,6,8.0,0,0
19740330,238,305,5,9.0,0,0
19740330,238,223,1,10.0,0,0
19740330,238,182,7,6.0,0,0
19740330,238,304,4,9.0,1,0
19740428,239,313,33,0.0,0,0
19740428,239,278,32,0.0,0,0
19740428,239,314,25,0.0,0,0
19740428,239,312,15,0.0,0,0
19740428,239,311,35,0.0,0,0
19740428,239,310,34,0.0,0,0
19740428,239,293,29,0.0,0,0
19740428,239,292,24,0.0,0,0
19740428,239,251,23,0.0,0,0
19740428,239,230,19,0.0,0,0
19740428,239,197,30,0.0,0,0
19740428,239,309,31,0.0,0,0
19740428,239,200,28,0.0,0,0
19740428,239,231,17,0.0,0,0
19740428,239,232,14,1.0,0,0
19740428,239,250,11,3.0,0,0
19740428,239,222,12,2.0,0,0
19740428,239,296,26,0.0,0,0
19740428,239,233,8,5.0,0,0
19740428,239,308,27,0.0,0,0
19740428,239,235,9,4.0,0,0
19740428,239,289,20,0.0,0,0
19740428,239,238,13,1.0,0,0
19740428,239,187,21,0.0,0,0
19740428,239,265,22,0.0,0,0
19740428,239,224,3,13.0,1,0
19740428,239,280,18,0.0,0,0
19740428,239,307,16,0.0,0,0
19740428,239,199,5,9.0,1,0
19740428,239,221,10,4.0,0,0
19740428,239,306,7,8.0,0,0
19740428,239,305,6,9.0,0,0
19740428,239,223,1,16.0,0,0
19740428,239,182,2,15.0,1,0
19740428,239,304,4,10.0,1,0
19740512,240,316,41,0.0,0,0
19740512,240,315,39,0.0,0,0
19740512,240,252,34,0.0,0,0
19740512,240,269,32,0.0,0,0
19740512,240,267,30,0.0,0,0
19740512,240,298,27,0.0,0,0
19740512,240,313,37,0.0,0,0
19740512,240,278,36,0.0,0,0
19740512,240,314,21,0.0,0,0
19740512,240,312,15,0.0,0,0
19740512,240,311,40,0.0,0,0
19740512,240,310,38,0.0,0,0
19740512,240,293,33,0.0,0,0
19740512,240,292,26,0.0,0,0
19740512,240,251,25,0.0,0,0
19740512,240,230,19,0.0,0,0
19740512,240,197,24,0.0,0,0
19740512,240,309,35,0.0,0,0
19740512,240,200,31,0.0,0,0
19740512,240,231,18,0.0,0,0
19740512,240,232,14,1.0,0,0
19740512,240,250,12,3.0,0,0
19740512,240,222,8,6.0,0,0
19740512,240,296,28,0.0,0,0
19740512,240,233,9,5.0,0,0
19740512,240,308,29,0.0,0,0
19740512,240,235,10,4.0,0,0
19740512,240,289,16,0.0,0,0
19740512,240,238,13,1.0,0,0
19740512,240,187,22,0.0,0,0
19740512,240,265,23,0.0,0,0
19740512,240,224,1,22.0,2,0
19740512,240,280,20,0.0,0,0
19740512,240,307,17,0.0,0,0
19740512,240,199,6,9.0,1,0
19740512,240,221,11,4.0,0,0
19740512,240,306,5,10.0,0,0
19740512,240,305,7,9.0,0,0
19740512,240,223,3,19.0,0,0
19740512,240,182,2,21.0,1,0
19740512,240,304,4,11.0,1,0
19740526,241,316,41,0.0,0,0
19740526,241,315,39,0.0,0,0
19740526,241,252,34,0.0,0,0
19740526,241,269,32,0.0,0,0
19740526,241,267,30,0.0,0,0
19740526,241,298,27,0.0,0,0
19740526,241,313,37,0.0,0,0
19740526,241,278,36,0.0,0,0
19740526,241,314,24,0.0,0,0
19740526,241,312,18,0.0,0,0
19740526,241,311,40,0.0,0,0
19740526,241,310,38,0.0,0,0
19740526,241,293,33,0.0,0,0
19740526,241,292,26,0.0,0,0
19740526,241,251,25,0.0,0,0
19740526,241,230,22,0.0,0,0
19740526,241,197,11,4.0,0,0
19740526,241,309,35,0.0,0,0
19740526,241,200,31,0.0,0,0
19740526,241,231,21,0.0,0,0
19740526,241,232,16,1.0,0,0
19740526,241,250,14,3.0,0,0
19740526,241,222,4,12.0,0,0
19740526,241,296,28,0.0,0,0
19740526,241,233,10,5.0,0,0
19740526,241,308,29,0.0,0,0
19740526,241,235,12,4.0,0,0
19740526,241,289,17,0.0,0,0
19740526,241,238,6,10.0,1,0
19740526,241,187,15,1.0,0,0
19740526,241,265,19,0.0,0,0
19740526,241,224,1,24.0,2,0
19740526,241,280,23,0.0,0,0
19740526,241,307,20,0.0,0,0
19740526,241,199,8,9.0,1,0
19740526,241,221,13,4.0,0,0
19740526,241,306,7,10.0,0,0
19740526,241,305,9,9.0,0,0
19740526,241,223,2,22.0,0,0
19740526,241,182,3,21.0,1,0
19740526,241,304,5,11.0,1,0
19740609,242,318,43,0.0,0,0
19740609,242,317,36,0.0,0,0
19740609,242,316,40,0.0,0,0
19740609,242,315,42,0.0,0,0
19740609,242,252,37,0.0,0,0
19740609,242,269,34,0.0,0,0
19740609,242,267,32,0.0,0,0
19740609,242,298,29,0.0,0,0
19740609,242,313,25,0.0,0,0
19740609,242,278,39,0.0,0,0
19740609,242,314,26,0.0,0,0
19740609,242,312,20,0.0,0,0
19740609,242,311,22,0.0,0,0
19740609,242,310,41,0.0,0,0
19740609,242,293,35,0.0,0,0
19740609,242,292,28,0.0,0,0
19740609,242,251,27,0.0,0,0
19740609,242,230,23,0.0,0,0
19740609,242,197,11,6.0,0,0
19740609,242,309,38,0.0,0,0
19740609,242,200,33,0.0,0,0
19740609,242,231,13,4.0,0,0
19740609,242,232,18,1.0,0,0
19740609,242,250,15,3.0,0,0
19740609,242,222,4,21.0,1,0
19740609,242,296,30,0.0,0,0
19740609,242,233,12,5.0,0,0
19740609,242,308,31,0.0,0,0
19740609,242,235,14,4.0,0,0
19740609,242,289,16,1.0,0,0
19740609,242,238,6,10.0,1,0
19740609,242,187,17,1.0,0,0
19740609,242,265,19,0.0,0,0
19740609,242,224,1,27.0,2,0
19740609,242,280,24,0.0,0,0
19740609,242,307,21,0.0,0,0
19740609,242,199,9,9.0,1,0
19740609,242,221,7,10.0,0,0
19740609,242,306,8,10.0,0,0
19740609,242,305,10,9.0,0,0
19740609,242,223,2,22.0,0,0
19740609,242,182,3,21.0,1,0
19740609,242,304,5,11.0,1,0
19740623,243,318,43,0.0,0,0
19740623,243,317,36,0.0,0,0
19740623,243,316,40,0.0,0,0
19740623,243,315,42,0.0,0,0
19740623,243,252,37,0.0,0,0
19740623,243,269,34,0.0,0,0
19740623,243,267,32,0.0,0,0
19740623,243,298,28,0.0,0,0
19740623,243,313,23,0.0,0,0
19740623,243,278,39,0.0,0,0
19740623,243,314,26,0.0,0,0
19740623,243,312,20,0.0,0,0
19740623,243,311,22,0.0,0,0
19740623,243,310,41,0.0,0,0
19740623,243,293,35,0.0,0,0
19740623,243,292,29,0.0,0,0
19740623,243,251,27,0.0,0,0
19740623,243,230,24,0.0,0,0
19740623,243,197,11,6.0,0,0
19740623,243,309,38,0.0,0,0
19740623,243,200,33,0.0,0,0
19740623,243,231,13,4.0,0,0
19740623,243,232,18,1.0,0,0
19740623,243,250,15,3.0,0,0
19740623,243,222,4,23.0,1,0
19740623,243,296,30,0.0,0,0
19740623,243,233,12,5.0,0,0
19740623,243,308,31,0.0,0,0
19740623,243,235,14,4.0,0,0
19740623,243,289,16,1.0,0,0
19740623,243,238,8,10.0,1,0
19740623,243,187,17,1.0,0,0
19740623,243,265,19,0.0,0,0
19740623,243,224,1,31.0,2,0
19740623,243,280,25,0.0,0,0
19740623,243,307,21,0.0,0,0
19740623,243,199,10,9.0,1,0
19740623,243,221,7,11.0,0,0
19740623,243,306,9,10.0,0,0
19740623,243,305,5,12.0,0,0
19740623,243,223,3,28.0,0,0
19740623,243,182,2,30.0,2,0
19740623,243,304,6,11.0,1,0
19740707,244,319,45,0.0,0,0
19740707,244,219,44,0.0,0,0
19740707,244,318,43,0.0,0,0
19740707,244,317,36,0.0,0,0
19740707,244,316,40,0.0,0,0
19740707,244,315,41,0.0,0,0
19740707,244,252,37,0.0,0,0
19740707,244,269,34,0.0,0,0
19740707,244,267,32,0.0,0,0
19740707,244,298,29,0.0,0,0
19740707,244,313,23,0.0,0,0
19740707,244,278,39,0.0,0,0
19740707,244,314,26,0.0,0,0
19740707,244,312,20,0.0,0,0
19740707,244,311,22,0.0,0,0
19740707,244,310,42,0.0,0,0
19740707,244,293,35,0.0,0,0
19740707,244,292,30,0.0,0,0
19740707,244,251,27,0.0,0,0
19740707,244,230,24,0.0,0,0
19740707,244,197,12,6.0,0,0
19740707,244,309,38,0.0,0,0
19740707,244,200,33,0.0,0,0
19740707,244,231,14,4.0,0,0
19740707,244,232,18,1.0,0,0
19740707,244,250,15,3.0,0,0
19740707,244,222,4,26.0,1,0
19740707,244,296,28,0.0,0,0
19740707,244,233,13,5.0,0,0
19740707,244,308,31,0.0,0,0
19740707,244,235,11,6.0,0,0
19740707,244,289,16,1.0,0,0
19740707,244,238,5,19.0,2,0
19740707,244,187,17,1.0,0,0
19740707,244,265,19,0.0,0,0
19740707,244,224,3,31.0,2,0
19740707,244,280,25,0.0,0,0
19740707,244,307,21,0.0,0,0
19740707,244,199,10,9.0,1,0
19740707,244,221,8,11.0,0,0
19740707,244,306,9,10.0,0,0
19740707,244,305,7,12.0,0,0
19740707,244,223,2,32.0,0,0
19740707,244,182,1,36.0,2,0
19740707,244,304,6,12.0,1,0
19740720,245,283,51,0.0,0,0
19740720,245,300,50,0.0,0,0
19740720,245,275,49,0.0,0,0
19740720,245,321,47,0.0,0,0
19740720,245,259,46,0.0,0,0
19740720,245,320,43,0.0,0,0
19740720,245,319,48,0.0,0,0
19740720,245,219,45,0.0,0,0
19740720,245,318,44,0.0,0,0
19740720,245,317,37,0.0,0,0
19740720,245,316,40,0.0,0,0
19740720,245,315,41,0.0,0,0
19740720,245,252,21,0.0,0,0
19740720,245,269,35,0.0,0,0
19740720,245,267,34,0.0,0,0
19740720,245,298,31,0.0,0,0
19740720,245,313,24,0.0,0,0
19740720,245,278,39,0.0,0,0
19740720,245,314,27,0.0,0,0
19740720,245,312,20,0.0,0,0
19740720,245,311,23,0.0,0,0
19740720,245,310,42,0.0,0,0
19740720,245,293,36,0.0,0,0
19740720,245,292,32,0.0,0,0
19740720,245,251,28,0.0,0,0
19740720,245,230,25,0.0,0,0
19740720,245,197,12,6.0,0,0
19740720,245,309,38,0.0,0,0
19740720,245,200,30,0.0,0,0
19740720,245,231,14,4.0,0,0
19740720,245,232,18,1.0,0,0
19740720,245,250,15,3.0,0,0
19740720,245,222,3,35.0,2,0
19740720,245,296,29,0.0,0,0
19740720,245,233,13,5.0,0,0
19740720,245,308,33,0.0,0,0
19740720,245,235,11,10.0,0,0
19740720,245,289,16,1.0,0,0
19740720,245,238,5,19.0,2,0
19740720,245,187,17,1.0,0,0
19740720,245,265,19,0.0,0,0
19740720,245,224,2,37.0,2,0
19740720,245,280,26,0.0,0,0
19740720,245,307,22,0.0,0,0
19740720,245,199,9,10.0,1,0
19740720,245,221,8,11.0,0,0
19740720,245,306,10,10.0,0,0
19740720,245,305,7,12.0,0,0
19740720,245,223,4,35.0,0,0
19740720,245,182,1,38.0,2,0
19740720,245,304,6,12.0,1,0
19740804,246,256,52,0.0,0,0
19740804,246,172,43,0.0,0,0
19740804,246,270,33,0.0,0,0
19740804,246,283,54,0.0,0,0
19740804,246,300,53,0.0,0,0
19740804,246,275,51,0.0,0,0
19740804,246,321,28,0.0,0,0
19740804,246,259,49,0.0,0,0
19740804,246,320,46,0.0,0,0
19740804,246,319,50,0.0,0,0
19740804,246,219,48,0.0,0,0
19740804,246,318,47,0.0,0,0
19740804,246,317,39,0.0,0,0
19740804,246,316,42,0.0,0,0
19740804,246,315,44,0.0,0,0
19740804,246,252,18,1.0,0,0
19740804,246,269,37,0.0,0,0
19740804,246,267,36,0.0,0,0
19740804,246,298,32,0.0,0,0
19740804,246,313,24,0.0,0,0
19740804,246,278,41,0.0,0,0
19740804,246,314,27,0.0,0,0
19740804,246,312,21,0.0,0,0
19740804,246,311,23,0.0,0,0
19740804,246,310,45,0.0,0,0
19740804,246,293,38,0.0,0,0
19740804,246,292,34,0.0,0,0
19740804,246,251,29,0.0,0,0
19740804,246,230,25,0.0,0,0
19740804,246,197,12,6.0,0,0
19740804,246,309,40,0.0,0,0
19740804,246,200,31,0.0,0,0
19740804,246,231,14,4.0,0,0
19740804,246,232,19,1.0,0,0
19740804,246,250,15,3.0,0,0
19740804,246,222,2,41.0,2,0
19740804,246,296,30,0.0,0,0
19740804,246,233,13,5.0,0,0
19740804,246,308,35,0.0,0,0
19740804,246,235,8,12.0,0,0
19740804,246,289,16,1.0,0,0
19740804,246,238,5,22.0,2,0
19740804,246,187,17,1.0,0,0
19740804,246,265,20,0.0,0,0
19740804,246,224,4,37.0,2,0
19740804,246,280,26,0.0,0,0
19740804,246,307,22,0.0,0,0
19740804,246,199,6,14.0,1,0
19740804,246,221,10,11.0,0,0
19740804,246,306,11,10.0,0,0
19740804,246,305,9,12.0,0,0
19740804,246,223,1,44.0,1,0
19740804,246,182,3,38.0,2,0
19740804,246,304,7,12.0,1,0
19740818,247,324,57,0.0,0,0
19740818,247,243,46,0.0,0,0
19740818,247,323,28,0.0,0,0
19740818,247,322,23,0.0,0,0
19740818,247,256,56,0.0,0,0
19740818,247,172,42,0.0,0,0
19740818,247,270,34,0.0,0,0
19740818,247,283,54,0.0,0,0
19740818,247,300,58,0.0,0,0
19740818,247,275,55,0.0,0,0
19740818,247,321,30,0.0,0,0
19740818,247,259,52,0.0,0,0
19740818,247,320,49,0.0,0,0
19740818,247,319,53,0.0,0,0
19740818,247,219,51,0.0,0,0
19740818,247,318,50,0.0,0,0
19740818,247,317,41,0.0,0,0
19740818,247,316,44,0.0,0,0
19740818,247,315,47,0.0,0,0
19740818,247,252,18,1.0,0,0
19740818,247,269,39,0.0,0,0
19740818,247,267,38,0.0,0,0
19740818,247,298,35,0.0,0,0
19740818,247,313,26,0.0,0,0
19740818,247,278,45,0.0,0,0
19740818,247,314,29,0.0,0,0
19740818,247,312,22,0.0,0,0
19740818,247,311,25,0.0,0,0
19740818,247,310,48,0.0,0,0
19740818,247,293,40,0.0,0,0
19740818,247,292,36,0.0,0,0
19740818,247,251,31,0.0,0,0
19740818,247,230,19,1.0,0,0
19740818,247,197,13,6.0,0,0
19740818,247,309,43,0.0,0,0
19740818,247,200,33,0.0,0,0
19740818,247,231,12,8.0,0,0
19740818,247,232,20,1.0,0,0
19740818,247,250,16,3.0,0,0
19740818,247,222,2,41.0,2,0
19740818,247,296,32,0.0,0,0
19740818,247,233,14,5.0,0,0
19740818,247,308,37,0.0,0,0
19740818,247,235,8,12.0,0,0
19740818,247,289,17,1.0,0,0
19740818,247,238,6,22.0,2,0
19740818,247,187,15,4.0,0,0
19740818,247,265,21,0.0,0,0
19740818,247,224,4,37.0,2,0
19740818,247,280,27,0.0,0,0
19740818,247,307,24,0.0,0,0
19740818,247,199,5,23.0,2,0
19740818,247,221,10,11.0,0,0
19740818,247,306,11,10.0,0,0
19740818,247,305,9,12.0,0,0
19740818,247,223,1,46.0,1,0
19740818,247,182,3,38.0,2,0
19740818,247,304,7,18.0,1,0
19740908,248,325,54,0.0,0,0
19740908,248,324,58,0.0,0,0
19740908,248,243,42,0.0,0,0
19740908,248,323,28,0.0,0,0
19740908,248,322,22,0.0,0,0
19740908,248,256,57,0.0,0,0
19740908,248,172,43,0.0,0,0
19740908,248,270,34,0.0,0,0
19740908,248,283,55,0.0,0,0
19740908,248,300,59,0.0,0,0
19740908,248,275,56,0.0,0,0
19740908,248,321,30,0.0,0,0
19740908,248,259,53,0.0,0,0
19740908,248,320,49,0.0,0,0
19740908,248,319,51,0.0,0,0
19740908,248,219,52,0.0,0,0
19740908,248,318,50,0.0,0,0
19740908,248,317,41,0.0,0,0
19740908,248,316,45,0.0,0,0
19740908,248,315,47,0.0,0,0
19740908,248,252,19,1.0,0,0
19740908,248,269,39,0.0,0,0
19740908,248,267,38,0.0,0,0
19740908,248,298,35,0.0,0,0
19740908,248,313,26,0.0,0,0
19740908,248,278,46,0.0,0,0
19740908,248,314,29,0.0,0,0
19740908,248,312,23,0.0,0,0
19740908,248,311,25,0.0,0,0
19740908,248,310,48,0.0,0,0
19740908,248,293,40,0.0,0,0
19740908,248,292,36,0.0,0,0
19740908,248,251,31,0.0,0,0
19740908,248,230,20,1.0,0,0
19740908,248,197,13,6.0,0,0
19740908,248,309,44,0.0,0,0
19740908,248,200,33,0.0,0,0
19740908,248,231,12,8.0,0,0
19740908,248,232,17,4.0,0,0
19740908,248,250,15,5.0,0,0
19740908,248,222,2,45.0,2,0
19740908,248,296,32,0.0,0,0
19740908,248,233,14,5.0,0,0
19740908,248,308,37,0.0,0,0
19740908,248,235,8,12.0,0,0
19740908,248,289,18,1.0,0,0
19740908,248,238,5,31.0,3,0
19740908,248,187,16,4.0,0,0
19740908,248,265,21,0.0,0,0
19740908,248,224,3,43.0,2,0
19740908,248,280,27,0.0,0,0
19740908,248,307,24,0.0,0,0
19740908,248,199,6,23.0,2,0
19740908,248,221,10,11.0,0,0
19740908,248,306,11,10.0,0,0
19740908,248,305,9,12.0,0,0
19740908,248,223,1,46.0,1,0
19740908,248,182,4,38.0,2,0
19740908,248,304,7,19.0,1,0
19740922,249,326,54,0.0,0,0
19740922,249,288,34,0.0,0,0
19740922,249,207,24,0.0,0,0
19740922,249,325,58,0.0,0,0
19740922,249,324,31,0.0,0,0
19740922,249,243,32,0.0,0,0
19740922,249,323,29,0.0,0,0
19740922,249,322,22,0.0,0,0
19740922,249,256,61,0.0,0,0
19740922,249,172,42,0.0,0,0
19740922,249,270,38,0.0,0,0
19740922,249,283,59,0.0,0,0
19740922,249,300,62,0.0,0,0
19740922,249,275,60,0.0,0,0
19740922,249,321,33,0.0,0,0
19740922,249,259,57,0.0,0,0
19740922,249,320,52,0.0,0,0
19740922,249,319,55,0.0,0,0
19740922,249,219,56,0.0,0,0
19740922,249,318,53,0.0,0,0
19740922,249,317,46,0.0,0,0
19740922,249,316,49,0.0,0,0
19740922,249,315,50,0.0,0,0
19740922,249,252,19,1.0,0,0
19740922,249,269,44,0.0,0,0
19740922,249,267,43,0.0,0,0
19740922,249,298,39,0.0,0,0
19740922,249,313,27,0.0,0,0
19740922,249,278,47,0.0,0,0
19740922,249,314,30,0.0,0,0
19740922,249,312,23,0.0,0,0
19740922,249,311,26,0.0,0,0
19740922,249,310,51,0.0,0,0
19740922,249,293,45,0.0,0,0
19740922,249,292,40,0.0,0,0
19740922,249,251,35,0.0,0,0
19740922,249,230,20,1.0,0,0
19740922,249,197,13,6.0,0,0
19740922,249,309,48,0.0,0,0
19740922,249,200,37,0.0,0,0
19740922,249,231,11,11.0,0,0
19740922,249,232,17,4.0,0,0
19740922,249,250,15,5.0,0,0
19740922,249,222,3,45.0,2,0
19740922,249,296,36,0.0,0,0
19740922,249,233,14,5.0,0,0
19740922,249,308,41,0.0,0,0
19740922,249,235,9,12.0,0,0
19740922,249,289,18,1.0,0,0
19740922,249,238,5,35.0,3,0
19740922,249,187,16,4.0,0,0
19740922,249,265,21,0.0,0,0
19740922,249,224,1,52.0,3,0
19740922,249,280,28,0.0,0,0
19740922,249,307,25,0.0,0,0
19740922,249,199,6,23.0,2,0
19740922,249,221,8,13.0,0,0
19740922,249,306,12,10.0,0,0
19740922,249,305,10,12.0,0,0
19740922,249,223,2,52.0,1,0
19740922,249,182,4,38.0,2,0
19740922,249,304,7,20.0,1,0
19741006,250,326,56,0.0,0,1
19741006,250,288,36,0.0,0,1
19741006,250,207,25,0.0,0,1
19741006,250,325,59,0.0,0,1
19741006,250,324,33,0.0,0,1
19741006,250,243,34,0.0,0,1
19741006,250,323,31,0.0,0,1
19741006,250,322,22,0.0,0,1
19741006,250,256,61,0.0,0,1
19741006,250,172,43,0.0,0,1
19741006,250,270,39,0.0,0,1
19741006,250,283,47,0.0,0,1
19741006,250,300,62,0.0,0,1
19741006,250,275,60,0.0,0,1
19741006,250,321,35,0.0,0,1
19741006,250,259,58,0.0,0,1
19741006,250,320,54,0.0,0,1
19741006,250,319,49,0.0,0,1
19741006,250,219,57,0.0,0,1
19741006,250,318,55,0.0,0,1
19741006,250,317,48,0.0,0,1
19741006,250,316,51,0.0,0,1
19741006,250,315,52,0.0,0,1
19741006,250,252,19,1.0,0,1
19741006,250,269,45,0.0,0,1
19741006,250,267,44,0.0,0,1
19741006,250,298,40,0.0,0,1
19741006,250,313,28,0.0,0,1
19741006,250,278,30,0.0,0,1
19741006,250,314,32,0.0,0,1
19741006,250,312,24,0.0,0,1
19741006,250,311,27,0.0,0,1
19741006,250,310,53,0.0,0,1
19741006,250,293,46,0.0,0,1
19741006,250,292,41,0.0,0,1
19741006,250,251,37,0.0,0,1
19741006,250,230,20,1.0,0,1
19741006,250,197,14,6.0,0,1
19741006,250,309,50,0.0,0,1
19741006,250,200,23,0.0,0,1
19741006,250,231,8,15.0,0,1
19741006,250,232,17,4.0,0,1
19741006,250,250,12,11.0,0,1
19741006,250,222,3,45.0,2,1
19741006,250,296,38,0.0,0,1
19741006,250,233,16,5.0,0,1
19741006,250,308,42,0.0,0,1
19741006,250,235,10,12.0,0,1
19741006,250,289,18,1.0,0,1
19741006,250,238,5,35.0,3,1
19741006,250,187,15,6.0,0,1
19741006,250,265,21,0.0,0,1
19741006,250,224,1,55.0,3,1
19741006,250,280,29,0.0,0,1
19741006,250,307,26,0.0,0,1
19741006,250,199,6,32.0,3,1
19741006,250,221,9,14.0,0,1
19741006,250,306,13,10.0,0,1
19741006,250,305,11,12.0,0,1
19741006,250,223,2,52.0,1,1
19741006,250,182,4,38.0,2,1
19741006,250,304,7,20.0,1,1
19730128,221,330,19,0.0,0,0
19730128,221,250,18,0.0,0,0
19730128,221,305,17,0.0,0,0
19730128,221,199,16,0.0,0,0
19730128,221,182,15,0.0,0,0
19730128,221,238,14,0.0,0,0
19730128,221,307,13,0.0,0,0
19730128,221,306,12,0.0,0,0
19730128,221,197,11,0.0,0,0
19730128,221,329,10,0.0,0,0
19730128,221,232,9,0.0,0,0
19730128,221,309,8,0.0,0,0
19730128,221,223,7,0.0,0,0
19730128,221,290,6,1.0,0,0
19730128,221,304,5,2.0,0,0
19730128,221,235,4,3.0,0,0
19730128,221,328,3,4.0,0,0
19730128,221,327,2,6.0,0,0
19730128,221,224,1,9.0,1,0
19730211,222,331,15,0.0,0,0
19730211,222,330,12,0.0,0,0
19730211,222,250,19,0.0,0,0
19730211,222,305,20,0.0,0,0
19730211,222,199,14,0.0,0,0
19730211,222,182,10,0.0,0,0
19730211,222,238,18,0.0,0,0
19730211,222,307,9,0.0,0,0
19730211,222,306,17,0.0,0,0
19730211,222,197,16,0.0,0,0
19730211,222,329,13,0.0,0,0
19730211,222,232,6,3.0,0,0
19730211,222,309,11,0.0,0,0
19730211,222,223,7,1.0,0,0
19730211,222,290,8,1.0,0,0
19730211,222,304,4,6.0,0,0
19730211,222,235,5,5.0,0,0
19730211,222,328,2,10.0,0,0
19730211,222,327,3,6.0,0,0
19730211,222,224,1,18.0,2,0
19730303,223,293,27,0.0,0,0
19730303,223,262,26,0.0,0,0
19730303,223,334,25,0.0,0,0
19730303,223,292,23,0.0,0,0
19730303,223,222,16,0.0,0,0
19730303,223,333,14,0.0,0,0
19730303,223,332,10,1.0,0,0
19730303,223,331,19,0.0,0,0
19730303,223,330,15,0.0,0,0
19730303,223,250,22,0.0,0,0
19730303,223,305,24,0.0,0,0
19730303,223,199,12,0.0,0,0
19730303,223,182,13,0.0,0,0
19730303,223,238,18,0.0,0,0
19730303,223,307,11,0.0,0,0
19730303,223,306,21,0.0,0,0
19730303,223,197,20,0.0,0,0
19730303,223,329,17,0.0,0,0
19730303,223,232,6,6.0,0,0
19730303,223,309,4,6.0,0,0
19730303,223,223,8,1.0,0,0
19730303,223,290,9,1.0,0,0
19730303,223,304,3,8.0,0,0
19730303,223,235,7,5.0,0,0
19730303,223,328,2,19.0,1,0
19730303,223,327,5,6.0,0,0
19730303,223,224,1,22.0,2,0
19730429,224,289,26,0.0,0,0
19730429,224,280,17,0.0,0,0
19730429,224,293,29,0.0,0,0
19730429,224,262,28,0.0,0,0
19730429,224,334,27,0.0,0,0
19730429,224,292,24,0.0,0,0
19730429,224,222,19,0.0,0,0
19730429,224,333,16,0.0,0,0
19730429,224,332,7,5.0,0,0
19730429,224,331,21,0.0,0,0
19730429,224,330,18,0.0,0,0
19730429,224,250,23,0.0,0,0
19730429,224,305,25,0.0,0,0
19730429,224,199,14,0.0,0,0
19730429,224,182,15,0.0,0,0
19730429,224,238,20,0.0,0,0
19730429,224,307,12,0.0,0,0
19730429,224,306,9,2.0,0,0
19730429,224,197,22,0.0,0,0
19730429,224,329,13,0.0,0,0
19730429,224,232,6,6.0,0,0
19730429,224,309,4,9.0,0,0
19730429,224,223,10,1.0,0,0
19730429,224,290,11,1.0,0,0
19730429,224,304,5,9.0,0,0
19730429,224,235,8,5.0,0,0
19730429,224,328,2,19.0,1,0
19730429,224,327,3,12.0,0,0
19730429,224,224,1,31.0,3,0
19730520,225,278,14,1.0,0,0
19730520,225,289,21,0.0,0,0
19730520,225,280,19,0.0,0,0
19730520,225,293,30,0.0,0,0
19730520,225,262,29,0.0,0,0
19730520,225,334,28,0.0,0,0
19730520,225,292,26,0.0,0,0
19730520,225,222,22,0.0,0,0
19730520,225,333,9,3.0,0,0
19730520,225,332,7,5.0,0,0
19730520,225,331,24,0.0,0,0
19730520,225,330,20,0.0,0,0
19730520,225,250,18,0.0,0,0
19730520,225,305,27,0.0,0,0
19730520,225,199,17,0.0,0,0
19730520,225,182,10,2.0,0,0
19730520,225,238,23,0.0,0,0
19730520,225,307,16,0.0,0,0
19730520,225,306,11,2.0,0,0
19730520,225,197,25,0.0,0,0
19730520,225,329,15,0.0,0,0
19730520,225,232,6,6.0,0,0
19730520,225,309,4,9.0,0,0
19730520,225,223,12,1.0,0,0
19730520,225,290,13,1.0,0,0
19730520,225,304,5,9.0,0,0
19730520,225,235,8,5.0,0,0
19730520,225,328,2,28.0,2,0
19730520,225,327,3,18.0,0,0
19730520,225,224,1,35.0,3,0
19730603,226,259,31,0.0,0,0
19730603,226,231,24,0.0,0,0
19730603,226,278,15,1.0,0,0
19730603,226,289,23,0.0,0,0
19730603,226,280,21,0.0,0,0
19730603,226,293,32,0.0,0,0
19730603,226,262,26,0.0,0,0
19730603,226,334,30,0.0,0,0
19730603,226,292,29,0.0,0,0
19730603,226,222,25,0.0,0,0
19730603,226,333,10,3.0,0,0
19730603,226,332,7,5.0,0,0
19730603,226,331,27,0.0,0,0
19730603,226,330,22,0.0,0,0
19730603,226,250,19,0.0,0,0
19730603,226,305,20,0.0,0,0
19730603,226,199,18,0.0,0,0
19730603,226,182,11,2.0,0,0
19730603,226,238,9,4.0,0,0
19730603,226,307,17,0.0,0,0
19730603,226,306,12,2.0,0,0
19730603,226,197,28,0.0,0,0
19730603,226,329,16,0.0,0,0
19730603,226,232,6,6.0,0,0
19730603,226,309,4,11.0,0,0
19730603,226,223,13,1.0,0,0
19730603,226,290,14,1.0,0,0
19730603,226,304,5,10.0,0,0
19730603,226,235,8,5.0,0,0
19730603,226,328,2,37.0,3,0
19730603,226,327,3,21.0,0,0
19730603,226,224,1,41.0,3,0
19730617,227,317,32,0.0,0,0
19730617,227,259,31,0.0,0,0
19730617,227,231,24,0.0,0,0
19730617,227,278,16,1.0,0,0
19730617,227,289,23,0.0,0,0
19730617,227,280,21,0.0,0,0
19730617,227,293,33,0.0,0,0
19730617,227,262,26,0.0,0,0
19730617,227,334,30,0.0,0,0
19730617,227,292,29,0.0,0,0
19730617,227,222,25,0.0,0,0
19730617,227,333,10,3.0,0,0
19730617,227,332,9,5.0,0,0
19730617,227,331,27,0.0,0,0
19730617,227,330,22,0.0,0,0
19730617,227,250,19,0.0,0,0
19730617,227,305,20,0.0,0,0
19730617,227,199,11,3.0,0,0
19730617,227,182,12,2.0,0,0
19730617,227,238,6,10.0,0,0
19730617,227,307,18,0.0,0,0
19730617,227,306,13,2.0,0,0
19730617,227,197,28,0.0,0,0
19730617,227,329,17,0.0,0,0
19730617,227,232,7,6.0,0,0
19730617,227,309,5,11.0,0,0
19730617,227,223,14,1.0,0,0
19730617,227,290,15,1.0,0,0
19730617,227,304,4,19.0,1,0
19730617,227,235,8,6.0,0,0
19730617,227,328,2,39.0,3,0
19730617,227,327,3,25.0,0,0
19730617,227,224,1,41.0,3,0
19730701,228,313,28,0.0,0,0
19730701,228,317,33,0.0,0,0
19730701,228,259,32,0.0,0,0
19730701,228,231,15,1.0,0,0
19730701,228,278,17,1.0,0,0
19730701,228,289,23,0.0,0,0
19730701,228,280,22,0.0,0,0
19730701,228,293,34,0.0,0,0
19730701,228,262,26,0.0,0,0
19730701,228,334,31,0.0,0,0
19730701,228,292,30,0.0,0,0
19730701,228,222,25,0.0,0,0
19730701,228,333,11,3.0,0,0
19730701,228,332,10,5.0,0,0
19730701,228,331,27,0.0,0,0
19730701,228,330,24,0.0,0,0
19730701,228,250,20,0.0,0,0
19730701,228,305,21,0.0,0,0
19730701,228,199,8,7.0,0,0
19730701,228,182,12,2.0,0,0
19730701,228,238,4,19.0,1,0
19730701,228,307,19,0.0,0,0
19730701,228,306,13,2.0,0,0
19730701,228,197,29,0.0,0,0
19730701,228,329,18,0.0,0,0
19730701,228,232,9,6.0,0,0
19730701,228,309,6,11.0,0,0
19730701,228,223,14,1.0,0,0
19730701,228,290,16,1.0,0,0
19730701,228,304,5,19.0,1,0
19730701,228,235,7,8.0,0,0
19730701,228,328,1,42.0,3,0
19730701,228,327,3,31.0,0,0
19730701,228,224,2,41.0,3,0
19730714,229,336,38,0.0,0,0
19730714,229,335,37,0.0,0,0
19730714,229,200,35,0.0,0,0
19730714,229,187,31,0.0,0,0
19730714,229,313,28,0.0,0,0
19730714,229,317,34,0.0,0,0
19730714,229,259,33,0.0,0,0
19730714,229,231,11,4.0,0,0
19730714,229,278,17,1.0,0,0
19730714,229,289,23,0.0,0,0
19730714,229,280,22,0.0,0,0
19730714,229,293,36,0.0,0,0
19730714,229,262,26,0.0,0,0
19730714,229,334,32,0.0,0,0
19730714,229,292,30,0.0,0,0
19730714,229,222,25,0.0,0,0
19730714,229,333,12,3.0,0,0
19730714,229,332,10,5.0,0,0
19730714,229,331,27,0.0,0,0
19730714,229,330,24,0.0,0,0
19730714,229,250,20,0.0,0,0
19730714,229,305,21,0.0,0,0
19730714,229,199,7,8.0,0,0
19730714,229,182,13,2.0,0,0
19730714,229,238,4,25.0,1,0
19730714,229,307,19,0.0,0,0
19730714,229,306,14,2.0,0,0
19730714,229,197,29,0.0,0,0
19730714,229,329,18,0.0,0,0
19730714,229,232,9,6.0,0,0
19730714,229,309,6,20.0,1,0
19730714,229,223,15,1.0,0,0
19730714,229,290,16,1.0,0,0
19730714,229,304,5,23.0,1,0
19730714,229,235,8,8.0,0,0
19730714,229,328,1,42.0,3,0
19730714,229,327,3,33.0,0,0
19730714,229,224,2,41.0,3,0
19730729,230,298,18,1.0,0,0
19730729,230,336,39,0.0,0,0
19730729,230,335,35,0.0,0,0
19730729,230,200,37,0.0,0,0
19730729,230,187,32,0.0,0,0
19730729,230,313,29,0.0,0,0
19730729,230,317,36,0.0,0,0
19730729,230,259,34,0.0,0,0
19730729,230,231,8,8.0,0,0
19730729,230,278,17,1.0,0,0
19730729,230,289,24,0.0,0,0
19730729,230,280,23,0.0,0,0
19730729,230,293,38,0.0,0,0
19730729,230,262,27,0.0,0,0
19730729,230,334,33,0.0,0,0
19730729,230,292,31,0.0,0,0
19730729,230,222,26,0.0,0,0
19730729,230,333,13,3.0,0,0
19730729,230,332,11,5.0,0,0
19730729,230,331,28,0.0,0,0
19730729,230,330,25,0.0,0,0
19730729,230,250,20,0.0,0,0
19730729,230,305,22,0.0,0,0
19730729,230,199,7,8.0,0,0
19730729,230,182,14,2.0,0,0
19730729,230,238,4,25.0,1,0
19730729,230,307,21,0.0,0,0
19730729,230,306,12,4.0,0,0
19730729,230,197,30,0.0,0,0
19730729,230,329,19,0.0,0,0
19730729,230,232,10,6.0,0,0
19730729,230,309,5,23.0,1,0
19730729,230,223,15,1.0,0,0
19730729,230,290,16,1.0,0,0
19730729,230,304,6,23.0,1,0
19730729,230,235,9,8.0,0,0
19730729,230,328,1,51.0,4,0
19730729,230,327,3,39.0,0,0
19730729,230,224,2,41.0,3,0
19730805,231,243,29,0.0,0,0
19730805,231,298,19,1.0,0,0
19730805,231,336,40,0.0,0,0
19730805,231,335,37,0.0,0,0
19730805,231,200,22,0.0,0,0
19730805,231,187,35,0.0,0,0
19730805,231,313,31,0.0,0,0
19730805,231,317,38,0.0,0,0
19730805,231,259,32,0.0,0,0
19730805,231,231,9,8.0,0,0
19730805,231,278,18,1.0,0,0
19730805,231,289,26,0.0,0,0
19730805,231,280,24,0.0,0,0
19730805,231,293,39,0.0,0,0
19730805,231,262,23,0.0,0,0
19730805,231,334,36,0.0,0,0
19730805,231,292,34,0.0,0,0
19730805,231,222,28,0.0,0,0
19730805,231,333,14,3.0,0,0
19730805,231,332,11,5.0,0,0
19730805,231,331,30,0.0,0,0
19730805,231,330,27,0.0,0,0
19730805,231,250,13,3.0,0,0
19730805,231,305,25,0.0,0,0
19730805,231,199,8,8.0,0,0
19730805,231,182,16,2.0,0,0
19730805,231,238,4,25.0,1,0
19730805,231,307,21,0.0,0,0
19730805,231,306,12,4.0,0,0
19730805,231,197,33,0.0,0,0
19730805,231,329,20,0.0,0,0
19730805,231,232,10,6.0,0,0
19730805,231,309,5,23.0,1,0
19730805,231,223,17,1.0,0,0
19730805,231,290,15,3.0,0,0
19730805,231,304,6,23.0,1,0
19730805,231,235,7,12.0,0,0
19730805,231,328,1,60.0,5,0
19730805,231,327,2,45.0,0,0
19730805,231,224,3,42.0,3,0
19730819,232,243,29,0.0,0,0
19730819,232,298,18,1.0,0,0
19730819,232,336,40,0.0,0,0
19730819,232,335,37,0.0,0,0
19730819,232,200,22,0.0,0,0
19730819,232,187,35,0.0,0,0
19730819,232,313,31,0.0,0,0
19730819,232,317,38,0.0,0,0
19730819,232,259,32,0.0,0,0
19730819,232,231,9,8.0,0,0
19730819,232,278,19,1.0,0,0
19730819,232,289,26,0.0,0,0
19730819,232,280,25,0.0,0,0
19730819,232,293,39,0.0,0,0
19730819,232,262,24,0.0,0,0
19730819,232,334,36,0.0,0,0
19730819,232,292,34,0.0,0,0
19730819,232,222,28,0.0,0,0
19730819,232,333,14,3.0,0,0
19730819,232,332,13,5.0,0,0
19730819,232,331,30,0.0,0,0
19730819,232,330,27,0.0,0,0
19730819,232,250,10,7.0,0,0
19730819,232,305,23,0.0,0,0
19730819,232,199,8,11.0,0,0
19730819,232,182,16,2.0,0,0
19730819,232,238,4,34.0,2,0
19730819,232,307,21,0.0,0,0
19730819,232,306,12,6.0,0,0
19730819,232,197,33,0.0,0,0
19730819,232,329,20,0.0,0,0
19730819,232,232,11,6.0,0,0
19730819,232,309,5,23.0,1,0
19730819,232,223,17,2.0,0,0
19730819,232,290,15,3.0,0,0
19730819,232,304,6,23.0,1,0
19730819,232,235,7,12.0,0,0
19730819,232,328,1,66.0,5,0
19730819,232,327,2,45.0,0,0
19730819,232,224,3,42.0,3,0
19730909,233,243,30,0.0,0,0
19730909,233,298,18,1.0,0,0
19730909,233,336,40,0.0,0,0
19730909,233,335,37,0.0,0,0
19730909,233,200,23,0.0,0,0
19730909,233,187,35,0.0,0,0
19730909,233,313,32,0.0,0,0
19730909,233,317,38,0.0,0,0
19730909,233,259,28,0.0,0,0
19730909,233,231,9,8.0,0,0
19730909,233,278,19,1.0,0,0
19730909,233,289,26,0.0,0,0
19730909,233,280,25,0.0,0,0
19730909,233,293,39,0.0,0,0
19730909,233,262,24,0.0,0,0
19730909,233,334,36,0.0,0,0
19730909,233,292,34,0.0,0,0
19730909,233,222,29,0.0,0,0
19730909,233,333,14,3.0,0,0
19730909,233,332,13,5.0,0,0
19730909,233,331,31,0.0,0,0
19730909,233,330,27,0.0,0,0
19730909,233,250,10,7.0,0,0
19730909,233,305,21,0.0,0,0
19730909,233,199,7,12.0,0,0
19730909,233,182,16,2.0,0,0
19730909,233,238,4,43.0,3,0
19730909,233,307,22,0.0,0,0
19730909,233,306,12,6.0,0,0
19730909,233,197,33,0.0,0,0
19730909,233,329,20,0.0,0,0
19730909,233,232,11,6.0,0,0
19730909,233,309,5,27.0,1,0
19730909,233,223,17,2.0,0,0
19730909,233,290,15,3.0,0,0
19730909,233,304,6,23.0,1,0
19730909,233,235,8,12.0,0,0
19730909,233,328,1,69.0,5,0
19730909,233,327,3,47.0,0,0
19730909,233,224,2,48.0,3,0
19730923,234,320,41,0.0,0,0
19730923,234,314,33,0.0,0,0
19730923,234,243,30,0.0,0,0
19730923,234,298,20,1.0,0,0
19730923,234,336,42,0.0,0,0
19730923,234,335,38,0.0,0,0
19730923,234,200,24,0.0,0,0
19730923,234,187,36,0.0,0,0
19730923,234,313,32,0.0,0,0
19730923,234,317,39,0.0,0,0
19730923,234,259,28,0.0,0,0
19730923,234,231,10,8.0,0,0
19730923,234,278,21,1.0,0,0
19730923,234,289,26,0.0,0,0
19730923,234,280,25,0.0,0,0
19730923,234,293,40,0.0,0,0
19730923,234,262,14,4.0,0,0
19730923,234,334,37,0.0,0,0
19730923,234,292,35,0.0,0,0
19730923,234,222,29,0.0,0,0
19730923,234,333,15,3.0,0,0
19730923,234,332,13,5.0,0,0
19730923,234,331,31,0.0,0,0
19730923,234,330,27,0.0,0,0
19730923,234,250,11,7.0,0,0
19730923,234,305,22,0.0,0,0
19730923,234,199,7,12.0,0,0
19730923,234,182,17,2.0,0,0
19730923,234,238,4,43.0,3,0
19730923,234,307,19,1.0,0,0
19730923,234,306,9,9.0,0,0
19730923,234,197,34,0.0,0,0
19730923,234,329,23,0.0,0,0
19730923,234,232,12,6.0,0,0
19730923,234,309,5,36.0,2,0
19730923,234,223,18,2.0,0,0
19730923,234,290,16,3.0,0,0
19730923,234,304,6,23.0,1,0
19730923,234,235,8,12.0,0,0
19730923,234,328,1,71.0,5,0
19730923,234,327,3,47.0,0,0
19730923,234,224,2,54.0,3,0
19731007,235,320,41,0.0,0,1
19731007,235,314,34,0.0,0,1
19731007,235,243,30,0.0,0,1
19731007,235,298,20,1.0,0,1
19731007,235,336,42,0.0,0,1
19731007,235,335,38,0.0,0,1
19731007,235,200,24,0.0,0,1
19731007,235,187,36,0.0,0,1
19731007,235,313,33,0.0,0,1
19731007,235,317,39,0.0,0,1
19731007,235,259,28,0.0,0,1
19731007,235,231,8,14.0,0,1
19731007,235,278,21,1.0,0,1
19731007,235,289,26,0.0,0,1
19731007,235,280,25,0.0,0,1
19731007,235,293,40,0.0,0,1
19731007,235,262,14,4.0,0,1
19731007,235,334,37,0.0,0,1
19731007,235,292,35,0.0,0,1
19731007,235,222,29,0.0,0,1
19731007,235,333,15,3.0,0,1
19731007,235,332,13,5.0,0,1
19731007,235,331,32,0.0,0,1
19731007,235,330,27,0.0,0,1
19731007,235,250,11,7.0,0,1
19731007,235,305,22,0.0,0,1
19731007,235,199,7,16.0,0,1
19731007,235,182,17,2.0,0,1
19731007,235,238,3,52.0,4,1
19731007,235,307,19,1.0,0,1
19731007,235,306,10,9.0,0,1
19731007,235,197,31,0.0,0,1
19731007,235,329,23,0.0,0,1
19731007,235,232,12,6.0,0,1
19731007,235,309,5,38.0,2,1
19731007,235,223,18,2.0,0,1
19731007,235,290,16,3.0,0,1
19731007,235,304,6,26.0,1,1
19731007,235,235,9,12.0,0,1
19731007,235,328,1,71.0,5,1
19731007,235,327,4,47.0,0,1
19731007,235,224,2,55.0,3,1
19720123,209,278,21,0.0,0,0
19720123,209,339,20,0.0,0,0
19720123,209,320,19,0.0,0,0
19720123,209,289,18,0.0,0,0
19720123,209,333,17,0.0,0,0
19720123,209,207,16,0.0,0,0
19720123,209,309,15,0.0,0,0
19720123,209,317,14,0.0,0,0
19720123,209,327,13,0.0,0,0
19720123,209,224,12,0.0,0,0
19720123,209,182,11,0.0,0,0
19720123,209,337,10,0.0,0,0
19720123,209,307,9,0.0,0,0
19720123,209,280,8,0.0,0,0
19720123,209,199,7,0.0,0,0
19720123,209,238,6,1.0,0,0
19720123,209,314,5,2.0,0,0
19720123,209,223,4,3.0,0,0
19720123,209,235,3,4.0,0,0
19720123,209,304,2,6.0,0,0
19720123,209,328,1,9.0,1,0
19720304,210,293,28,0.0,0,0
19720304,210,305,27,0.0,0,0
19720304,210,306,25,0.0,0,0
19720304,210,250,21,0.0,0,0
19720304,210,340,20,0.0,0,0
19720304,210,243,18,0.0,0,0
19720304,210,338,17,0.0,0,0
19720304,210,278,19,0.0,0,0
19720304,210,339,26,0.0,0,0
19720304,210,320,24,0.0,0,0
19720304,210,289,10,1.0,0,0
19720304,210,333,23,0.0,0,0
19720304,210,207,7,3.0,0,0
19720304,210,309,5,4.0,0,0
19720304,210,317,22,0.0,0,0
19720304,210,327,14,0.0,0,0
19720304,210,224,3,6.0,0,0
19720304,210,182,11,0.0,0,0
19720304,210,337,16,0.0,0,0
19720304,210,307,15,0.0,0,0
19720304,210,280,13,0.0,0,0
19720304,210,199,12,0.0,0,0
19720304,210,238,8,3.0,0,0
19720304,210,314,9,2.0,0,0
19720304,210,223,6,3.0,0,0
19720304,210,235,4,4.0,0,0
19720304,210,304,1,15.0,1,0
19720304,210,328,2,9.0,1,0
19720501,211,329,29,0.0,0,0
19720501,211,290,15,0.0,0,0
19720501,211,293,30,0.0,0,0
19720501,211,305,26,0.0,0,0
19720501,211,306,27,0.0,0,0
19720501,211,250,12,1.0,0,0
19720501,211,340,23,0.0,0,0
19720501,211,243,21,0.0,0,0
19720501,211,338,17,0.0,0,0
19720501,211,278,22,0.0,0,0
19720501,211,339,28,0.0,0,0
19720501,211,320,25,0.0,0,0
19720501,211,289,11,1.0,0,0
19720501,211,333,8,3.0,0,0
19720501,211,207,7,3.0,0,0
19720501,211,309,6,6.0,0,0
19720501,211,317,24,0.0,0,0
19720501,211,327,18,0.0,0,0
19720501,211,224,1,15.0,1,0
19720501,211,182,13,0.0,0,0
19720501,211,337,20,0.0,0,0
19720501,211,307,19,0.0,0,0
19720501,211,280,16,0.0,0,0
19720501,211,199,14,0.0,0,0
19720501,211,238,9,3.0,0,0
19720501,211,314,10,2.0,0,0
19720501,211,223,5,7.0,0,0
19720501,211,235,3,10.0,0,0
19720501,211,304,2,15.0,1,0
19720501,211,328,4,9.0,1,0
19720514,212,312,12,2.0,0,0
19720514,212,329,25,0.0,0,0
19720514,212,290,16,0.0,0,0
19720514,212,293,31,0.0,0,0
19720514,212,305,29,0.0,0,0
19720514,212,306,5,9.0,1,0
19720514,212,250,15,1.0,0,0
19720514,212,340,26,0.0,0,0
19720514,212,243,24,0.0,0,0
19720514,212,338,21,0.0,0,0
19720514,212,278,14,1.0,0,0
19720514,212,339,30,0.0,0,0
19720514,212,320,28,0.0,0,0
19720514,212,289,13,1.0,0,0
19720514,212,333,8,3.0,0,0
19720514,212,207,9,3.0,0,0
19720514,212,309,7,6.0,0,0
19720514,212,317,27,0.0,0,0
19720514,212,327,22,0.0,0,0
19720514,212,224,1,19.0,1,0
19720514,212,182,17,0.0,0,0
19720514,212,337,19,0.0,0,0
19720514,212,307,23,0.0,0,0
19720514,212,280,20,0.0,0,0
19720514,212,199,18,0.0,0,0
19720514,212,238,10,3.0,0,0
19720514,212,314,11,2.0,0,0
19720514,212,223,6,7.0,0,0
19720514,212,235,2,16.0,0,0
19720514,212,304,3,15.0,1,0
19720514,212,328,4,12.0,1,0
19720604,213,330,30,0.0,0,0
19720604,213,312,15,2.0,0,0
19720604,213,329,26,0.0,0,0
19720604,213,290,18,0.0,0,0
19720604,213,293,32,0.0,0,0
19720604,213,305,11,3.0,0,0
19720604,213,306,5,9.0,1,0
19720604,213,250,13,3.0,0,0
19720604,213,340,27,0.0,0,0
19720604,213,243,25,0.0,0,0
19720604,213,338,24,0.0,0,0
19720604,213,278,16,2.0,0,0
19720604,213,339,31,0.0,0,0
19720604,213,320,29,0.0,0,0
19720604,213,289,17,1.0,0,0
19720604,213,333,9,3.0,0,0
19720604,213,207,10,3.0,0,0
19720604,213,309,8,6.0,0,0
19720604,213,317,28,0.0,0,0
19720604,213,327,7,6.0,0,0
19720604,213,224,1,28.0,2,0
19720604,213,182,19,0.0,0,0
19720604,213,337,22,0.0,0,0
19720604,213,307,21,0.0,0,0
19720604,213,280,23,0.0,0,0
19720604,213,199,20,0.0,0,0
19720604,213,238,12,3.0,0,0
19720604,213,314,14,2.0,0,0
19720604,213,223,6,7.0,0,0
19720604,213,235,3,16.0,0,0
19720604,213,304,2,19.0,1,0
19720604,213,328,4,12.0,1,0
19720702,214,221,31,0.0,0,0
19720702,214,330,27,0.0,0,0
19720702,214,312,16,2.0,0,0
19720702,214,329,26,0.0,0,0
19720702,214,290,18,0.0,0,0
19720702,214,293,33,0.0,0,0
19720702,214,305,11,4.0,0,0
19720702,214,306,5,9.0,1,0
19720702,214,250,14,3.0,0,0
19720702,214,340,28,0.0,0,0
19720702,214,243,25,0.0,0,0
19720702,214,338,24,0.0,0,0
19720702,214,278,9,6.0,0,0
19720702,214,339,32,0.0,0,0
19720702,214,320,30,0.0,0,0
19720702,214,289,17,1.0,0,0
19720702,214,333,12,3.0,0,0
19720702,214,207,13,3.0,0,0
19720702,214,309,8,6.0,0,0
19720702,214,317,29,0.0,0,0
19720702,214,327,6,9.0,0,0
19720702,214,224,1,34.0,2,0
19720702,214,182,19,0.0,0,0
19720702,214,337,22,0.0,0,0
19720702,214,307,21,0.0,0,0
19720702,214,280,23,0.0,0,0
19720702,214,199,20,0.0,0,0
19720702,214,238,10,5.0,0,0
19720702,214,314,15,2.0,0,0
19720702,214,223,7,7.0,0,0
19720702,214,235,4,16.0,0,0
19720702,214,304,3,19.0,1,0
19720702,214,328,2,21.0,2,0
19720715,215,262,33,0.0,0,0
19720715,215,232,18,1.0,0,0
19720715,215,221,32,0.0,0,0
19720715,215,330,28,0.0,0,0
19720715,215,312,16,2.0,0,0
19720715,215,329,27,0.0,0,0
19720715,215,290,19,0.0,0,0
19720715,215,293,35,0.0,0,0
19720715,215,305,11,4.0,0,0
19720715,215,306,6,9.0,1,0
19720715,215,250,14,3.0,0,0
19720715,215,340,29,0.0,0,0
19720715,215,243,26,0.0,0,0
19720715,215,338,25,0.0,0,0
19720715,215,278,8,9.0,0,0
19720715,215,339,34,0.0,0,0
19720715,215,320,31,0.0,0,0
19720715,215,289,17,1.0,0,0
19720715,215,333,12,3.0,0,0
19720715,215,207,13,3.0,0,0
19720715,215,309,5,10.0,0,0
19720715,215,317,30,0.0,0,0
19720715,215,327,7,9.0,0,0
19720715,215,224,1,43.0,3,0
19720715,215,182,21,0.0,0,0
19720715,215,337,23,0.0,0,0
19720715,215,307,22,0.0,0,0
19720715,215,280,24,0.0,0,0
19720715,215,199,20,0.0,0,0
19720715,215,238,10,5.0,0,0
19720715,215,314,15,2.0,0,0
19720715,215,223,9,7.0,0,0
19720715,215,235,4,16.0,0,0
19720715,215,304,3,21.0,1,0
19720715,215,328,2,27.0,2,0
19720730,216,321,36,0.0,0,0
19720730,216,262,33,0.0,0,0
19720730,216,232,19,1.0,0,0
19720730,216,221,32,0.0,0,0
19720730,216,330,28,0.0,0,0
19720730,216,312,12,4.0,0,0
19720730,216,329,25,0.0,0,0
19720730,216,290,20,0.0,0,0
19720730,216,293,35,0.0,0,0
19720730,216,305,11,4.0,0,0
19720730,216,306,7,9.0,1,0
19720730,216,250,16,3.0,0,0
19720730,216,340,29,0.0,0,0
19720730,216,243,27,0.0,0,0
19720730,216,338,26,0.0,0,0
19720730,216,278,9,9.0,0,0
19720730,216,339,34,0.0,0,0
19720730,216,320,31,0.0,0,0
19720730,216,289,18,2.0,0,0
19720730,216,333,13,3.0,0,0
19720730,216,207,15,3.0,0,0
19720730,216,309,6,10.0,0,0
19720730,216,317,30,0.0,0,0
19720730,216,327,8,9.0,0,0
19720730,216,224,1,43.0,3,0
19720730,216,182,22,0.0,0,0
19720730,216,337,23,0.0,0,0
19720730,216,307,14,3.0,0,0
19720730,216,280,24,0.0,0,0
19720730,216,199,21,0.0,0,0
19720730,216,238,10,9.0,0,0
19720730,216,314,17,2.0,0,0
19720730,216,223,5,13.0,0,0
19720730,216,235,3,25.0,1,0
19720730,216,304,4,21.0,1,0
19720730,216,328,2,27.0,2,0
19720813,217,296,35,0.0,0,0
19720813,217,321,37,0.0,0,0
19720813,217,262,33,0.0,0,0
19720813,217,232,19,1.0,0,0
19720813,217,221,32,0.0,0,0
19720813,217,330,29,0.0,0,0
19720813,217,312,13,4.0,0,0
19720813,217,329,25,0.0,0,0
19720813,217,290,20,0.0,0,0
19720813,217,293,36,0.0,0,0
19720813,217,305,11,7.0,0,0
19720813,217,306,8,9.0,1,0
19720813,217,250,16,3.0,0,0
19720813,217,340,30,0.0,0,0
19720813,217,243,27,0.0,0,0
19720813,217,338,26,0.0,0,0
19720813,217,278,7,11.0,0,0
19720813,217,339,34,0.0,0,0
19720813,217,320,28,0.0,0,0
19720813,217,289,18,2.0,0,0
19720813,217,333,14,3.0,0,0
19720813,217,207,15,3.0,0,0
19720813,217,309,5,14.0,0,0
19720813,217,317,31,0.0,0,0
19720813,217,327,9,9.0,0,0
19720813,217,224,1,52.0,4,0
19720813,217,182,22,0.0,0,0
19720813,217,337,23,0.0,0,0
19720813,217,307,12,4.0,0,0
19720813,217,280,24,0.0,0,0
19720813,217,199,21,0.0,0,0
19720813,217,238,10,9.0,0,0
19720813,217,314,17,2.0,0,0
19720813,217,223,6,13.0,0,0
19720813,217,235,4,25.0,1,0
19720813,217,304,3,27.0,1,0
19720813,217,328,2,27.0,2,0
19720910,218,341,32,0.0,0,0
19720910,218,296,36,0.0,0,0
19720910,218,321,38,0.0,0,0
19720910,218,262,34,0.0,0,0
19720910,218,232,19,1.0,0,0
19720910,218,221,33,0.0,0,0
19720910,218,330,30,0.0,0,0
19720910,218,312,13,4.0,0,0
19720910,218,329,25,0.0,0,0
19720910,218,290,21,0.0,0,0
19720910,218,293,37,0.0,0,0
19720910,218,305,7,13.0,0,0
19720910,218,306,9,9.0,1,0
19720910,218,250,17,3.0,0,0
19720910,218,340,31,0.0,0,0
19720910,218,243,28,0.0,0,0
19720910,218,338,27,0.0,0,0
19720910,218,278,8,11.0,0,0
19720910,218,339,35,0.0,0,0
19720910,218,320,20,1.0,0,0
19720910,218,289,14,4.0,0,0
19720910,218,333,15,3.0,0,0
19720910,218,207,16,3.0,0,0
19720910,218,309,5,17.0,0,0
19720910,218,317,29,0.0,0,0
19720910,218,327,10,9.0,0,0
19720910,218,224,1,61.0,5,0
19720910,218,182,23,0.0,0,0
19720910,218,337,24,0.0,0,0
19720910,218,307,12,4.0,0,0
19720910,218,280,26,0.0,0,0
19720910,218,199,22,0.0,0,0
19720910,218,238,11,9.0,0,0
19720910,218,314,18,2.0,0,0
19720910,218,223,6,13.0,0,0
19720910,218,235,4,25.0,1,0
19720910,218,304,2,31.0,1,0
19720910,218,328,3,27.0,2,0
19720924,219,343,39,0.0,0,0
19720924,219,342,33,0.0,0,0
19720924,219,341,32,0.0,0,0
19720924,219,296,37,0.0,0,0
19720924,219,321,40,0.0,0,0
19720924,219,262,35,0.0,0,0
19720924,219,232,20,1.0,0,0
19720924,219,221,34,0.0,0,0
19720924,219,330,30,0.0,0,0
19720924,219,312,13,4.0,0,0
19720924,219,329,25,0.0,0,0
19720924,219,290,22,0.0,0,0
19720924,219,293,38,0.0,0,0
19720924,219,305,7,13.0,0,0
19720924,219,306,9,9.0,1,0
19720924,219,250,18,3.0,0,0
19720924,219,340,31,0.0,0,0
19720924,219,243,28,0.0,0,0
19720924,219,338,27,0.0,0,0
19720924,219,278,8,12.0,0,0
19720924,219,339,36,0.0,0,0
19720924,219,320,21,1.0,0,0
19720924,219,289,14,4.0,0,0
19720924,219,333,16,3.0,0,0
19720924,219,207,17,3.0,0,0
19720924,219,309,5,23.0,0,0
19720924,219,317,29,0.0,0,0
19720924,219,327,10,9.0,0,0
19720924,219,224,1,61.0,5,0
19720924,219,182,23,0.0,0,0
19720924,219,337,24,0.0,0,0
19720924,219,307,12,4.0,0,0
19720924,219,280,26,0.0,0,0
19720924,219,199,15,3.0,0,0
19720924,219,238,11,9.0,0,0
19720924,219,314,19,2.0,0,0
19720924,219,223,6,15.0,0,0
19720924,219,235,4,25.0,1,0
19720924,219,304,3,35.0,1,0
19720924,219,328,2,36.0,3,0
19721008,220,344,32,0.0,0,1
19721008,220,222,29,0.0,0,1
19721008,220,343,41,0.0,0,1
19721008,220,342,34,0.0,0,1
19721008,220,341,36,0.0,0,1
19721008,220,296,39,0.0,0,1
19721008,220,321,42,0.0,0,1
19721008,220,262,37,0.0,0,1
19721008,220,232,20,1.0,0,1
19721008,220,221,24,0.0,0,1
19721008,220,330,33,0.0,0,1
19721008,220,312,14,4.0,0,1
19721008,220,329,26,0.0,0,1
19721008,220,290,22,0.0,0,1
19721008,220,293,40,0.0,0,1
19721008,220,305,8,13.0,0,1
19721008,220,306,11,9.0,1,1
19721008,220,250,18,3.0,0,1
19721008,220,340,35,0.0,0,1
19721008,220,243,30,0.0,0,1
19721008,220,338,28,0.0,0,1
19721008,220,278,10,12.0,0,1
19721008,220,339,38,0.0,0,1
19721008,220,320,21,1.0,0,1
19721008,220,289,15,4.0,0,1
19721008,220,333,17,3.0,0,1
19721008,220,207,12,4.0,0,1
19721008,220,309,5,23.0,0,1
19721008,220,317,31,0.0,0,1
19721008,220,327,6,15.0,0,1
19721008,220,224,1,61.0,5,1
19721008,220,182,23,0.0,0,1
19721008,220,337,25,0.0,0,1
19721008,220,307,13,4.0,0,1
19721008,220,280,27,0.0,0,1
19721008,220,199,16,3.0,0,1
19721008,220,238,9,12.0,0,1
19721008,220,314,19,2.0,0,1
19721008,220,223,7,15.0,0,1
19721008,220,235,4,27.0,1,1
19721008,220,304,3,39.0,1,1
19721008,220,328,2,45.0,4,1
19710306,198,339,25,0.0,0,0
19710306,198,347,24,0.0,0,0
19710306,198,320,23,0.0,0,0
19710306,198,334,22,0.0,0,0
19710306,198,340,21,0.0,0,0
19710306,198,346,20,0.0,0,0
19710306,198,293,19,0.0,0,0
19710306,198,345,18,0.0,0,0
19710306,198,307,17,0.0,0,0
19710306,198,327,16,0.0,0,0
19710306,198,341,15,0.0,0,0
19710306,198,224,14,0.0,0,0
19710306,198,333,13,0.0,0,0
19710306,198,243,12,0.0,0,0
19710306,198,280,11,0.0,0,0
19710306,198,238,10,0.0,0,0
19710306,198,289,9,0.0,0,0
19710306,198,235,8,0.0,0,0
19710306,198,312,7,0.0,0,0
19710306,198,304,6,1.0,0,0
19710306,198,278,5,2.0,0,0
19710306,198,317,4,3.0,0,0
19710306,198,223,3,4.0,0,0
19710306,198,328,2,6.0,0,0
19710306,198,207,1,9.0,1,0
19710418,199,314,14,0.0,0,0
19710418,199,306,9,1.0,0,0
19710418,199,339,22,0.0,0,0
19710418,199,347,27,0.0,0,0
19710418,199,320,12,0.0,0,0
19710418,199,334,26,0.0,0,0
19710418,199,340,25,0.0,0,0
19710418,199,346,24,0.0,0,0
19710418,199,293,23,0.0,0,0
19710418,199,345,7,3.0,0,0
19710418,199,307,15,0.0,0,0
19710418,199,327,10,0.0,0,0
19710418,199,341,18,0.0,0,0
19710418,199,224,21,0.0,0,0
19710418,199,333,20,0.0,0,0
19710418,199,243,19,0.0,0,0
19710418,199,280,17,0.0,0,0
19710418,199,238,16,0.0,0,0
19710418,199,289,13,0.0,0,0
19710418,199,235,3,6.0,0,0
19710418,199,312,11,0.0,0,0
19710418,199,304,8,3.0,0,0
19710418,199,278,4,6.0,0,0
19710418,199,317,6,3.0,0,0
19710418,199,223,5,4.0,0,0
19710418,199,328,1,15.0,1,0
19710418,199,207,2,9.0,1,0
19710523,200,342,26,0.0,0,0
19710523,200,314,18,0.0,0,0
19710523,200,306,12,1.0,0,0
19710523,200,339,23,0.0,0,0
19710523,200,347,28,0.0,0,0
19710523,200,320,17,0.0,0,0
19710523,200,334,27,0.0,0,0
19710523,200,340,25,0.0,0,0
19710523,200,346,22,0.0,0,0
19710523,200,293,24,0.0,0,0
19710523,200,345,8,3.0,0,0
19710523,200,307,20,0.0,0,0
19710523,200,327,14,0.0,0,0
19710523,200,341,13,0.0,0,0
19710523,200,224,10,2.0,0,0
19710523,200,333,21,0.0,0,0
19710523,200,243,11,1.0,0,0
19710523,200,280,16,0.0,0,0
19710523,200,238,4,6.0,0,0
19710523,200,289,19,0.0,0,0
19710523,200,235,2,10.0,0,0
19710523,200,312,15,0.0,0,0
19710523,200,304,6,6.0,0,0
19710523,200,278,5,6.0,0,0
19710523,200,317,9,3.0,0,0
19710523,200,223,7,4.0,0,0
19710523,200,328,1,24.0,2,0
19710523,200,207,3,9.0,1,0
19710620,201,338,29,0.0,0,0
19710620,201,298,20,0.0,0,0
19710620,201,342,24,0.0,0,0
19710620,201,314,21,0.0,0,0
19710620,201,306,12,1.0,0,0
19710620,201,339,25,0.0,0,0
19710620,201,347,30,0.0,0,0
19710620,201,320,19,0.0,0,0
19710620,201,334,28,0.0,0,0
19710620,201,340,27,0.0,0,0
19710620,201,346,14,1.0,0,0
19710620,201,293,26,0.0,0,0
19710620,201,345,4,9.0,0,0
19710620,201,307,15,0.0,0,0
19710620,201,327,16,0.0,0,0
19710620,201,341,10,2.0,0,0
19710620,201,224,11,2.0,0,0
19710620,201,333,23,0.0,0,0
19710620,201,243,13,1.0,0,0
19710620,201,280,18,0.0,0,0
19710620,201,238,5,9.0,0,0
19710620,201,289,22,0.0,0,0
19710620,201,235,2,19.0,1,0
19710620,201,312,17,0.0,0,0
19710620,201,304,8,6.0,0,0
19710620,201,278,7,6.0,0,0
19710620,201,317,9,3.0,0,0
19710620,201,223,6,8.0,0,0
19710620,201,328,1,24.0,2,0
19710620,201,207,3,9.0,1,0
19710704,202,349,26,0.0,0,0
19710704,202,348,24,0.0,0,0
19710704,202,338,31,0.0,0,0
19710704,202,298,20,0.0,0,0
19710704,202,342,25,0.0,0,0
19710704,202,314,21,0.0,0,0
19710704,202,306,14,1.0,0,0
19710704,202,339,27,0.0,0,0
19710704,202,347,32,0.0,0,0
19710704,202,320,18,0.0,0,0
19710704,202,334,30,0.0,0,0
19710704,202,340,29,0.0,0,0
19710704,202,346,11,4.0,0,0
19710704,202,293,28,0.0,0,0
19710704,202,345,4,9.0,0,0
19710704,202,307,16,0.0,0,0
19710704,202,327,8,6.0,0,0
19710704,202,341,13,2.0,0,0
19710704,202,224,9,6.0,0,0
19710704,202,333,23,0.0,0,0
19710704,202,243,15,1.0,0,0
19710704,202,280,19,0.0,0,0
19710704,202,238,5,9.0,0,0
19710704,202,289,22,0.0,0,0
19710704,202,235,2,19.0,1,0
19710704,202,312,17,0.0,0,0
19710704,202,304,10,6.0,0,0
19710704,202,278,7,8.0,0,0
19710704,202,317,12,4.0,0,0
19710704,202,223,6,8.0,0,0
19710704,202,328,1,33.0,3,0
19710704,202,207,3,9.0,1,0
19710717,203,262,36,0.0,0,0
19710717,203,329,31,0.0,0,0
19710717,203,321,30,0.0,0,0
19710717,203,330,23,0.0,0,0
19710717,203,349,27,0.0,0,0
19710717,203,348,25,0.0,0,0
19710717,203,338,34,0.0,0,0
19710717,203,298,20,0.0,0,0
19710717,203,342,26,0.0,0,0
19710717,203,314,21,0.0,0,0
19710717,203,306,16,1.0,0,0
19710717,203,339,28,0.0,0,0
19710717,203,347,35,0.0,0,0
19710717,203,320,19,0.0,0,0
19710717,203,334,33,0.0,0,0
19710717,203,340,32,0.0,0,0
19710717,203,346,11,4.0,0,0
19710717,203,293,29,0.0,0,0
19710717,203,345,6,9.0,0,0
19710717,203,307,17,0.0,0,0
19710717,203,327,9,6.0,0,0
19710717,203,341,14,3.0,0,0
19710717,203,224,4,10.0,0,0
19710717,203,333,24,0.0,0,0
19710717,203,243,15,3.0,0,0
19710717,203,280,13,3.0,0,0
19710717,203,238,3,15.0,0,0
19710717,203,289,22,0.0,0,0
19710717,203,235,2,19.0,1,0
19710717,203,312,18,0.0,0,0
19710717,203,304,10,6.0,0,0
19710717,203,278,8,8.0,0,0
19710717,203,317,12,4.0,0,0
19710717,203,223,7,8.0,0,0
19710717,203,328,1,42.0,4,0
19710717,203,207,5,9.0,1,0
19710801,204,350,24,0.0,0,0
19710801,204,262,37,0.0,0,0
19710801,204,329,32,0.0,0,0
19710801,204,321,31,0.0,0,0
19710801,204,330,23,0.0,0,0
19710801,204,349,28,0.0,0,0
19710801,204,348,26,0.0,0,0
19710801,204,338,35,0.0,0,0
19710801,204,298,21,0.0,0,0
19710801,204,342,27,0.0,0,0
19710801,204,314,17,1.0,0,0
19710801,204,306,16,1.0,0,0
19710801,204,339,29,0.0,0,0
19710801,204,347,36,0.0,0,0
19710801,204,320,20,0.0,0,0
19710801,204,334,34,0.0,0,0
19710801,204,340,33,0.0,0,0
19710801,204,346,12,4.0,0,0
19710801,204,293,30,0.0,0,0
19710801,204,345,8,9.0,0,0
19710801,204,307,18,0.0,0,0
19710801,204,327,5,12.0,0,0
19710801,204,341,14,3.0,0,0
19710801,204,224,7,10.0,0,0
19710801,204,333,25,0.0,0,0
19710801,204,243,15,3.0,0,0
19710801,204,280,13,3.0,0,0
19710801,204,238,3,17.0,0,0
19710801,204,289,22,0.0,0,0
19710801,204,235,2,19.0,1,0
19710801,204,312,19,0.0,0,0
19710801,204,304,10,6.0,0,0
19710801,204,278,9,8.0,0,0
19710801,204,317,11,4.0,0,0
19710801,204,223,6,12.0,0,0
19710801,204,328,1,51.0,5,0
19710801,204,207,4,12.0,1,0
19710815,205,182,33,0.0,0,0
19710815,205,337,26,0.0,0,0
19710815,205,350,25,0.0,0,0
19710815,205,262,23,0.0,0,0
19710815,205,329,29,0.0,0,0
19710815,205,321,35,0.0,0,0
19710815,205,330,24,0.0,0,0
19710815,205,349,31,0.0,0,0
19710815,205,348,28,0.0,0,0
19710815,205,338,39,0.0,0,0
19710815,205,298,22,0.0,0,0
19710815,205,342,30,0.0,0,0
19710815,205,314,13,5.0,0,0
19710815,205,306,18,1.0,0,0
19710815,205,339,32,0.0,0,0
19710815,205,347,37,0.0,0,0
19710815,205,320,21,0.0,0,0
19710815,205,334,38,0.0,0,0
19710815,205,340,36,0.0,0,0
19710815,205,346,5,13.0,1,0
19710815,205,293,34,0.0,0,0
19710815,205,345,9,9.0,0,0
19710815,205,307,19,0.0,0,0
19710815,205,327,7,12.0,0,0
19710815,205,341,15,3.0,0,0
19710815,205,224,4,16.0,0,0
19710815,205,333,27,0.0,0,0
19710815,205,243,16,3.0,0,0
19710815,205,280,14,4.0,0,0
19710815,205,238,3,17.0,0,0
19710815,205,289,17,2.0,0,0
19710815,205,235,2,19.0,1,0
19710815,205,312,20,0.0,0,0
19710815,205,304,12,6.0,0,0
19710815,205,278,10,8.0,0,0
19710815,205,317,11,7.0,0,0
19710815,205,223,8,12.0,0,0
19710815,205,328,1,51.0,5,0
19710815,205,207,6,12.0,1,0
19710905,206,351,40,0.0,0,0
19710905,206,197,31,0.0,0,0
19710905,206,305,16,3.0,0,0
19710905,206,182,36,0.0,0,0
19710905,206,337,27,0.0,0,0
19710905,206,350,28,0.0,0,0
19710905,206,262,22,0.0,0,0
19710905,206,329,32,0.0,0,0
19710905,206,321,38,0.0,0,0
19710905,206,330,26,0.0,0,0
19710905,206,349,34,0.0,0,0
19710905,206,348,30,0.0,0,0
19710905,206,338,42,0.0,0,0
19710905,206,298,24,0.0,0,0
19710905,206,342,33,0.0,0,0
19710905,206,314,14,5.0,0,0
19710905,206,306,21,1.0,0,0
19710905,206,339,35,0.0,0,0
19710905,206,347,25,0.0,0,0
19710905,206,320,9,9.0,1,0
19710905,206,334,41,0.0,0,0
19710905,206,340,39,0.0,0,0
19710905,206,346,6,13.0,1,0
19710905,206,293,37,0.0,0,0
19710905,206,345,10,9.0,0,0
19710905,206,307,19,2.0,0,0
19710905,206,327,4,16.0,0,0
19710905,206,341,17,3.0,0,0
19710905,206,224,5,16.0,0,0
19710905,206,333,29,0.0,0,0
19710905,206,243,18,3.0,0,0
19710905,206,280,15,4.0,0,0
19710905,206,238,2,23.0,0,0
19710905,206,289,20,2.0,0,0
19710905,206,235,3,19.0,1,0
19710905,206,312,23,0.0,0,0
19710905,206,304,13,6.0,0,0
19710905,206,278,11,9.0,0,0
19710905,206,317,12,7.0,0,0
19710905,206,223,8,12.0,0,0
19710905,206,328,1,51.0,5,0
19710905,206,207,7,12.0,1,0
19710919,207,354,46,0.0,0,0
19710919,207,353,39,0.0,0,0
19710919,207,352,32,0.0,0,0
19710919,207,288,15,4.0,0,0
19710919,207,351,43,0.0,0,0
19710919,207,197,33,0.0,0,0
19710919,207,305,17,3.0,0,0
19710919,207,182,38,0.0,0,0
19710919,207,337,28,0.0,0,0
19710919,207,350,29,0.0,0,0
19710919,207,262,23,0.0,0,0
19710919,207,329,34,0.0,0,0
19710919,207,321,41,0.0,0,0
19710919,207,330,27,0.0,0,0
19710919,207,349,36,0.0,0,0
19710919,207,348,31,0.0,0,0
19710919,207,338,45,0.0,0,0
19710919,207,298,25,0.0,0,0
19710919,207,342,35,0.0,0,0
19710919,207,314,14,5.0,0,0
19710919,207,306,22,1.0,0,0
19710919,207,339,37,0.0,0,0
19710919,207,347,26,0.0,0,0
19710919,207,320,9,9.0,1,0
19710919,207,334,44,0.0,0,0
19710919,207,340,42,0.0,0,0
19710919,207,346,6,13.0,1,0
19710919,207,293,40,0.0,0,0
19710919,207,345,10,9.0,0,0
19710919,207,307,20,2.0,0,0
19710919,207,327,4,17.0,0,0
19710919,207,341,18,3.0,0,0
19710919,207,224,5,16.0,0,0
19710919,207,333,30,0.0,0,0
19710919,207,243,19,3.0,0,0
19710919,207,280,16,4.0,0,0
19710919,207,238,2,29.0,0,0
19710919,207,289,21,2.0,0,0
19710919,207,235,3,19.0,1,0
19710919,207,312,24,0.0,0,0
19710919,207,304,13,9.0,0,0
19710919,207,278,11,9.0,0,0
19710919,207,317,12,9.0,0,0
19710919,207,223,8,12.0,0,0
19710919,207,328,1,60.0,6,0
19710919,207,207,7,12.0,1,0
19711003,208,309,50,0.0,0,1
19711003,208,344,49,0.0,0,1
19711003,208,355,33,0.0,0,1
19711003,208,322,27,0.0,0,1
19711003,208,354,48,0.0,0,1
19711003,208,353,41,0.0,0,1
19711003,208,352,34,0.0,0,1
19711003,208,288,16,4.0,0,1
19711003,208,351,45,0.0,0,1
19711003,208,197,35,0.0,0,1
19711003,208,305,18,3.0,0,1
19711003,208,182,40,0.0,0,1
19711003,208,337,29,0.0,0,1
19711003,208,350,31,0.0,0,1
19711003,208,262,23,0.0,0,1
19711003,208,329,36,0.0,0,1
19711003,208,321,43,0.0,0,1
19711003,208,330,28,0.0,0,1
19711003,208,349,38,0.0,0,1
19711003,208,348,32,0.0,0,1
19711003,208,338,47,0.0,0,1
19711003,208,298,25,0.0,0,1
19711003,208,342,37,0.0,0,1
19711003,208,314,14,5.0,0,1
19711003,208,306,22,1.0,0,1
19711003,208,339,39,0.0,0,1
19711003,208,347,26,0.0,0,1
19711003,208,320,9,9.0,1,1
19711003,208,334,46,0.0,0,1
19711003,208,340,44,0.0,0,1
19711003,208,346,5,19.0,1,1
19711003,208,293,42,0.0,0,1
19711003,208,345,10,9.0,0,1
19711003,208,307,15,5.0,0,1
19711003,208,327,3,26.0,1,1
19711003,208,341,19,3.0,0,1
19711003,208,224,6,16.0,0,1
19711003,208,333,30,0.0,0,1
19711003,208,243,20,3.0,0,1
19711003,208,280,17,4.0,0,1
19711003,208,238,2,33.0,0,1
19711003,208,289,21,2.0,0,1
19711003,208,235,4,19.0,1,1
19711003,208,312,24,0.0,0,1
19711003,208,304,13,9.0,0,1
19711003,208,278,11,9.0,0,1
19711003,208,317,12,9.0,0,1
19711003,208,223,7,13.0,0,1
19711003,208,328,1,62.0,6,1
19711003,208,207,8,12.0,1,1
19700307,185,278,23,0.0,0,0
19700307,185,262,22,0.0,0,0
19700307,185,243,21,0.0,0,0
19700307,185,207,20,0.0,0,0
19700307,185,361,19,0.0,0,0
19700307,185,360,18,0.0,0,0
19700307,185,359,17,0.0,0,0
19700307,185,352,16,0.0,0,0
19700307,185,341,15,0.0,0,0
19700307,185,235,14,0.0,0,0
19700307,185,358,13,0.0,0,0
19700307,185,293,12,0.0,0,0
19700307,185,362,11,0.0,0,0
19700307,185,346,10,0.0,0,0
19700307,185,345,9,0.0,0,0
19700307,185,340,8,0.0,0,0
19700307,185,280,7,0.0,0,0
19700307,185,289,6,1.0,0,0
19700307,185,357,5,2.0,0,0
19700307,185,306,4,3.0,0,0
19700307,185,328,3,4.0,0,0
19700307,185,304,2,6.0,0,0
19700307,185,356,1,9.0,1,0
19700419,186,339,25,0.0,0,0
19700419,186,333,24,0.0,0,0
19700419,186,278,19,0.0,0,0
19700419,186,262,22,0.0,0,0
19700419,186,243,18,0.0,0,0
19700419,186,207,5,4.0,0,0
19700419,186,361,23,0.0,0,0
19700419,186,360,4,6.0,0,0
19700419,186,359,8,2.0,0,0
19700419,186,352,21,0.0,0,0
19700419,186,341,17,0.0,0,0
19700419,186,235,20,0.0,0,0
19700419,186,358,16,0.0,0,0
19700419,186,293,15,0.0,0,0
19700419,186,362,14,0.0,0,0
19700419,186,346,13,0.0,0,0
19700419,186,345,12,0.0,0,0
19700419,186,340,11,0.0,0,0
19700419,186,280,10,0.0,0,0
19700419,186,289,6,4.0,0,0
19700419,186,357,9,2.0,0,0
19700419,186,306,7,3.0,0,0
19700419,186,328,1,13.0,1,0
19700419,186,304,3,6.0,0,0
19700419,186,356,2,9.0,1,0
19700510,187,238,13,0.0,0,0
19700510,187,339,26,0.0,0,0
19700510,187,333,25,0.0,0,0
19700510,187,278,20,0.0,0,0
19700510,187,262,22,0.0,0,0
19700510,187,243,19,0.0,0,0
19700510,187,207,8,4.0,0,0
19700510,187,361,21,0.0,0,0
19700510,187,360,5,6.0,0,0
19700510,187,359,10,2.0,0,0
19700510,187,352,24,0.0,0,0
19700510,187,341,18,0.0,0,0
19700510,187,235,23,0.0,0,0
19700510,187,358,3,9.0,1,0
19700510,187,293,17,0.0,0,0
19700510,187,362,16,0.0,0,0
19700510,187,346,14,0.0,0,0
19700510,187,345,12,1.0,0,0
19700510,187,340,15,0.0,0,0
19700510,187,280,7,4.0,0,0
19700510,187,289,6,6.0,0,0
19700510,187,357,11,2.0,0,0
19700510,187,306,9,3.0,0,0
19700510,187,328,2,13.0,1,0
19700510,187,304,4,9.0,0,0
19700510,187,356,1,15.0,1,0
19700607,188,321,27,0.0,0,0
19700607,188,363,12,3.0,0,0
19700607,188,238,17,0.0,0,0
19700607,188,339,28,0.0,0,0
19700607,188,333,26,0.0,0,0
19700607,188,278,7,6.0,0,0
19700607,188,262,24,0.0,0,0
19700607,188,243,13,2.0,0,0
19700607,188,207,11,4.0,0,0
19700607,188,361,23,0.0,0,0
19700607,188,360,8,6.0,0,0
19700607,188,359,15,2.0,0,0
19700607,188,352,25,0.0,0,0
19700607,188,341,22,0.0,0,0
19700607,188,235,18,0.0,0,0
19700607,188,358,4,9.0,1,0
19700607,188,293,21,0.0,0,0
19700607,188,362,20,0.0,0,0
19700607,188,346,16,0.0,0,0
19700607,188,345,3,10.0,1,0
19700607,188,340,19,0.0,0,0
19700607,188,280,10,5.0,0,0
19700607,188,289,9,6.0,0,0
19700607,188,357,14,2.0,0,0
19700607,188,306,6,7.0,0,0
19700607,188,328,2,13.0,1,0
19700607,188,304,5,9.0,0,0
19700607,188,356,1,15.0,1,0
19700621,189,351,34,0.0,0,0
19700621,189,353,33,0.0,0,0
19700621,189,364,31,0.0,0,0
19700621,189,320,30,0.0,0,0
19700621,189,327,26,0.0,0,0
19700621,189,223,14,3.0,0,0
19700621,189,321,29,0.0,0,0
19700621,189,363,13,3.0,0,0
19700621,189,238,20,0.0,0,0
19700621,189,339,32,0.0,0,0
19700621,189,333,28,0.0,0,0
19700621,189,278,7,6.0,0,0
19700621,189,262,25,0.0,0,0
19700621,189,243,16,2.0,0,0
19700621,189,207,12,4.0,0,0
19700621,189,361,24,0.0,0,0
19700621,189,360,8,6.0,0,0
19700621,189,359,17,2.0,0,0
19700621,189,352,27,0.0,0,0
19700621,189,341,18,1.0,0,0
19700621,189,235,11,4.0,0,0
19700621,189,358,2,18.0,2,0
19700621,189,293,23,0.0,0,0
19700621,189,362,22,0.0,0,0
19700621,189,346,19,0.0,0,0
19700621,189,345,4,10.0,1,0
19700621,189,340,21,0.0,0,0
19700621,189,280,10,5.0,0,0
19700621,189,289,9,6.0,0,0
19700621,189,357,15,2.0,0,0
19700621,189,306,6,9.0,0,0
19700621,189,328,1,19.0,1,0
19700621,189,304,5,9.0,0,0
19700621,189,356,3,15.0,1,0
19700705,190,351,32,0.0,0,0
19700705,190,353,34,0.0,0,0
19700705,190,364,19,1.0,0,0
19700705,190,320,31,0.0,0,0
19700705,190,327,23,0.0,0,0
19700705,190,223,14,3.0,0,0
19700705,190,321,30,0.0,0,0
19700705,190,363,13,3.0,0,0
19700705,190,238,21,0.0,0,0
19700705,190,339,33,0.0,0,0
19700705,190,333,29,0.0,0,0
19700705,190,278,4,12.0,0,0
19700705,190,262,28,0.0,0,0
19700705,190,243,16,2.0,0,0
19700705,190,207,12,4.0,0,0
19700705,190,361,27,0.0,0,0
19700705,190,360,9,6.0,0,0
19700705,190,359,17,2.0,0,0
19700705,190,352,25,0.0,0,0
19700705,190,341,18,1.0,0,0
19700705,190,235,11,4.0,0,0
19700705,190,358,1,27.0,3,0
19700705,190,293,26,0.0,0,0
19700705,190,362,24,0.0,0,0
19700705,190,346,20,0.0,0,0
19700705,190,345,6,10.0,1,0
19700705,190,340,22,0.0,0,0
19700705,190,280,8,7.0,0,0
19700705,190,289,10,6.0,0,0
19700705,190,357,15,2.0,0,0
19700705,190,306,7,9.0,0,0
19700705,190,328,2,19.0,1,0
19700705,190,304,5,12.0,0,0
19700705,190,356,3,19.0,1,0
19700718,191,224,23,0.0,0,0
19700718,191,351,34,0.0,0,0
19700718,191,353,29,0.0,0,0
19700718,191,364,19,1.0,0,0
19700718,191,320,33,0.0,0,0
19700718,191,327,22,0.0,0,0
19700718,191,223,11,6.0,0,0
19700718,191,321,32,0.0,0,0
19700718,191,363,14,3.0,0,0
19700718,191,238,21,0.0,0,0
19700718,191,339,35,0.0,0,0
19700718,191,333,31,0.0,0,0
19700718,191,278,5,14.0,0,0
19700718,191,262,30,0.0,0,0
19700718,191,243,16,2.0,0,0
19700718,191,207,13,4.0,0,0
19700718,191,361,28,0.0,0,0
19700718,191,360,10,6.0,0,0
19700718,191,359,17,2.0,0,0
19700718,191,352,26,0.0,0,0
19700718,191,341,18,1.0,0,0
19700718,191,235,12,4.0,0,0
19700718,191,358,1,36.0,4,0
19700718,191,293,27,0.0,0,0
19700718,191,362,25,0.0,0,0
19700718,191,346,20,0.0,0,0
19700718,191,345,6,10.0,1,0
19700718,191,340,24,0.0,0,0
19700718,191,280,8,7.0,0,0
19700718,191,289,9,7.0,0,0
19700718,191,357,15,2.0,0,0
19700718,191,306,7,9.0,0,0
19700718,191,328,3,19.0,1,0
19700718,191,304,4,16.0,0,0
19700718,191,356,2,25.0,1,0
19700802,192,365,37,0.0,0,0
19700802,192,312,36,0.0,0,0
19700802,192,224,15,3.0,0,0
19700802,192,351,34,0.0,0,0
19700802,192,353,29,0.0,0,0
19700802,192,364,20,1.0,0,0
19700802,192,320,33,0.0,0,0
19700802,192,327,21,0.0,0,0
19700802,192,223,12,6.0,0,0
19700802,192,321,32,0.0,0,0
19700802,192,363,16,3.0,0,0
19700802,192,238,23,0.0,0,0
19700802,192,339,35,0.0,0,0
19700802,192,333,31,0.0,0,0
19700802,192,278,5,14.0,0,0
19700802,192,262,30,0.0,0,0
19700802,192,243,14,4.0,0,0
19700802,192,207,13,4.0,0,0
19700802,192,361,28,0.0,0,0
19700802,192,360,11,6.0,0,0
19700802,192,359,18,2.0,0,0
19700802,192,352,26,0.0,0,0
19700802,192,341,19,1.0,0,0
19700802,192,235,7,10.0,0,0
19700802,192,358,1,45.0,5,0
19700802,192,293,27,0.0,0,0
19700802,192,362,25,0.0,0,0
19700802,192,346,22,0.0,0,0
19700802,192,345,6,10.0,1,0
19700802,192,340,24,0.0,0,0
19700802,192,280,9,8.0,0,0
19700802,192,289,10,7.0,0,0
19700802,192,357,17,2.0,0,0
19700802,192,306,8,9.0,0,0
19700802,192,328,4,19.0,1,0
19700802,192,304,3,20.0,0,0
19700802,192,356,2,25.0,1,0
20091101,820,18,1,95.0,6,1
20091101,820,22,3,77.0,2,1
20091101,820,15,8,32.5,0,1
20091101,820,10,10,24.0,0,1
20091101,820,4,9,26.0,0,1
20091101,820,3,7,34.5,0,1
20091101,820,67,16,6.0,0,1
20091101,820,7,19,2.0,0,1
20091101,820,16,17,5.0,0,1
20091101,820,2,13,19.0,0,1
20091101,820,21,15,8.0,0,1
20091101,820,17,4,69.5,2,1
20091101,820,20,2,84.0,4,1
20091101,820,9,14,17.0,0,1
20091101,820,8,6,48.0,1,1
20091101,820,13,11,22.0,0,1
20091101,820,12,21,0.0,0,1
20091101,820,6,20,0.0,0,1
20091101,820,5,12,22.0,0,1
20091101,820,1,5,49.0,2,1
20091101,820,153,24,0.0,0,1
20091101,820,154,23,0.0,0,1
20091101,820,69,25,0.0,0,1
20091101,820,24,22,0.0,0,1
20091101,820,155,18,3.0,0,1
19700816,193,314,34,0.0,0,0
19700816,193,365,38,0.0,0,0
19700816,193,312,37,0.0,0,0
19700816,193,224,16,3.0,0,0
19700816,193,351,35,0.0,0,0
19700816,193,353,32,0.0,0,0
19700816,193,364,21,1.0,0,0
19700816,193,320,26,0.0,0,0
19700816,193,327,22,0.0,0,0
19700816,193,223,8,12.0,0,0
19700816,193,321,33,0.0,0,0
19700816,193,363,15,3.0,0,0
19700816,193,238,24,0.0,0,0
19700816,193,339,36,0.0,0,0
19700816,193,333,29,0.0,0,0
19700816,193,278,6,14.0,0,0
19700816,193,262,18,2.0,0,0
19700816,193,243,10,8.0,0,0
19700816,193,207,14,4.0,0,0
19700816,193,361,31,0.0,0,0
19700816,193,360,13,6.0,0,0
19700816,193,359,19,2.0,0,0
19700816,193,352,27,0.0,0,0
19700816,193,341,20,1.0,0,0
19700816,193,235,4,19.0,1,0
19700816,193,358,1,45.0,5,0
19700816,193,293,30,0.0,0,0
19700816,193,362,28,0.0,0,0
19700816,193,346,23,0.0,0,0
19700816,193,345,7,13.0,1,0
19700816,193,340,25,0.0,0,0
19700816,193,280,11,8.0,0,0
19700816,193,289,12,7.0,0,0
19700816,193,357,17,2.0,0,0
19700816,193,306,9,10.0,0,0
19700816,193,328,5,19.0,1,0
19700816,193,304,3,20.0,0,0
19700816,193,356,2,25.0,1,0
19700906,194,330,40,0.0,0,0
19700906,194,347,38,0.0,0,0
19700906,194,314,33,0.0,0,0
19700906,194,365,39,0.0,0,0
19700906,194,312,37,0.0,0,0
19700906,194,224,16,3.0,0,0
19700906,194,351,35,0.0,0,0
19700906,194,353,32,0.0,0,0
19700906,194,364,22,1.0,0,0
19700906,194,320,27,0.0,0,0
19700906,194,327,20,1.0,0,0
19700906,194,223,5,21.0,1,0
19700906,194,321,34,0.0,0,0
19700906,194,363,15,3.0,0,0
19700906,194,238,24,0.0,0,0
19700906,194,339,36,0.0,0,0
19700906,194,333,25,0.0,0,0
19700906,194,278,7,14.0,0,0
19700906,194,262,18,2.0,0,0
19700906,194,243,10,10.0,0,0
19700906,194,207,14,4.0,0,0
19700906,194,361,31,0.0,0,0
19700906,194,360,13,6.0,0,0
19700906,194,359,19,2.0,0,0
19700906,194,352,28,0.0,0,0
19700906,194,341,21,1.0,0,0
19700906,194,235,6,19.0,1,0
19700906,194,358,1,45.0,5,0
19700906,194,293,30,0.0,0,0
19700906,194,362,29,0.0,0,0
19700906,194,346,23,0.0,0,0
19700906,194,345,9,13.0,1,0
19700906,194,340,26,0.0,0,0
19700906,194,280,11,8.0,0,0
19700906,194,289,12,7.0,0,0
19700906,194,357,17,2.0,0,0
19700906,194,306,8,14.0,0,0
19700906,194,328,2,25.0,1,0
19700906,194,304,4,23.0,0,0
19700906,194,356,3,25.0,1,0
19700920,195,330,40,0.0,0,0
19700920,195,347,38,0.0,0,0
19700920,195,314,33,0.0,0,0
19700920,195,365,39,0.0,0,0
19700920,195,312,37,0.0,0,0
19700920,195,224,16,3.0,0,0
19700920,195,351,35,0.0,0,0
19700920,195,353,32,0.0,0,0
19700920,195,364,23,1.0,0,0
19700920,195,320,22,1.0,0,0
19700920,195,327,21,1.0,0,0
19700920,195,223,3,27.0,1,0
19700920,195,321,34,0.0,0,0
19700920,195,363,15,3.0,0,0
19700920,195,238,25,0.0,0,0
19700920,195,339,36,0.0,0,0
19700920,195,333,26,0.0,0,0
19700920,195,278,7,18.0,0,0
19700920,195,262,19,2.0,0,0
19700920,195,243,10,10.0,0,0
19700920,195,207,14,4.0,0,0
19700920,195,361,31,0.0,0,0
19700920,195,360,13,6.0,0,0
19700920,195,359,20,2.0,0,0
19700920,195,352,28,0.0,0,0
19700920,195,341,17,3.0,0,0
19700920,195,235,2,28.0,2,0
19700920,195,358,1,45.0,5,0
19700920,195,293,30,0.0,0,0
19700920,195,362,29,0.0,0,0
19700920,195,346,24,0.0,0,0
19700920,195,345,8,16.0,1,0
19700920,195,340,27,0.0,0,0
19700920,195,280,11,8.0,0,0
19700920,195,289,12,7.0,0,0
19700920,195,357,18,2.0,0,0
19700920,195,306,9,14.0,0,0
19700920,195,328,4,25.0,1,0
19700920,195,304,6,23.0,0,0
19700920,195,356,5,25.0,1,0
19701004,196,367,42,0.0,0,0
19701004,196,366,38,0.0,0,0
19701004,196,317,16,4.0,0,0
19701004,196,330,43,0.0,0,0
19701004,196,347,36,0.0,0,0
19701004,196,314,35,0.0,0,0
19701004,196,365,41,0.0,0,0
19701004,196,312,40,0.0,0,0
19701004,196,224,10,12.0,1,0
19701004,196,351,37,0.0,0,0
19701004,196,353,34,0.0,0,0
19701004,196,364,24,1.0,0,0
19701004,196,320,23,1.0,0,0
19701004,196,327,22,1.0,0,0
19701004,196,223,3,27.0,1,0
19701004,196,321,25,1.0,0,0
19701004,196,363,17,3.0,0,0
19701004,196,238,27,0.0,0,0
19701004,196,339,39,0.0,0,0
19701004,196,333,28,0.0,0,0
19701004,196,278,8,20.0,0,0
19701004,196,262,20,2.0,0,0
19701004,196,243,11,10.0,0,0
19701004,196,207,15,4.0,0,0
19701004,196,361,33,0.0,0,0
19701004,196,360,14,6.0,0,0
19701004,196,359,21,2.0,0,0
19701004,196,352,30,0.0,0,0
19701004,196,341,18,3.0,0,0
19701004,196,235,2,31.0,2,0
19701004,196,358,1,45.0,5,0
19701004,196,293,32,0.0,0,0
19701004,196,362,31,0.0,0,0
19701004,196,346,26,0.0,0,0
19701004,196,345,7,22.0,1,0
19701004,196,340,29,0.0,0,0
19701004,196,280,12,8.0,0,0
19701004,196,289,13,7.0,0,0
19701004,196,357,19,2.0,0,0
19701004,196,306,9,14.0,0,0
19701004,196,328,4,25.0,1,0
19701004,196,304,6,23.0,0,0
19701004,196,356,5,25.0,1,0
19701025,197,367,42,0.0,0,1
19701025,197,366,38,0.0,0,1
19701025,197,317,15,4.0,0,1
19701025,197,330,43,0.0,0,1
19701025,197,347,36,0.0,0,1
19701025,197,314,35,0.0,0,1
19701025,197,365,41,0.0,0,1
19701025,197,312,40,0.0,0,1
19701025,197,224,10,12.0,1,1
19701025,197,351,37,0.0,0,1
19701025,197,353,34,0.0,0,1
19701025,197,364,24,1.0,0,1
19701025,197,320,23,1.0,0,1
19701025,197,327,22,1.0,0,1
19701025,197,223,3,33.0,1,1
19701025,197,321,25,1.0,0,1
19701025,197,363,17,3.0,0,1
19701025,197,238,27,0.0,0,1
19701025,197,339,39,0.0,0,1
19701025,197,333,28,0.0,0,1
19701025,197,278,8,23.0,0,1
19701025,197,262,20,2.0,0,1
19701025,197,243,11,10.0,0,1
19701025,197,207,16,4.0,0,1
19701025,197,361,33,0.0,0,1
19701025,197,360,14,6.0,0,1
19701025,197,359,21,2.0,0,1
19701025,197,352,30,0.0,0,1
19701025,197,341,18,3.0,0,1
19701025,197,235,2,40.0,3,1
19701025,197,358,1,45.0,5,1
19701025,197,293,32,0.0,0,1
19701025,197,362,31,0.0,0,1
19701025,197,346,26,0.0,0,1
19701025,197,345,7,23.0,1,1
19701025,197,340,29,0.0,0,1
19701025,197,280,12,8.0,0,1
19701025,197,289,13,7.0,0,1
19701025,197,357,19,2.0,0,1
19701025,197,306,9,16.0,0,1
19701025,197,328,5,25.0,1,1
19701025,197,304,4,27.0,0,1
19701025,197,356,6,25.0,1,1
19690301,174,369,18,0.0,0,0
19690301,174,235,17,0.0,0,0
19690301,174,340,16,0.0,0,0
19690301,174,207,15,0.0,0,0
19690301,174,356,14,0.0,0,0
19690301,174,278,13,0.0,0,0
19690301,174,345,12,0.0,0,0
19690301,174,341,11,0.0,0,0
19690301,174,358,10,0.0,0,0
19690301,174,362,9,0.0,0,0
19690301,174,368,8,0.0,0,0
19690301,174,262,7,0.0,0,0
19690301,174,306,6,1.0,0,0
19690301,174,360,5,2.0,0,0
19690301,174,346,4,3.0,0,0
19690301,174,304,3,4.0,0,0
19690301,174,289,2,6.0,0,0
19690301,174,328,1,9.0,1,0
19690504,175,361,16,0.0,0,0
19690504,175,369,19,0.0,0,0
19690504,175,235,8,1.0,0,0
19690504,175,340,18,0.0,0,0
19690504,175,207,17,0.0,0,0
19690504,175,356,13,0.0,0,0
19690504,175,278,12,0.0,0,0
19690504,175,345,11,0.0,0,0
19690504,175,341,7,2.0,0,0
19690504,175,358,15,0.0,0,0
19690504,175,362,14,0.0,0,0
19690504,175,368,10,0.0,0,0
19690504,175,262,9,0.0,0,0
19690504,175,306,5,5.0,0,0
19690504,175,360,2,8.0,0,0
19690504,175,346,6,3.0,0,0
19690504,175,304,3,7.0,0,0
19690504,175,289,4,6.0,0,0
19690504,175,328,1,18.0,2,0
19690518,176,351,19,0.0,0,0
19690518,176,350,12,0.0,0,0
19690518,176,370,8,3.0,0,0
19690518,176,361,6,6.0,0,0
19690518,176,369,22,0.0,0,0
19690518,176,235,10,1.0,0,0
19690518,176,340,21,0.0,0,0
19690518,176,207,20,0.0,0,0
19690518,176,356,16,0.0,0,0
19690518,176,278,15,0.0,0,0
19690518,176,345,14,0.0,0,0
19690518,176,341,9,2.0,0,0
19690518,176,358,18,0.0,0,0
19690518,176,362,17,0.0,0,0
19690518,176,368,13,0.0,0,0
19690518,176,262,11,0.0,0,0
19690518,176,306,7,5.0,0,0
19690518,176,360,3,10.0,0,0
19690518,176,346,5,7.0,0,0
19690518,176,304,4,8.0,0,0
19690518,176,289,2,15.0,1,0
19690518,176,328,1,18.0,2,0
19690621,177,351,19,0.0,0,0
19690621,177,350,13,0.0,0,0
19690621,177,370,9,3.0,0,0
19690621,177,361,6,6.0,0,0
19690621,177,369,22,0.0,0,0
19690621,177,235,10,3.0,0,0
19690621,177,340,21,0.0,0,0
19690621,177,207,20,0.0,0,0
19690621,177,356,12,1.0,0,0
19690621,177,278,8,4.0,0,0
19690621,177,345,16,0.0,0,0
19690621,177,341,11,2.0,0,0
19690621,177,358,18,0.0,0,0
19690621,177,362,17,0.0,0,0
19690621,177,368,15,0.0,0,0
19690621,177,262,14,0.0,0,0
19690621,177,306,7,5.0,0,0
19690621,177,360,5,10.0,0,0
19690621,177,346,3,13.0,0,0
19690621,177,304,4,11.0,0,0
19690621,177,289,2,15.0,1,0
19690621,177,328,1,27.0,3,0
19690706,178,357,20,0.0,0,0
19690706,178,351,14,0.0,0,0
19690706,178,350,11,2.0,0,0
19690706,178,370,10,3.0,0,0
19690706,178,361,8,6.0,0,0
19690706,178,369,23,0.0,0,0
19690706,178,235,7,7.0,0,0
19690706,178,340,22,0.0,0,0
19690706,178,207,21,0.0,0,0
19690706,178,356,13,1.0,0,0
19690706,178,278,9,4.0,0,0
19690706,178,345,17,0.0,0,0
19690706,178,341,12,2.0,0,0
19690706,178,358,19,0.0,0,0
19690706,178,362,18,0.0,0,0
19690706,178,368,16,0.0,0,0
19690706,178,262,15,0.0,0,0
19690706,178,306,5,11.0,0,0
19690706,178,360,4,13.0,0,0
19690706,178,346,3,13.0,0,0
19690706,178,304,6,11.0,0,0
19690706,178,289,2,16.0,1,0
19690706,178,328,1,36.0,4,0
19690719,179,321,23,0.0,0,0
19690719,179,347,22,0.0,0,0
19690719,179,357,18,0.0,0,0
19690719,179,351,15,0.0,0,0
19690719,179,350,12,3.0,0,0
19690719,179,370,11,3.0,0,0
19690719,179,361,8,8.0,0,0
19690719,179,369,25,0.0,0,0
19690719,179,235,5,13.0,0,0
19690719,179,340,24,0.0,0,0
19690719,179,207,21,0.0,0,0
19690719,179,356,14,1.0,0,0
19690719,179,278,9,4.0,0,0
19690719,179,345,19,0.0,0,0
19690719,179,341,13,2.0,0,0
19690719,179,358,10,3.0,0,0
19690719,179,362,20,0.0,0,0
19690719,179,368,17,0.0,0,0
19690719,179,262,16,0.0,0,0
19690719,179,306,6,11.0,0,0
19690719,179,360,2,17.0,0,0
19690719,179,346,4,13.0,0,0
19690719,179,304,7,11.0,0,0
19690719,179,289,3,16.0,1,0
19690719,179,328,1,45.0,5,0
19690803,180,321,23,0.0,0,0
19690803,180,347,21,0.0,0,0
19690803,180,357,18,0.0,0,0
19690803,180,351,16,0.0,0,0
19690803,180,350,12,3.0,0,0
19690803,180,370,11,3.0,0,0
19690803,180,361,8,8.0,0,0
19690803,180,369,25,0.0,0,0
19690803,180,235,2,22.0,1,0
19690803,180,340,24,0.0,0,0
19690803,180,207,22,0.0,0,0
19690803,180,356,14,1.0,0,0
19690803,180,278,9,4.0,0,0
19690803,180,345,19,0.0,0,0
19690803,180,341,13,2.0,0,0
19690803,180,358,10,3.0,0,0
19690803,180,362,20,0.0,0,0
19690803,180,368,17,0.0,0,0
19690803,180,262,15,0.0,0,0
19690803,180,306,6,12.0,0,0
19690803,180,360,3,21.0,0,0
19690803,180,346,5,15.0,0,0
19690803,180,304,7,11.0,0,0
19690803,180,289,4,19.0,1,0
19690803,180,328,1,51.0,5,0
19690907,181,321,23,0.0,0,0
19690907,181,347,21,0.0,0,0
19690907,181,357,19,0.0,0,0
19690907,181,351,17,0.0,0,0
19690907,181,350,12,3.0,0,0
19690907,181,370,11,3.0,0,0
19690907,181,361,8,10.0,0,0
19690907,181,369,25,0.0,0,0
19690907,181,235,3,22.0,1,0
19690907,181,340,24,0.0,0,0
19690907,181,207,22,0.0,0,0
19690907,181,356,15,1.0,0,0
19690907,181,278,10,4.0,0,0
19690907,181,345,14,1.0,0,0
19690907,181,341,13,2.0,0,0
19690907,181,358,9,9.0,0,0
19690907,181,362,20,0.0,0,0
19690907,181,368,18,0.0,0,0
19690907,181,262,16,0.0,0,0
19690907,181,306,5,16.0,0,0
19690907,181,360,2,24.0,0,0
19690907,181,346,6,15.0,0,0
19690907,181,304,7,11.0,0,0
19690907,181,289,4,19.0,1,0
19690907,181,328,1,60.0,6,0
19690920,182,372,28,0.0,0,0
19690920,182,343,22,0.0,0,0
19690920,182,353,19,0.0,0,0
19690920,182,359,16,1.0,0,0
19690920,182,321,26,0.0,0,0
19690920,182,347,24,0.0,0,0
19690920,182,357,21,0.0,0,0
19690920,182,351,18,0.0,0,0
19690920,182,350,13,3.0,0,0
19690920,182,370,12,3.0,0,0
19690920,182,361,9,10.0,0,0
19690920,182,369,29,0.0,0,0
19690920,182,235,2,31.0,2,0
19690920,182,340,27,0.0,0,0
19690920,182,207,25,0.0,0,0
19690920,182,356,10,7.0,0,0
19690920,182,278,11,4.0,0,0
19690920,182,345,15,1.0,0,0
19690920,182,341,14,2.0,0,0
19690920,182,358,7,13.0,0,0
19690920,182,362,23,0.0,0,0
19690920,182,368,20,0.0,0,0
19690920,182,262,17,0.0,0,0
19690920,182,306,5,19.0,0,0
19690920,182,360,3,26.0,0,0
19690920,182,346,6,15.0,0,0
19690920,182,304,8,11.0,0,0
19690920,182,289,4,19.0,1,0
19690920,182,328,1,60.0,6,0
19691005,183,352,25,0.0,0,0
19691005,183,372,29,0.0,0,0
19691005,183,343,22,0.0,0,0
19691005,183,353,19,0.0,0,0
19691005,183,359,17,1.0,0,0
19691005,183,321,27,0.0,0,0
19691005,183,347,24,0.0,0,0
19691005,183,357,21,0.0,0,0
19691005,183,351,16,1.0,0,0
19691005,183,350,14,3.0,0,0
19691005,183,370,13,3.0,0,0
19691005,183,361,7,16.0,0,0
19691005,183,369,30,0.0,0,0
19691005,183,235,2,31.0,2,0
19691005,183,340,28,0.0,0,0
19691005,183,207,26,0.0,0,0
19691005,183,356,10,10.0,0,0
19691005,183,278,12,4.0,0,0
19691005,183,345,15,3.0,0,0
19691005,183,341,11,6.0,0,0
19691005,183,358,4,22.0,1,0
19691005,183,362,23,0.0,0,0
19691005,183,368,20,0.0,0,0
19691005,183,262,18,0.0,0,0
19691005,183,306,6,19.0,0,0
19691005,183,360,3,26.0,0,0
19691005,183,346,8,15.0,0,0
19691005,183,304,9,11.0,0,0
19691005,183,289,5,19.0,1,0
19691005,183,328,1,60.0,6,0
19691019,184,352,24,0.0,0,1
19691019,184,372,29,0.0,0,1
19691019,184,343,22,0.0,0,1
19691019,184,353,19,0.0,0,1
19691019,184,359,18,1.0,0,1
19691019,184,321,27,0.0,0,1
19691019,184,347,25,0.0,0,1
19691019,184,357,21,0.0,0,1
19691019,184,351,16,1.0,0,1
19691019,184,350,14,3.0,0,1
19691019,184,370,13,3.0,0,1
19691019,184,361,8,16.0,0,1
19691019,184,369,30,0.0,0,1
19691019,184,235,2,37.0,2,1
19691019,184,340,28,0.0,0,1
19691019,184,207,26,0.0,0,1
19691019,184,356,10,14.0,0,1
19691019,184,278,12,4.0,0,1
19691019,184,345,15,3.0,0,1
19691019,184,341,11,6.0,0,1
19691019,184,358,4,22.0,1,1
19691019,184,362,23,0.0,0,1
19691019,184,368,20,0.0,0,1
19691019,184,262,17,1.0,0,1
19691019,184,306,5,21.0,0,1
19691019,184,360,3,26.0,0,1
19691019,184,346,9,15.0,0,1
19691019,184,304,6,20.0,1,1
19691019,184,289,7,19.0,1,1
19691019,184,328,1,63.0,6,1
19680101,162,375,23,0.0,0,0
19680101,162,293,22,0.0,0,0
19680101,162,312,21,0.0,0,0
19680101,162,374,20,0.0,0,0
19680101,162,333,19,0.0,0,0
19680101,162,356,18,0.0,0,0
19680101,162,345,17,0.0,0,0
19680101,162,369,16,0.0,0,0
19680101,162,368,15,0.0,0,0
19680101,162,328,14,0.0,0,0
19680101,162,347,13,0.0,0,0
19680101,162,235,12,0.0,0,0
19680101,162,364,11,0.0,0,0
19680101,162,334,10,0.0,0,0
19680101,162,340,9,0.0,0,0
19680101,162,341,8,0.0,0,0
19680101,162,346,7,0.0,0,0
19680101,162,306,6,1.0,0,0
19680101,162,304,5,2.0,0,0
19680101,162,278,4,3.0,0,0
19680101,162,358,3,4.0,0,0
19680101,162,289,2,6.0,0,0
19680101,162,373,1,9.0,1,0
19680512,163,361,13,0.0,0,0
19680512,163,360,12,0.0,0,0
19680512,163,375,7,3.0,0,0
19680512,163,293,25,0.0,0,0
19680512,163,312,5,4.0,0,0
19680512,163,374,24,0.0,0,0
19680512,163,333,23,0.0,0,0
19680512,163,356,19,0.0,0,0
19680512,163,345,15,0.0,0,0
19680512,163,369,22,0.0,0,0
19680512,163,368,21,0.0,0,0
19680512,163,328,20,0.0,0,0
19680512,163,347,18,0.0,0,0
19680512,163,235,17,0.0,0,0
19680512,163,364,16,0.0,0,0
19680512,163,334,14,0.0,0,0
19680512,163,340,11,0.0,0,0
19680512,163,341,10,0.0,0,0
19680512,163,346,9,0.0,0,0
19680512,163,306,8,3.0,0,0
19680512,163,304,3,8.0,0,0
19680512,163,278,6,3.0,0,0
19680512,163,358,4,4.0,0,0
19680512,163,289,1,15.0,1,0
19680512,163,373,2,9.0,1,0
19680526,164,351,27,0.0,0,0
19680526,164,262,25,0.0,0,0
19680526,164,359,22,0.0,0,0
19680526,164,376,8,4.0,0,0
19680526,164,370,4,6.0,0,0
19680526,164,361,16,0.0,0,0
19680526,164,360,14,0.0,0,0
19680526,164,375,5,6.0,0,0
19680526,164,293,30,0.0,0,0
19680526,164,312,7,4.0,0,0
19680526,164,374,29,0.0,0,0
19680526,164,333,28,0.0,0,0
19680526,164,356,20,0.0,0,0
19680526,164,345,15,0.0,0,0
19680526,164,369,26,0.0,0,0
19680526,164,368,24,0.0,0,0
19680526,164,328,23,0.0,0,0
19680526,164,347,21,0.0,0,0
19680526,164,235,19,0.0,0,0
19680526,164,364,18,0.0,0,0
19680526,164,334,17,0.0,0,0
19680526,164,340,13,0.0,0,0
19680526,164,341,12,0.0,0,0
19680526,164,346,11,0.0,0,0
19680526,164,306,10,3.0,0,0
19680526,164,304,2,10.0,0,0
19680526,164,278,9,3.0,0,0
19680526,164,358,6,4.0,0,0
19680526,164,289,1,24.0,2,0
19680526,164,373,3,9.0,1,0
19680609,165,351,27,0.0,0,0
19680609,165,262,15,2.0,0,0
19680609,165,359,24,0.0,0,0
19680609,165,376,8,5.0,0,0
19680609,165,370,6,6.0,0,0
19680609,165,361,19,0.0,0,0
19680609,165,360,3,9.0,1,0
19680609,165,375,7,6.0,0,0
19680609,165,293,30,0.0,0,0
19680609,165,312,11,4.0,0,0
19680609,165,374,29,0.0,0,0
19680609,165,333,28,0.0,0,0
19680609,165,356,22,0.0,0,0
19680609,165,345,5,6.0,0,0
19680609,165,369,26,0.0,0,0
19680609,165,368,25,0.0,0,0
19680609,165,328,13,3.0,0,0
19680609,165,347,23,0.0,0,0
19680609,165,235,9,4.0,0,0
19680609,165,364,21,0.0,0,0
19680609,165,334,20,0.0,0,0
19680609,165,340,18,0.0,0,0
19680609,165,341,17,0.0,0,0
19680609,165,346,16,0.0,0,0
19680609,165,306,14,3.0,0,0
19680609,165,304,2,10.0,0,0
19680609,165,278,12,3.0,0,0
19680609,165,358,10,4.0,0,0
19680609,165,289,1,24.0,2,0
19680609,165,373,4,9.0,1,0
19680623,166,351,16,2.0,0,0
19680623,166,262,15,2.0,0,0
19680623,166,359,25,0.0,0,0
19680623,166,376,11,5.0,0,0
19680623,166,370,9,6.0,0,0
19680623,166,361,21,0.0,0,0
19680623,166,360,5,9.0,1,0
19680623,166,375,10,6.0,0,0
19680623,166,293,30,0.0,0,0
19680623,166,312,13,4.0,0,0
19680623,166,374,29,0.0,0,0
19680623,166,333,28,0.0,0,0
19680623,166,356,24,0.0,0,0
19680623,166,345,3,10.0,0,0
19680623,166,369,27,0.0,0,0
19680623,166,368,26,0.0,0,0
19680623,166,328,2,12.0,1,0
19680623,166,347,19,0.0,0,0
19680623,166,235,8,7.0,0,0
19680623,166,364,23,0.0,0,0
19680623,166,334,22,0.0,0,0
19680623,166,340,20,0.0,0,0
19680623,166,341,18,0.0,0,0
19680623,166,346,17,0.0,0,0
19680623,166,306,7,9.0,0,0
19680623,166,304,4,10.0,0,0
19680623,166,278,14,4.0,0,0
19680623,166,358,12,4.0,0,0
19680623,166,289,1,24.0,2,0
19680623,166,373,6,9.0,1,0
19680707,167,377,29,0.0,0,0
19680707,167,350,16,3.0,0,0
19680707,167,351,18,2.0,0,0
19680707,167,262,17,2.0,0,0
19680707,167,359,26,0.0,0,0
19680707,167,376,12,5.0,0,0
19680707,167,370,9,6.0,0,0
19680707,167,361,19,1.0,0,0
19680707,167,360,6,9.0,1,0
19680707,167,375,11,6.0,0,0
19680707,167,293,32,0.0,0,0
19680707,167,312,14,4.0,0,0
19680707,167,374,31,0.0,0,0
19680707,167,333,30,0.0,0,0
19680707,167,356,25,0.0,0,0
19680707,167,345,5,10.0,0,0
19680707,167,369,28,0.0,0,0
19680707,167,368,27,0.0,0,0
19680707,167,328,3,16.0,1,0
19680707,167,347,21,0.0,0,0
19680707,167,235,2,16.0,1,0
19680707,167,364,24,0.0,0,0
19680707,167,334,23,0.0,0,0
19680707,167,340,22,0.0,0,0
19680707,167,341,10,6.0,0,0
19680707,167,346,20,0.0,0,0
19680707,167,306,8,9.0,0,0
19680707,167,304,4,12.0,0,0
19680707,167,278,15,4.0,0,0
19680707,167,358,13,4.0,0,0
19680707,167,289,1,24.0,2,0
19680707,167,373,7,9.0,1,0
19680720,168,378,26,0.0,0,0
19680720,168,377,30,0.0,0,0
19680720,168,350,17,3.0,0,0
19680720,168,351,19,2.0,0,0
19680720,168,262,18,2.0,0,0
19680720,168,359,27,0.0,0,0
19680720,168,376,14,5.0,0,0
19680720,168,370,12,6.0,0,0
19680720,168,361,20,1.0,0,0
19680720,168,360,8,9.0,1,0
19680720,168,375,13,6.0,0,0
19680720,168,293,33,0.0,0,0
19680720,168,312,16,4.0,0,0
19680720,168,374,32,0.0,0,0
19680720,168,333,31,0.0,0,0
19680720,168,356,25,0.0,0,0
19680720,168,345,5,10.0,0,0
19680720,168,369,29,0.0,0,0
19680720,168,368,28,0.0,0,0
19680720,168,328,3,17.0,1,0
19680720,168,347,21,0.0,0,0
19680720,168,235,2,20.0,1,0
19680720,168,364,24,0.0,0,0
19680720,168,334,23,0.0,0,0
19680720,168,340,22,0.0,0,0
19680720,168,341,11,8.0,0,0
19680720,168,346,7,9.0,1,0
19680720,168,306,10,9.0,0,0
19680720,168,304,4,15.0,0,0
19680720,168,278,6,10.0,0,0
19680720,168,358,15,4.0,0,0
19680720,168,289,1,24.0,2,0
19680720,168,373,9,9.0,1,0
19680804,169,379,26,0.0,0,0
19680804,169,365,25,0.0,0,0
19680804,169,378,28,0.0,0,0
19680804,169,377,32,0.0,0,0
19680804,169,350,17,3.0,0,0
19680804,169,351,19,2.0,0,0
19680804,169,262,18,2.0,0,0
19680804,169,359,29,0.0,0,0
19680804,169,376,15,5.0,0,0
19680804,169,370,13,6.0,0,0
19680804,169,361,21,1.0,0,0
19680804,169,360,8,9.0,1,0
19680804,169,375,14,6.0,0,0
19680804,169,293,35,0.0,0,0
19680804,169,312,16,4.0,0,0
19680804,169,374,34,0.0,0,0
19680804,169,333,33,0.0,0,0
19680804,169,356,20,2.0,0,0
19680804,169,345,5,11.0,0,0
19680804,169,369,31,0.0,0,0
19680804,169,368,30,0.0,0,0
19680804,169,328,2,26.0,2,0
19680804,169,347,22,0.0,0,0
19680804,169,235,3,23.0,1,0
19680804,169,364,23,0.0,0,0
19680804,169,334,27,0.0,0,0
19680804,169,340,24,0.0,0,0
19680804,169,341,11,8.0,0,0
19680804,169,346,7,9.0,1,0
19680804,169,306,10,9.0,0,0
19680804,169,304,4,15.0,0,0
19680804,169,278,6,10.0,0,0
19680804,169,358,12,8.0,0,0
19680804,169,289,1,30.0,2,0
19680804,169,373,9,9.0,1,0
19680908,170,380,37,0.0,0,0
19680908,170,321,34,0.0,0,0
19680908,170,322,28,0.0,0,0
19680908,170,379,27,0.0,0,0
19680908,170,365,26,0.0,0,0
19680908,170,378,30,0.0,0,0
19680908,170,377,33,0.0,0,0
19680908,170,350,19,3.0,0,0
19680908,170,351,22,2.0,0,0
19680908,170,262,20,2.0,0,0
19680908,170,359,14,6.0,0,0
19680908,170,376,16,5.0,0,0
19680908,170,370,13,6.0,0,0
19680908,170,361,18,4.0,0,0
19680908,170,360,9,9.0,1,0
19680908,170,375,15,6.0,0,0
19680908,170,293,38,0.0,0,0
19680908,170,312,17,4.0,0,0
19680908,170,374,36,0.0,0,0
19680908,170,333,35,0.0,0,0
19680908,170,356,21,2.0,0,0
19680908,170,345,5,11.0,0,0
19680908,170,369,32,0.0,0,0
19680908,170,368,31,0.0,0,0
19680908,170,328,3,26.0,2,0
19680908,170,347,23,1.0,0,0
19680908,170,235,2,27.0,1,0
19680908,170,364,24,0.0,0,0
19680908,170,334,29,0.0,0,0
19680908,170,340,25,0.0,0,0
19680908,170,341,11,8.0,0,0
19680908,170,346,8,9.0,1,0
19680908,170,306,6,11.0,0,0
19680908,170,304,4,24.0,1,0
19680908,170,278,7,10.0,0,0
19680908,170,358,12,8.0,0,0
19680908,170,289,1,30.0,2,0
19680908,170,373,10,9.0,1,0
19680922,171,343,35,0.0,0,0
19680922,171,280,30,0.0,0,0
19680922,171,380,39,0.0,0,0
19680922,171,321,36,0.0,0,0
19680922,171,322,28,0.0,0,0
19680922,171,379,27,0.0,0,0
19680922,171,365,26,0.0,0,0
19680922,171,378,31,0.0,0,0
19680922,171,377,34,0.0,0,0
19680922,171,350,17,5.0,0,0
19680922,171,351,22,2.0,0,0
19680922,171,262,20,2.0,0,0
19680922,171,359,14,6.0,0,0
19680922,171,376,16,5.0,0,0
19680922,171,370,13,6.0,0,0
19680922,171,361,19,4.0,0,0
19680922,171,360,5,15.0,1,0
19680922,171,375,15,6.0,0,0
19680922,171,293,40,0.0,0,0
19680922,171,312,18,4.0,0,0
19680922,171,374,38,0.0,0,0
19680922,171,333,37,0.0,0,0
19680922,171,356,21,2.0,0,0
19680922,171,345,6,15.0,0,0
19680922,171,369,33,0.0,0,0
19680922,171,368,32,0.0,0,0
19680922,171,328,3,27.0,2,0
19680922,171,347,23,1.0,0,0
19680922,171,235,4,27.0,1,0
19680922,171,364,24,0.0,0,0
19680922,171,334,29,0.0,0,0
19680922,171,340,25,0.0,0,0
19680922,171,341,11,8.0,0,0
19680922,171,346,9,9.0,1,0
19680922,171,306,7,11.0,0,0
19680922,171,304,2,33.0,2,0
19680922,171,278,8,10.0,0,0
19680922,171,358,12,8.0,0,0
19680922,171,289,1,33.0,2,0
19680922,171,373,10,9.0,1,0
19681006,172,207,36,0.0,0,0
19681006,172,381,35,0.0,0,0
19681006,172,343,37,0.0,0,0
19681006,172,280,30,0.0,0,0
19681006,172,380,41,0.0,0,0
19681006,172,321,38,0.0,0,0
19681006,172,322,28,0.0,0,0
19681006,172,379,27,0.0,0,0
19681006,172,365,26,0.0,0,0
19681006,172,378,31,0.0,0,0
19681006,172,377,34,0.0,0,0
19681006,172,350,17,5.0,0,0
19681006,172,351,23,2.0,0,0
19681006,172,262,21,2.0,0,0
19681006,172,359,14,6.0,0,0
19681006,172,376,16,5.0,0,0
19681006,172,370,13,6.0,0,0
19681006,172,361,19,4.0,0,0
19681006,172,360,5,16.0,1,0
19681006,172,375,15,6.0,0,0
19681006,172,293,42,0.0,0,0
19681006,172,312,18,4.0,0,0
19681006,172,374,40,0.0,0,0
19681006,172,333,39,0.0,0,0
19681006,172,356,22,2.0,0,0
19681006,172,345,6,15.0,0,0
19681006,172,369,33,0.0,0,0
19681006,172,368,32,0.0,0,0
19681006,172,328,2,36.0,3,0
19681006,172,347,24,1.0,0,0
19681006,172,235,4,27.0,1,0
19681006,172,364,20,3.0,0,0
19681006,172,334,29,0.0,0,0
19681006,172,340,25,0.0,0,0
19681006,172,341,7,12.0,0,0
19681006,172,346,8,11.0,1,0
19681006,172,306,9,11.0,0,0
19681006,172,304,3,33.0,2,0
19681006,172,278,10,10.0,0,0
19681006,172,358,12,8.0,0,0
19681006,172,289,1,39.0,2,0
19681006,172,373,11,9.0,1,0
19681103,173,382,35,0.0,0,1
19681103,173,207,37,0.0,0,1
19681103,173,381,36,0.0,0,1
19681103,173,343,38,0.0,0,1
19681103,173,280,25,0.0,0,1
19681103,173,380,42,0.0,0,1
19681103,173,321,39,0.0,0,1
19681103,173,322,29,0.0,0,1
19681103,173,379,28,0.0,0,1
19681103,173,365,27,0.0,0,1
19681103,173,378,31,0.0,0,1
19681103,173,377,34,0.0,0,1
19681103,173,350,18,5.0,0,1
19681103,173,351,24,2.0,0,1
19681103,173,262,15,6.0,0,1
19681103,173,359,14,6.0,0,1
19681103,173,376,17,5.0,0,1
19681103,173,370,13,6.0,0,1
19681103,173,361,20,4.0,0,1
19681103,173,360,5,22.0,1,1
19681103,173,375,16,6.0,0,1
19681103,173,293,43,0.0,0,1
19681103,173,312,19,4.0,0,1
19681103,173,374,41,0.0,0,1
19681103,173,333,40,0.0,0,1
19681103,173,356,23,2.0,0,1
19681103,173,345,6,18.0,0,1
19681103,173,369,33,0.0,0,1
19681103,173,368,32,0.0,0,1
19681103,173,328,2,36.0,3,1
19681103,173,347,22,3.0,0,1
19681103,173,235,4,27.0,1,1
19681103,173,364,21,3.0,0,1
19681103,173,334,30,0.0,0,1
19681103,173,340,26,0.0,0,1
19681103,173,341,8,12.0,0,1
19681103,173,346,7,12.0,1,1
19681103,173,306,9,11.0,0,1
19681103,173,304,3,33.0,2,1
19681103,173,278,10,10.0,0,1
19681103,173,358,12,8.0,0,1
19681103,173,289,1,48.0,3,1
19681103,173,373,11,9.0,1,1
19670102,151,328,18,0.0,0,0
19670102,151,289,17,0.0,0,0
19670102,151,373,16,0.0,0,0
19670102,151,347,15,0.0,0,0
19670102,151,374,14,0.0,0,0
19670102,151,358,13,0.0,0,0
19670102,151,346,12,0.0,0,0
19670102,151,364,11,0.0,0,0
19670102,151,361,10,0.0,0,0
19670102,151,368,9,0.0,0,0
19670102,151,384,8,0.0,0,0
19670102,151,293,7,0.0,0,0
19670102,151,304,4,3.0,0,0
19670102,151,340,2,6.0,0,0
19670507,152,386,24,0.0,0,0
19670507,152,306,23,0.0,0,0
19670507,152,359,22,0.0,0,0
19670507,152,385,11,0.0,0,0
19670507,152,360,7,3.0,0,0
19670507,152,278,6,4.0,0,0
19670507,152,328,19,0.0,0,0
19670507,152,289,3,6.0,0,0
19670507,152,373,15,0.0,0,0
19670507,152,347,21,0.0,0,0
19670507,152,374,9,1.0,0,0
19670507,152,358,20,0.0,0,0
19670507,152,346,17,0.0,0,0
19670507,152,364,18,0.0,0,0
19670507,152,361,13,0.0,0,0
19670507,152,368,16,0.0,0,0
19670507,152,384,14,0.0,0,0
19670507,152,293,12,0.0,0,0
19670507,152,383,8,2.0,0,0
19670507,152,304,1,12.0,1,0
19670507,152,340,4,6.0,0,0
19670604,153,388,14,0.0,0,0
19670604,153,375,13,1.0,0,0
19670604,153,387,11,2.0,0,0
19670604,153,386,27,0.0,0,0
19670604,153,306,26,0.0,0,0
19670604,153,359,25,0.0,0,0
19670604,153,385,16,0.0,0,0
19670604,153,360,9,3.0,0,0
19670604,153,328,22,0.0,0,0
19670604,153,289,6,6.0,0,0
19670604,153,373,3,9.0,1,0
19670604,153,347,24,0.0,0,0
19670604,153,374,12,1.0,0,0
19670604,153,358,23,0.0,0,0
19670604,153,346,15,0.0,0,0
19670604,153,364,21,0.0,0,0
19670604,153,361,18,0.0,0,0
19670604,153,368,20,0.0,0,0
19670604,153,384,19,0.0,0,0
19670604,153,304,1,16.0,1,0
19670604,153,341,8,4.0,0,0
19670604,153,340,7,6.0,0,0
19670618,154,389,19,0.0,0,0
19670618,154,388,18,0.0,0,0
19670618,154,375,16,1.0,0,0
19670618,154,387,15,2.0,0,0
19670618,154,386,28,0.0,0,0
19670618,154,306,27,0.0,0,0
19670618,154,359,26,0.0,0,0
19670618,154,360,12,3.0,0,0
19670618,154,328,7,6.0,0,0
19670618,154,289,8,6.0,0,0
19670618,154,373,4,10.0,1,0
19670618,154,374,13,3.0,0,0
19670618,154,358,11,3.0,0,0
19670618,154,346,17,0.0,0,0
19670618,154,364,5,9.0,1,0
19670618,154,361,22,0.0,0,0
19670618,154,384,23,0.0,0,0
19670618,154,383,14,2.0,0,0
19670618,154,304,1,16.0,1,0
19670618,154,340,9,6.0,0,0
19670702,155,389,19,0.0,0,0
19670702,155,388,15,2.0,0,0
19670702,155,375,18,1.0,0,0
19670702,155,387,17,2.0,0,0
19670702,155,386,28,0.0,0,0
19670702,155,306,27,0.0,0,0
19670702,155,359,26,0.0,0,0
19670702,155,385,20,0.0,0,0
19670702,155,278,4,11.0,0,0
19670702,155,289,8,6.0,0,0
19670702,155,373,5,10.0,1,0
19670702,155,347,25,0.0,0,0
19670702,155,358,12,3.0,0,0
19670702,155,346,11,3.0,0,0
19670702,155,364,7,9.0,1,0
19670702,155,361,22,0.0,0,0
19670702,155,368,24,0.0,0,0
19670702,155,384,23,0.0,0,0
19670702,155,356,2,16.0,1,0
19670702,155,304,1,22.0,1,0
19670702,155,341,10,4.0,0,0
19670702,155,340,9,6.0,0,0
19670715,156,351,28,0.0,0,0
19670715,156,390,20,0.0,0,0
19670715,156,322,19,0.0,0,0
19670715,156,389,21,0.0,0,0
19670715,156,388,15,2.0,0,0
19670715,156,375,18,1.0,0,0
19670715,156,387,17,2.0,0,0
19670715,156,386,31,0.0,0,0
19670715,156,306,30,0.0,0,0
19670715,156,359,29,0.0,0,0
19670715,156,385,22,0.0,0,0
19670715,156,360,13,3.0,0,0
19670715,156,278,4,15.0,0,0
19670715,156,328,6,10.0,0,0
19670715,156,289,8,6.0,0,0
19670715,156,373,2,19.0,2,0
19670715,156,347,27,0.0,0,0
19670715,156,374,14,3.0,0,0
19670715,156,358,12,3.0,0,0
19670715,156,346,11,3.0,0,0
19670715,156,364,7,9.0,1,0
19670715,156,361,24,0.0,0,0
19670715,156,368,26,0.0,0,0
19670715,156,384,25,0.0,0,0
19670715,156,293,23,0.0,0,0
19670715,156,383,16,2.0,0,0
19670715,156,304,1,28.0,1,0
19670715,156,340,9,6.0,0,0
19670806,157,377,37,0.0,0,0
19670806,157,379,36,0.0,0,0
19670806,157,365,33,0.0,0,0
19670806,157,391,30,0.0,0,0
19670806,157,235,29,0.0,0,0
19670806,157,262,21,0.0,0,0
19670806,157,351,31,0.0,0,0
19670806,157,390,22,0.0,0,0
19670806,157,322,23,0.0,0,0
19670806,157,389,20,1.0,0,0
19670806,157,388,15,2.0,0,0
19670806,157,375,19,1.0,0,0
19670806,157,387,17,2.0,0,0
19670806,157,386,35,0.0,0,0
19670806,157,306,34,0.0,0,0
19670806,157,359,32,0.0,0,0
19670806,157,385,24,0.0,0,0
19670806,157,360,13,3.0,0,0
19670806,157,278,4,19.0,0,0
19670806,157,328,6,10.0,0,0
19670806,157,289,9,6.0,0,0
19670806,157,373,3,19.0,2,0
19670806,157,347,18,2.0,0,0
19670806,157,374,14,3.0,0,0
19670806,157,358,12,3.0,0,0
19670806,157,346,11,3.0,0,0
19670806,157,364,7,9.0,1,0
19670806,157,361,26,0.0,0,0
19670806,157,384,27,0.0,0,0
19670806,157,356,2,25.0,1,0
19670806,157,304,1,37.0,2,0
19670806,157,340,10,6.0,0,0
19670827,158,393,38,0.0,0,0
19670827,158,371,34,0.0,0,0
19670827,158,392,25,0.0,0,0
19670827,158,370,24,0.0,0,0
19670827,158,377,41,0.0,0,0
19670827,158,379,40,0.0,0,0
19670827,158,365,36,0.0,0,0
19670827,158,391,32,0.0,0,0
19670827,158,235,31,0.0,0,0
19670827,158,262,21,0.0,0,0
19670827,158,351,33,0.0,0,0
19670827,158,390,22,0.0,0,0
19670827,158,322,23,0.0,0,0
19670827,158,389,20,1.0,0,0
19670827,158,388,15,2.0,0,0
19670827,158,375,19,1.0,0,0
19670827,158,387,17,2.0,0,0
19670827,158,386,39,0.0,0,0
19670827,158,306,37,0.0,0,0
19670827,158,359,35,0.0,0,0
19670827,158,385,26,0.0,0,0
19670827,158,278,3,20.0,0,0
19670827,158,328,7,10.0,0,0
19670827,158,373,4,19.0,2,0
19670827,158,347,18,2.0,0,0
19670827,158,374,11,5.0,0,0
19670827,158,358,14,3.0,0,0
19670827,158,346,12,3.0,0,0
19670827,158,364,6,13.0,1,0
19670827,158,361,28,0.0,0,0
19670827,158,368,30,0.0,0,0
19670827,158,293,27,0.0,0,0
19670827,158,304,1,43.0,2,0
19670827,158,340,10,6.0,0,0
19670910,159,394,32,0.0,0,0
19670910,159,393,39,0.0,0,0
19670910,159,371,35,0.0,0,0
19670910,159,392,26,0.0,0,0
19670910,159,370,25,0.0,0,0
19670910,159,377,42,0.0,0,0
19670910,159,379,41,0.0,0,0
19670910,159,365,37,0.0,0,0
19670910,159,391,33,0.0,0,0
19670910,159,235,20,1.0,0,0
19670910,159,262,22,0.0,0,0
19670910,159,351,34,0.0,0,0
19670910,159,390,23,0.0,0,0
19670910,159,322,24,0.0,0,0
19670910,159,389,21,1.0,0,0
19670910,159,388,15,2.0,0,0
19670910,159,375,19,1.0,0,0
19670910,159,387,17,2.0,0,0
19670910,159,386,40,0.0,0,0
19670910,159,306,38,0.0,0,0
19670910,159,359,36,0.0,0,0
19670910,159,385,27,0.0,0,0
19670910,159,360,14,3.0,0,0
19670910,159,278,4,20.0,0,0
19670910,159,328,8,10.0,0,0
19670910,159,373,3,23.0,2,0
19670910,159,347,18,2.0,0,0
19670910,159,374,10,7.0,0,0
19670910,159,358,12,6.0,0,0
19670910,159,346,13,3.0,0,0
19670910,159,364,7,13.0,1,0
19670910,159,361,29,0.0,0,0
19670910,159,384,30,0.0,0,0
19670910,159,304,1,43.0,2,0
19670910,159,340,11,6.0,0,0
19671001,160,382,40,0.0,0,0
19671001,160,394,33,0.0,0,0
19671001,160,393,39,0.0,0,0
19671001,160,371,36,0.0,0,0
19671001,160,392,27,0.0,0,0
19671001,160,370,26,0.0,0,0
19671001,160,377,43,0.0,0,0
19671001,160,379,42,0.0,0,0
19671001,160,365,38,0.0,0,0
19671001,160,391,34,0.0,0,0
19671001,160,235,19,1.0,0,0
19671001,160,262,22,0.0,0,0
19671001,160,351,35,0.0,0,0
19671001,160,390,23,0.0,0,0
19671001,160,322,25,0.0,0,0
19671001,160,389,21,1.0,0,0
19671001,160,388,16,2.0,0,0
19671001,160,375,20,1.0,0,0
19671001,160,387,18,2.0,0,0
19671001,160,386,41,0.0,0,0
19671001,160,306,24,0.0,0,0
19671001,160,359,37,0.0,0,0
19671001,160,385,28,0.0,0,0
19671001,160,360,14,3.0,0,0
19671001,160,278,4,20.0,0,0
19671001,160,328,9,10.0,0,0
19671001,160,289,6,15.0,0,0
19671001,160,373,3,32.0,3,0
19671001,160,347,15,3.0,0,0
19671001,160,374,10,7.0,0,0
19671001,160,358,13,6.0,0,0
19671001,160,346,12,6.0,0,0
19671001,160,364,8,13.0,1,0
19671001,160,361,30,0.0,0,0
19671001,160,384,31,0.0,0,0
19671001,160,383,17,2.0,0,0
19671001,160,340,11,6.0,0,0
19671022,161,395,26,0.0,0,1
19671022,161,382,39,0.0,0,1
19671022,161,394,34,0.0,0,1
19671022,161,393,41,0.0,0,1
19671022,161,371,37,0.0,0,1
19671022,161,392,28,0.0,0,1
19671022,161,370,27,0.0,0,1
19671022,161,377,44,0.0,0,1
19671022,161,379,43,0.0,0,1
19671022,161,365,40,0.0,0,1
19671022,161,391,35,0.0,0,1
19671022,161,235,19,1.0,0,1
19671022,161,262,22,0.0,0,1
19671022,161,351,36,0.0,0,1
19671022,161,390,24,0.0,0,1
19671022,161,322,25,0.0,0,1
19671022,161,389,21,1.0,0,1
19671022,161,388,16,2.0,0,1
19671022,161,375,20,1.0,0,1
19671022,161,387,18,2.0,0,1
19671022,161,386,42,0.0,0,1
19671022,161,306,23,0.0,0,1
19671022,161,359,38,0.0,0,1
19671022,161,385,29,0.0,0,1
19671022,161,360,14,3.0,0,1
19671022,161,278,5,20.0,0,1
19671022,161,328,9,10.0,0,1
19671022,161,289,7,15.0,0,1
19671022,161,373,3,41.0,4,1
19671022,161,347,15,3.0,0,1
19671022,161,374,10,9.0,0,1
19671022,161,358,13,6.0,0,1
19671022,161,346,12,6.0,0,1
19671022,161,364,8,13.0,1,1
19671022,161,361,31,0.0,0,1
19671022,161,368,33,0.0,0,1
19671022,161,293,30,0.0,0,1
19671022,161,304,1,51.0,2,1
19671022,161,340,11,6.0,0,1
19660522,142,383,16,0.0,0,0
19660522,142,360,15,0.0,0,0
19660522,142,304,14,0.0,0,0
19660522,142,341,13,0.0,0,0
19660522,142,356,12,0.0,0,0
19660522,142,374,11,0.0,0,0
19660522,142,346,10,0.0,0,0
19660522,142,358,9,0.0,0,0
19660522,142,373,8,0.0,0,0
19660522,142,347,7,0.0,0,0
19660522,142,389,6,0.0,0,0
19660522,142,386,5,0.0,0,0
19660522,142,396,4,3.0,0,0
19660522,142,289,3,4.0,0,0
19660522,142,385,2,6.0,0,0
19660522,142,328,1,9.0,1,0
19660612,143,398,19,0.0,0,0
19660612,143,397,18,0.0,0,0
19660612,143,364,11,0.0,0,0
19660612,143,383,17,0.0,0,0
19660612,143,360,16,0.0,0,0
19660612,143,304,15,0.0,0,0
19660612,143,341,3,9.0,1,0
19660612,143,356,6,3.0,0,0
19660612,143,374,13,0.0,0,0
19660612,143,346,14,0.0,0,0
19660612,143,358,4,6.0,0,0
19660612,143,373,12,0.0,0,0
19660612,143,347,10,0.0,0,0
19660612,143,389,9,0.0,0,0
19660612,143,386,8,2.0,0,0
19660612,143,396,7,3.0,0,0
19660612,143,289,5,4.0,0,0
19660612,143,385,1,10.0,0,0
19660612,143,328,2,9.0,1,0
19660703,144,345,20,0.0,0,0
19660703,144,278,14,0.0,0,0
19660703,144,399,12,1.0,0,0
19660703,144,387,6,6.0,0,0
19660703,144,398,23,0.0,0,0
19660703,144,397,22,0.0,0,0
19660703,144,364,11,2.0,0,0
19660703,144,383,13,0.0,0,0
19660703,144,360,21,0.0,0,0
19660703,144,304,8,4.0,0,0
19660703,144,341,4,9.0,1,0
19660703,144,356,1,12.0,1,0
19660703,144,374,18,0.0,0,0
19660703,144,346,19,0.0,0,0
19660703,144,358,5,9.0,0,0
19660703,144,373,17,0.0,0,0
19660703,144,347,16,0.0,0,0
19660703,144,389,15,0.0,0,0
19660703,144,386,10,2.0,0,0
19660703,144,396,9,3.0,0,0
19660703,144,289,7,4.0,0,0
19660703,144,385,2,10.0,0,0
19660703,144,328,3,9.0,1,0
19660716,145,401,26,0.0,0,0
19660716,145,400,19,0.0,0,0
19660716,145,388,16,0.0,0,0
19660716,145,345,23,0.0,0,0
19660716,145,278,17,0.0,0,0
19660716,145,399,13,1.0,0,0
19660716,145,387,8,6.0,0,0
19660716,145,398,25,0.0,0,0
19660716,145,397,24,0.0,0,0
19660716,145,364,12,2.0,0,0
19660716,145,383,15,0.0,0,0
19660716,145,360,14,1.0,0,0
19660716,145,304,4,10.0,0,0
19660716,145,341,6,9.0,1,0
19660716,145,356,1,21.0,2,0
19660716,145,374,21,0.0,0,0
19660716,145,346,22,0.0,0,0
19660716,145,358,2,11.0,0,0
19660716,145,373,10,3.0,0,0
19660716,145,347,20,0.0,0,0
19660716,145,389,18,0.0,0,0
19660716,145,386,11,2.0,0,0
19660716,145,396,9,3.0,0,0
19660716,145,289,7,8.0,0,0
19660716,145,385,3,10.0,0,0
19660716,145,328,5,9.0,1,0
19660724,146,401,26,0.0,0,0
19660724,146,400,21,0.0,0,0
19660724,146,388,18,0.0,0,0
19660724,146,345,23,0.0,0,0
19660724,146,278,19,0.0,0,0
19660724,146,399,14,1.0,0,0
19660724,146,387,9,6.0,0,0
19660724,146,398,25,0.0,0,0
19660724,146,397,24,0.0,0,0
19660724,146,364,12,2.0,0,0
19660724,146,383,17,0.0,0,0
19660724,146,360,15,1.0,0,0
19660724,146,304,6,10.0,0,0
19660724,146,341,7,9.0,1,0
19660724,146,356,1,30.0,3,0
19660724,146,374,13,2.0,0,0
19660724,146,346,22,0.0,0,0
19660724,146,358,5,11.0,0,0
19660724,146,373,8,7.0,0,0
19660724,146,347,16,0.0,0,0
19660724,146,389,20,0.0,0,0
19660724,146,386,11,2.0,0,0
19660724,146,396,10,3.0,0,0
19660724,146,289,2,14.0,0,0
19660724,146,385,4,11.0,0,0
19660724,146,328,3,12.0,1,0
19660807,147,375,25,0.0,0,0
19660807,147,401,27,0.0,0,0
19660807,147,400,22,0.0,0,0
19660807,147,388,18,0.0,0,0
19660807,147,345,24,0.0,0,0
19660807,147,278,20,0.0,0,0
19660807,147,399,14,1.0,0,0
19660807,147,387,9,6.0,0,0
19660807,147,398,26,0.0,0,0
19660807,147,397,19,0.0,0,0
19660807,147,364,11,2.0,0,0
19660807,147,383,17,0.0,0,0
19660807,147,360,15,1.0,0,0
19660807,147,304,7,10.0,0,0
19660807,147,341,3,15.0,1,0
19660807,147,356,1,39.0,4,0
19660807,147,374,13,2.0,0,0
19660807,147,346,23,0.0,0,0
19660807,147,358,4,15.0,0,0
19660807,147,373,8,7.0,0,0
19660807,147,347,16,0.0,0,0
19660807,147,389,21,0.0,0,0
19660807,147,386,12,2.0,0,0
19660807,147,396,10,3.0,0,0
19660807,147,289,2,17.0,0,0
19660807,147,385,6,12.0,0,0
19660807,147,328,5,14.0,1,0
19660904,148,403,30,0.0,0,0
19660904,148,394,26,0.0,0,0
19660904,148,402,23,0.0,0,0
19660904,148,375,9,9.0,1,0
19660904,148,401,29,0.0,0,0
19660904,148,400,24,0.0,0,0
19660904,148,388,19,0.0,0,0
19660904,148,345,27,0.0,0,0
19660904,148,278,21,0.0,0,0
19660904,148,399,16,1.0,0,0
19660904,148,387,7,12.0,0,0
19660904,148,398,28,0.0,0,0
19660904,148,397,20,0.0,0,0
19660904,148,364,13,2.0,0,0
19660904,148,383,15,1.0,0,0
19660904,148,360,17,1.0,0,0
19660904,148,304,6,14.0,0,0
19660904,148,341,4,15.0,1,0
19660904,148,356,1,39.0,4,0
19660904,148,374,11,4.0,0,0
19660904,148,346,25,0.0,0,0
19660904,148,358,2,18.0,0,0
19660904,148,373,10,7.0,0,0
19660904,148,347,18,0.0,0,0
19660904,148,389,22,0.0,0,0
19660904,148,386,14,2.0,0,0
19660904,148,396,12,3.0,0,0
19660904,148,289,3,17.0,0,0
19660904,148,385,8,12.0,0,0
19660904,148,328,5,14.0,1,0
19661002,149,405,29,0.0,0,0
19661002,149,404,26,0.0,0,0
19661002,149,403,32,0.0,0,0
19661002,149,394,28,0.0,0,0
19661002,149,402,24,0.0,0,0
19661002,149,375,10,9.0,1,0
19661002,149,401,31,0.0,0,0
19661002,149,400,25,0.0,0,0
19661002,149,388,21,0.0,0,0
19661002,149,345,27,0.0,0,0
19661002,149,278,22,0.0,0,0
19661002,149,399,19,1.0,0,0
19661002,149,387,8,12.0,0,0
19661002,149,398,30,0.0,0,0
19661002,149,397,18,1.0,0,0
19661002,149,364,15,2.0,0,0
19661002,149,383,17,1.0,0,0
19661002,149,360,14,3.0,0,0
19661002,149,304,7,14.0,0,0
19661002,149,341,3,19.0,1,0
19661002,149,356,1,39.0,4,0
19661002,149,374,11,4.0,0,0
19661002,149,346,13,3.0,0,0
19661002,149,358,2,22.0,0,0
19661002,149,373,5,16.0,1,0
19661002,149,347,20,0.0,0,0
19661002,149,389,23,0.0,0,0
19661002,149,386,16,2.0,0,0
19661002,149,396,12,3.0,0,0
19661002,149,289,4,17.0,0,0
19661002,149,385,9,12.0,0,0
19661002,149,328,6,14.0,1,0
19661023,150,382,30,0.0,0,1
19661023,150,405,22,0.0,0,1
19661023,150,404,27,0.0,0,1
19661023,150,403,33,0.0,0,1
19661023,150,394,29,0.0,0,1
19661023,150,402,25,0.0,0,1
19661023,150,375,10,9.0,1,1
19661023,150,401,32,0.0,0,1
19661023,150,400,26,0.0,0,1
19661023,150,388,21,0.0,0,1
19661023,150,345,28,0.0,0,1
19661023,150,278,23,0.0,0,1
19661023,150,399,20,1.0,0,1
19661023,150,387,8,12.0,0,1
19661023,150,398,31,0.0,0,1
19661023,150,397,17,1.0,0,1
19661023,150,364,12,4.0,0,1
19661023,150,383,19,1.0,0,1
19661023,150,360,16,3.0,0,1
19661023,150,304,4,18.0,0,1
19661023,150,341,2,28.0,2,1
19661023,150,356,1,42.0,4,1
19661023,150,374,13,4.0,0,1
19661023,150,346,15,3.0,0,1
19661023,150,358,3,22.0,0,1
19661023,150,373,6,16.0,1,1
19661023,150,347,18,1.0,0,1
19661023,150,389,24,0.0,0,1
19661023,150,386,11,5.0,0,1
19661023,150,396,14,3.0,0,1
19661023,150,289,5,17.0,0,1
19661023,150,385,9,12.0,0,1
19661023,150,328,7,14.0,1,1
19650101,132,417,31,0.0,0,0
19650101,132,416,30,0.0,0,0
19650101,132,415,29,0.0,0,0
19650101,132,293,28,0.0,0,0
19650101,132,334,27,0.0,0,0
19650101,132,414,26,0.0,0,0
19650101,132,413,25,0.0,0,0
19650101,132,412,24,0.0,0,0
19650101,132,411,23,0.0,0,0
19650101,132,410,22,0.0,0,0
19650101,132,409,21,0.0,0,0
19650101,132,364,20,0.0,0,0
19650101,132,340,19,0.0,0,0
19650101,132,358,18,0.0,0,0
19650101,132,347,17,0.0,0,0
19650101,132,383,16,0.0,0,0
19650101,132,385,15,0.0,0,0
19650101,132,407,14,0.0,0,0
19650101,132,368,13,0.0,0,0
19650101,132,380,12,0.0,0,0
19650101,132,408,11,0.0,0,0
19650101,132,362,10,0.0,0,0
19650101,132,406,9,0.0,0,0
19650101,132,356,8,0.0,0,0
19650101,132,346,7,0.0,0,0
19650101,132,328,6,1.0,0,0
19650101,132,360,5,2.0,0,0
19650101,132,374,4,3.0,0,0
19650101,132,289,3,4.0,0,0
19650101,132,341,2,6.0,0,0
19650101,132,373,1,9.0,1,0
19650530,133,386,22,0.0,0,0
19650530,133,305,21,0.0,0,0
19650530,133,405,20,0.0,0,0
19650530,133,370,19,0.0,0,0
19650530,133,304,11,0.0,0,0
19650530,133,417,36,0.0,0,0
19650530,133,416,35,0.0,0,0
19650530,133,415,34,0.0,0,0
19650530,133,293,33,0.0,0,0
19650530,133,334,32,0.0,0,0
19650530,133,414,31,0.0,0,0
19650530,133,413,30,0.0,0,0
19650530,133,412,29,0.0,0,0
19650530,133,411,28,0.0,0,0
19650530,133,410,27,0.0,0,0
19650530,133,409,26,0.0,0,0
19650530,133,364,25,0.0,0,0
19650530,133,340,24,0.0,0,0
19650530,133,358,23,0.0,0,0
19650530,133,347,9,0.0,0,0
19650530,133,383,13,0.0,0,0
19650530,133,385,4,6.0,0,0
19650530,133,407,18,0.0,0,0
19650530,133,368,17,0.0,0,0
19650530,133,380,16,0.0,0,0
19650530,133,408,15,0.0,0,0
19650530,133,362,14,0.0,0,0
19650530,133,406,12,0.0,0,0
19650530,133,356,10,0.0,0,0
19650530,133,346,8,1.0,0,0
19650530,133,328,5,5.0,0,0
19650530,133,360,6,4.0,0,0
19650530,133,374,7,3.0,0,0
19650530,133,289,1,13.0,1,0
19650530,133,341,3,9.0,0,0
19650530,133,373,2,9.0,1,0
19650613,134,418,26,0.0,0,0
19650613,134,404,21,0.0,0,0
19650613,134,376,20,0.0,0,0
19650613,134,386,10,1.0,0,0
19650613,134,305,27,0.0,0,0
19650613,134,405,25,0.0,0,0
19650613,134,370,23,0.0,0,0
19650613,134,304,12,0.0,0,0
19650613,134,417,39,0.0,0,0
19650613,134,416,38,0.0,0,0
19650613,134,415,37,0.0,0,0
19650613,134,293,36,0.0,0,0
19650613,134,334,35,0.0,0,0
19650613,134,414,34,0.0,0,0
19650613,134,413,33,0.0,0,0
19650613,134,412,32,0.0,0,0
19650613,134,411,31,0.0,0,0
19650613,134,410,30,0.0,0,0
19650613,134,409,29,0.0,0,0
19650613,134,364,15,0.0,0,0
19650613,134,340,28,0.0,0,0
19650613,134,358,17,0.0,0,0
19650613,134,347,11,0.0,0,0
19650613,134,383,14,0.0,0,0
19650613,134,385,6,6.0,0,0
19650613,134,407,24,0.0,0,0
19650613,134,368,22,0.0,0,0
19650613,134,380,19,0.0,0,0
19650613,134,408,18,0.0,0,0
19650613,134,362,16,0.0,0,0
19650613,134,406,13,0.0,0,0
19650613,134,356,8,3.0,0,0
19650613,134,346,9,1.0,0,0
19650613,134,328,3,11.0,0,0
19650613,134,360,5,8.0,0,0
19650613,134,374,7,3.0,0,0
19650613,134,289,2,15.0,1,0
19650613,134,341,4,9.0,0,0
19650613,134,373,1,18.0,2,0
19650627,135,278,25,0.0,0,0
19650627,135,418,27,0.0,0,0
19650627,135,404,21,0.0,0,0
19650627,135,376,20,0.0,0,0
19650627,135,386,11,1.0,0,0
19650627,135,305,28,0.0,0,0
19650627,135,405,26,0.0,0,0
19650627,135,370,23,0.0,0,0
19650627,135,304,9,3.0,0,0
19650627,135,417,40,0.0,0,0
19650627,135,416,39,0.0,0,0
19650627,135,415,38,0.0,0,0
19650627,135,293,37,0.0,0,0
19650627,135,334,36,0.0,0,0
19650627,135,414,35,0.0,0,0
19650627,135,413,34,0.0,0,0
19650627,135,412,33,0.0,0,0
19650627,135,411,32,0.0,0,0
19650627,135,410,31,0.0,0,0
19650627,135,409,30,0.0,0,0
19650627,135,364,15,0.0,0,0
19650627,135,340,29,0.0,0,0
19650627,135,358,17,0.0,0,0
19650627,135,347,12,0.0,0,0
19650627,135,383,13,0.0,0,0
19650627,135,385,6,6.0,0,0
19650627,135,407,24,0.0,0,0
19650627,135,368,22,0.0,0,0
19650627,135,380,19,0.0,0,0
19650627,135,408,18,0.0,0,0
19650627,135,362,16,0.0,0,0
19650627,135,406,14,0.0,0,0
19650627,135,356,8,3.0,0,0
19650627,135,346,10,2.0,0,0
19650627,135,328,3,17.0,0,0
19650627,135,360,5,8.0,0,0
19650627,135,374,7,3.0,0,0
19650627,135,289,2,17.0,1,0
19650627,135,341,4,13.0,0,0
19650627,135,373,1,27.0,3,0
19650710,136,422,35,0.0,0,0
19650710,136,421,34,0.0,0,0
19650710,136,419,30,0.0,0,0
19650710,136,420,20,0.0,0,0
19650710,136,278,27,0.0,0,0
19650710,136,418,21,0.0,0,0
19650710,136,404,24,0.0,0,0
19650710,136,376,22,0.0,0,0
19650710,136,386,12,1.0,0,0
19650710,136,305,29,0.0,0,0
19650710,136,405,28,0.0,0,0
19650710,136,370,23,0.0,0,0
19650710,136,304,9,3.0,0,0
19650710,136,417,44,0.0,0,0
19650710,136,416,43,0.0,0,0
19650710,136,415,42,0.0,0,0
19650710,136,293,41,0.0,0,0
19650710,136,334,40,0.0,0,0
19650710,136,414,39,0.0,0,0
19650710,136,413,38,0.0,0,0
19650710,136,412,37,0.0,0,0
19650710,136,411,36,0.0,0,0
19650710,136,410,33,0.0,0,0
19650710,136,409,32,0.0,0,0
19650710,136,364,11,1.0,0,0
19650710,136,340,31,0.0,0,0
19650710,136,358,18,0.0,0,0
19650710,136,347,13,0.0,0,0
19650710,136,383,15,0.0,0,0
19650710,136,385,6,6.0,0,0
19650710,136,407,26,0.0,0,0
19650710,136,368,25,0.0,0,0
19650710,136,380,14,0.0,0,0
19650710,136,408,19,0.0,0,0
19650710,136,362,17,0.0,0,0
19650710,136,406,16,0.0,0,0
19650710,136,356,8,3.0,0,0
19650710,136,346,10,2.0,0,0
19650710,136,328,3,19.0,0,0
19650710,136,360,5,8.0,0,0
19650710,136,374,7,6.0,0,0
19650710,136,289,2,23.0,1,0
19650710,136,341,4,17.0,0,0
19650710,136,373,1,36.0,4,0
19650718,137,422,35,0.0,0,0
19650718,137,421,34,0.0,0,0
19650718,137,419,30,0.0,0,0
19650718,137,420,21,0.0,0,0
19650718,137,278,27,0.0,0,0
19650718,137,418,23,0.0,0,0
19650718,137,404,17,0.0,0,0
19650718,137,376,24,0.0,0,0
19650718,137,386,12,2.0,0,0
19650718,137,305,29,0.0,0,0
19650718,137,405,28,0.0,0,0
19650718,137,370,22,0.0,0,0
19650718,137,304,9,5.0,0,0
19650718,137,417,44,0.0,0,0
19650718,137,416,43,0.0,0,0
19650718,137,415,42,0.0,0,0
19650718,137,293,41,0.0,0,0
19650718,137,334,40,0.0,0,0
19650718,137,414,39,0.0,0,0
19650718,137,413,38,0.0,0,0
19650718,137,412,37,0.0,0,0
19650718,137,411,36,0.0,0,0
19650718,137,410,33,0.0,0,0
19650718,137,409,32,0.0,0,0
19650718,137,364,8,5.0,0,0
19650718,137,340,31,0.0,0,0
19650718,137,358,19,0.0,0,0
19650718,137,347,13,0.0,0,0
19650718,137,383,15,0.0,0,0
19650718,137,385,6,6.0,0,0
19650718,137,407,26,0.0,0,0
19650718,137,368,25,0.0,0,0
19650718,137,380,14,0.0,0,0
19650718,137,408,20,0.0,0,0
19650718,137,362,18,0.0,0,0
19650718,137,406,16,0.0,0,0
19650718,137,356,10,3.0,0,0
19650718,137,346,11,2.0,0,0
19650718,137,328,3,25.0,0,0
19650718,137,360,5,8.0,0,0
19650718,137,374,7,6.0,0,0
19650718,137,289,2,26.0,1,0
19650718,137,341,4,17.0,0,0
19650718,137,373,1,45.0,5,0
19650801,138,424,33,0.0,0,0
19650801,138,423,28,0.0,0,0
19650801,138,422,37,0.0,0,0
19650801,138,421,36,0.0,0,0
19650801,138,419,31,0.0,0,0
19650801,138,420,21,0.0,0,0
19650801,138,278,27,0.0,0,0
19650801,138,418,16,0.0,0,0
19650801,138,404,19,0.0,0,0
19650801,138,376,24,0.0,0,0
19650801,138,386,13,2.0,0,0
19650801,138,305,30,0.0,0,0
19650801,138,405,29,0.0,0,0
19650801,138,370,23,0.0,0,0
19650801,138,304,10,5.0,0,0
19650801,138,417,46,0.0,0,0
19650801,138,416,45,0.0,0,0
19650801,138,415,44,0.0,0,0
19650801,138,293,43,0.0,0,0
19650801,138,334,42,0.0,0,0
19650801,138,414,41,0.0,0,0
19650801,138,413,40,0.0,0,0
19650801,138,412,39,0.0,0,0
19650801,138,411,38,0.0,0,0
19650801,138,410,35,0.0,0,0
19650801,138,409,34,0.0,0,0
19650801,138,364,5,9.0,0,0
19650801,138,340,32,0.0,0,0
19650801,138,358,11,3.0,0,0
19650801,138,347,14,0.0,0,0
19650801,138,383,17,0.0,0,0
19650801,138,385,7,7.0,0,0
19650801,138,407,26,0.0,0,0
19650801,138,368,25,0.0,0,0
19650801,138,380,15,0.0,0,0
19650801,138,408,22,0.0,0,0
19650801,138,362,20,0.0,0,0
19650801,138,406,18,0.0,0,0
19650801,138,356,9,5.0,0,0
19650801,138,346,12,2.0,0,0
19650801,138,328,3,25.0,0,0
19650801,138,360,6,8.0,0,0
19650801,138,374,8,6.0,0,0
19650801,138,289,2,30.0,1,0
19650801,138,341,4,17.0,0,0
19650801,138,373,1,54.0,6,0
19650912,139,426,40,0.0,0,0
19650912,139,394,37,0.0,0,0
19650912,139,402,34,0.0,0,0
19650912,139,425,25,0.0,0,0
19650912,139,424,26,0.0,0,0
19650912,139,423,30,0.0,0,0
19650912,139,422,41,0.0,0,0
19650912,139,421,39,0.0,0,0
19650912,139,419,33,0.0,0,0
19650912,139,420,22,0.0,0,0
19650912,139,278,29,0.0,0,0
19650912,139,418,17,0.0,0,0
19650912,139,404,19,0.0,0,0
19650912,139,376,24,0.0,0,0
19650912,139,386,13,2.0,0,0
19650912,139,305,32,0.0,0,0
19650912,139,405,31,0.0,0,0
19650912,139,370,14,1.0,0,0
19650912,139,304,10,5.0,0,0
19650912,139,417,50,0.0,0,0
19650912,139,416,49,0.0,0,0
19650912,139,415,48,0.0,0,0
19650912,139,293,47,0.0,0,0
19650912,139,334,46,0.0,0,0
19650912,139,414,45,0.0,0,0
19650912,139,413,44,0.0,0,0
19650912,139,412,43,0.0,0,0
19650912,139,411,42,0.0,0,0
19650912,139,410,38,0.0,0,0
19650912,139,409,36,0.0,0,0
19650912,139,364,5,13.0,0,0
19650912,139,340,35,0.0,0,0
19650912,139,358,11,3.0,0,0
19650912,139,347,15,0.0,0,0
19650912,139,383,18,0.0,0,0
19650912,139,385,6,10.0,0,0
19650912,139,407,28,0.0,0,0
19650912,139,368,27,0.0,0,0
19650912,139,380,16,0.0,0,0
19650912,139,408,23,0.0,0,0
19650912,139,362,21,0.0,0,0
19650912,139,406,20,0.0,0,0
19650912,139,356,9,5.0,0,0
19650912,139,346,12,2.0,0,0
19650912,139,328,3,33.0,1,0
19650912,139,360,7,10.0,0,0
19650912,139,374,8,6.0,0,0
19650912,139,289,2,34.0,1,0
19650912,139,341,4,17.0,0,0
19650912,139,373,1,54.0,6,0
19651003,140,382,27,0.0,0,0
19651003,140,396,22,0.0,0,0
19651003,140,345,12,2.0,0,0
19651003,140,426,43,0.0,0,0
19651003,140,394,40,0.0,0,0
19651003,140,402,37,0.0,0,0
19651003,140,425,28,0.0,0,0
19651003,140,424,30,0.0,0,0
19651003,140,423,34,0.0,0,0
19651003,140,422,44,0.0,0,0
19651003,140,421,42,0.0,0,0
19651003,140,419,36,0.0,0,0
19651003,140,420,24,0.0,0,0
19651003,140,278,33,0.0,0,0
19651003,140,418,18,0.0,0,0
19651003,140,404,20,0.0,0,0
19651003,140,376,26,0.0,0,0
19651003,140,386,14,2.0,0,0
19651003,140,305,35,0.0,0,0
19651003,140,405,29,0.0,0,0
19651003,140,370,15,1.0,0,0
19651003,140,304,10,5.0,0,0
19651003,140,417,53,0.0,0,0
19651003,140,416,52,0.0,0,0
19651003,140,415,51,0.0,0,0
19651003,140,293,50,0.0,0,0
19651003,140,334,49,0.0,0,0
19651003,140,414,48,0.0,0,0
19651003,140,413,47,0.0,0,0
19651003,140,412,46,0.0,0,0
19651003,140,411,45,0.0,0,0
19651003,140,410,41,0.0,0,0
19651003,140,409,39,0.0,0,0
19651003,140,364,4,19.0,0,0
19651003,140,340,38,0.0,0,0
19651003,140,358,11,4.0,0,0
19651003,140,347,16,0.0,0,0
19651003,140,383,19,0.0,0,0
19651003,140,385,6,13.0,0,0
19651003,140,407,32,0.0,0,0
19651003,140,368,31,0.0,0,0
19651003,140,380,17,0.0,0,0
19651003,140,408,25,0.0,0,0
19651003,140,362,23,0.0,0,0
19651003,140,406,21,0.0,0,0
19651003,140,356,8,9.0,0,0
19651003,140,346,13,2.0,0,0
19651003,140,328,3,33.0,1,0
19651003,140,360,7,10.0,0,0
19651003,140,374,9,6.0,0,0
19651003,140,289,2,40.0,2,0
19651003,140,341,5,17.0,0,0
19651003,140,373,1,54.0,6,0
19651024,141,375,39,0.0,0,1
19651024,141,382,27,0.0,0,1
19651024,141,396,23,0.0,0,1
19651024,141,345,14,2.0,0,1
19651024,141,426,44,0.0,0,1
19651024,141,394,41,0.0,0,1
19651024,141,402,37,0.0,0,1
19651024,141,425,29,0.0,0,1
19651024,141,424,30,0.0,0,1
19651024,141,423,34,0.0,0,1
19651024,141,422,45,0.0,0,1
19651024,141,421,43,0.0,0,1
19651024,141,419,36,0.0,0,1
19651024,141,420,25,0.0,0,1
19651024,141,278,33,0.0,0,1
19651024,141,418,19,0.0,0,1
19651024,141,404,21,0.0,0,1
19651024,141,376,28,0.0,0,1
19651024,141,386,7,11.0,1,1
19651024,141,305,35,0.0,0,1
19651024,141,405,15,2.0,0,1
19651024,141,370,16,2.0,0,1
19651024,141,304,11,5.0,0,1
19651024,141,417,54,0.0,0,1
19651024,141,416,53,0.0,0,1
19651024,141,415,52,0.0,0,1
19651024,141,293,51,0.0,0,1
19651024,141,334,50,0.0,0,1
19651024,141,414,49,0.0,0,1
19651024,141,413,48,0.0,0,1
19651024,141,412,47,0.0,0,1
19651024,141,411,46,0.0,0,1
19651024,141,410,42,0.0,0,1
19651024,141,409,40,0.0,0,1
19651024,141,364,4,25.0,0,1
19651024,141,340,38,0.0,0,1
19651024,141,358,13,4.0,0,1
19651024,141,347,17,0.0,0,1
19651024,141,383,20,0.0,0,1
19651024,141,385,6,13.0,0,1
19651024,141,407,32,0.0,0,1
19651024,141,368,31,0.0,0,1
19651024,141,380,18,0.0,0,1
19651024,141,408,26,0.0,0,1
19651024,141,362,24,0.0,0,1
19651024,141,406,22,0.0,0,1
19651024,141,356,10,9.0,0,1
19651024,141,346,12,5.0,0,1
19651024,141,328,3,33.0,1,1
19651024,141,360,9,10.0,0,1
19651024,141,374,8,10.0,0,1
19651024,141,289,2,40.0,2,1
19651024,141,341,5,17.0,0,1
19651024,141,373,1,54.0,6,1
19640510,122,408,23,0.0,0,0
19640510,122,394,22,0.0,0,0
19640510,122,429,21,0.0,0,0
19640510,122,404,20,0.0,0,0
19640510,122,428,19,0.0,0,0
19640510,122,309,18,0.0,0,0
19640510,122,278,17,0.0,0,0
19640510,122,401,16,0.0,0,0
19640510,122,341,15,0.0,0,0
19640510,122,360,14,0.0,0,0
19640510,122,356,13,0.0,0,0
19640510,122,427,12,0.0,0,0
19640510,122,364,11,0.0,0,0
19640510,122,385,10,0.0,0,0
19640510,122,403,9,0.0,0,0
19640510,122,346,8,0.0,0,0
19640510,122,383,7,0.0,0,0
19640510,122,305,6,1.0,0,0
19640510,122,347,5,2.0,0,0
19640510,122,373,4,3.0,0,0
19640510,122,397,3,4.0,0,0
19640510,122,386,2,6.0,0,0
19640510,122,289,1,9.0,1,0
19640524,123,430,19,0.0,0,0
19640524,123,408,20,0.0,0,0
19640524,123,394,14,0.0,0,0
19640524,123,429,24,0.0,0,0
19640524,123,404,23,0.0,0,0
19640524,123,428,22,0.0,0,0
19640524,123,309,21,0.0,0,0
19640524,123,278,7,2.0,0,0
19640524,123,401,18,0.0,0,0
19640524,123,341,5,6.0,0,0
19640524,123,360,10,0.0,0,0
19640524,123,356,17,0.0,0,0
19640524,123,427,16,0.0,0,0
19640524,123,364,15,0.0,0,0
19640524,123,385,13,0.0,0,0
19640524,123,403,11,0.0,0,0
19640524,123,346,12,0.0,0,0
19640524,123,383,8,1.0,0,0
19640524,123,305,9,1.0,0,0
19640524,123,347,6,2.0,0,0
19640524,123,373,1,12.0,1,0
19640524,123,397,3,8.0,0,0
19640524,123,386,4,6.0,0,0
19640524,123,289,2,12.0,1,0
19640614,124,430,21,0.0,0,0
19640614,124,408,22,0.0,0,0
19640614,124,394,15,0.0,0,0
19640614,124,429,20,0.0,0,0
19640614,124,404,18,0.0,0,0
19640614,124,428,24,0.0,0,0
19640614,124,309,23,0.0,0,0
19640614,124,278,9,2.0,0,0
19640614,124,401,13,0.0,0,0
19640614,124,341,6,6.0,0,0
19640614,124,360,5,6.0,0,0
19640614,124,356,7,4.0,0,0
19640614,124,427,19,0.0,0,0
19640614,124,364,12,1.0,0,0
19640614,124,385,17,0.0,0,0
19640614,124,403,14,0.0,0,0
19640614,124,346,16,0.0,0,0
19640614,124,383,10,1.0,0,0
19640614,124,305,11,1.0,0,0
19640614,124,347,8,2.0,0,0
19640614,124,373,1,21.0,2,0
19640614,124,397,4,8.0,0,0
19640614,124,386,3,9.0,0,0
19640614,124,289,2,14.0,1,0
19640628,125,430,21,0.0,0,0
19640628,125,408,22,0.0,0,0
19640628,125,394,15,0.0,0,0
19640628,125,429,20,0.0,0,0
19640628,125,404,18,0.0,0,0
19640628,125,428,24,0.0,0,0
19640628,125,309,23,0.0,0,0
19640628,125,278,10,2.0,0,0
19640628,125,401,14,0.0,0,0
19640628,125,341,8,6.0,0,0
19640628,125,360,7,7.0,0,0
19640628,125,356,6,8.0,0,0
19640628,125,427,19,0.0,0,0
19640628,125,364,5,10.0,1,0
19640628,125,385,17,0.0,0,0
19640628,125,403,13,0.0,0,0
19640628,125,346,16,0.0,0,0
19640628,125,383,11,1.0,0,0
19640628,125,305,12,1.0,0,0
19640628,125,347,9,2.0,0,0
19640628,125,373,1,21.0,2,0
19640628,125,397,4,11.0,0,0
19640628,125,386,3,11.0,0,0
19640628,125,289,2,20.0,1,0
19640711,126,370,29,0.0,0,0
19640711,126,380,28,0.0,0,0
19640711,126,420,26,0.0,0,0
19640711,126,399,21,0.0,0,0
19640711,126,374,18,0.0,0,0
19640711,126,430,25,0.0,0,0
19640711,126,408,24,0.0,0,0
19640711,126,394,16,0.0,0,0
19640711,126,429,22,0.0,0,0
19640711,126,404,19,0.0,0,0
19640711,126,428,27,0.0,0,0
19640711,126,309,23,0.0,0,0
19640711,126,278,11,2.0,0,0
19640711,126,401,15,0.0,0,0
19640711,126,341,7,10.0,0,0
19640711,126,360,8,7.0,0,0
19640711,126,356,5,11.0,0,0
19640711,126,427,20,0.0,0,0
19640711,126,364,6,10.0,1,0
19640711,126,385,9,2.0,0,0
19640711,126,403,13,1.0,0,0
19640711,126,346,17,0.0,0,0
19640711,126,383,12,1.0,0,0
19640711,126,305,14,1.0,0,0
19640711,126,347,10,2.0,0,0
19640711,126,373,1,30.0,3,0
19640711,126,397,4,11.0,0,0
19640711,126,386,3,11.0,0,0
19640711,126,289,2,26.0,1,0
19640802,127,431,28,0.0,0,0
19640802,127,405,23,0.0,0,0
19640802,127,423,21,0.0,0,0
19640802,127,370,32,0.0,0,0
19640802,127,380,31,0.0,0,0
19640802,127,420,29,0.0,0,0
19640802,127,399,25,0.0,0,0
19640802,127,374,19,0.0,0,0
19640802,127,430,27,0.0,0,0
19640802,127,408,17,1.0,0,0
19640802,127,394,20,0.0,0,0
19640802,127,429,26,0.0,0,0
19640802,127,404,22,0.0,0,0
19640802,127,428,30,0.0,0,0
19640802,127,309,24,0.0,0,0
19640802,127,278,12,2.0,0,0
19640802,127,401,18,0.0,0,0
19640802,127,341,3,19.0,1,0
19640802,127,360,8,7.0,0,0
19640802,127,356,6,11.0,0,0
19640802,127,427,13,2.0,0,0
19640802,127,364,7,10.0,1,0
19640802,127,385,9,6.0,0,0
19640802,127,403,15,1.0,0,0
19640802,127,346,10,3.0,0,0
19640802,127,383,14,1.0,0,0
19640802,127,305,16,1.0,0,0
19640802,127,347,11,2.0,0,0
19640802,127,373,2,30.0,3,0
19640802,127,397,5,11.0,0,0
19640802,127,386,4,11.0,0,0
19640802,127,289,1,32.0,1,0
19640823,128,358,26,0.0,0,0
19640823,128,431,29,0.0,0,0
19640823,128,405,23,0.0,0,0
19640823,128,423,22,0.0,0,0
19640823,128,370,33,0.0,0,0
19640823,128,380,32,0.0,0,0
19640823,128,420,30,0.0,0,0
19640823,128,399,25,0.0,0,0
19640823,128,374,21,0.0,0,0
19640823,128,430,28,0.0,0,0
19640823,128,408,11,4.0,0,0
19640823,128,394,19,0.0,0,0
19640823,128,429,27,0.0,0,0
19640823,128,404,14,2.0,0,0
19640823,128,428,31,0.0,0,0
19640823,128,309,24,0.0,0,0
19640823,128,278,15,2.0,0,0
19640823,128,401,20,0.0,0,0
19640823,128,341,3,19.0,1,0
19640823,128,360,9,7.0,0,0
19640823,128,356,6,11.0,0,0
19640823,128,427,16,2.0,0,0
19640823,128,364,8,10.0,1,0
19640823,128,385,5,15.0,1,0
19640823,128,403,17,1.0,0,0
19640823,128,346,12,3.0,0,0
19640823,128,383,10,5.0,0,0
19640823,128,305,18,1.0,0,0
19640823,128,347,13,3.0,0,0
19640823,128,373,2,30.0,3,0
19640823,128,397,7,11.0,0,0
19640823,128,386,4,17.0,0,0
19640823,128,289,1,32.0,1,0
19640906,129,340,36,0.0,0,0
19640906,129,402,34,0.0,0,0
19640906,129,432,29,0.0,0,0
19640906,129,375,23,0.0,0,0
19640906,129,358,27,0.0,0,0
19640906,129,431,32,0.0,0,0
19640906,129,405,25,0.0,0,0
19640906,129,423,22,0.0,0,0
19640906,129,370,37,0.0,0,0
19640906,129,380,35,0.0,0,0
19640906,129,420,31,0.0,0,0
19640906,129,399,26,0.0,0,0
19640906,129,374,19,1.0,0,0
19640906,129,430,30,0.0,0,0
19640906,129,408,11,4.0,0,0
19640906,129,394,20,0.0,0,0
19640906,129,429,28,0.0,0,0
19640906,129,404,12,4.0,0,0
19640906,129,428,33,0.0,0,0
19640906,129,309,24,0.0,0,0
19640906,129,278,15,2.0,0,0
19640906,129,401,21,0.0,0,0
19640906,129,341,3,28.0,2,0
19640906,129,360,6,13.0,0,0
19640906,129,356,7,11.0,0,0
19640906,129,427,16,2.0,0,0
19640906,129,364,9,10.0,1,0
19640906,129,385,5,19.0,1,0
19640906,129,403,17,1.0,0,0
19640906,129,346,13,3.0,0,0
19640906,129,383,10,5.0,0,0
19640906,129,305,18,1.0,0,0
19640906,129,347,14,3.0,0,0
19640906,129,373,2,30.0,3,0
19640906,129,397,8,11.0,0,0
19640906,129,386,4,20.0,0,0
19640906,129,289,1,32.0,1,0
19641004,130,434,29,0.0,0,0
19641004,130,433,17,2.0,0,0
19641004,130,340,38,0.0,0,0
19641004,130,402,36,0.0,0,0
19641004,130,432,31,0.0,0,0
19641004,130,375,24,0.0,0,0
19641004,130,358,28,0.0,0,0
19641004,130,431,34,0.0,0,0
19641004,130,405,26,0.0,0,0
19641004,130,423,23,0.0,0,0
19641004,130,370,39,0.0,0,0
19641004,130,380,37,0.0,0,0
19641004,130,420,33,0.0,0,0
19641004,130,399,27,0.0,0,0
19641004,130,374,21,1.0,0,0
19641004,130,430,32,0.0,0,0
19641004,130,408,12,4.0,0,0
19641004,130,394,22,0.0,0,0
19641004,130,429,30,0.0,0,0
19641004,130,404,13,4.0,0,0
19641004,130,428,35,0.0,0,0
19641004,130,309,25,0.0,0,0
19641004,130,278,15,2.0,0,0
19641004,130,401,19,1.0,0,0
19641004,130,341,2,34.0,2,0
19641004,130,360,6,13.0,0,0
19641004,130,356,7,11.0,0,0
19641004,130,427,16,2.0,0,0
19641004,130,364,9,10.0,1,0
19641004,130,385,5,19.0,1,0
19641004,130,403,18,1.0,0,0
19641004,130,346,10,7.0,0,0
19641004,130,383,11,5.0,0,0
19641004,130,305,20,1.0,0,0
19641004,130,347,14,3.0,0,0
19641004,130,373,3,30.0,3,0
19641004,130,397,8,11.0,0,0
19641004,130,386,4,23.0,0,0
19641004,130,289,1,39.0,2,0
19641025,131,382,26,0.0,0,1
19641025,131,345,22,1.0,0,1
19641025,131,434,28,0.0,0,1
19641025,131,433,18,2.0,0,1
19641025,131,340,40,0.0,0,1
19641025,131,402,38,0.0,0,1
19641025,131,432,33,0.0,0,1
19641025,131,375,25,0.0,0,1
19641025,131,358,31,0.0,0,1
19641025,131,431,36,0.0,0,1
19641025,131,405,29,0.0,0,1
19641025,131,423,24,0.0,0,1
19641025,131,370,41,0.0,0,1
19641025,131,380,39,0.0,0,1
19641025,131,420,35,0.0,0,1
19641025,131,399,30,0.0,0,1
19641025,131,374,12,4.0,0,1
19641025,131,430,34,0.0,0,1
19641025,131,408,13,4.0,0,1
19641025,131,394,23,0.0,0,1
19641025,131,429,32,0.0,0,1
19641025,131,404,14,4.0,0,1
19641025,131,428,37,0.0,0,1
19641025,131,309,27,0.0,0,1
19641025,131,278,16,2.0,0,1
19641025,131,401,20,1.0,0,1
19641025,131,341,1,40.0,2,1
19641025,131,360,7,13.0,0,1
19641025,131,356,8,11.0,0,1
19641025,131,427,17,2.0,0,1
19641025,131,364,6,19.0,2,1
19641025,131,385,4,23.0,1,1
19641025,131,403,19,1.0,0,1
19641025,131,346,10,7.0,0,1
19641025,131,383,11,5.0,0,1
19641025,131,305,21,1.0,0,1
19641025,131,347,15,3.0,0,1
19641025,131,373,3,32.0,3,1
19641025,131,397,9,11.0,0,1
19641025,131,386,5,23.0,0,1
19641025,131,289,2,39.0,2,1
19630526,112,430,25,0.0,0,0
19630526,112,385,24,0.0,0,0
19630526,112,439,23,0.0,0,0
19630526,112,438,22,0.0,0,0
19630526,112,437,21,0.0,0,0
19630526,112,436,20,0.0,0,0
19630526,112,394,19,0.0,0,0
19630526,112,403,18,0.0,0,0
19630526,112,428,17,0.0,0,0
19630526,112,278,16,0.0,0,0
19630526,112,346,15,0.0,0,0
19630526,112,440,14,0.0,0,0
19630526,112,364,13,0.0,0,0
19630526,112,427,12,0.0,0,0
19630526,112,435,11,0.0,0,0
19630526,112,404,10,0.0,0,0
19630526,112,356,9,0.0,0,0
19630526,112,373,8,0.0,0,0
19630526,112,347,7,0.0,0,0
19630526,112,401,6,1.0,0,0
19630526,112,408,5,2.0,0,0
19630526,112,341,4,3.0,0,0
19630526,112,360,3,4.0,0,0
19630526,112,386,2,6.0,0,0
19630526,112,289,1,9.0,1,0
19630609,113,375,26,0.0,0,0
19630609,113,397,25,0.0,0,0
19630609,113,408,8,2.0,0,0
19630609,113,347,7,2.0,0,0
19630609,113,376,15,0.0,0,0
19630609,113,430,10,1.0,0,0
19630609,113,385,27,0.0,0,0
19630609,113,438,11,0.0,0,0
19630609,113,437,24,0.0,0,0
19630609,113,436,23,0.0,0,0
19630609,113,394,22,0.0,0,0
19630609,113,403,19,0.0,0,0
19630609,113,428,21,0.0,0,0
19630609,113,278,20,0.0,0,0
19630609,113,346,18,0.0,0,0
19630609,113,440,16,0.0,0,0
19630609,113,364,5,4.0,0,0
19630609,113,427,17,0.0,0,0
19630609,113,435,14,0.0,0,0
19630609,113,404,13,0.0,0,0
19630609,113,356,12,0.0,0,0
19630609,113,373,2,9.0,1,0
19630609,113,401,9,1.0,0,0
19630623,114,423,24,0.0,0,0
19630623,114,375,12,1.0,0,0
19630623,114,397,27,0.0,0,0
19630623,114,376,18,0.0,0,0
19630623,114,430,10,1.0,0,0
19630623,114,385,28,0.0,0,0
19630623,114,439,29,0.0,0,0
19630623,114,438,15,0.0,0,0
19630623,114,437,26,0.0,0,0
19630623,114,436,25,0.0,0,0
19630623,114,394,22,0.0,0,0
19630623,114,403,21,0.0,0,0
19630623,114,428,23,0.0,0,0
19630623,114,278,20,0.0,0,0
19630623,114,346,13,0.0,0,0
19630623,114,440,14,0.0,0,0
19630623,114,364,3,10.0,0,0
19630623,114,427,19,0.0,0,0
19630623,114,435,17,0.0,0,0
19630623,114,408,9,2.0,0,0
19630623,114,289,5,9.0,1,0
19630623,114,386,2,11.0,0,0
19630630,115,418,24,0.0,0,0
19630630,115,423,26,0.0,0,0
19630630,115,397,29,0.0,0,0
19630630,115,375,14,1.0,0,0
19630630,115,356,9,3.0,0,0
19630630,115,376,21,0.0,0,0
19630630,115,430,12,1.0,0,0
19630630,115,385,19,0.0,0,0
19630630,115,439,30,0.0,0,0
19630630,115,438,18,0.0,0,0
19630630,115,437,28,0.0,0,0
19630630,115,436,27,0.0,0,0
19630630,115,394,23,0.0,0,0
19630630,115,403,22,0.0,0,0
19630630,115,428,25,0.0,0,0
19630630,115,278,15,0.0,0,0
19630630,115,346,11,1.0,0,0
19630630,115,440,16,0.0,0,0
19630630,115,364,2,12.0,0,0
19630630,115,427,17,0.0,0,0
19630630,115,404,8,3.0,0,0
19630630,115,373,1,27.0,3,0
19630630,115,347,10,2.0,0,0
19630720,116,373,1,36.0,4,0
19630720,116,356,9,3.0,0,0
19630720,116,404,8,3.0,0,0
19630720,116,435,24,0.0,0,0
19630720,116,427,18,0.0,0,0
19630720,116,364,5,12.0,0,0
19630720,116,440,13,1.0,0,0
19630720,116,346,12,1.0,0,0
19630720,116,278,17,0.0,0,0
19630720,116,428,28,0.0,0,0
19630720,116,403,26,0.0,0,0
19630720,116,394,27,0.0,0,0
19630720,116,436,23,0.0,0,0
19630720,116,437,30,0.0,0,0
19630720,116,420,29,0.0,0,0
19630720,116,383,22,0.0,0,0
19630720,116,305,20,0.0,0,0
19630720,116,418,21,0.0,0,0
19630720,116,423,31,0.0,0,0
19630720,116,375,16,1.0,0,0
19630720,116,397,32,0.0,0,0
19630720,116,376,25,0.0,0,0
19630720,116,385,11,2.0,0,0
19630720,116,439,33,0.0,0,0
19630804,117,442,37,0.0,0,0
19630804,117,435,26,0.0,0,0
19630804,117,427,19,0.0,0,0
19630804,117,364,5,12.0,0,0
19630804,117,440,12,3.0,0,0
19630804,117,346,14,1.0,0,0
19630804,117,278,18,0.0,0,0
19630804,117,428,22,0.0,0,0
19630804,117,403,28,0.0,0,0
19630804,117,394,31,0.0,0,0
19630804,117,436,25,0.0,0,0
19630804,117,437,30,0.0,0,0
19630804,117,438,20,0.0,0,0
19630804,117,439,34,0.0,0,0
19630804,117,385,13,2.0,0,0
19630804,117,430,16,1.0,0,0
19630804,117,441,36,0.0,0,0
19630804,117,429,35,0.0,0,0
19630804,117,432,29,0.0,0,0
19630804,117,420,32,0.0,0,0
19630804,117,383,24,0.0,0,0
19630804,117,305,21,0.0,0,0
19630804,117,418,23,0.0,0,0
19630804,117,423,10,3.0,0,0
19630804,117,375,17,1.0,0,0
19630804,117,397,33,0.0,0,0
19630804,117,347,11,3.0,0,0
19630804,117,373,1,42.0,4,0
19630908,118,447,43,0.0,0,0
19630908,118,446,42,0.0,0,0
19630908,118,444,40,0.0,0,0
19630908,118,445,41,0.0,0,0
19630908,118,427,19,0.0,0,0
19630908,118,443,38,0.0,0,0
19630908,118,374,27,0.0,0,0
19630908,118,442,39,0.0,0,0
19630908,118,441,37,0.0,0,0
19630908,118,429,36,0.0,0,0
19630908,118,432,31,0.0,0,0
19630908,118,420,33,0.0,0,0
19630908,118,383,25,0.0,0,0
19630908,118,305,20,0.0,0,0
19630908,118,418,24,0.0,0,0
19630908,118,423,10,3.0,0,0
19630908,118,375,17,1.0,0,0
19630908,118,397,34,0.0,0,0
19630908,118,376,30,0.0,0,0
19630908,118,289,5,13.0,1,0
19630908,118,430,16,1.0,0,0
19630908,118,385,13,2.0,0,0
19630908,118,439,35,0.0,0,0
19630908,118,438,21,0.0,0,0
19630908,118,437,32,0.0,0,0
19630908,118,436,26,0.0,0,0
19630908,118,394,28,0.0,0,0
19630908,118,403,23,0.0,0,0
19630908,118,428,22,0.0,0,0
19630908,118,278,18,0.0,0,0
19630908,118,346,14,1.0,0,0
19630908,118,364,6,12.0,0,0
19630908,118,435,29,0.0,0,0
19630908,118,404,8,6.0,0,0
19630908,118,356,9,5.0,0,0
19630908,118,373,1,51.0,5,0
19630908,118,347,11,3.0,0,0
19630908,118,401,15,1.0,0,0
19631006,119,450,42,0.0,0,0
19631006,119,435,30,0.0,0,0
19631006,119,427,20,0.0,0,0
19631006,119,364,6,12.0,0,0
19631006,119,440,13,3.0,0,0
19631006,119,346,15,1.0,0,0
19631006,119,278,18,0.0,0,0
19631006,119,428,23,0.0,0,0
19631006,119,433,39,0.0,0,0
19631006,119,434,37,0.0,0,0
19631006,119,345,35,0.0,0,0
19631006,119,449,33,0.0,0,0
19631006,119,448,19,0.0,0,0
19631006,119,447,49,0.0,0,0
19631006,119,446,48,0.0,0,0
19631006,119,445,47,0.0,0,0
19631006,119,444,46,0.0,0,0
19631006,119,443,44,0.0,0,0
19631006,119,374,28,0.0,0,0
19631006,119,442,45,0.0,0,0
19631006,119,441,43,0.0,0,0
19631006,119,432,32,0.0,0,0
19631006,119,420,36,0.0,0,0
19631006,119,383,26,0.0,0,0
19631006,119,305,21,0.0,0,0
19631006,119,418,25,0.0,0,0
19631006,119,423,11,3.0,0,0
19631006,119,375,17,1.0,0,0
19631006,119,397,38,0.0,0,0
19631006,119,376,31,0.0,0,0
19631006,119,430,14,2.0,0,0
19631006,119,385,10,4.0,0,0
19631006,119,373,1,51.0,5,0
19631006,119,356,8,8.0,0,0
19631006,119,438,22,0.0,0,0
19631006,119,436,27,0.0,0,0
19631006,119,394,29,0.0,0,0
19631027,120,435,32,0.0,0,0
19631027,120,427,21,0.0,0,0
19631027,120,364,7,13.0,0,0
19631027,120,440,13,3.0,0,0
19631027,120,346,15,1.0,0,0
19631027,120,278,18,0.0,0,0
19631027,120,428,24,0.0,0,0
19631027,120,356,6,14.0,0,0
19631027,120,452,45,0.0,0,0
19631027,120,451,41,0.0,0,0
19631027,120,382,27,0.0,0,0
19631027,120,450,44,0.0,0,0
19631027,120,433,40,0.0,0,0
19631027,120,434,19,0.0,0,0
19631027,120,345,36,0.0,0,0
19631027,120,449,35,0.0,0,0
19631027,120,448,20,0.0,0,0
19631027,120,447,52,0.0,0,0
19631027,120,446,51,0.0,0,0
19631027,120,445,50,0.0,0,0
19631027,120,444,49,0.0,0,0
19631027,120,443,47,0.0,0,0
19631027,120,374,30,0.0,0,0
19631027,120,442,48,0.0,0,0
19631027,120,441,46,0.0,0,0
19631027,120,429,43,0.0,0,0
19631027,120,432,34,0.0,0,0
19631027,120,420,38,0.0,0,0
19631027,120,383,28,0.0,0,0
19631027,120,305,22,0.0,0,0
19631027,120,418,26,0.0,0,0
19631027,120,375,17,1.0,0,0
19631027,120,397,39,0.0,0,0
19631027,120,376,33,0.0,0,0
19631027,120,430,14,2.0,0,0
19631027,120,385,11,4.0,0,0
19631027,120,439,42,0.0,0,0
19631027,120,438,23,0.0,0,0
19631027,120,437,37,0.0,0,0
19631027,120,394,31,0.0,0,0
19620520,103,427,22,0.0,0,0
19620520,103,459,21,0.0,0,0
19620520,103,458,20,0.0,0,0
19620520,103,356,19,0.0,0,0
19620520,103,341,18,0.0,0,0
19620520,103,457,17,0.0,0,0
19620520,103,360,16,0.0,0,0
19620520,103,364,15,0.0,0,0
19620520,103,456,14,0.0,0,0
19620520,103,418,13,0.0,0,0
19620520,103,404,12,0.0,0,0
19620520,103,386,11,0.0,0,0
19620520,103,455,10,0.0,0,0
19620520,103,373,9,0.0,0,0
19620520,103,454,8,0.0,0,0
19620520,103,347,7,0.0,0,0
19620520,103,430,6,1.0,0,0
19620520,103,408,5,2.0,0,0
19620520,103,394,4,3.0,0,0
19620520,103,403,3,4.0,0,0
19620520,103,401,2,6.0,0,0
19620520,103,289,1,9.0,1,0
19620603,104,460,28,0.0,0,0
19620603,104,424,27,0.0,0,0
19620603,104,425,26,0.0,0,0
19620603,104,346,23,0.0,0,0
19620603,104,435,11,0.0,0,0
19620603,104,385,5,4.0,0,0
19620603,104,427,22,0.0,0,0
19620603,104,459,25,0.0,0,0
19620603,104,458,24,0.0,0,0
19620603,104,356,13,0.0,0,0
19620603,104,341,6,3.0,0,0
19620603,104,457,18,0.0,0,0
19620603,104,360,3,9.0,1,0
19620603,104,364,20,0.0,0,0
19620603,104,456,21,0.0,0,0
19620603,104,418,19,0.0,0,0
19620603,104,404,15,0.0,0,0
19620603,104,386,17,0.0,0,0
19620603,104,455,16,0.0,0,0
19620603,104,373,14,0.0,0,0
19620603,104,454,12,0.0,0,0
19620603,104,347,8,2.0,0,0
19620603,104,430,10,1.0,0,0
19620603,104,408,9,2.0,0,0
19620603,104,394,7,3.0,0,0
19620603,104,403,2,10.0,0,0
19620603,104,401,4,6.0,0,0
19620603,104,289,1,10.0,1,0
19620617,105,462,32,0.0,0,0
19620617,105,461,30,0.0,0,0
19620617,105,436,19,0.0,0,0
19620617,105,376,17,0.0,0,0
19620617,105,460,27,0.0,0,0
19620617,105,424,31,0.0,0,0
19620617,105,425,29,0.0,0,0
19620617,105,346,18,0.0,0,0
19620617,105,435,14,0.0,0,0
19620617,105,385,7,4.0,0,0
19620617,105,427,15,0.0,0,0
19620617,105,459,28,0.0,0,0
19620617,105,458,26,0.0,0,0
19620617,105,356,13,1.0,0,0
19620617,105,341,6,5.0,0,0
19620617,105,457,22,0.0,0,0
19620617,105,360,4,9.0,1,0
19620617,105,364,24,0.0,0,0
19620617,105,456,25,0.0,0,0
19620617,105,418,23,0.0,0,0
19620617,105,404,20,0.0,0,0
19620617,105,386,21,0.0,0,0
19620617,105,455,8,3.0,0,0
19620617,105,373,3,9.0,1,0
19620617,105,454,16,0.0,0,0
19620617,105,347,10,2.0,0,0
19620617,105,430,12,1.0,0,0
19620617,105,408,11,2.0,0,0
19620617,105,394,9,3.0,0,0
19620617,105,403,2,14.0,0,0
19620617,105,401,5,6.0,0,0
19620617,105,289,1,16.0,1,0
19620708,106,437,33,0.0,0,0
19620708,106,446,30,0.0,0,0
19620708,106,463,28,0.0,0,0
19620708,106,397,26,0.0,0,0
19620708,106,462,36,0.0,0,0
19620708,106,461,34,0.0,0,0
19620708,106,436,21,0.0,0,0
19620708,106,376,19,0.0,0,0
19620708,106,460,27,0.0,0,0
19620708,106,424,35,0.0,0,0
19620708,106,425,32,0.0,0,0
19620708,106,346,20,0.0,0,0
19620708,106,435,17,0.0,0,0
19620708,106,385,10,4.0,0,0
19620708,106,427,16,0.0,0,0
19620708,106,459,31,0.0,0,0
19620708,106,458,29,0.0,0,0
19620708,106,356,15,1.0,0,0
19620708,106,341,7,7.0,0,0
19620708,106,457,23,0.0,0,0
19620708,106,360,3,12.0,1,0
19620708,106,364,5,9.0,1,0
19620708,106,456,25,0.0,0,0
19620708,106,418,24,0.0,0,0
19620708,106,404,22,0.0,0,0
19620708,106,386,9,4.0,0,0
19620708,106,455,11,3.0,0,0
19620708,106,373,4,9.0,1,0
19620708,106,454,18,0.0,0,0
19620708,106,347,13,2.0,0,0
19620708,106,430,14,2.0,0,0
19620708,106,408,6,8.0,0,0
19620708,106,394,12,3.0,0,0
19620708,106,403,2,14.0,0,0
19620708,106,401,8,6.0,0,0
19620708,106,289,1,16.0,1,0
19620721,107,466,37,0.0,0,0
19620721,107,465,34,0.0,0,0
19620721,107,464,25,0.0,0,0
19620721,107,438,23,0.0,0,0
19620721,107,437,24,0.0,0,0
19620721,107,446,33,0.0,0,0
19620721,107,463,31,0.0,0,0
19620721,107,397,29,0.0,0,0
19620721,107,462,40,0.0,0,0
19620721,107,461,38,0.0,0,0
19620721,107,436,22,0.0,0,0
19620721,107,376,20,0.0,0,0
19620721,107,460,30,0.0,0,0
19620721,107,424,39,0.0,0,0
19620721,107,425,36,0.0,0,0
19620721,107,346,21,0.0,0,0
19620721,107,435,18,0.0,0,0
19620721,107,385,10,4.0,0,0
19620721,107,427,16,0.0,0,0
19620721,107,459,35,0.0,0,0
19620721,107,458,32,0.0,0,0
19620721,107,356,13,3.0,0,0
19620721,107,341,5,13.0,0,0
19620721,107,457,27,0.0,0,0
19620721,107,360,3,16.0,1,0
19620721,107,364,6,9.0,1,0
19620721,107,456,28,0.0,0,0
19620721,107,418,17,0.0,0,0
19620721,107,404,26,0.0,0,0
19620721,107,386,9,4.0,0,0
19620721,107,455,11,3.0,0,0
19620721,107,373,2,18.0,2,0
19620721,107,454,19,0.0,0,0
19620721,107,347,14,2.0,0,0
19620721,107,430,15,2.0,0,0
19620721,107,408,7,9.0,0,0
19620721,107,394,12,3.0,0,0
19620721,107,403,4,14.0,0,0
19620721,107,401,8,6.0,0,0
19620721,107,289,1,19.0,1,0
19620805,108,445,43,0.0,0,0
19620805,108,428,42,0.0,0,0
19620805,108,467,25,0.0,0,0
19620805,108,466,33,0.0,0,0
19620805,108,465,36,0.0,0,0
19620805,108,464,27,0.0,0,0
19620805,108,438,24,0.0,0,0
19620805,108,437,22,0.0,0,0
19620805,108,446,37,0.0,0,0
19620805,108,463,34,0.0,0,0
19620805,108,397,31,0.0,0,0
19620805,108,462,41,0.0,0,0
19620805,108,461,39,0.0,0,0
19620805,108,436,23,0.0,0,0
19620805,108,376,20,0.0,0,0
19620805,108,460,32,0.0,0,0
19620805,108,424,40,0.0,0,0
19620805,108,425,26,0.0,0,0
19620805,108,346,21,0.0,0,0
19620805,108,435,18,0.0,0,0
19620805,108,385,10,4.0,0,0
19620805,108,427,16,0.0,0,0
19620805,108,459,38,0.0,0,0
19620805,108,458,35,0.0,0,0
19620805,108,356,13,3.0,0,0
19620805,108,341,3,19.0,0,0
19620805,108,457,29,0.0,0,0
19620805,108,360,4,18.0,1,0
19620805,108,364,6,13.0,1,0
19620805,108,456,30,0.0,0,0
19620805,108,418,17,0.0,0,0
19620805,108,404,28,0.0,0,0
19620805,108,386,9,4.0,0,0
19620805,108,455,11,4.0,0,0
19620805,108,373,2,21.0,2,0
19620805,108,454,19,0.0,0,0
19620805,108,347,14,2.0,0,0
19620805,108,430,15,2.0,0,0
19620805,108,408,7,9.0,0,0
19620805,108,394,12,3.0,0,0
19620805,108,403,5,14.0,0,0
19620805,108,401,8,6.0,0,0
19620805,108,289,1,28.0,2,0
19620916,109,442,47,0.0,0,0
19620916,109,439,45,0.0,0,0
19620916,109,444,44,0.0,0,0
19620916,109,468,43,0.0,0,0
19620916,109,445,46,0.0,0,0
19620916,109,428,42,0.0,0,0
19620916,109,467,26,0.0,0,0
19620916,109,466,33,0.0,0,0
19620916,109,465,36,0.0,0,0
19620916,109,464,27,0.0,0,0
19620916,109,438,24,0.0,0,0
19620916,109,437,23,0.0,0,0
19620916,109,446,37,0.0,0,0
19620916,109,463,34,0.0,0,0
19620916,109,397,31,0.0,0,0
19620916,109,462,41,0.0,0,0
19620916,109,461,39,0.0,0,0
19620916,109,436,25,0.0,0,0
19620916,109,376,21,0.0,0,0
19620916,109,460,32,0.0,0,0
19620916,109,424,40,0.0,0,0
19620916,109,425,20,0.0,0,0
19620916,109,346,22,0.0,0,0
19620916,109,435,13,3.0,0,0
19620916,109,385,11,4.0,0,0
19620916,109,427,17,0.0,0,0
19620916,109,459,38,0.0,0,0
19620916,109,458,35,0.0,0,0
19620916,109,356,15,3.0,0,0
19620916,109,341,4,19.0,0,0
19620916,109,457,29,0.0,0,0
19620916,109,360,2,22.0,1,0
19620916,109,364,6,13.0,1,0
19620916,109,456,30,0.0,0,0
19620916,109,418,18,0.0,0,0
19620916,109,404,28,0.0,0,0
19620916,109,386,7,10.0,0,0
19620916,109,455,12,4.0,0,0
19620916,109,373,3,21.0,2,0
19620916,109,454,19,0.0,0,0
19620916,109,347,14,3.0,0,0
19620916,109,430,16,2.0,0,0
19620916,109,408,8,9.0,0,0
19620916,109,394,10,5.0,0,0
19620916,109,403,5,14.0,0,0
19620916,109,401,9,6.0,0,0
19620916,109,289,1,36.0,3,0
19621007,110,440,39,0.0,0,0
19621007,110,471,34,0.0,0,0
19621007,110,434,29,0.0,0,0
19621007,110,470,25,0.0,0,0
19621007,110,469,23,0.0,0,0
19621007,110,442,52,0.0,0,0
19621007,110,439,50,0.0,0,0
19621007,110,444,49,0.0,0,0
19621007,110,468,48,0.0,0,0
19621007,110,445,51,0.0,0,0
19621007,110,428,47,0.0,0,0
19621007,110,467,30,0.0,0,0
19621007,110,466,37,0.0,0,0
19621007,110,465,41,0.0,0,0
19621007,110,464,31,0.0,0,0
19621007,110,438,27,0.0,0,0
19621007,110,437,26,0.0,0,0
19621007,110,446,42,0.0,0,0
19621007,110,463,38,0.0,0,0
19621007,110,397,35,0.0,0,0
19621007,110,462,46,0.0,0,0
19621007,110,461,44,0.0,0,0
19621007,110,436,28,0.0,0,0
19621007,110,376,22,0.0,0,0
19621007,110,460,36,0.0,0,0
19621007,110,424,45,0.0,0,0
19621007,110,425,21,0.0,0,0
19621007,110,346,24,0.0,0,0
19621007,110,435,14,3.0,0,0
19621007,110,385,12,4.0,0,0
19621007,110,427,18,0.0,0,0
19621007,110,459,43,0.0,0,0
19621007,110,458,40,0.0,0,0
19621007,110,356,10,6.0,0,0
19621007,110,341,4,19.0,0,0
19621007,110,457,32,0.0,0,0
19621007,110,360,3,24.0,1,0
19621007,110,364,5,15.0,1,0
19621007,110,456,33,0.0,0,0
19621007,110,418,17,1.0,0,0
19621007,110,404,20,0.0,0,0
19621007,110,386,7,10.0,0,0
19621007,110,455,13,4.0,0,0
19621007,110,373,2,30.0,3,0
19621007,110,454,19,0.0,0,0
19621007,110,347,15,3.0,0,0
19621007,110,430,16,2.0,0,0
19621007,110,408,8,9.0,0,0
19621007,110,394,11,5.0,0,0
19621007,110,403,6,14.0,0,0
19621007,110,401,9,6.0,0,0
19621007,110,289,1,39.0,3,0
19621229,111,368,52,0.0,0,1
19621229,111,475,44,0.0,0,1
19621229,111,474,42,0.0,0,1
19621229,111,473,39,0.0,0,1
19621229,111,411,37,0.0,0,1
19621229,111,413,28,0.0,0,1
19621229,111,472,25,0.0,0,1
19621229,111,340,22,0.0,0,1
19621229,111,410,19,1.0,0,1
19621229,111,440,47,0.0,0,1
19621229,111,471,40,0.0,0,1
19621229,111,434,33,0.0,0,1
19621229,111,470,29,0.0,0,1
19621229,111,469,26,0.0,0,1
19621229,111,442,61,0.0,0,1
19621229,111,439,59,0.0,0,1
19621229,111,444,58,0.0,0,1
19621229,111,468,57,0.0,0,1
19621229,111,445,60,0.0,0,1
19621229,111,428,56,0.0,0,1
19621229,111,467,34,0.0,0,1
19621229,111,466,45,0.0,0,1
19621229,111,465,49,0.0,0,1
19621229,111,464,35,0.0,0,1
19621229,111,438,31,0.0,0,1
19621229,111,437,30,0.0,0,1
19621229,111,446,50,0.0,0,1
19621229,111,463,46,0.0,0,1
19621229,111,397,41,0.0,0,1
19621229,111,462,55,0.0,0,1
19621229,111,461,53,0.0,0,1
19621229,111,436,32,0.0,0,1
19621229,111,376,24,0.0,0,1
19621229,111,460,43,0.0,0,1
19621229,111,424,54,0.0,0,1
19621229,111,425,23,0.0,0,1
19621229,111,346,27,0.0,0,1
19621229,111,435,14,3.0,0,1
19621229,111,385,12,4.0,0,1
19621229,111,427,20,0.0,0,1
19621229,111,459,51,0.0,0,1
19621229,111,458,48,0.0,0,1
19621229,111,356,9,9.0,0,1
19621229,111,341,4,19.0,0,1
19621229,111,457,36,0.0,0,1
19621229,111,360,3,27.0,1,1
19621229,111,364,5,15.0,1,1
19621229,111,456,38,0.0,0,1
19621229,111,418,18,1.0,0,1
19621229,111,404,16,2.0,0,1
19621229,111,386,8,10.0,0,1
19621229,111,455,13,4.0,0,1
19621229,111,373,2,30.0,3,1
19621229,111,454,21,0.0,0,1
19621229,111,347,15,3.0,0,1
19621229,111,430,17,2.0,0,1
19621229,111,408,7,13.0,0,1
19621229,111,394,11,5.0,0,1
19621229,111,403,6,14.0,0,1
19621229,111,401,10,6.0,0,1
19621229,111,289,1,42.0,4,1
19610514,95,483,21,0.0,0,0
19610514,95,376,20,0.0,0,0
19610514,95,418,19,0.0,0,0
19610514,95,482,18,0.0,0,0
19610514,95,404,17,0.0,0,0
19610514,95,289,16,0.0,0,0
19610514,95,356,15,0.0,0,0
19610514,95,481,14,0.0,0,0
19610514,95,480,13,0.0,0,0
19610514,95,347,12,0.0,0,0
19610514,95,341,11,0.0,0,0
19610514,95,373,10,0.0,0,0
19610514,95,479,9,0.0,0,0
19610514,95,478,8,0.0,0,0
19610514,95,427,7,0.0,0,0
19610514,95,360,6,1.0,0,0
19610514,95,364,5,2.0,0,0
19610514,95,477,4,3.0,0,0
19610514,95,403,3,4.0,0,0
19610514,95,386,2,6.0,0,0
19610514,95,476,1,9.0,1,0
19610522,96,437,20,0.0,0,0
19610522,96,430,17,0.0,0,0
19610522,96,401,16,0.0,0,0
19610522,96,483,24,0.0,0,0
19610522,96,376,23,0.0,0,0
19610522,96,418,19,0.0,0,0
19610522,96,482,22,0.0,0,0
19610522,96,404,21,0.0,0,0
19610522,96,289,11,0.0,0,0
19610522,96,356,8,1.0,0,0
19610522,96,481,18,0.0,0,0
19610522,96,480,13,0.0,0,0
19610522,96,347,15,0.0,0,0
19610522,96,341,9,0.0,0,0
19610522,96,373,5,4.0,0,0
19610522,96,479,14,0.0,0,0
19610522,96,478,12,0.0,0,0
19610522,96,427,10,0.0,0,0
19610522,96,360,7,1.0,0,0
19610522,96,364,6,2.0,0,0
19610522,96,477,2,12.0,1,0
19610522,96,403,3,10.0,0,0
19610522,96,386,4,8.0,0,0
19610522,96,476,1,12.0,1,0
19610618,97,456,29,0.0,0,0
19610618,97,460,28,0.0,0,0
19610618,97,435,27,0.0,0,0
19610618,97,385,22,0.0,0,0
19610618,97,454,17,0.0,0,0
19610618,97,437,24,0.0,0,0
19610618,97,430,19,0.0,0,0
19610618,97,401,20,0.0,0,0
19610618,97,483,6,3.0,0,0
19610618,97,376,26,0.0,0,0
19610618,97,418,18,0.0,0,0
19610618,97,482,25,0.0,0,0
19610618,97,404,23,0.0,0,0
19610618,97,289,13,0.0,0,0
19610618,97,356,10,1.0,0,0
19610618,97,481,21,0.0,0,0
19610618,97,480,15,0.0,0,0
19610618,97,347,11,0.0,0,0
19610618,97,341,8,2.0,0,0
19610618,97,373,5,4.0,0,0
19610618,97,479,16,0.0,0,0
19610618,97,478,14,0.0,0,0
19610618,97,427,12,0.0,0,0
19610618,97,360,9,1.0,0,0
19610618,97,364,7,3.0,0,0
19610618,97,477,2,18.0,1,0
19610618,97,403,1,19.0,1,0
19610618,97,386,4,12.0,0,0
19610618,97,476,3,12.0,1,0
19610702,98,485,35,0.0,0,0
19610702,98,486,34,0.0,0,0
19610702,98,428,33,0.0,0,0
19610702,98,484,30,0.0,0,0
19610702,98,457,17,0.0,0,0
19610702,98,394,5,9.0,1,0
19610702,98,456,32,0.0,0,0
19610702,98,460,31,0.0,0,0
19610702,98,435,28,0.0,0,0
19610702,98,385,27,0.0,0,0
19610702,98,454,20,0.0,0,0
19610702,98,437,26,0.0,0,0
19610702,98,430,23,0.0,0,0
19610702,98,401,25,0.0,0,0
19610702,98,483,9,3.0,0,0
19610702,98,376,29,0.0,0,0
19610702,98,418,21,0.0,0,0
19610702,98,482,22,0.0,0,0
19610702,98,404,8,3.0,0,0
19610702,98,289,12,1.0,0,0
19610702,98,356,13,1.0,0,0
19610702,98,481,24,0.0,0,0
19610702,98,480,18,0.0,0,0
19610702,98,347,14,0.0,0,0
19610702,98,341,11,2.0,0,0
19610702,98,373,7,8.0,0,0
19610702,98,479,19,0.0,0,0
19610702,98,478,16,0.0,0,0
19610702,98,427,15,0.0,0,0
19610702,98,360,10,3.0,0,0
19610702,98,364,6,9.0,0,0
19610702,98,477,2,18.0,1,0
19610702,98,403,1,19.0,1,0
19610702,98,386,4,12.0,0,0
19610702,98,476,3,12.0,1,0
19610715,99,488,39,0.0,0,0
19610715,99,461,37,0.0,0,0
19610715,99,441,36,0.0,0,0
19610715,99,466,29,0.0,0,0
19610715,99,408,26,0.0,0,0
19610715,99,485,40,0.0,0,0
19610715,99,486,38,0.0,0,0
19610715,99,428,35,0.0,0,0
19610715,99,484,33,0.0,0,0
19610715,99,457,15,1.0,0,0
19610715,99,394,5,9.0,1,0
19610715,99,456,30,0.0,0,0
19610715,99,460,34,0.0,0,0
19610715,99,435,31,0.0,0,0
19610715,99,385,25,0.0,0,0
19610715,99,454,20,0.0,0,0
19610715,99,437,28,0.0,0,0
19610715,99,430,23,0.0,0,0
19610715,99,401,27,0.0,0,0
19610715,99,483,10,3.0,0,0
19610715,99,376,32,0.0,0,0
19610715,99,418,21,0.0,0,0
19610715,99,482,22,0.0,0,0
19610715,99,404,9,3.0,0,0
19610715,99,289,14,1.0,0,0
19610715,99,356,8,4.0,0,0
19610715,99,481,24,0.0,0,0
19610715,99,480,18,0.0,0,0
19610715,99,347,12,2.0,0,0
19610715,99,341,13,2.0,0,0
19610715,99,373,7,8.0,0,0
19610715,99,479,19,0.0,0,0
19610715,99,478,17,0.0,0,0
19610715,99,427,16,0.0,0,0
19610715,99,360,11,3.0,0,0
19610715,99,364,6,9.0,0,0
19610715,99,477,1,27.0,2,0
19610715,99,403,2,25.0,1,0
19610715,99,386,3,16.0,0,0
19610715,99,476,4,12.0,1,0
19610806,100,436,45,0.0,0,0
19610806,100,491,44,0.0,0,0
19610806,100,490,43,0.0,0,0
19610806,100,489,40,0.0,0,0
19610806,100,431,38,0.0,0,0
19610806,100,488,41,0.0,0,0
19610806,100,461,31,0.0,0,0
19610806,100,441,37,0.0,0,0
19610806,100,466,30,0.0,0,0
19610806,100,408,23,0.0,0,0
19610806,100,485,42,0.0,0,0
19610806,100,486,39,0.0,0,0
19610806,100,428,35,0.0,0,0
19610806,100,484,36,0.0,0,0
19610806,100,457,14,1.0,0,0
19610806,100,394,6,9.0,1,0
19610806,100,456,32,0.0,0,0
19610806,100,460,29,0.0,0,0
19610806,100,435,33,0.0,0,0
19610806,100,385,27,0.0,0,0
19610806,100,454,19,0.0,0,0
19610806,100,437,26,0.0,0,0
19610806,100,430,24,0.0,0,0
19610806,100,401,28,0.0,0,0
19610806,100,483,12,3.0,0,0
19610806,100,376,34,0.0,0,0
19610806,100,418,21,0.0,0,0
19610806,100,482,22,0.0,0,0
19610806,100,404,11,3.0,0,0
19610806,100,289,15,1.0,0,0
19610806,100,356,8,4.0,0,0
19610806,100,481,25,0.0,0,0
19610806,100,480,18,0.0,0,0
19610806,100,347,13,2.0,0,0
19610806,100,341,9,4.0,0,0
19610806,100,373,5,11.0,0,0
19610806,100,479,20,0.0,0,0
19610806,100,478,17,0.0,0,0
19610806,100,427,16,0.0,0,0
19610806,100,360,10,4.0,0,0
19610806,100,364,7,9.0,0,0
19610806,100,477,1,33.0,2,0
19610806,100,403,2,29.0,1,0
19610806,100,386,4,16.0,0,0
19610806,100,476,3,21.0,2,0
19610910,101,493,55,0.0,0,0
19610910,101,468,54,0.0,0,0
19610910,101,492,53,0.0,0,0
19610910,101,429,52,0.0,0,0
19610910,101,444,49,0.0,0,0
19610910,101,424,46,0.0,0,0
19610910,101,487,43,0.0,0,0
19610910,101,425,40,0.0,0,0
19610910,101,455,37,0.0,0,0
19610910,101,447,35,0.0,0,0
19610910,101,436,51,0.0,0,0
19610910,101,491,50,0.0,0,0
19610910,101,490,29,0.0,0,0
19610910,101,489,48,0.0,0,0
19610910,101,431,44,0.0,0,0
19610910,101,488,47,0.0,0,0
19610910,101,461,33,0.0,0,0
19610910,101,441,25,0.0,0,0
19610910,101,466,32,0.0,0,0
19610910,101,408,26,0.0,0,0
19610910,101,485,42,0.0,0,0
19610910,101,486,45,0.0,0,0
19610910,101,428,39,0.0,0,0
19610910,101,484,41,0.0,0,0
19610910,101,457,16,2.0,0,0
19610910,101,394,7,9.0,1,0
19610910,101,456,34,0.0,0,0
19610910,101,460,31,0.0,0,0
19610910,101,435,36,0.0,0,0
19610910,101,385,20,0.0,0,0
19610910,101,454,11,3.0,0,0
19610910,101,437,28,0.0,0,0
19610910,101,430,19,0.0,0,0
19610910,101,401,30,0.0,0,0
19610910,101,483,13,3.0,0,0
19610910,101,376,38,0.0,0,0
19610910,101,418,23,0.0,0,0
19610910,101,482,24,0.0,0,0
19610910,101,404,12,3.0,0,0
19610910,101,289,17,1.0,0,0
19610910,101,356,9,4.0,0,0
19610910,101,481,27,0.0,0,0
19610910,101,480,15,2.0,0,0
19610910,101,347,14,2.0,0,0
19610910,101,341,10,4.0,0,0
19610910,101,373,6,11.0,0,0
19610910,101,479,22,0.0,0,0
19610910,101,478,21,0.0,0,0
19610910,101,427,18,0.0,0,0
19610910,101,360,8,8.0,0,0
19610910,101,364,5,15.0,0,0
19610910,101,477,2,33.0,2,0
19610910,101,403,1,34.0,2,0
19610910,101,386,4,16.0,0,0
19610910,101,476,3,21.0,2,0
19611008,102,496,47,0.0,0,1
19611008,102,433,43,0.0,0,1
19611008,102,495,39,0.0,0,1
19611008,102,440,38,0.0,0,1
19611008,102,434,28,0.0,0,1
19611008,102,494,24,0.0,0,1
19611008,102,469,22,0.0,0,1
19611008,102,493,62,0.0,0,1
19611008,102,468,61,0.0,0,1
19611008,102,492,60,0.0,0,1
19611008,102,429,59,0.0,0,1
19611008,102,444,56,0.0,0,1
19611008,102,424,53,0.0,0,1
19611008,102,487,50,0.0,0,1
19611008,102,425,46,0.0,0,1
19611008,102,455,42,0.0,0,1
19611008,102,447,40,0.0,0,1
19611008,102,436,58,0.0,0,1
19611008,102,491,57,0.0,0,1
19611008,102,490,32,0.0,0,1
19611008,102,489,55,0.0,0,1
19611008,102,431,51,0.0,0,1
19611008,102,488,54,0.0,0,1
19611008,102,461,36,0.0,0,1
19611008,102,441,27,0.0,0,1
19611008,102,466,35,0.0,0,1
19611008,102,408,29,0.0,0,1
19611008,102,485,49,0.0,0,1
19611008,102,486,52,0.0,0,1
19611008,102,428,45,0.0,0,1
19611008,102,484,48,0.0,0,1
19611008,102,457,17,2.0,0,1
19611008,102,394,9,9.0,1,1
19611008,102,456,37,0.0,0,1
19611008,102,460,34,0.0,0,1
19611008,102,435,41,0.0,0,1
19611008,102,385,20,0.0,0,1
19611008,102,454,13,3.0,0,1
19611008,102,437,31,0.0,0,1
19611008,102,430,19,0.0,0,1
19611008,102,401,33,0.0,0,1
19611008,102,483,14,3.0,0,1
19611008,102,376,44,0.0,0,1
19611008,102,418,25,0.0,0,1
19611008,102,482,26,0.0,0,1
19611008,102,404,6,12.0,1,1
19611008,102,289,16,3.0,0,1
19611008,102,356,11,4.0,0,1
19611008,102,481,30,0.0,0,1
19611008,102,480,10,6.0,0,1
19611008,102,347,15,3.0,0,1
19611008,102,341,12,4.0,0,1
19611008,102,373,7,11.0,0,1
19611008,102,479,23,0.0,0,1
19611008,102,478,21,0.0,0,1
19611008,102,427,18,0.0,0,1
19611008,102,360,8,11.0,0,1
19611008,102,364,4,21.0,0,1
19611008,102,477,2,33.0,2,1
19611008,102,403,1,34.0,2,1
19611008,102,386,5,16.0,0,1
19611008,102,476,3,21.0,2,1
19600207,85,484,22,0.0,0,0
19600207,85,505,21,0.0,0,0
19600207,85,504,20,0.0,0,0
19600207,85,503,19,0.0,0,0
19600207,85,289,18,0.0,0,0
19600207,85,356,17,0.0,0,0
19600207,85,502,16,0.0,0,0
19600207,85,439,15,0.0,0,0
19600207,85,501,14,0.0,0,0
19600207,85,418,13,0.0,0,0
19600207,85,500,12,0.0,0,0
19600207,85,499,11,0.0,0,0
19600207,85,498,10,0.0,0,0
19600207,85,403,9,0.0,0,0
19600207,85,347,8,0.0,0,0
19600207,85,404,5,1.0,0,0
19600207,85,477,4,2.0,0,0
19600207,85,497,3,3.0,0,0
19600207,85,476,6,0.0,0,0
19600207,85,478,2,6.0,0,0
19600207,85,360,1,8.0,1,0
19600529,86,437,33,0.0,0,0
19600529,86,509,32,0.0,0,0
19600529,86,508,30,0.0,0,0
19600529,86,485,27,0.0,0,0
19600529,86,507,26,0.0,0,0
19600529,86,427,11,0.0,0,0
19600529,86,341,24,0.0,0,0
19600529,86,506,22,0.0,0,0
19600529,86,457,20,0.0,0,0
19600529,86,364,19,0.0,0,0
19600529,86,386,10,1.0,0,0
19600529,86,480,5,3.0,0,0
19600529,86,484,31,0.0,0,0
19600529,86,505,29,0.0,0,0
19600529,86,504,28,0.0,0,0
19600529,86,503,21,0.0,0,0
19600529,86,289,12,0.0,0,0
19600529,86,356,25,0.0,0,0
19600529,86,502,23,0.0,0,0
19600529,86,439,18,0.0,0,0
19600529,86,501,17,0.0,0,0
19600529,86,418,16,0.0,0,0
19600529,86,500,15,0.0,0,0
19600529,86,499,14,0.0,0,0
19600529,86,498,13,0.0,0,0
19600529,86,403,4,4.0,0,0
19600529,86,347,7,2.0,0,0
19600529,86,404,9,1.0,0,0
19600529,86,477,8,2.0,0,0
19600529,86,497,6,3.0,0,0
19600529,86,476,2,8.0,1,0
19600529,86,478,3,6.0,0,0
19600529,86,360,1,14.0,1,0
19600530,87,540,51,0.0,0,0
19600530,87,539,50,0.0,0,0
19600530,87,538,49,0.0,0,0
19600530,87,537,48,0.0,0,0
19600530,87,536,47,0.0,0,0
19600530,87,535,46,0.0,0,0
19600530,87,534,45,0.0,0,0
19600530,87,533,44,0.0,0,0
19600530,87,532,43,0.0,0,0
19600530,87,531,42,0.0,0,0
19600530,87,530,41,0.0,0,0
19600530,87,529,40,0.0,0,0
19600530,87,528,39,0.0,0,0
19600530,87,527,38,0.0,0,0
19600530,87,526,37,0.0,0,0
19600530,87,525,36,0.0,0,0
19600530,87,524,35,0.0,0,0
19600530,87,523,34,0.0,0,0
19600530,87,522,33,0.0,0,0
19600530,87,521,32,0.0,0,0
19600530,87,520,29,0.0,0,0
19600530,87,519,28,0.0,0,0
19600530,87,518,25,0.0,0,0
19600530,87,517,23,0.0,0,0
19600530,87,516,22,0.0,0,0
19600530,87,515,20,0.0,0,0
19600530,87,495,19,0.0,0,0
19600530,87,514,16,1.0,0,0
19600530,87,513,13,2.0,0,0
19600530,87,512,8,3.0,0,0
19600530,87,511,7,4.0,0,0
19600530,87,449,5,6.0,0,0
19600530,87,510,3,8.0,1,0
19600530,87,437,66,0.0,0,0
19600530,87,509,65,0.0,0,0
19600530,87,508,63,0.0,0,0
19600530,87,485,60,0.0,0,0
19600530,87,507,59,0.0,0,0
19600530,87,427,17,0.0,0,0
19600530,87,341,57,0.0,0,0
19600530,87,506,55,0.0,0,0
19600530,87,457,53,0.0,0,0
19600530,87,364,52,0.0,0,0
19600530,87,386,15,1.0,0,0
19600530,87,480,9,3.0,0,0
19600530,87,484,64,0.0,0,0
19600530,87,505,62,0.0,0,0
19600530,87,504,61,0.0,0,0
19600530,87,503,54,0.0,0,0
19600530,87,289,18,0.0,0,0
19600530,87,356,58,0.0,0,0
19600530,87,502,56,0.0,0,0
19600530,87,439,31,0.0,0,0
19600530,87,501,30,0.0,0,0
19600530,87,418,27,0.0,0,0
19600530,87,500,26,0.0,0,0
19600530,87,499,24,0.0,0,0
19600530,87,498,21,0.0,0,0
19600530,87,403,6,4.0,0,0
19600530,87,347,11,2.0,0,0
19600530,87,404,14,1.0,0,0
19600530,87,477,12,2.0,0,0
19600530,87,497,10,3.0,0,0
19600530,87,476,2,8.0,1,0
19600530,87,478,4,6.0,0,0
19600530,87,360,1,14.0,1,0
19600606,88,373,58,0.0,0,0
19600606,88,430,22,0.0,0,0
19600606,88,482,21,0.0,0,0
19600606,88,540,54,0.0,0,0
19600606,88,539,53,0.0,0,0
19600606,88,538,52,0.0,0,0
19600606,88,537,51,0.0,0,0
19600606,88,536,50,0.0,0,0
19600606,88,535,49,0.0,0,0
19600606,88,534,48,0.0,0,0
19600606,88,533,47,0.0,0,0
19600606,88,532,46,0.0,0,0
19600606,88,531,45,0.0,0,0
19600606,88,530,44,0.0,0,0
19600606,88,529,43,0.0,0,0
19600606,88,528,42,0.0,0,0
19600606,88,527,41,0.0,0,0
19600606,88,526,40,0.0,0,0
19600606,88,525,39,0.0,0,0
19600606,88,524,38,0.0,0,0
19600606,88,523,37,0.0,0,0
19600606,88,522,36,0.0,0,0
19600606,88,521,35,0.0,0,0
19600606,88,520,32,0.0,0,0
19600606,88,519,31,0.0,0,0
19600606,88,518,28,0.0,0,0
19600606,88,517,26,0.0,0,0
19600606,88,516,25,0.0,0,0
19600606,88,515,23,0.0,0,0
19600606,88,495,20,0.0,0,0
19600606,88,514,18,1.0,0,0
19600606,88,513,16,2.0,0,0
19600606,88,512,13,3.0,0,0
19600606,88,511,10,4.0,0,0
19600606,88,449,7,6.0,0,0
19600606,88,510,4,8.0,1,0
19600606,88,437,69,0.0,0,0
19600606,88,509,64,0.0,0,0
19600606,88,508,66,0.0,0,0
19600606,88,485,63,0.0,0,0
19600606,88,507,62,0.0,0,0
19600606,88,427,19,0.0,0,0
19600606,88,341,61,0.0,0,0
19600606,88,506,59,0.0,0,0
19600606,88,457,57,0.0,0,0
19600606,88,364,56,0.0,0,0
19600606,88,386,17,2.0,0,0
19600606,88,480,12,3.0,0,0
19600606,88,484,68,0.0,0,0
19600606,88,505,67,0.0,0,0
19600606,88,504,65,0.0,0,0
19600606,88,503,55,0.0,0,0
19600606,88,289,8,4.0,0,0
19600606,88,356,3,8.0,1,0
19600606,88,502,60,0.0,0,0
19600606,88,439,34,0.0,0,0
19600606,88,501,33,0.0,0,0
19600606,88,418,30,0.0,0,0
19600606,88,500,29,0.0,0,0
19600606,88,499,27,0.0,0,0
19600606,88,498,24,0.0,0,0
19600606,88,403,9,4.0,0,0
19600606,88,347,15,2.0,0,0
19600606,88,404,5,7.0,0,0
19600606,88,477,11,4.0,0,0
19600606,88,497,14,3.0,0,0
19600606,88,476,2,11.0,1,0
19600606,88,478,6,6.0,0,0
19600606,88,360,1,14.0,1,0
19600619,89,541,69,0.0,0,0
19600619,89,435,59,0.0,0,0
19600619,89,376,20,1.0,0,0
19600619,89,483,10,4.0,0,0
19600619,89,373,17,2.0,0,0
19600619,89,430,25,0.0,0,0
19600619,89,482,24,0.0,0,0
19600619,89,540,57,0.0,0,0
19600619,89,539,56,0.0,0,0
19600619,89,538,55,0.0,0,0
19600619,89,537,54,0.0,0,0
19600619,89,536,53,0.0,0,0
19600619,89,535,52,0.0,0,0
19600619,89,534,51,0.0,0,0
19600619,89,533,50,0.0,0,0
19600619,89,532,49,0.0,0,0
19600619,89,531,48,0.0,0,0
19600619,89,530,47,0.0,0,0
19600619,89,529,46,0.0,0,0
19600619,89,528,45,0.0,0,0
19600619,89,527,44,0.0,0,0
19600619,89,526,43,0.0,0,0
19600619,89,525,42,0.0,0,0
19600619,89,524,41,0.0,0,0
19600619,89,523,40,0.0,0,0
19600619,89,522,39,0.0,0,0
19600619,89,521,38,0.0,0,0
19600619,89,520,35,0.0,0,0
19600619,89,519,34,0.0,0,0
19600619,89,518,31,0.0,0,0
19600619,89,517,29,0.0,0,0
19600619,89,516,28,0.0,0,0
19600619,89,515,26,0.0,0,0
19600619,89,495,23,0.0,0,0
19600619,89,514,21,1.0,0,0
19600619,89,513,18,2.0,0,0
19600619,89,512,14,3.0,0,0
19600619,89,511,11,4.0,0,0
19600619,89,449,8,6.0,0,0
19600619,89,510,4,8.0,1,0
19600619,89,437,73,0.0,0,0
19600619,89,509,66,0.0,0,0
19600619,89,508,63,0.0,0,0
19600619,89,485,68,0.0,0,0
19600619,89,507,67,0.0,0,0
19600619,89,427,22,0.0,0,0
19600619,89,341,65,0.0,0,0
19600619,89,506,61,0.0,0,0
19600619,89,457,62,0.0,0,0
19600619,89,364,60,0.0,0,0
19600619,89,386,19,2.0,0,0
19600619,89,480,13,3.0,0,0
19600619,89,484,72,0.0,0,0
19600619,89,505,71,0.0,0,0
19600619,89,504,70,0.0,0,0
19600619,89,503,58,0.0,0,0
19600619,89,289,9,4.0,0,0
19600619,89,356,2,16.0,2,0
19600619,89,502,64,0.0,0,0
19600619,89,439,37,0.0,0,0
19600619,89,501,36,0.0,0,0
19600619,89,418,33,0.0,0,0
19600619,89,500,32,0.0,0,0
19600619,89,499,30,0.0,0,0
19600619,89,498,27,0.0,0,0
19600619,89,403,6,7.0,0,0
19600619,89,347,16,2.0,0,0
19600619,89,404,5,7.0,0,0
19600619,89,477,12,4.0,0,0
19600619,89,497,15,3.0,0,0
19600619,89,476,3,11.0,1,0
19600619,89,478,7,6.0,0,0
19600619,89,360,1,20.0,1,0
19600703,90,543,75,0.0,0,0
19600703,90,542,22,1.0,0,0
19600703,90,541,71,0.0,0,0
19600703,90,435,62,0.0,0,0
19600703,90,376,21,1.0,0,0
19600703,90,483,4,10.0,0,0
19600703,90,373,13,4.0,0,0
19600703,90,430,27,0.0,0,0
19600703,90,482,14,3.0,0,0
19600703,90,540,60,0.0,0,0
19600703,90,539,59,0.0,0,0
19600703,90,538,58,0.0,0,0
19600703,90,537,57,0.0,0,0
19600703,90,536,56,0.0,0,0
19600703,90,535,55,0.0,0,0
19600703,90,534,54,0.0,0,0
19600703,90,533,53,0.0,0,0
19600703,90,532,52,0.0,0,0
19600703,90,531,51,0.0,0,0
19600703,90,530,50,0.0,0,0
19600703,90,529,49,0.0,0,0
19600703,90,528,48,0.0,0,0
19600703,90,527,47,0.0,0,0
19600703,90,526,46,0.0,0,0
19600703,90,525,45,0.0,0,0
19600703,90,524,44,0.0,0,0
19600703,90,523,43,0.0,0,0
19600703,90,522,42,0.0,0,0
19600703,90,521,41,0.0,0,0
19600703,90,520,39,0.0,0,0
19600703,90,519,37,0.0,0,0
19600703,90,518,35,0.0,0,0
19600703,90,517,33,0.0,0,0
19600703,90,516,31,0.0,0,0
19600703,90,515,28,0.0,0,0
19600703,90,495,25,0.0,0,0
19600703,90,514,23,1.0,0,0
19600703,90,513,19,2.0,0,0
19600703,90,512,16,3.0,0,0
19600703,90,511,11,4.0,0,0
19600703,90,449,9,6.0,0,0
19600703,90,510,5,8.0,1,0
19600703,90,437,32,0.0,0,0
19600703,90,509,69,0.0,0,0
19600703,90,508,66,0.0,0,0
19600703,90,485,70,0.0,0,0
19600703,90,507,26,0.0,0,0
19600703,90,427,24,0.0,0,0
19600703,90,341,68,0.0,0,0
19600703,90,506,64,0.0,0,0
19600703,90,457,65,0.0,0,0
19600703,90,364,63,0.0,0,0
19600703,90,386,20,2.0,0,0
19600703,90,480,15,3.0,0,0
19600703,90,484,74,0.0,0,0
19600703,90,505,73,0.0,0,0
19600703,90,504,72,0.0,0,0
19600703,90,503,61,0.0,0,0
19600703,90,289,10,4.0,0,0
19600703,90,356,1,24.0,3,0
19600703,90,502,67,0.0,0,0
19600703,90,439,40,0.0,0,0
19600703,90,501,38,0.0,0,0
19600703,90,418,29,0.0,0,0
19600703,90,500,36,0.0,0,0
19600703,90,499,34,0.0,0,0
19600703,90,498,30,0.0,0,0
19600703,90,403,7,7.0,0,0
19600703,90,347,18,2.0,0,0
19600703,90,404,6,7.0,0,0
19600703,90,477,12,4.0,0,0
19600703,90,497,17,3.0,0,0
19600703,90,476,3,11.0,1,0
19600703,90,478,8,6.0,0,0
19600703,90,360,2,24.0,1,0
19600716,91,466,77,0.0,0,0
19600716,91,487,76,0.0,0,0
19600716,91,543,39,0.0,0,0
19600716,91,542,23,1.0,0,0
19600716,91,541,72,0.0,0,0
19600716,91,435,66,0.0,0,0
19600716,91,376,22,1.0,0,0
19600716,91,483,5,10.0,0,0
19600716,91,373,15,4.0,0,0
19600716,91,430,28,0.0,0,0
19600716,91,482,16,3.0,0,0
19600716,91,540,64,0.0,0,0
19600716,91,539,63,0.0,0,0
19600716,91,538,62,0.0,0,0
19600716,91,537,61,0.0,0,0
19600716,91,536,60,0.0,0,0
19600716,91,535,59,0.0,0,0
19600716,91,534,58,0.0,0,0
19600716,91,533,57,0.0,0,0
19600716,91,532,56,0.0,0,0
19600716,91,531,55,0.0,0,0
19600716,91,530,54,0.0,0,0
19600716,91,529,53,0.0,0,0
19600716,91,528,52,0.0,0,0
19600716,91,527,51,0.0,0,0
19600716,91,526,50,0.0,0,0
19600716,91,525,49,0.0,0,0
19600716,91,524,48,0.0,0,0
19600716,91,523,47,0.0,0,0
19600716,91,522,46,0.0,0,0
19600716,91,521,45,0.0,0,0
19600716,91,520,43,0.0,0,0
19600716,91,519,40,0.0,0,0
19600716,91,518,37,0.0,0,0
19600716,91,517,35,0.0,0,0
19600716,91,516,32,0.0,0,0
19600716,91,515,29,0.0,0,0
19600716,91,495,26,0.0,0,0
19600716,91,514,24,1.0,0,0
19600716,91,513,20,2.0,0,0
19600716,91,512,17,3.0,0,0
19600716,91,511,14,4.0,0,0
19600716,91,449,10,6.0,0,0
19600716,91,510,6,8.0,1,0
19600716,91,437,34,0.0,0,0
19600716,91,509,71,0.0,0,0
19600716,91,508,69,0.0,0,0
19600716,91,485,42,0.0,0,0
19600716,91,507,27,0.0,0,0
19600716,91,427,25,0.0,0,0
19600716,91,341,8,6.0,0,0
19600716,91,506,67,0.0,0,0
19600716,91,457,68,0.0,0,0
19600716,91,364,33,0.0,0,0
19600716,91,386,21,2.0,0,0
19600716,91,480,11,5.0,0,0
19600716,91,484,75,0.0,0,0
19600716,91,505,74,0.0,0,0
19600716,91,504,73,0.0,0,0
19600716,91,503,65,0.0,0,0
19600716,91,289,13,4.0,0,0
19600716,91,356,1,32.0,4,0
19600716,91,502,70,0.0,0,0
19600716,91,439,44,0.0,0,0
19600716,91,501,41,0.0,0,0
19600716,91,418,30,0.0,0,0
19600716,91,500,38,0.0,0,0
19600716,91,499,36,0.0,0,0
19600716,91,498,31,0.0,0,0
19600716,91,403,7,7.0,0,0
19600716,91,347,19,2.0,0,0
19600716,91,404,4,11.0,0,0
19600716,91,477,12,5.0,0,0
19600716,91,497,18,3.0,0,0
19600716,91,476,3,11.0,1,0
19600716,91,478,9,6.0,0,0
19600716,91,360,2,27.0,1,0
19600814,92,432,67,0.0,0,0
19600814,92,466,78,0.0,0,0
19600814,92,487,77,0.0,0,0
19600814,92,543,39,0.0,0,0
19600814,92,542,23,1.0,0,0
19600814,92,541,73,0.0,0,0
19600814,92,435,66,0.0,0,0
19600814,92,376,22,1.0,0,0
19600814,92,483,5,10.0,0,0
19600814,92,373,7,8.0,0,0
19600814,92,430,28,0.0,0,0
19600814,92,482,16,3.0,0,0
19600814,92,540,64,0.0,0,0
19600814,92,539,63,0.0,0,0
19600814,92,538,62,0.0,0,0
19600814,92,537,61,0.0,0,0
19600814,92,536,60,0.0,0,0
19600814,92,535,59,0.0,0,0
19600814,92,534,58,0.0,0,0
19600814,92,533,57,0.0,0,0
19600814,92,532,56,0.0,0,0
19600814,92,531,55,0.0,0,0
19600814,92,530,54,0.0,0,0
19600814,92,529,53,0.0,0,0
19600814,92,528,52,0.0,0,0
19600814,92,527,51,0.0,0,0
19600814,92,526,50,0.0,0,0
19600814,92,525,49,0.0,0,0
19600814,92,524,48,0.0,0,0
19600814,92,523,47,0.0,0,0
19600814,92,522,46,0.0,0,0
19600814,92,521,45,0.0,0,0
19600814,92,520,43,0.0,0,0
19600814,92,519,40,0.0,0,0
19600814,92,518,37,0.0,0,0
19600814,92,517,35,0.0,0,0
19600814,92,516,32,0.0,0,0
19600814,92,515,29,0.0,0,0
19600814,92,495,26,0.0,0,0
19600814,92,514,24,1.0,0,0
19600814,92,513,20,2.0,0,0
19600814,92,512,17,3.0,0,0
19600814,92,511,15,4.0,0,0
19600814,92,449,13,6.0,0,0
19600814,92,510,6,8.0,1,0
19600814,92,437,34,0.0,0,0
19600814,92,509,72,0.0,0,0
19600814,92,508,70,0.0,0,0
19600814,92,485,42,0.0,0,0
19600814,92,507,27,0.0,0,0
19600814,92,427,25,0.0,0,0
19600814,92,341,11,6.0,0,0
19600814,92,506,68,0.0,0,0
19600814,92,457,69,0.0,0,0
19600814,92,364,33,0.0,0,0
19600814,92,386,21,2.0,0,0
19600814,92,480,10,7.0,0,0
19600814,92,484,76,0.0,0,0
19600814,92,505,75,0.0,0,0
19600814,92,504,74,0.0,0,0
19600814,92,503,65,0.0,0,0
19600814,92,289,14,4.0,0,0
19600814,92,356,1,40.0,5,0
19600814,92,502,71,0.0,0,0
19600814,92,439,44,0.0,0,0
19600814,92,501,41,0.0,0,0
19600814,92,418,30,0.0,0,0
19600814,92,500,38,0.0,0,0
19600814,92,499,36,0.0,0,0
19600814,92,498,31,0.0,0,0
19600814,92,403,9,7.0,0,0
19600814,92,347,19,2.0,0,0
19600814,92,404,3,12.0,0,0
19600814,92,477,8,8.0,0,0
19600814,92,497,18,3.0,0,0
19600814,92,476,4,11.0,1,0
19600814,92,478,12,6.0,0,0
19600814,92,360,2,33.0,1,0
19600904,93,548,83,0.0,0,0
19600904,93,547,81,0.0,0,0
19600904,93,398,80,0.0,0,0
19600904,93,492,77,0.0,0,0
19600904,93,546,42,0.0,0,0
19600904,93,456,37,0.0,0,0
19600904,93,545,33,0.0,0,0
19600904,93,431,29,0.0,0,0
19600904,93,479,26,1.0,0,0
19600904,93,544,20,3.0,0,0
19600904,93,432,73,0.0,0,0
19600904,93,466,88,0.0,0,0
19600904,93,487,87,0.0,0,0
19600904,93,543,46,0.0,0,0
19600904,93,542,25,1.0,0,0
19600904,93,541,84,0.0,0,0
19600904,93,435,16,4.0,0,0
19600904,93,376,24,1.0,0,0
19600904,93,483,6,10.0,0,0
19600904,93,373,10,8.0,0,0
19600904,93,430,32,0.0,0,0
19600904,93,482,18,3.0,0,0
19600904,93,540,71,0.0,0,0
19600904,93,539,70,0.0,0,0
19600904,93,538,69,0.0,0,0
19600904,93,537,68,0.0,0,0
19600904,93,536,67,0.0,0,0
19600904,93,535,66,0.0,0,0
19600904,93,534,65,0.0,0,0
19600904,93,533,64,0.0,0,0
19600904,93,532,63,0.0,0,0
19600904,93,531,62,0.0,0,0
19600904,93,530,61,0.0,0,0
19600904,93,529,60,0.0,0,0
19600904,93,528,59,0.0,0,0
19600904,93,527,58,0.0,0,0
19600904,93,526,57,0.0,0,0
19600904,93,525,56,0.0,0,0
19600904,93,524,55,0.0,0,0
19600904,93,523,54,0.0,0,0
19600904,93,522,53,0.0,0,0
19600904,93,521,52,0.0,0,0
19600904,93,520,50,0.0,0,0
19600904,93,519,47,0.0,0,0
19600904,93,518,44,0.0,0,0
19600904,93,517,41,0.0,0,0
19600904,93,516,38,0.0,0,0
19600904,93,515,34,0.0,0,0
19600904,93,495,30,0.0,0,0
19600904,93,514,27,1.0,0,0
19600904,93,513,23,2.0,0,0
19600904,93,512,19,3.0,0,0
19600904,93,511,17,4.0,0,0
19600904,93,449,14,6.0,0,0
19600904,93,510,8,8.0,1,0
19600904,93,437,40,0.0,0,0
19600904,93,509,82,0.0,0,0
19600904,93,508,76,0.0,0,0
19600904,93,485,49,0.0,0,0
19600904,93,507,31,0.0,0,0
19600904,93,427,28,0.0,0,0
19600904,93,341,12,6.0,0,0
19600904,93,506,74,0.0,0,0
19600904,93,457,75,0.0,0,0
19600904,93,364,39,0.0,0,0
19600904,93,386,9,8.0,0,0
19600904,93,480,11,7.0,0,0
19600904,93,484,78,0.0,0,0
19600904,93,505,86,0.0,0,0
19600904,93,504,85,0.0,0,0
19600904,93,503,72,0.0,0,0
19600904,93,289,15,4.0,0,0
19600904,93,356,1,40.0,5,0
19600904,93,502,79,0.0,0,0
19600904,93,439,51,0.0,0,0
19600904,93,501,48,0.0,0,0
19600904,93,418,35,0.0,0,0
19600904,93,500,45,0.0,0,0
19600904,93,499,43,0.0,0,0
19600904,93,498,36,0.0,0,0
19600904,93,403,3,15.0,1,0
19600904,93,347,22,2.0,0,0
19600904,93,404,4,12.0,0,0
19600904,93,477,7,10.0,0,0
19600904,93,497,21,3.0,0,0
19600904,93,476,5,11.0,1,0
19600904,93,478,13,6.0,0,0
19600904,93,360,2,33.0,1,0
19601120,94,549,54,0.0,0,1
19601120,94,353,49,0.0,0,1
19601120,94,440,30,0.0,0,1
19601120,94,548,86,0.0,0,1
19601120,94,547,84,0.0,0,1
19601120,94,398,83,0.0,0,1
19601120,94,492,80,0.0,0,1
19601120,94,546,45,0.0,0,1
19601120,94,456,39,0.0,0,1
19601120,94,545,35,0.0,0,1
19601120,94,431,29,0.0,0,1
19601120,94,479,26,1.0,0,1
19601120,94,544,21,3.0,0,1
19601120,94,432,78,0.0,0,1
19601120,94,466,91,0.0,0,1
19601120,94,487,90,0.0,0,1
19601120,94,543,50,0.0,0,1
19601120,94,542,25,1.0,0,1
19601120,94,541,87,0.0,0,1
19601120,94,435,16,4.0,0,1
19601120,94,376,24,1.0,0,1
19601120,94,483,6,10.0,0,1
19601120,94,373,10,8.0,0,1
19601120,94,430,34,0.0,0,1
19601120,94,482,19,3.0,0,1
19601120,94,540,76,0.0,0,1
19601120,94,539,75,0.0,0,1
19601120,94,538,74,0.0,0,1
19601120,94,537,73,0.0,0,1
19601120,94,536,72,0.0,0,1
19601120,94,535,71,0.0,0,1
19601120,94,534,70,0.0,0,1
19601120,94,533,69,0.0,0,1
19601120,94,532,68,0.0,0,1
19601120,94,531,67,0.0,0,1
19601120,94,530,66,0.0,0,1
19601120,94,529,65,0.0,0,1
19601120,94,528,64,0.0,0,1
19601120,94,527,63,0.0,0,1
19601120,94,526,62,0.0,0,1
19601120,94,525,61,0.0,0,1
19601120,94,524,60,0.0,0,1
19601120,94,523,59,0.0,0,1
19601120,94,522,58,0.0,0,1
19601120,94,521,57,0.0,0,1
19601120,94,520,55,0.0,0,1
19601120,94,519,51,0.0,0,1
19601120,94,518,47,0.0,0,1
19601120,94,517,44,0.0,0,1
19601120,94,516,40,0.0,0,1
19601120,94,515,36,0.0,0,1
19601120,94,495,31,0.0,0,1
19601120,94,514,27,1.0,0,1
19601120,94,513,23,2.0,0,1
19601120,94,512,20,3.0,0,1
19601120,94,511,17,4.0,0,1
19601120,94,449,14,6.0,0,1
19601120,94,510,8,8.0,1,1
19601120,94,437,43,0.0,0,1
19601120,94,509,85,0.0,0,1
19601120,94,508,42,0.0,0,1
19601120,94,485,53,0.0,0,1
19601120,94,507,33,0.0,0,1
19601120,94,427,28,0.0,0,1
19601120,94,341,12,6.0,0,1
19601120,94,506,79,0.0,0,1
19601120,94,457,32,0.0,0,1
19601120,94,364,41,0.0,0,1
19601120,94,386,9,8.0,0,1
19601120,94,480,11,7.0,0,1
19601120,94,484,81,0.0,0,1
19601120,94,505,89,0.0,0,1
19601120,94,504,88,0.0,0,1
19601120,94,503,77,0.0,0,1
19601120,94,289,15,4.0,0,1
19601120,94,356,1,43.0,5,1
19601120,94,502,82,0.0,0,1
19601120,94,439,56,0.0,0,1
19601120,94,501,52,0.0,0,1
19601120,94,418,37,0.0,0,1
19601120,94,500,48,0.0,0,1
19601120,94,499,46,0.0,0,1
19601120,94,498,38,0.0,0,1
19601120,94,403,5,16.0,1,1
19601120,94,347,18,4.0,0,1
19601120,94,404,4,18.0,0,1
19601120,94,477,7,10.0,0,1
19601120,94,497,22,3.0,0,1
19601120,94,476,3,19.0,2,1
19601120,94,478,13,6.0,0,1
19601120,94,360,2,34.0,1,1
19590510,76,554,24,0.0,0,0
19590510,76,553,23,0.0,0,0
19590510,76,353,22,0.0,0,0
19590510,76,552,21,0.0,0,0
19590510,76,376,20,0.0,0,0
19590510,76,551,19,0.0,0,0
19590510,76,484,18,0.0,0,0
19590510,76,550,17,0.0,0,0
19590510,76,507,16,0.0,0,0
19590510,76,478,15,0.0,0,0
19590510,76,477,14,0.0,0,0
19590510,76,418,13,0.0,0,0
19590510,76,289,12,0.0,0,0
19590510,76,555,11,0.0,0,0
19590510,76,347,10,0.0,0,0
19590510,76,502,9,0.0,0,0
19590510,76,542,8,0.0,0,0
19590510,76,476,7,0.0,0,0
19590510,76,457,6,0.0,0,0
19590530,77,356,1,9.0,1,0
19590530,77,480,3,6.0,0,0
19590530,77,427,6,4.0,0,0
19590530,77,403,8,3.0,0,0
19590530,77,360,10,2.0,0,0
19590530,77,457,12,0.0,0,0
19590530,77,476,23,0.0,0,0
19590530,77,542,24,0.0,0,0
19590530,77,502,25,0.0,0,0
19590530,77,347,26,0.0,0,0
19590530,77,555,27,0.0,0,0
19590530,77,289,28,0.0,0,0
19590530,77,418,29,0.0,0,0
19590530,77,477,30,0.0,0,0
19590530,77,478,31,0.0,0,0
19590530,77,507,32,0.0,0,0
19590530,77,550,33,0.0,0,0
19590530,77,484,36,0.0,0,0
19590530,77,551,37,0.0,0,0
19590530,77,376,39,0.0,0,0
19590530,77,526,57,0.0,0,0
19590530,77,537,56,0.0,0,0
19590530,77,518,55,0.0,0,0
19590530,77,566,54,0.0,0,0
19590530,77,565,53,0.0,0,0
19590530,77,564,52,0.0,0,0
19590530,77,563,51,0.0,0,0
19590530,77,523,50,0.0,0,0
19590530,77,517,49,0.0,0,0
19590530,77,512,47,0.0,0,0
19590530,77,562,45,0.0,0,0
19590530,77,529,43,0.0,0,0
19590530,77,561,41,0.0,0,0
19590530,77,538,40,0.0,0,0
19590530,77,560,38,0.0,0,0
19590530,77,559,35,0.0,0,0
19590530,77,528,34,0.0,0,0
19590530,77,536,22,0.0,0,0
19590530,77,558,21,0.0,0,0
19590530,77,557,20,0.0,0,0
19590530,77,539,19,0.0,0,0
19590530,77,515,18,0.0,0,0
19590530,77,521,17,0.0,0,0
19590530,77,532,16,0.0,0,0
19590530,77,556,15,0.0,0,0
19590530,77,514,14,0.0,0,0
19590530,77,519,13,0.0,0,0
19590530,77,534,11,0.0,0,0
19590530,77,511,9,2.0,0,0
19590531,78,567,33,0.0,0,0
19590531,78,430,23,0.0,0,0
19590531,78,526,60,0.0,0,0
19590531,78,404,11,3.0,0,0
19590705,79,510,6,6.0,0,0
19590531,78,537,59,0.0,0,0
19590531,78,554,51,0.0,0,0
19590531,78,449,3,8.0,1,0
19590531,78,510,5,6.0,0,0
19590531,78,513,6,5.0,0,0
19590531,78,530,10,3.0,0,0
19590531,78,511,13,2.0,0,0
19590531,78,534,17,0.0,0,0
19590531,78,518,58,0.0,0,0
19590531,78,566,57,0.0,0,0
19590531,78,565,56,0.0,0,0
19590531,78,564,55,0.0,0,0
19590531,78,563,54,0.0,0,0
19590531,78,523,53,0.0,0,0
19590531,78,517,52,0.0,0,0
19590531,78,512,50,0.0,0,0
19590531,78,562,48,0.0,0,0
19590531,78,529,46,0.0,0,0
19590531,78,561,44,0.0,0,0
19590531,78,538,43,0.0,0,0
19590531,78,560,41,0.0,0,0
19590531,78,559,38,0.0,0,0
19590531,78,528,37,0.0,0,0
19590531,78,536,30,0.0,0,0
19590531,78,558,29,0.0,0,0
19590531,78,557,28,0.0,0,0
19590531,78,539,27,0.0,0,0
19590531,78,515,26,0.0,0,0
19590531,78,521,25,0.0,0,0
19590531,78,532,24,0.0,0,0
19590531,78,556,22,0.0,0,0
19590531,78,514,20,0.0,0,0
19590531,78,519,19,0.0,0,0
19590531,78,553,49,0.0,0,0
19590531,78,552,45,0.0,0,0
19590531,78,376,42,0.0,0,0
19590531,78,551,40,0.0,0,0
19590531,78,484,39,0.0,0,0
19590531,78,550,36,0.0,0,0
19590531,78,507,35,0.0,0,0
19590531,78,478,21,0.0,0,0
19590531,78,477,34,0.0,0,0
19590531,78,418,8,4.0,0,0
19590531,78,289,18,0.0,0,0
19590531,78,555,12,2.0,0,0
19590705,79,554,57,0.0,0,0
19590705,79,480,2,14.0,1,0
19590705,79,427,8,4.0,0,0
19590705,79,569,51,0.0,0,0
19590705,79,463,47,0.0,0,0
19590705,79,437,41,0.0,0,0
19590705,79,364,38,0.0,0,0
19590705,79,568,28,0.0,0,0
19590705,79,483,13,3.0,0,0
19590705,79,567,36,0.0,0,0
19590705,79,430,25,0.0,0,0
19590705,79,404,11,3.0,0,0
19590705,79,526,66,0.0,0,0
19590705,79,537,65,0.0,0,0
19590705,79,518,64,0.0,0,0
19590705,79,566,63,0.0,0,0
19590705,79,565,62,0.0,0,0
19590705,79,564,61,0.0,0,0
19590705,79,563,60,0.0,0,0
19590705,79,523,59,0.0,0,0
19590705,79,517,58,0.0,0,0
19590705,79,512,56,0.0,0,0
19590705,79,562,54,0.0,0,0
19590705,79,529,52,0.0,0,0
19590705,79,561,49,0.0,0,0
19590705,79,538,48,0.0,0,0
19590705,79,560,45,0.0,0,0
19590705,79,559,43,0.0,0,0
19590705,79,528,42,0.0,0,0
19590705,79,536,35,0.0,0,0
19590705,79,558,34,0.0,0,0
19590705,79,557,33,0.0,0,0
19590705,79,539,32,0.0,0,0
19590705,79,515,31,0.0,0,0
19590705,79,521,30,0.0,0,0
19590705,79,532,29,0.0,0,0
19590705,79,556,27,0.0,0,0
19590705,79,514,24,0.0,0,0
19590705,79,519,22,0.0,0,0
19590705,79,534,19,0.0,0,0
19590705,79,511,15,2.0,0,0
19590705,79,513,7,5.0,0,0
19590705,79,449,5,8.0,1,0
19590705,79,553,55,0.0,0,0
19590705,79,353,53,0.0,0,0
19590705,79,552,50,0.0,0,0
19590705,79,376,46,0.0,0,0
19590705,79,551,44,0.0,0,0
19590705,79,484,23,0.0,0,0
19590705,79,550,40,0.0,0,0
19590705,79,507,39,0.0,0,0
19590705,79,478,26,0.0,0,0
19590705,79,477,37,0.0,0,0
19590718,80,553,63,0.0,0,0
19590718,80,554,66,0.0,0,0
19590718,80,449,7,8.0,1,0
19590718,80,457,18,0.0,0,0
19590718,80,476,4,8.5,0,0
19590718,80,542,19,0.0,0,0
19590718,80,502,12,3.0,0,0
19590718,80,347,6,8.0,1,0
19590718,80,555,16,2.0,0,0
19590718,80,289,21,0.0,0,0
19590718,80,418,11,4.0,0,0
19590718,80,441,78,0.0,0,0
19590718,80,401,76,0.0,0,0
19590718,80,572,73,0.0,0,0
19590718,80,387,71,0.0,0,0
19590718,80,571,70,0.0,0,0
19590718,80,466,68,0.0,0,0
19590718,80,541,64,0.0,0,0
19590718,80,485,61,0.0,0,0
19590718,80,543,57,0.0,0,0
19590718,80,479,53,0.0,0,0
19590718,80,487,46,0.0,0,0
19590718,80,570,34,0.0,0,0
19590718,80,482,33,0.0,0,0
19590718,80,506,30,0.0,0,0
19590718,80,569,58,0.0,0,0
19590718,80,463,52,0.0,0,0
19590718,80,437,45,0.0,0,0
19590718,80,364,43,0.0,0,0
19590718,80,568,29,0.0,0,0
19590718,80,483,15,3.0,0,0
19590718,80,567,41,0.0,0,0
19590718,80,430,26,0.0,0,0
19590718,80,404,13,3.0,0,0
19590718,80,526,81,0.0,0,0
19590718,80,537,80,0.0,0,0
19590718,80,518,79,0.0,0,0
19590718,80,566,77,0.0,0,0
19590718,80,565,75,0.0,0,0
19590718,80,564,74,0.0,0,0
19590718,80,563,72,0.0,0,0
19590718,80,523,69,0.0,0,0
19590718,80,517,67,0.0,0,0
19590718,80,512,65,0.0,0,0
19590718,80,562,62,0.0,0,0
19590718,80,529,59,0.0,0,0
19590718,80,561,55,0.0,0,0
19590718,80,538,54,0.0,0,0
19590718,80,560,50,0.0,0,0
19590718,80,559,48,0.0,0,0
19590718,80,528,47,0.0,0,0
19590718,80,536,40,0.0,0,0
19590718,80,558,39,0.0,0,0
19590718,80,539,37,0.0,0,0
19590718,80,356,1,27.0,2,0
19590718,80,480,2,14.0,1,0
19590718,80,521,32,0.0,0,0
19590718,80,532,31,0.0,0,0
19590718,80,556,28,0.0,0,0
19590718,80,514,24,0.0,0,0
19590718,80,519,22,0.0,0,0
19590718,80,534,20,0.0,0,0
19590718,80,511,17,2.0,0,0
19590718,80,530,14,3.0,0,0
19590718,80,513,10,5.0,0,0
19590718,80,510,8,6.0,0,0
19590802,81,441,78,0.0,0,0
19590802,81,401,76,0.0,0,0
19590802,81,572,73,0.0,0,0
19590802,81,387,71,0.0,0,0
19590802,81,571,70,0.0,0,0
19590802,81,466,68,0.0,0,0
19590802,81,541,64,0.0,0,0
19590802,81,485,61,0.0,0,0
19590802,81,543,57,0.0,0,0
19590802,81,479,43,0.0,0,0
19590802,81,487,47,0.0,0,0
19590802,81,570,36,0.0,0,0
19590802,81,482,35,0.0,0,0
19590802,81,506,32,0.0,0,0
19590802,81,503,27,0.0,0,0
19590802,81,569,58,0.0,0,0
19590802,81,463,53,0.0,0,0
19590802,81,437,21,0.0,0,0
19590802,81,364,9,6.0,0,0
19590802,81,568,31,0.0,0,0
19590823,82,556,31,0.0,0,0
19590802,81,403,3,13.0,0,0
19590802,81,356,1,27.0,2,0
19590802,81,483,16,3.0,0,0
19590802,81,567,44,0.0,0,0
19590802,81,430,28,0.0,0,0
19590802,81,404,14,3.0,0,0
19590802,81,526,81,0.0,0,0
19590802,81,537,80,0.0,0,0
19590802,81,518,79,0.0,0,0
19590802,81,566,77,0.0,0,0
19590802,81,565,75,0.0,0,0
19590802,81,564,74,0.0,0,0
19590802,81,563,72,0.0,0,0
19590802,81,523,69,0.0,0,0
19590802,81,517,67,0.0,0,0
19590802,81,512,65,0.0,0,0
19590802,81,562,62,0.0,0,0
19590802,81,529,59,0.0,0,0
19590802,81,561,55,0.0,0,0
19590802,81,538,54,0.0,0,0
19590802,81,560,51,0.0,0,0
19590802,81,559,49,0.0,0,0
19590802,81,528,48,0.0,0,0
19590802,81,536,42,0.0,0,0
19590802,81,558,41,0.0,0,0
19590802,81,557,40,0.0,0,0
19590802,81,539,39,0.0,0,0
19590802,81,515,37,0.0,0,0
19590802,81,521,34,0.0,0,0
19590802,81,532,33,0.0,0,0
19590802,81,556,30,0.0,0,0
19590802,81,514,26,0.0,0,0
19590802,81,519,24,0.0,0,0
19590802,81,534,22,0.0,0,0
19590802,81,511,18,2.0,0,0
19590802,81,530,15,3.0,0,0
19590802,81,513,11,5.0,0,0
19590802,81,510,10,6.0,0,0
19590802,81,449,8,8.0,1,0
19590802,81,554,66,0.0,0,0
19590802,81,553,63,0.0,0,0
19590802,81,353,60,0.0,0,0
19590802,81,552,56,0.0,0,0
19590802,81,376,52,0.0,0,0
19590802,81,551,50,0.0,0,0
19590802,81,484,25,0.0,0,0
19590823,82,503,28,0.0,0,0
19590823,82,506,33,0.0,0,0
19590823,82,482,37,0.0,0,0
19590823,82,570,38,0.0,0,0
19590823,82,487,48,0.0,0,0
19590823,82,568,32,0.0,0,0
19590823,82,514,27,0.0,0,0
19590823,82,534,22,0.0,0,0
19590823,82,418,7,10.0,0,0
19590823,82,477,46,0.0,0,0
19590823,82,478,30,0.0,0,0
19590823,82,507,47,0.0,0,0
19590823,82,550,40,0.0,0,0
19590823,82,484,26,0.0,0,0
19590823,82,432,34,0.0,0,0
19590823,82,441,79,0.0,0,0
19590823,82,401,77,0.0,0,0
19590823,82,572,74,0.0,0,0
19590823,82,387,72,0.0,0,0
19590823,82,571,71,0.0,0,0
19590823,82,466,69,0.0,0,0
19590823,82,541,65,0.0,0,0
19590823,82,485,62,0.0,0,0
19590823,82,543,58,0.0,0,0
19590823,82,479,45,0.0,0,0
19590823,82,569,59,0.0,0,0
19590823,82,463,54,0.0,0,0
19590823,82,437,21,0.0,0,0
19590823,82,364,8,10.0,0,0
19590823,82,483,16,3.0,0,0
19590823,82,567,25,0.0,0,0
19590823,82,430,29,0.0,0,0
19590823,82,404,14,3.0,0,0
19590823,82,526,82,0.0,0,0
19590823,82,537,81,0.0,0,0
19590823,82,518,80,0.0,0,0
19590823,82,566,78,0.0,0,0
19590823,82,565,76,0.0,0,0
19590823,82,564,75,0.0,0,0
19590823,82,563,73,0.0,0,0
19590823,82,523,70,0.0,0,0
19590823,82,517,68,0.0,0,0
19590823,82,512,66,0.0,0,0
19590823,82,562,63,0.0,0,0
19590823,82,529,60,0.0,0,0
19590823,82,561,56,0.0,0,0
19590823,82,538,55,0.0,0,0
19590823,82,560,52,0.0,0,0
19590823,82,559,50,0.0,0,0
19590823,82,528,49,0.0,0,0
19590823,82,536,44,0.0,0,0
19590823,82,558,43,0.0,0,0
19590823,82,557,42,0.0,0,0
19590823,82,539,41,0.0,0,0
19590823,82,515,39,0.0,0,0
19590823,82,521,36,0.0,0,0
19590823,82,532,35,0.0,0,0
19590823,82,519,24,0.0,0,0
19590823,82,511,18,2.0,0,0
19590823,82,530,15,3.0,0,0
19590823,82,513,12,5.0,0,0
19590823,82,510,11,6.0,0,0
19590823,82,449,10,8.0,1,0
19590823,82,554,67,0.0,0,0
19590823,82,553,64,0.0,0,0
19590823,82,353,61,0.0,0,0
19590823,82,552,57,0.0,0,0
19590823,82,376,53,0.0,0,0
19590823,82,551,51,0.0,0,0
19590823,82,289,23,0.0,0,0
19590913,83,512,67,0.0,0,0
19590913,83,418,8,10.0,0,0
19590913,83,477,48,0.0,0,0
19590913,83,478,17,2.0,0,0
19590913,83,507,49,0.0,0,0
19590913,83,550,41,0.0,0,0
19590913,83,484,27,0.0,0,0
19590913,83,551,53,0.0,0,0
19590913,83,376,55,0.0,0,0
19590913,83,552,58,0.0,0,0
19590913,83,353,62,0.0,0,0
19590913,83,553,65,0.0,0,0
19590913,83,554,68,0.0,0,0
19590913,83,449,10,8.0,1,0
19590913,83,510,11,6.0,0,0
19590913,83,513,12,5.0,0,0
19590913,83,530,16,3.0,0,0
19590913,83,511,19,2.0,0,0
19590913,83,534,23,0.0,0,0
19590913,83,519,25,0.0,0,0
19590913,83,514,28,0.0,0,0
19590913,83,556,31,0.0,0,0
19590913,83,532,35,0.0,0,0
19590913,83,521,37,0.0,0,0
19590913,83,544,45,0.0,0,0
19590913,83,441,80,0.0,0,0
19590913,83,401,78,0.0,0,0
19590913,83,572,75,0.0,0,0
19590913,83,387,73,0.0,0,0
19590913,83,571,72,0.0,0,0
19590913,83,466,70,0.0,0,0
19590913,83,541,66,0.0,0,0
19590913,83,485,63,0.0,0,0
19590913,83,543,59,0.0,0,0
19590913,83,479,47,0.0,0,0
19590913,83,487,50,0.0,0,0
19590913,83,570,39,0.0,0,0
19590913,83,482,38,0.0,0,0
19590913,83,506,33,0.0,0,0
19590913,83,503,29,0.0,0,0
19590913,83,569,60,0.0,0,0
19590913,83,463,36,0.0,0,0
19590913,83,437,22,0.0,0,0
19590913,83,364,5,13.0,0,0
19590913,83,568,32,0.0,0,0
19590913,83,483,14,3.0,0,0
19590913,83,567,26,0.0,0,0
19590913,83,430,30,0.0,0,0
19590913,83,404,15,3.0,0,0
19590913,83,526,83,0.0,0,0
19590913,83,537,82,0.0,0,0
19590913,83,518,81,0.0,0,0
19590913,83,566,79,0.0,0,0
19590913,83,564,76,0.0,0,0
19590913,83,563,74,0.0,0,0
19590913,83,517,69,0.0,0,0
19590913,83,562,64,0.0,0,0
19590913,83,529,61,0.0,0,0
19590913,83,561,57,0.0,0,0
19590913,83,538,56,0.0,0,0
19590913,83,560,54,0.0,0,0
19590913,83,559,52,0.0,0,0
19590913,83,528,51,0.0,0,0
19590913,83,536,46,0.0,0,0
19590913,83,558,44,0.0,0,0
19590913,83,557,43,0.0,0,0
19590913,83,515,40,0.0,0,0
19591212,84,577,57,0.0,0,1
19591212,84,576,56,0.0,0,1
19591212,84,575,51,0.0,0,1
19591212,84,574,50,0.0,0,1
19591212,84,573,26,0.0,0,1
19591212,84,544,47,0.0,0,1
19591212,84,432,36,0.0,0,1
19591212,84,441,85,0.0,0,1
19591212,84,401,83,0.0,0,1
19591212,84,572,80,0.0,0,1
19591212,84,387,78,0.0,0,1
19591212,84,571,77,0.0,0,1
19591212,84,466,75,0.0,0,1
19591212,84,457,20,0.0,0,1
19591212,84,476,3,25.5,2,1
19591212,84,542,21,0.0,0,1
19591212,84,502,13,5.0,0,1
19591212,84,347,8,10.0,1,1
19591212,84,555,18,2.0,0,1
19591212,84,289,25,0.0,0,1
19591212,84,418,9,10.0,0,1
19591212,84,477,23,0.0,0,1
19591212,84,478,17,2.0,0,1
19591212,84,507,52,0.0,0,1
19591212,84,550,43,0.0,0,1
19591212,84,541,71,0.0,0,1
19591212,84,485,68,0.0,0,1
19591212,84,543,64,0.0,0,1
19591212,84,479,49,0.0,0,1
19591212,84,487,53,0.0,0,1
19591212,84,570,41,0.0,0,1
19591212,84,482,40,0.0,0,1
19591212,84,506,35,0.0,0,1
19591212,84,503,30,0.0,0,1
19591212,84,569,65,0.0,0,1
19591212,84,463,38,0.0,0,1
19591212,84,437,22,0.0,0,1
19591212,84,364,7,13.0,0,1
19591212,84,568,34,0.0,0,1
19591212,84,483,15,3.0,0,1
19591212,84,567,28,0.0,0,1
19591212,84,430,32,0.0,0,1
19591212,84,404,14,5.0,0,1
19591212,84,526,88,0.0,0,1
19591212,84,537,87,0.0,0,1
19591212,84,518,86,0.0,0,1
19591212,84,566,84,0.0,0,1
19591212,84,565,82,0.0,0,1
19591212,84,564,81,0.0,0,1
19591212,84,563,79,0.0,0,1
19591212,84,523,76,0.0,0,1
19591212,84,517,74,0.0,0,1
19591212,84,512,72,0.0,0,1
19591212,84,562,69,0.0,0,1
19591212,84,529,66,0.0,0,1
19591212,84,561,62,0.0,0,1
19591212,84,538,61,0.0,0,1
19591212,84,560,59,0.0,0,1
19591212,84,559,55,0.0,0,1
19591212,84,528,54,0.0,0,1
19591212,84,536,48,0.0,0,1
19591212,84,558,46,0.0,0,1
19591212,84,557,45,0.0,0,1
19591212,84,539,44,0.0,0,1
19591212,84,515,42,0.0,0,1
19591212,84,521,39,0.0,0,1
19591212,84,532,37,0.0,0,1
19591212,84,556,33,0.0,0,1
19591212,84,514,31,0.0,0,1
19591212,84,519,27,0.0,0,1
19591212,84,534,24,0.0,0,1
19591212,84,511,19,2.0,0,1
19591212,84,530,16,3.0,0,1
19591212,84,513,12,5.0,0,1
19580119,65,582,10,0.0,0,0
19580119,65,548,9,0.0,0,0
19580119,65,581,8,0.0,0,0
19580119,65,497,7,0.0,0,0
19580119,65,502,6,0.0,0,0
19580119,65,555,5,2.0,0,0
19580119,65,580,4,4.0,0,0
19580119,65,579,3,4.0,0,0
19580119,65,578,2,6.0,0,0
19580119,65,476,1,8.0,1,0
19580518,66,590,32,0.0,0,0
19580518,66,589,31,0.0,0,0
19580518,66,588,30,0.0,0,0
19580518,66,587,29,0.0,0,0
19580518,66,544,28,0.0,0,0
19580518,66,554,27,0.0,0,0
19580518,66,552,26,0.0,0,0
19580518,66,586,25,0.0,0,0
19580518,66,585,24,0.0,0,0
19580518,66,584,23,0.0,0,0
19580518,66,583,22,0.0,0,0
19580518,66,542,21,0.0,0,0
19580518,66,591,20,0.0,0,0
19580518,66,480,19,0.0,0,0
19580518,66,484,18,0.0,0,0
19580518,66,457,17,0.0,0,0
19580518,66,289,16,0.0,0,0
19580518,66,347,15,0.0,0,0
19580518,66,477,14,0.0,0,0
19580518,66,478,10,0.0,0,0
19580518,66,356,7,3.0,0,0
19580518,66,427,3,8.0,1,0
19580518,66,582,5,4.0,0,0
19580518,66,548,13,0.0,0,0
19580518,66,581,12,0.0,0,0
19580518,66,497,11,0.0,0,0
19580518,66,502,8,2.0,0,0
19580518,66,555,9,2.0,0,0
19580518,66,580,6,4.0,0,0
19580518,66,579,4,5.0,0,0
19580518,66,578,1,12.0,0,0
19580518,66,476,2,8.0,1,0
19580526,67,418,22,0.0,0,0
19580526,67,430,16,0.0,0,0
19580526,67,590,34,0.0,0,0
19580526,67,589,33,0.0,0,0
19580526,67,588,32,0.0,0,0
19580526,67,587,31,0.0,0,0
19580526,67,544,30,0.0,0,0
19580526,67,554,29,0.0,0,0
19580526,67,552,28,0.0,0,0
19580526,67,586,27,0.0,0,0
19580526,67,585,26,0.0,0,0
19580526,67,584,25,0.0,0,0
19580526,67,583,24,0.0,0,0
19580526,67,542,23,0.0,0,0
19580526,67,591,20,0.0,0,0
19580526,67,480,21,0.0,0,0
19580526,67,484,19,0.0,0,0
19580526,67,457,10,3.0,0,0
19580526,67,289,18,0.0,0,0
19580526,67,347,15,0.0,0,0
19580526,67,477,17,0.0,0,0
19580526,67,478,11,0.0,0,0
19580526,67,356,9,3.0,0,0
19580526,67,427,3,8.0,1,0
19580526,67,582,7,4.0,0,0
19580526,67,548,14,0.0,0,0
19580526,67,581,13,0.0,0,0
19580526,67,497,12,0.0,0,0
19580526,67,502,4,8.0,0,0
19580526,67,555,6,6.0,0,0
19580526,67,580,8,4.0,0,0
19580526,67,579,5,7.0,0,0
19580526,67,578,2,12.0,0,0
19580526,67,476,1,17.0,2,0
19580530,68,600,67,0.0,0,0
19580530,68,537,66,0.0,0,0
19580530,68,599,65,0.0,0,0
19580530,68,511,64,0.0,0,0
19580530,68,598,61,0.0,0,0
19580530,68,597,60,0.0,0,0
19580530,68,538,58,0.0,0,0
19580530,68,515,57,0.0,0,0
19580530,68,563,56,0.0,0,0
19580530,68,564,54,0.0,0,0
19580530,68,513,52,0.0,0,0
19580530,68,528,50,0.0,0,0
19580530,68,596,48,0.0,0,0
19580530,68,449,46,0.0,0,0
19580530,68,524,44,0.0,0,0
19580530,68,556,42,0.0,0,0
19580530,68,566,40,0.0,0,0
19580530,68,532,37,0.0,0,0
19580530,68,540,36,0.0,0,0
19580530,68,517,34,0.0,0,0
19580530,68,595,29,0.0,0,0
19580530,68,594,28,0.0,0,0
19580530,68,559,27,0.0,0,0
19580530,68,561,25,0.0,0,0
19580530,68,514,23,0.0,0,0
19580530,68,565,21,0.0,0,0
19580530,68,529,18,0.0,0,0
19580530,68,593,17,0.0,0,0
19580530,68,510,15,2.0,0,0
19580530,68,530,11,4.0,0,0
19580530,68,534,10,4.0,0,0
19580530,68,592,7,6.0,0,0
19580530,68,526,4,8.0,1,0
19580530,68,418,38,0.0,0,0
19580530,68,430,26,0.0,0,0
19580530,68,590,63,0.0,0,0
19580530,68,589,62,0.0,0,0
19580530,68,588,59,0.0,0,0
19580530,68,587,55,0.0,0,0
19580530,68,544,53,0.0,0,0
19580530,68,554,51,0.0,0,0
19580530,68,552,49,0.0,0,0
19580530,68,586,47,0.0,0,0
19580530,68,585,45,0.0,0,0
19580530,68,584,43,0.0,0,0
19580530,68,583,41,0.0,0,0
19580530,68,542,39,0.0,0,0
19580530,68,591,33,0.0,0,0
19580530,68,480,35,0.0,0,0
19580530,68,484,32,0.0,0,0
19580530,68,457,14,3.0,0,0
19580530,68,289,31,0.0,0,0
19580530,68,347,24,0.0,0,0
19580530,68,477,30,0.0,0,0
19580530,68,478,16,0.0,0,0
19580530,68,356,13,3.0,0,0
19580530,68,427,3,8.0,1,0
19580530,68,582,9,4.0,0,0
19580530,68,548,22,0.0,0,0
19580530,68,581,20,0.0,0,0
19580530,68,497,19,0.0,0,0
19580530,68,502,5,8.0,0,0
19580530,68,555,8,6.0,0,0
19580530,68,580,12,4.0,0,0
19580530,68,579,6,7.0,0,0
19580530,68,578,2,12.0,0,0
19580530,68,476,1,17.0,2,0
19580615,69,456,43,0.0,0,0
19580615,69,483,19,0.0,0,0
19580615,69,600,69,0.0,0,0
19580615,69,537,68,0.0,0,0
19580615,69,599,67,0.0,0,0
19580615,69,511,66,0.0,0,0
19580615,69,598,63,0.0,0,0
19580615,69,597,62,0.0,0,0
19580615,69,538,60,0.0,0,0
19580615,69,515,59,0.0,0,0
19580615,69,563,58,0.0,0,0
19580615,69,564,56,0.0,0,0
19580615,69,513,54,0.0,0,0
19580615,69,528,52,0.0,0,0
19580615,69,596,51,0.0,0,0
19580615,69,449,49,0.0,0,0
19580615,69,524,47,0.0,0,0
19580615,69,556,45,0.0,0,0
19580615,69,566,42,0.0,0,0
19580615,69,532,40,0.0,0,0
19580615,69,540,38,0.0,0,0
19580615,69,517,37,0.0,0,0
19580615,69,595,33,0.0,0,0
19580615,69,594,32,0.0,0,0
19580615,69,559,31,0.0,0,0
19580615,69,561,29,0.0,0,0
19580615,69,514,27,0.0,0,0
19580615,69,565,24,0.0,0,0
19580615,69,529,21,0.0,0,0
19580615,69,593,20,0.0,0,0
19580615,69,510,18,2.0,0,0
19580615,69,530,13,4.0,0,0
19580615,69,534,12,4.0,0,0
19580615,69,592,8,6.0,0,0
19580615,69,526,7,8.0,1,0
19580615,69,418,39,0.0,0,0
19580615,69,430,30,0.0,0,0
19580615,69,590,65,0.0,0,0
19580615,69,589,64,0.0,0,0
19580615,69,588,61,0.0,0,0
19580615,69,587,57,0.0,0,0
19580615,69,544,55,0.0,0,0
19580615,69,554,53,0.0,0,0
19580615,69,552,28,0.0,0,0
19580615,69,586,50,0.0,0,0
19580615,69,585,48,0.0,0,0
19580615,69,584,46,0.0,0,0
19580615,69,583,44,0.0,0,0
19580615,69,542,41,0.0,0,0
19580615,69,591,11,4.0,0,0
19580615,69,480,6,8.0,1,0
19580615,69,484,36,0.0,0,0
19580615,69,457,16,3.0,0,0
19580615,69,289,35,0.0,0,0
19580615,69,347,25,0.0,0,0
19580615,69,477,34,0.0,0,0
19580615,69,478,15,3.0,0,0
19580615,69,356,17,3.0,0,0
19580615,69,427,5,8.0,1,0
19580615,69,582,10,4.0,0,0
19580615,69,548,26,0.0,0,0
19580615,69,581,23,0.0,0,0
19580615,69,497,22,0.0,0,0
19580615,69,502,4,10.0,0,0
19580615,69,555,9,6.0,0,0
19580615,69,580,14,4.0,0,0
19580615,69,579,2,14.0,0,0
19580615,69,578,3,12.0,0,0
19580615,69,476,1,17.0,2,0
19580706,70,567,51,0.0,0,0
19580706,70,527,33,0.0,0,0
19580706,70,403,23,0.0,0,0
19580706,70,456,46,0.0,0,0
19580706,70,483,20,0.0,0,0
19580706,70,600,72,0.0,0,0
19580706,70,537,71,0.0,0,0
19580706,70,599,70,0.0,0,0
19580706,70,511,69,0.0,0,0
19580706,70,598,66,0.0,0,0
19580706,70,597,65,0.0,0,0
19580706,70,538,63,0.0,0,0
19580706,70,515,62,0.0,0,0
19580706,70,563,61,0.0,0,0
19580706,70,564,59,0.0,0,0
19580706,70,513,57,0.0,0,0
19580706,70,528,55,0.0,0,0
19580706,70,596,54,0.0,0,0
19580706,70,449,52,0.0,0,0
19580706,70,524,49,0.0,0,0
19580706,70,556,48,0.0,0,0
19580706,70,566,45,0.0,0,0
19580706,70,532,43,0.0,0,0
19580706,70,540,41,0.0,0,0
19580706,70,517,40,0.0,0,0
19580706,70,595,37,0.0,0,0
19580706,70,594,36,0.0,0,0
19580706,70,559,35,0.0,0,0
19580706,70,561,32,0.0,0,0
19580706,70,514,30,0.0,0,0
19580706,70,565,27,0.0,0,0
19580706,70,529,22,0.0,0,0
19580706,70,593,21,0.0,0,0
19580706,70,510,19,2.0,0,0
19580706,70,530,15,4.0,0,0
19580706,70,534,14,4.0,0,0
19580706,70,592,9,6.0,0,0
19580706,70,526,7,8.0,1,0
19580706,70,418,42,0.0,0,0
19580706,70,430,34,0.0,0,0
19580706,70,590,68,0.0,0,0
19580706,70,589,67,0.0,0,0
19580706,70,588,64,0.0,0,0
19580706,70,587,60,0.0,0,0
19580706,70,544,58,0.0,0,0
19580706,70,554,56,0.0,0,0
19580706,70,552,31,0.0,0,0
19580706,70,586,53,0.0,0,0
19580706,70,585,50,0.0,0,0
19580706,70,584,29,0.0,0,0
19580706,70,583,47,0.0,0,0
19580706,70,542,44,0.0,0,0
19580706,70,591,13,4.0,0,0
19580706,70,480,6,8.0,1,0
19580706,70,484,39,0.0,0,0
19580706,70,457,18,3.0,0,0
19580706,70,289,38,0.0,0,0
19580706,70,347,25,0.0,0,0
19580706,70,477,12,4.0,0,0
19580706,70,478,16,3.0,0,0
19580706,70,356,17,3.0,0,0
19580706,70,427,5,8.0,1,0
19580706,70,582,10,6.0,0,0
19580706,70,548,28,0.0,0,0
19580706,70,581,26,0.0,0,0
19580706,70,497,24,0.0,0,0
19580706,70,502,4,10.0,0,0
19580706,70,555,11,6.0,0,0
19580706,70,580,8,7.0,0,0
19580706,70,579,2,23.0,1,0
19580706,70,578,3,12.0,0,0
19580706,70,476,1,23.0,2,0
19580719,71,487,54,0.0,0,0
19580719,71,503,52,0.0,0,0
19580719,71,550,47,0.0,0,0
19580719,71,437,41,0.0,0,0
19580719,71,567,30,0.0,0,0
19580719,71,527,34,0.0,0,0
19580719,71,403,23,0.0,0,0
19580719,71,456,49,0.0,0,0
19580719,71,483,20,0.0,0,0
19580719,71,600,76,0.0,0,0
19580719,71,537,75,0.0,0,0
19580719,71,599,74,0.0,0,0
19580719,71,511,73,0.0,0,0
19580719,71,598,70,0.0,0,0
19580719,71,597,69,0.0,0,0
19580719,71,538,67,0.0,0,0
19580719,71,515,66,0.0,0,0
19580719,71,563,65,0.0,0,0
19580719,71,564,63,0.0,0,0
19580719,71,513,61,0.0,0,0
19580719,71,528,59,0.0,0,0
19580719,71,596,58,0.0,0,0
19580719,71,449,56,0.0,0,0
19580719,71,524,53,0.0,0,0
19580719,71,556,51,0.0,0,0
19580719,71,566,48,0.0,0,0
19580719,71,532,45,0.0,0,0
19580719,71,540,43,0.0,0,0
19580719,71,517,42,0.0,0,0
19580719,71,595,38,0.0,0,0
19580719,71,594,37,0.0,0,0
19580719,71,559,36,0.0,0,0
19580719,71,561,33,0.0,0,0
19580719,71,514,31,0.0,0,0
19580719,71,565,27,0.0,0,0
19580719,71,529,22,0.0,0,0
19580719,71,593,21,0.0,0,0
19580719,71,510,19,2.0,0,0
19580719,71,530,16,4.0,0,0
19580719,71,534,15,4.0,0,0
19580719,71,592,12,6.0,0,0
19580719,71,526,8,8.0,1,0
19580719,71,418,44,0.0,0,0
19580719,71,430,35,0.0,0,0
19580719,71,590,72,0.0,0,0
19580719,71,589,71,0.0,0,0
19580719,71,588,68,0.0,0,0
19580719,71,587,64,0.0,0,0
19580719,71,544,62,0.0,0,0
19580719,71,554,60,0.0,0,0
19580719,71,552,32,0.0,0,0
19580719,71,586,57,0.0,0,0
19580719,71,585,55,0.0,0,0
19580719,71,584,28,0.0,0,0
19580719,71,583,50,0.0,0,0
19580719,71,542,46,0.0,0,0
19580719,71,591,10,7.0,0,0
19580719,71,480,7,8.0,1,0
19580719,71,484,40,0.0,0,0
19580719,71,457,9,7.0,0,0
19580719,71,289,39,0.0,0,0
19580719,71,347,25,0.0,0,0
19580719,71,477,14,4.0,0,0
19580719,71,478,18,3.0,0,0
19580719,71,356,17,3.0,0,0
19580719,71,427,6,8.0,1,0
19580719,71,582,3,14.0,1,0
19580719,71,548,29,0.0,0,0
19580719,71,581,26,0.0,0,0
19580719,71,497,24,0.0,0,0
19580719,71,502,5,12.0,0,0
19580719,71,555,13,6.0,0,0
19580719,71,580,11,7.0,0,0
19580719,71,579,1,30.0,1,0
19580719,71,578,4,12.0,0,0
19580719,71,476,2,23.0,2,0
19580803,72,485,66,0.0,0,0
19580803,72,602,64,0.0,0,0
19580803,72,479,59,0.0,0,0
19580803,72,601,51,0.0,0,0
19580803,72,460,31,0.0,0,0
19580803,72,431,21,0.0,0,0
19580803,72,360,20,0.0,0,0
19580803,72,487,58,0.0,0,0
19580803,72,503,56,0.0,0,0
19580803,72,550,39,0.0,0,0
19580803,72,437,25,0.0,0,0
19580803,72,567,34,0.0,0,0
19580803,72,527,37,0.0,0,0
19580803,72,403,24,0.0,0,0
19580803,72,456,46,0.0,0,0
19580803,72,483,22,0.0,0,0
19580803,72,600,83,0.0,0,0
19580803,72,537,82,0.0,0,0
19580803,72,599,81,0.0,0,0
19580803,72,511,80,0.0,0,0
19580803,72,598,77,0.0,0,0
19580803,72,597,76,0.0,0,0
19580803,72,538,74,0.0,0,0
19580803,72,515,73,0.0,0,0
19580803,72,563,72,0.0,0,0
19580803,72,564,70,0.0,0,0
19580803,72,513,68,0.0,0,0
19580803,72,528,65,0.0,0,0
19580803,72,596,63,0.0,0,0
19580803,72,449,61,0.0,0,0
19580803,72,524,57,0.0,0,0
19580803,72,556,55,0.0,0,0
19580803,72,566,53,0.0,0,0
19580803,72,532,50,0.0,0,0
19580803,72,540,48,0.0,0,0
19580803,72,517,47,0.0,0,0
19580803,72,595,43,0.0,0,0
19580803,72,594,42,0.0,0,0
19580803,72,559,41,0.0,0,0
19580803,72,561,38,0.0,0,0
19580803,72,514,35,0.0,0,0
19580803,72,565,30,0.0,0,0
19580803,72,529,26,0.0,0,0
19580803,72,593,23,0.0,0,0
19580803,72,510,19,2.0,0,0
19580803,72,530,16,4.0,0,0
19580803,72,534,15,4.0,0,0
19580803,72,592,13,6.0,0,0
19580803,72,526,9,8.0,1,0
19580803,72,418,49,0.0,0,0
19580803,72,430,40,0.0,0,0
19580803,72,590,79,0.0,0,0
19580803,72,589,78,0.0,0,0
19580803,72,588,75,0.0,0,0
19580803,72,587,71,0.0,0,0
19580803,72,544,69,0.0,0,0
19580803,72,554,67,0.0,0,0
19580803,72,552,36,0.0,0,0
19580803,72,586,62,0.0,0,0
19580803,72,585,60,0.0,0,0
19580803,72,584,32,0.0,0,0
19580803,72,583,54,0.0,0,0
19580803,72,542,52,0.0,0,0
19580803,72,591,11,7.0,0,0
19580803,72,480,3,16.0,2,0
19580803,72,484,45,0.0,0,0
19580803,72,457,5,13.0,0,0
19580803,72,289,44,0.0,0,0
19580803,72,347,28,0.0,0,0
19580803,72,477,10,7.0,0,0
19580803,72,478,18,3.0,0,0
19580803,72,356,17,3.0,0,0
19580803,72,427,6,12.0,1,0
19580803,72,582,4,14.0,1,0
19580803,72,548,33,0.0,0,0
19580803,72,581,29,0.0,0,0
19580803,72,497,27,0.0,0,0
19580803,72,502,8,12.0,0,0
19580803,72,555,14,6.0,0,0
19580803,72,580,12,7.0,0,0
19580803,72,579,1,30.0,1,0
19580803,72,578,7,12.0,0,0
19580803,72,476,2,24.0,2,0
19580824,73,485,66,0.0,0,0
19580824,73,602,64,0.0,0,0
19580824,73,479,59,0.0,0,0
19580824,73,601,51,0.0,0,0
19580824,73,460,31,0.0,0,0
19580824,73,431,21,0.0,0,0
19580824,73,360,20,0.0,0,0
19580824,73,487,58,0.0,0,0
19580824,73,503,56,0.0,0,0
19580824,73,550,39,0.0,0,0
19580824,73,437,25,0.0,0,0
19580824,73,567,32,0.0,0,0
19580824,73,527,37,0.0,0,0
19580824,73,403,24,0.0,0,0
19580824,73,456,46,0.0,0,0
19580824,73,483,22,0.0,0,0
19580824,73,600,83,0.0,0,0
19580824,73,537,82,0.0,0,0
19580824,73,599,81,0.0,0,0
19580824,73,511,80,0.0,0,0
19580824,73,598,77,0.0,0,0
19580824,73,597,76,0.0,0,0
19580824,73,538,74,0.0,0,0
19580824,73,515,73,0.0,0,0
19580824,73,563,72,0.0,0,0
19580824,73,564,70,0.0,0,0
19580824,73,513,68,0.0,0,0
19580824,73,528,65,0.0,0,0
19580824,73,596,63,0.0,0,0
19580824,73,449,61,0.0,0,0
19580824,73,524,57,0.0,0,0
19580824,73,556,55,0.0,0,0
19580824,73,566,53,0.0,0,0
19580824,73,532,50,0.0,0,0
19580824,73,540,48,0.0,0,0
19580824,73,517,47,0.0,0,0
19580824,73,595,43,0.0,0,0
19580824,73,594,42,0.0,0,0
19580824,73,559,41,0.0,0,0
19580824,73,561,38,0.0,0,0
19580824,73,514,35,0.0,0,0
19580824,73,565,30,0.0,0,0
19580824,73,529,26,0.0,0,0
19580824,73,593,23,0.0,0,0
19580824,73,510,19,2.0,0,0
19580824,73,530,16,4.0,0,0
19580824,73,534,15,4.0,0,0
19580824,73,592,14,6.0,0,0
19580824,73,526,12,8.0,1,0
19580824,73,418,49,0.0,0,0
19580824,73,430,40,0.0,0,0
19580824,73,590,79,0.0,0,0
19580824,73,589,78,0.0,0,0
19580824,73,588,75,0.0,0,0
19580824,73,587,71,0.0,0,0
19580824,73,544,69,0.0,0,0
19580824,73,554,67,0.0,0,0
19580824,73,552,36,0.0,0,0
19580824,73,586,62,0.0,0,0
19580824,73,585,60,0.0,0,0
19580824,73,584,33,0.0,0,0
19580824,73,583,54,0.0,0,0
19580824,73,542,52,0.0,0,0
19580824,73,591,9,11.0,0,0
19580824,73,480,3,16.0,2,0
19580824,73,484,45,0.0,0,0
19580824,73,457,5,13.0,0,0
19580824,73,289,44,0.0,0,0
19580824,73,347,28,0.0,0,0
19580824,73,477,10,9.0,0,0
19580824,73,478,18,3.0,0,0
19580824,73,356,17,3.0,0,0
19580824,73,427,6,12.0,1,0
19580824,73,582,4,14.0,1,0
19580824,73,548,34,0.0,0,0
19580824,73,581,29,0.0,0,0
19580824,73,497,27,0.0,0,0
19580824,73,502,8,12.0,0,0
19580824,73,555,11,9.0,0,0
19580824,73,580,13,7.0,0,0
19580824,73,579,1,36.0,1,0
19580824,73,578,7,12.0,0,0
19580824,73,476,2,32.0,3,0
19580907,74,485,67,0.0,0,0
19580907,74,602,65,0.0,0,0
19580907,74,479,47,0.0,0,0
19580907,74,601,53,0.0,0,0
19580907,74,460,34,0.0,0,0
19580907,74,431,26,0.0,0,0
19580907,74,360,23,0.0,0,0
19580907,74,487,60,0.0,0,0
19580907,74,503,58,0.0,0,0
19580907,74,550,41,0.0,0,0
19580907,74,437,28,0.0,0,0
19580907,74,567,21,0.0,0,0
19580907,74,527,39,0.0,0,0
19580907,74,403,15,5.0,0,0
19580907,74,456,49,0.0,0,0
19580907,74,483,25,0.0,0,0
19580907,74,600,83,0.0,0,0
19580907,74,537,82,0.0,0,0
19580907,74,599,81,0.0,0,0
19580907,74,511,80,0.0,0,0
19580907,74,598,77,0.0,0,0
19580907,74,597,76,0.0,0,0
19580907,74,538,74,0.0,0,0
19580907,74,515,73,0.0,0,0
19580907,74,563,72,0.0,0,0
19580907,74,564,70,0.0,0,0
19580907,74,513,69,0.0,0,0
19580907,74,528,66,0.0,0,0
19580907,74,596,64,0.0,0,0
19580907,74,449,62,0.0,0,0
19580907,74,524,59,0.0,0,0
19580907,74,556,57,0.0,0,0
19580907,74,566,55,0.0,0,0
19580907,74,532,52,0.0,0,0
19580907,74,540,51,0.0,0,0
19580907,74,517,50,0.0,0,0
19580907,74,595,45,0.0,0,0
19580907,74,594,44,0.0,0,0
19580907,74,559,43,0.0,0,0
19580907,74,561,40,0.0,0,0
19580907,74,514,37,0.0,0,0
19580907,74,565,33,0.0,0,0
19580907,74,529,29,0.0,0,0
19580907,74,593,27,0.0,0,0
19580907,74,510,20,2.0,0,0
19580907,74,530,17,4.0,0,0
19580907,74,534,16,4.0,0,0
19580907,74,592,14,6.0,0,0
19580907,74,526,12,8.0,1,0
19580907,74,418,22,0.0,0,0
19580907,74,430,42,0.0,0,0
19580907,74,590,79,0.0,0,0
19580907,74,589,78,0.0,0,0
19580907,74,588,75,0.0,0,0
19580907,74,587,71,0.0,0,0
19580907,74,544,46,0.0,0,0
19580907,74,554,68,0.0,0,0
19580907,74,552,38,0.0,0,0
19580907,74,586,63,0.0,0,0
19580907,74,585,61,0.0,0,0
19580907,74,584,35,0.0,0,0
19580907,74,583,56,0.0,0,0
19580907,74,542,54,0.0,0,0
19580907,74,591,9,11.0,0,0
19580907,74,480,3,24.0,3,0
19580907,74,484,48,0.0,0,0
19580907,74,457,4,15.0,0,0
19580907,74,289,24,0.0,0,0
19580907,74,347,31,0.0,0,0
19580907,74,477,10,9.0,0,0
19580907,74,478,19,3.0,0,0
19580907,74,356,18,3.0,0,0
19580907,74,427,6,12.0,1,0
19580907,74,582,5,14.0,1,0
19580907,74,548,36,0.0,0,0
19580907,74,581,32,0.0,0,0
19580907,74,497,30,0.0,0,0
19580907,74,502,8,12.0,0,0
19580907,74,555,11,9.0,0,0
19580907,74,580,13,7.0,0,0
19580907,74,579,1,40.0,1,0
19580907,74,578,7,12.0,0,0
19580907,74,476,2,32.0,3,0
19581019,75,606,63,0.0,0,1
19581019,75,605,60,0.0,0,1
19581019,75,604,49,0.0,0,1
19581019,75,603,48,0.0,0,1
19581019,75,485,71,0.0,0,1
19581019,75,602,69,0.0,0,1
19581019,75,479,37,0.0,0,1
19581019,75,601,56,0.0,0,1
19581019,75,460,35,0.0,0,1
19581019,75,431,27,0.0,0,1
19581019,75,360,24,0.0,0,1
19581019,75,487,33,0.0,0,1
19581019,75,503,62,0.0,0,1
19581019,75,550,43,0.0,0,1
19581019,75,437,29,0.0,0,1
19581019,75,567,23,0.0,0,1
19581019,75,527,41,0.0,0,1
19581019,75,403,10,9.0,0,1
19581019,75,456,52,0.0,0,1
19581019,75,483,26,0.0,0,1
19581019,75,600,87,0.0,0,1
19581019,75,537,86,0.0,0,1
19581019,75,599,85,0.0,0,1
19581019,75,511,84,0.0,0,1
19581019,75,598,81,0.0,0,1
19581019,75,597,80,0.0,0,1
19581019,75,538,78,0.0,0,1
19581019,75,515,77,0.0,0,1
19581019,75,563,76,0.0,0,1
19581019,75,564,74,0.0,0,1
19581019,75,513,73,0.0,0,1
19581019,75,528,70,0.0,0,1
19581019,75,596,68,0.0,0,1
19581019,75,449,66,0.0,0,1
19581019,75,524,64,0.0,0,1
19581019,75,556,61,0.0,0,1
19581019,75,566,58,0.0,0,1
19581019,75,532,55,0.0,0,1
19581019,75,540,54,0.0,0,1
19581019,75,517,53,0.0,0,1
19581019,75,595,47,0.0,0,1
19581019,75,594,46,0.0,0,1
19581019,75,559,45,0.0,0,1
19581019,75,561,42,0.0,0,1
19581019,75,514,39,0.0,0,1
19581019,75,565,34,0.0,0,1
19581019,75,529,30,0.0,0,1
19581019,75,593,28,0.0,0,1
19581019,75,510,21,2.0,0,1
19581019,75,530,17,4.0,0,1
19581019,75,534,16,4.0,0,1
19581019,75,592,15,6.0,0,1
19581019,75,526,13,8.0,1,1
19581019,75,418,22,0.0,0,1
19581019,75,430,44,0.0,0,1
19581019,75,590,83,0.0,0,1
19581019,75,589,82,0.0,0,1
19581019,75,588,79,0.0,0,1
19581019,75,587,75,0.0,0,1
19581019,75,544,50,0.0,0,1
19581019,75,554,72,0.0,0,1
19581019,75,552,40,0.0,0,1
19581019,75,586,67,0.0,0,1
19581019,75,585,65,0.0,0,1
19581019,75,584,36,0.0,0,1
19581019,75,583,59,0.0,0,1
19581019,75,542,57,0.0,0,1
19581019,75,591,9,11.0,0,1
19581019,75,480,3,24.0,3,1
19581019,75,484,51,0.0,0,1
19581019,75,457,4,15.0,0,1
19581019,75,289,25,0.0,0,1
19581019,75,347,20,3.0,0,1
19581019,75,477,11,9.0,0,1
19581019,75,478,19,3.0,0,1
19581019,75,356,18,3.0,0,1
19581019,75,427,7,12.0,1,1
19581019,75,582,5,14.0,1,1
19581019,75,548,38,0.0,0,1
19581019,75,581,32,0.0,0,1
19581019,75,497,31,0.0,0,1
19581019,75,502,6,14.0,0,1
19581019,75,555,12,9.0,0,1
19581019,75,580,14,7.0,0,1
19581019,75,579,1,42.0,1,1
19581019,75,578,8,12.0,0,1
19581019,75,476,2,41.0,4,1
19570113,57,477,10,0.0,0,0
19570113,57,499,6,1.0,0,0
19570113,57,582,8,0.0,0,0
19570113,57,578,16,0.0,0,0
19570113,57,579,15,0.0,0,0
19570113,57,609,14,0.0,0,0
19570113,57,587,13,0.0,0,0
19570113,57,574,12,0.0,0,0
19570113,57,476,7,1.0,0,0
19570113,57,347,11,0.0,0,0
19570113,57,608,9,0.0,0,0
19570113,57,607,5,1.0,0,0
19570113,57,502,4,3.0,0,0
19570113,57,497,3,4.0,0,0
19570113,57,555,2,6.0,0,0
19570113,57,580,1,8.0,1,0
19570519,58,499,10,1.0,0,0
19570519,58,611,29,0.0,0,0
19570519,58,610,28,0.0,0,0
19570519,58,479,27,0.0,0,0
19570519,58,457,26,0.0,0,0
19570519,58,548,24,0.0,0,0
19570519,58,550,22,0.0,0,0
19570519,58,542,21,0.0,0,0
19570519,58,484,20,0.0,0,0
19570519,58,477,12,0.0,0,0
19570519,58,356,14,0.0,0,0
19570519,58,427,8,2.0,0,0
19570519,58,591,7,3.0,0,0
19570519,58,418,5,4.0,0,0
19570519,58,480,3,6.0,0,0
19570519,58,582,13,0.0,0,0
19570519,58,578,25,0.0,0,0
19570519,58,579,19,0.0,0,0
19570519,58,609,23,0.0,0,0
19570519,58,587,18,0.0,0,0
19570519,58,574,17,0.0,0,0
19570519,58,476,11,1.0,0,0
19570519,58,347,16,0.0,0,0
19570519,58,608,15,0.0,0,0
19570519,58,607,9,1.0,0,0
19570519,58,502,6,3.0,0,0
19570519,58,497,4,4.0,0,0
19570519,58,555,2,6.0,0,0
19570519,58,580,1,17.0,2,0
19570530,59,617,62,0.0,0,0
19570530,59,533,61,0.0,0,0
19570530,59,527,60,0.0,0,0
19570530,59,449,59,0.0,0,0
19570530,59,597,58,0.0,0,0
19570530,59,557,57,0.0,0,0
19570530,59,559,56,0.0,0,0
19570530,59,561,55,0.0,0,0
19570530,59,514,54,0.0,0,0
19570530,59,566,53,0.0,0,0
19570530,59,528,52,0.0,0,0
19570530,59,616,51,0.0,0,0
19570530,59,539,49,0.0,0,0
19570530,59,595,48,0.0,0,0
19570530,59,615,46,0.0,0,0
19570530,59,593,45,0.0,0,0
19570530,59,529,35,0.0,0,0
19570530,59,594,34,0.0,0,0
19570530,59,530,33,0.0,0,0
19570530,59,564,32,0.0,0,0
19570530,59,517,31,0.0,0,0
19570530,59,513,30,0.0,0,0
19570530,59,563,29,0.0,0,0
19570530,59,521,28,0.0,0,0
19570530,59,515,26,0.0,0,0
19570530,59,598,24,0.0,0,0
19570530,59,614,23,0.0,0,0
19570530,59,534,19,0.0,0,0
19570530,59,613,12,2.0,0,0
19570530,59,556,11,3.0,0,0
19570530,59,526,7,4.0,0,0
19570530,59,510,3,7.0,0,0
19570530,59,612,2,8.0,1,0
19570530,59,611,50,0.0,0,0
19570530,59,610,47,0.0,0,0
19570530,59,479,44,0.0,0,0
19570530,59,457,43,0.0,0,0
19570530,59,548,41,0.0,0,0
19570530,59,550,39,0.0,0,0
19570530,59,542,38,0.0,0,0
19570530,59,484,37,0.0,0,0
19570530,59,477,17,0.0,0,0
19570530,59,356,20,0.0,0,0
19570530,59,427,13,2.0,0,0
19570530,59,591,10,3.0,0,0
19570530,59,418,8,4.0,0,0
19570530,59,480,5,6.0,0,0
19570530,59,582,18,0.0,0,0
19570530,59,578,42,0.0,0,0
19570530,59,579,36,0.0,0,0
19570530,59,609,40,0.0,0,0
19570530,59,587,27,0.0,0,0
19570530,59,574,25,0.0,0,0
19570530,59,476,16,1.0,0,0
19570530,59,347,22,0.0,0,0
19570530,59,608,21,0.0,0,0
19570530,59,607,14,1.0,0,0
19570530,59,502,9,3.0,0,0
19570530,59,497,6,4.0,0,0
19570530,59,555,4,6.0,0,0
19570530,59,580,1,17.0,2,0
19570707,60,499,18,1.0,0,0
19570707,60,619,44,0.0,0,0
19570707,60,618,25,0.0,0,0
19570707,60,617,64,0.0,0,0
19570707,60,533,63,0.0,0,0
19570707,60,527,62,0.0,0,0
19570707,60,449,61,0.0,0,0
19570707,60,597,60,0.0,0,0
19570707,60,557,59,0.0,0,0
19570707,60,559,58,0.0,0,0
19570707,60,561,57,0.0,0,0
19570707,60,514,56,0.0,0,0
19570707,60,566,55,0.0,0,0
19570707,60,528,54,0.0,0,0
19570707,60,616,53,0.0,0,0
19570707,60,539,51,0.0,0,0
19570707,60,595,50,0.0,0,0
19570707,60,615,48,0.0,0,0
19570707,60,593,47,0.0,0,0
19570707,60,529,38,0.0,0,0
19570707,60,594,37,0.0,0,0
19570707,60,530,36,0.0,0,0
19570707,60,564,35,0.0,0,0
19570707,60,517,34,0.0,0,0
19570707,60,513,33,0.0,0,0
19570707,60,563,32,0.0,0,0
19570707,60,521,31,0.0,0,0
19570707,60,515,29,0.0,0,0
19570707,60,598,27,0.0,0,0
19570707,60,614,26,0.0,0,0
19570707,60,534,22,0.0,0,0
19570707,60,613,16,2.0,0,0
19570707,60,556,14,3.0,0,0
19570707,60,526,10,4.0,0,0
19570707,60,510,4,7.0,0,0
19570707,60,612,2,8.0,1,0
19570707,60,611,52,0.0,0,0
19570707,60,610,49,0.0,0,0
19570707,60,479,46,0.0,0,0
19570707,60,457,41,0.0,0,0
19570707,60,548,45,0.0,0,0
19570707,60,550,42,0.0,0,0
19570707,60,542,40,0.0,0,0
19570707,60,484,39,0.0,0,0
19570707,60,477,21,0.0,0,0
19570707,60,356,20,0.0,0,0
19570707,60,427,15,2.0,0,0
19570707,60,591,13,3.0,0,0
19570707,60,418,11,4.0,0,0
19570707,60,480,6,6.0,0,0
19570707,60,582,8,4.0,0,0
19570707,60,578,3,7.0,0,0
19570707,60,579,12,3.0,0,0
19570707,60,609,43,0.0,0,0
19570707,60,587,30,0.0,0,0
19570707,60,574,28,0.0,0,0
19570707,60,476,19,1.0,0,0
19570707,60,347,24,0.0,0,0
19570707,60,608,23,0.0,0,0
19570707,60,607,17,1.0,0,0
19570707,60,502,7,5.0,0,0
19570707,60,497,9,4.0,0,0
19570707,60,555,5,6.0,0,0
19570707,60,580,1,25.0,3,0
19570720,61,499,20,1.0,0,0
19570720,61,487,47,0.0,0,0
19570720,61,620,24,0.0,0,0
19570720,61,619,45,0.0,0,0
19570720,61,618,27,0.0,0,0
19570720,61,617,66,0.0,0,0
19570720,61,533,65,0.0,0,0
19570720,61,527,64,0.0,0,0
19570720,61,449,63,0.0,0,0
19570720,61,597,62,0.0,0,0
19570720,61,557,61,0.0,0,0
19570720,61,559,60,0.0,0,0
19570720,61,561,59,0.0,0,0
19570720,61,514,58,0.0,0,0
19570720,61,566,57,0.0,0,0
19570720,61,528,56,0.0,0,0
19570720,61,616,55,0.0,0,0
19570720,61,539,54,0.0,0,0
19570720,61,595,53,0.0,0,0
19570720,61,615,51,0.0,0,0
19570720,61,593,50,0.0,0,0
19570720,61,529,41,0.0,0,0
19570720,61,594,40,0.0,0,0
19570720,61,530,39,0.0,0,0
19570720,61,564,38,0.0,0,0
19570720,61,517,37,0.0,0,0
19570720,61,513,36,0.0,0,0
19570720,61,563,35,0.0,0,0
19570720,61,521,34,0.0,0,0
19570720,61,515,32,0.0,0,0
19570720,61,598,30,0.0,0,0
19570720,61,614,28,0.0,0,0
19570720,61,534,23,0.0,0,0
19570720,61,613,18,2.0,0,0
19570720,61,556,16,3.0,0,0
19570720,61,526,13,4.0,0,0
19570720,61,510,5,7.0,0,0
19570720,61,612,4,8.0,1,0
19570720,61,611,48,0.0,0,0
19570720,61,610,52,0.0,0,0
19570720,61,479,49,0.0,0,0
19570720,61,457,17,2.0,0,0
19570720,61,548,46,0.0,0,0
19570720,61,550,29,0.0,0,0
19570720,61,542,43,0.0,0,0
19570720,61,484,42,0.0,0,0
19570720,61,477,22,0.0,0,0
19570720,61,356,21,0.0,0,0
19570720,61,427,10,5.0,0,0
19570720,61,591,15,3.0,0,0
19570720,61,418,14,4.0,0,0
19570720,61,480,3,10.0,1,0
19570720,61,582,11,4.0,0,0
19570720,61,578,2,13.0,0,0
19570720,61,579,6,7.0,0,0
19570720,61,609,44,0.0,0,0
19570720,61,587,33,0.0,0,0
19570720,61,574,31,0.0,0,0
19570720,61,476,7,6.0,1,0
19570720,61,347,26,0.0,0,0
19570720,61,608,25,0.0,0,0
19570720,61,607,19,1.0,0,0
19570720,61,502,9,5.0,0,0
19570720,61,497,12,4.0,0,0
19570720,61,555,8,6.0,0,0
19570720,61,580,1,25.0,3,0
19570804,62,602,64,0.0,0,0
19570804,62,622,63,0.0,0,0
19570804,62,581,58,0.0,0,0
19570804,62,621,55,0.0,0,0
19570804,62,460,45,0.0,0,0
19570804,62,430,42,0.0,0,0
19570804,62,485,41,0.0,0,0
19570804,62,431,38,0.0,0,0
19570804,62,507,36,0.0,0,0
19570804,62,487,52,0.0,0,0
19570804,62,620,24,0.0,0,0
19570804,62,619,50,0.0,0,0
19570804,62,618,27,0.0,0,0
19570804,62,617,75,0.0,0,0
19570804,62,533,74,0.0,0,0
19570804,62,527,73,0.0,0,0
19570804,62,449,72,0.0,0,0
19570804,62,597,71,0.0,0,0
19570804,62,557,70,0.0,0,0
19570804,62,559,69,0.0,0,0
19570804,62,561,68,0.0,0,0
19570804,62,514,67,0.0,0,0
19570804,62,566,66,0.0,0,0
19570804,62,528,65,0.0,0,0
19570804,62,616,62,0.0,0,0
19570804,62,539,61,0.0,0,0
19570804,62,595,60,0.0,0,0
19570804,62,615,57,0.0,0,0
19570804,62,593,56,0.0,0,0
19570804,62,529,47,0.0,0,0
19570804,62,594,46,0.0,0,0
19570804,62,530,44,0.0,0,0
19570804,62,564,43,0.0,0,0
19570804,62,517,40,0.0,0,0
19570804,62,513,39,0.0,0,0
19570804,62,563,37,0.0,0,0
19570804,62,521,35,0.0,0,0
19570804,62,515,32,0.0,0,0
19570804,62,598,30,0.0,0,0
19570804,62,614,28,0.0,0,0
19570804,62,534,23,0.0,0,0
19570804,62,613,18,2.0,0,0
19570804,62,556,16,3.0,0,0
19570804,62,526,14,4.0,0,0
19570804,62,510,8,7.0,0,0
19570804,62,612,6,8.0,1,0
19570804,62,611,53,0.0,0,0
19570804,62,610,59,0.0,0,0
19570804,62,479,54,0.0,0,0
19570804,62,457,17,2.0,0,0
19570804,62,548,51,0.0,0,0
19570804,62,550,29,0.0,0,0
19570804,62,542,48,0.0,0,0
19570804,62,484,33,0.0,0,0
19570804,62,477,22,0.0,0,0
19570804,62,356,21,0.0,0,0
19570804,62,427,11,5.0,0,0
19570804,62,591,15,3.0,0,0
19570804,62,418,12,4.0,0,0
19570804,62,480,4,10.0,1,0
19570804,62,582,7,8.0,0,0
19570804,62,578,2,16.0,0,0
19570804,62,579,3,13.0,0,0
19570804,62,609,49,0.0,0,0
19570804,62,587,34,0.0,0,0
19570804,62,574,31,0.0,0,0
19570804,62,476,5,8.0,1,0
19570804,62,347,26,0.0,0,0
19570804,62,608,25,0.0,0,0
19570804,62,607,19,1.0,0,0
19570804,62,502,10,5.0,0,0
19570804,62,497,13,4.0,0,0
19570804,62,555,9,6.0,0,0
19570804,62,580,1,34.0,4,0
19570818,63,602,64,0.0,0,0
19570818,63,622,63,0.0,0,0
19570818,63,581,49,0.0,0,0
19570818,63,621,56,0.0,0,0
19570818,63,460,45,0.0,0,0
19570818,63,430,42,0.0,0,0
19570818,63,485,41,0.0,0,0
19570818,63,431,38,0.0,0,0
19570818,63,507,36,0.0,0,0
19570818,63,487,53,0.0,0,0
19570818,63,620,25,0.0,0,0
19570818,63,619,51,0.0,0,0
19570818,63,618,28,0.0,0,0
19570818,63,617,75,0.0,0,0
19570818,63,533,74,0.0,0,0
19570818,63,527,73,0.0,0,0
19570818,63,449,72,0.0,0,0
19570818,63,597,71,0.0,0,0
19570818,63,557,70,0.0,0,0
19570818,63,559,69,0.0,0,0
19570818,63,561,68,0.0,0,0
19570818,63,514,67,0.0,0,0
19570818,63,566,66,0.0,0,0
19570818,63,528,65,0.0,0,0
19570818,63,616,62,0.0,0,0
19570818,63,539,61,0.0,0,0
19570818,63,595,60,0.0,0,0
19570818,63,615,58,0.0,0,0
19570818,63,593,57,0.0,0,0
19570818,63,529,47,0.0,0,0
19570818,63,594,46,0.0,0,0
19570818,63,530,44,0.0,0,0
19570818,63,564,43,0.0,0,0
19570818,63,517,40,0.0,0,0
19570818,63,513,39,0.0,0,0
19570818,63,563,37,0.0,0,0
19570818,63,521,35,0.0,0,0
19570818,63,515,33,0.0,0,0
19570818,63,598,31,0.0,0,0
19570818,63,614,29,0.0,0,0
19570818,63,534,24,0.0,0,0
19570818,63,613,18,2.0,0,0
19570818,63,556,16,3.0,0,0
19570818,63,526,15,4.0,0,0
19570818,63,510,9,7.0,0,0
19570818,63,612,7,8.0,1,0
19570818,63,611,54,0.0,0,0
19570818,63,610,59,0.0,0,0
19570818,63,479,55,0.0,0,0
19570818,63,457,17,2.0,0,0
19570818,63,548,52,0.0,0,0
19570818,63,550,30,0.0,0,0
19570818,63,542,48,0.0,0,0
19570818,63,484,22,0.0,0,0
19570818,63,477,23,0.0,0,0
19570818,63,356,21,0.0,0,0
19570818,63,427,13,5.0,0,0
19570818,63,591,12,5.0,0,0
19570818,63,418,10,7.0,0,0
19570818,63,480,5,10.0,1,0
19570818,63,582,8,8.0,0,0
19570818,63,578,3,16.0,0,0
19570818,63,579,4,13.0,0,0
19570818,63,609,50,0.0,0,0
19570818,63,587,34,0.0,0,0
19570818,63,574,32,0.0,0,0
19570818,63,476,2,17.0,2,0
19570818,63,347,27,0.0,0,0
19570818,63,608,26,0.0,0,0
19570818,63,607,19,1.0,0,0
19570818,63,502,6,9.0,0,0
19570818,63,497,14,4.0,0,0
19570818,63,555,11,6.0,0,0
19570818,63,580,1,40.0,4,0
19570908,64,639,41,0.0,0,1
19570908,64,499,22,1.0,0,1
19570908,64,602,65,0.0,0,1
19570908,64,622,64,0.0,0,1
19570908,64,581,32,0.0,0,1
19570908,64,621,58,0.0,0,1
19570908,64,460,49,0.0,0,1
19570908,64,430,46,0.0,0,1
19570908,64,485,45,0.0,0,1
19570908,64,431,42,0.0,0,1
19570908,64,507,38,0.0,0,1
19570908,64,487,55,0.0,0,1
19570908,64,620,25,0.0,0,1
19570908,64,619,54,0.0,0,1
19570908,64,618,28,0.0,0,1
19570908,64,617,76,0.0,0,1
19570908,64,533,75,0.0,0,1
19570908,64,527,74,0.0,0,1
19570908,64,449,73,0.0,0,1
19570908,64,597,72,0.0,0,1
19570908,64,557,71,0.0,0,1
19570908,64,559,70,0.0,0,1
19570908,64,561,69,0.0,0,1
19570908,64,514,68,0.0,0,1
19570908,64,566,67,0.0,0,1
19570908,64,528,66,0.0,0,1
19570908,64,616,63,0.0,0,1
19570908,64,539,62,0.0,0,1
19570908,64,595,61,0.0,0,1
19570908,64,615,60,0.0,0,1
19570908,64,593,59,0.0,0,1
19570908,64,529,51,0.0,0,1
19570908,64,594,50,0.0,0,1
19570908,64,530,48,0.0,0,1
19570908,64,564,47,0.0,0,1
19570908,64,517,44,0.0,0,1
19570908,64,513,43,0.0,0,1
19570908,64,563,40,0.0,0,1
19570908,64,521,37,0.0,0,1
19570908,64,515,34,0.0,0,1
19570908,64,598,31,0.0,0,1
19570908,64,614,29,0.0,0,1
19570908,64,534,24,0.0,0,1
19570908,64,613,19,2.0,0,1
19570908,64,556,17,3.0,0,1
19570908,64,526,16,4.0,0,1
19570908,64,510,10,7.0,0,1
19570908,64,612,8,8.0,1,1
19570908,64,611,56,0.0,0,1
19570908,64,610,39,0.0,0,1
19570908,64,479,57,0.0,0,1
19570908,64,457,18,2.0,0,1
19570908,64,548,35,0.0,0,1
19570908,64,550,30,0.0,0,1
19570908,64,542,52,0.0,0,1
19570908,64,484,20,1.0,0,1
19570908,64,477,14,4.0,0,1
19570908,64,356,23,0.0,0,1
19570908,64,427,13,5.0,0,1
19570908,64,591,12,5.0,0,1
19570908,64,418,6,10.0,0,1
19570908,64,480,5,11.0,1,1
19570908,64,582,9,8.0,0,1
19570908,64,578,3,16.0,0,1
19570908,64,579,4,13.0,0,1
19570908,64,609,53,0.0,0,1
19570908,64,587,36,0.0,0,1
19570908,64,574,33,0.0,0,1
19570908,64,476,2,25.0,3,1
19570908,64,347,27,0.0,0,1
19570908,64,608,26,0.0,0,1
19570908,64,607,21,1.0,0,1
19570908,64,502,7,10.0,0,1
19570908,64,497,15,4.0,0,1
19570908,64,555,11,6.0,0,1
19570908,64,580,1,40.0,4,1
19560122,49,807,8,0.0,0,0
19560122,49,584,6,1.5,0,0
19560122,49,580,2,5.0,1,0
19560122,49,499,15,0.0,0,0
19560122,49,609,14,0.0,0,0
19560122,49,497,13,0.0,0,0
19560122,49,587,12,0.0,0,0
19560122,49,582,11,0.0,0,0
19560122,49,476,10,0.0,0,0
19560122,49,624,9,0.0,0,0
19560122,49,483,5,2.0,0,0
19560122,49,623,7,1.5,0,0
19560122,49,579,4,4.0,0,0
19560122,49,555,1,6.0,0,0
19560122,49,578,3,4.0,1,0
19560513,50,429,14,0.0,0,0
19560513,50,807,13,0.0,0,0
19560513,50,584,10,1.5,0,0
19560513,50,590,27,0.0,0,0
19560513,50,480,26,0.0,0,0
19560513,50,484,25,0.0,0,0
19560513,50,502,24,0.0,0,0
19560513,50,427,23,0.0,0,0
19560513,50,628,21,0.0,0,0
19560513,50,627,18,0.0,0,0
19560513,50,548,17,0.0,0,0
19560513,50,608,16,0.0,0,0
19560513,50,626,12,0.0,0,0
19560513,50,625,7,2.0,0,0
19560513,50,580,1,10.5,1,0
19560513,50,499,22,0.0,0,0
19560513,50,609,9,1.5,0,0
19560513,50,497,20,0.0,0,0
19560513,50,587,19,0.0,0,0
19560513,50,582,6,3.0,0,0
19560513,50,476,3,8.0,1,0
19560513,50,624,15,0.0,0,0
19560513,50,483,8,2.0,0,0
19560513,50,623,11,1.5,0,0
19560513,50,579,5,4.0,0,0
19560513,50,555,2,10.0,0,0
19560513,50,578,4,4.0,1,0
19560530,51,533,52,0.0,0,0
19560530,51,429,20,0.0,0,0
19560530,51,807,19,0.0,0,0
19560530,51,584,15,1.5,0,0
19560530,51,556,17,1.0,0,0
19560530,51,513,61,0.0,0,0
19560530,51,527,60,0.0,0,0
19560530,51,534,59,0.0,0,0
19560530,51,562,58,0.0,0,0
19560530,51,539,57,0.0,0,0
19560530,51,613,56,0.0,0,0
19560530,51,632,55,0.0,0,0
19560530,51,563,54,0.0,0,0
19560530,51,557,53,0.0,0,0
19560530,51,597,51,0.0,0,0
19560530,51,530,50,0.0,0,0
19560530,51,595,49,0.0,0,0
19560530,51,510,48,0.0,0,0
19560530,51,526,37,0.0,0,0
19560530,51,598,36,0.0,0,0
19560530,51,631,35,0.0,0,0
19560530,51,596,34,0.0,0,0
19560530,51,514,33,0.0,0,0
19560530,51,559,32,0.0,0,0
19560530,51,517,31,0.0,0,0
19560530,51,616,30,0.0,0,0
19560530,51,521,29,0.0,0,0
19560530,51,630,28,0.0,0,0
19560530,51,593,27,0.0,0,0
19560530,51,449,26,0.0,0,0
19560530,51,515,24,0.0,0,0
19560530,51,629,21,0.0,0,0
19560530,51,538,13,2.0,0,0
19560530,51,594,10,3.0,0,0
19560530,51,529,8,4.0,0,0
19560530,51,612,5,6.0,0,0
19560530,51,560,4,8.0,1,0
19560530,51,590,47,0.0,0,0
19560530,51,480,46,0.0,0,0
19560530,51,484,45,0.0,0,0
19560530,51,502,44,0.0,0,0
19560530,51,427,43,0.0,0,0
19560530,51,628,41,0.0,0,0
19560530,51,627,38,0.0,0,0
19560530,51,548,25,0.0,0,0
19560530,51,608,23,0.0,0,0
19560530,51,626,18,0.0,0,0
19560530,51,625,11,2.0,0,0
19560530,51,580,1,10.5,1,0
19560530,51,499,42,0.0,0,0
19560530,51,609,14,1.5,0,0
19560530,51,497,40,0.0,0,0
19560530,51,587,39,0.0,0,0
19560530,51,582,9,3.0,0,0
19560530,51,476,3,8.0,1,0
19560530,51,624,22,0.0,0,0
19560530,51,483,12,2.0,0,0
19560530,51,623,16,1.5,0,0
19560530,51,579,7,4.0,0,0
19560530,51,555,2,10.0,0,0
19560530,51,578,6,4.0,1,0
19560603,52,533,56,0.0,0,0
19560603,52,807,24,0.0,0,0
19560603,52,584,19,1.5,0,0
19560603,52,581,48,0.0,0,0
19560603,52,635,47,0.0,0,0
19560603,52,429,22,0.0,0,0
19560603,52,634,17,2.0,0,0
19560603,52,633,6,6.0,0,0
19560603,52,556,21,1.0,0,0
19560603,52,513,65,0.0,0,0
19560603,52,527,64,0.0,0,0
19560603,52,534,63,0.0,0,0
19560603,52,562,62,0.0,0,0
19560603,52,539,61,0.0,0,0
19560603,52,613,60,0.0,0,0
19560603,52,632,59,0.0,0,0
19560603,52,563,58,0.0,0,0
19560603,52,557,57,0.0,0,0
19560603,52,597,55,0.0,0,0
19560603,52,530,54,0.0,0,0
19560603,52,595,53,0.0,0,0
19560603,52,510,52,0.0,0,0
19560603,52,526,41,0.0,0,0
19560603,52,598,40,0.0,0,0
19560603,52,631,39,0.0,0,0
19560603,52,596,38,0.0,0,0
19560603,52,514,37,0.0,0,0
19560603,52,559,36,0.0,0,0
19560603,52,517,35,0.0,0,0
19560603,52,616,34,0.0,0,0
19560603,52,521,33,0.0,0,0
19560603,52,630,32,0.0,0,0
19560603,52,593,31,0.0,0,0
19560603,52,449,30,0.0,0,0
19560603,52,515,27,0.0,0,0
19560603,52,629,25,0.0,0,0
19560603,52,538,16,2.0,0,0
19560603,52,594,12,3.0,0,0
19560603,52,529,10,4.0,0,0
19560603,52,612,7,6.0,0,0
19560603,52,560,5,8.0,1,0
19560603,52,590,51,0.0,0,0
19560603,52,480,50,0.0,0,0
19560603,52,484,49,0.0,0,0
19560603,52,502,11,3.0,0,0
19560603,52,427,44,0.0,0,0
19560603,52,628,28,0.0,0,0
19560603,52,627,42,0.0,0,0
19560603,52,548,29,0.0,0,0
19560603,52,608,13,2.0,0,0
19560603,52,626,23,0.0,0,0
19560603,52,625,14,2.0,0,0
19560603,52,580,3,10.5,1,0
19560603,52,499,46,0.0,0,0
19560603,52,609,18,1.5,0,0
19560603,52,497,45,0.0,0,0
19560603,52,587,43,0.0,0,0
19560603,52,582,1,11.0,1,0
19560603,52,476,2,11.0,1,0
19560603,52,624,26,0.0,0,0
19560603,52,483,15,2.0,0,0
19560603,52,623,20,1.5,0,0
19560603,52,579,9,4.0,0,0
19560603,52,555,4,10.0,0,0
19560603,52,578,8,4.0,1,0
19560701,53,533,59,0.0,0,0
19560701,53,807,25,0.0,0,0
19560701,53,584,19,1.5,0,0
19560701,53,636,54,0.0,0,0
19560701,53,607,51,0.0,0,0
19560701,53,610,48,0.0,0,0
19560701,53,581,28,0.0,0,0
19560701,53,635,49,0.0,0,0
19560701,53,429,22,0.0,0,0
19560701,53,634,17,2.0,0,0
19560701,53,633,7,6.0,0,0
19560701,53,556,21,1.0,0,0
19560701,53,513,68,0.0,0,0
19560701,53,527,67,0.0,0,0
19560701,53,534,66,0.0,0,0
19560701,53,562,65,0.0,0,0
19560701,53,539,64,0.0,0,0
19560701,53,613,63,0.0,0,0
19560701,53,632,62,0.0,0,0
19560701,53,563,61,0.0,0,0
19560701,53,557,60,0.0,0,0
19560701,53,597,58,0.0,0,0
19560701,53,530,57,0.0,0,0
19560701,53,595,56,0.0,0,0
19560701,53,510,55,0.0,0,0
19560701,53,526,43,0.0,0,0
19560701,53,598,42,0.0,0,0
19560701,53,631,41,0.0,0,0
19560701,53,596,40,0.0,0,0
19560701,53,514,39,0.0,0,0
19560701,53,559,38,0.0,0,0
19560701,53,517,37,0.0,0,0
19560701,53,616,36,0.0,0,0
19560701,53,521,35,0.0,0,0
19560701,53,630,34,0.0,0,0
19560701,53,593,33,0.0,0,0
19560701,53,449,31,0.0,0,0
19560701,53,515,29,0.0,0,0
19560701,53,629,26,0.0,0,0
19560701,53,538,18,2.0,0,0
19560701,53,594,14,3.0,0,0
19560701,53,529,11,4.0,0,0
19560701,53,612,8,6.0,0,0
19560701,53,560,5,8.0,1,0
19560701,53,590,53,0.0,0,0
19560701,53,480,52,0.0,0,0
19560701,53,484,50,0.0,0,0
19560701,53,502,13,3.0,0,0
19560701,53,427,45,0.0,0,0
19560701,53,628,23,0.0,0,0
19560701,53,627,32,0.0,0,0
19560701,53,548,30,0.0,0,0
19560701,53,608,12,3.0,0,0
19560701,53,626,24,0.0,0,0
19560701,53,625,15,2.0,0,0
19560701,53,580,2,14.5,1,0
19560701,53,499,47,0.0,0,0
19560701,53,609,6,7.5,0,0
19560701,53,497,46,0.0,0,0
19560701,53,587,44,0.0,0,0
19560701,53,582,1,19.0,2,0
19560701,53,476,4,12.0,1,0
19560701,53,624,27,0.0,0,0
19560701,53,483,16,2.0,0,0
19560701,53,623,20,1.5,0,0
19560701,53,579,10,4.0,0,0
19560701,53,555,3,14.0,0,0
19560701,53,578,9,4.0,1,0
19560714,54,533,65,0.0,0,0
19560714,54,807,28,0.0,0,0
19560714,54,584,22,1.5,0,0
19560714,54,542,72,0.0,0,0
19560714,54,356,71,0.0,0,0
19560714,54,586,68,0.0,0,0
19560714,54,638,67,0.0,0,0
19560714,54,621,64,0.0,0,0
19560714,54,507,62,0.0,0,0
19560714,54,457,57,0.0,0,0
19560714,54,637,53,0.0,0,0
19560714,54,620,37,0.0,0,0
19560714,54,487,15,3.0,0,0
19560714,54,636,58,0.0,0,0
19560714,54,607,12,3.0,0,0
19560714,54,610,51,0.0,0,0
19560714,54,581,31,0.0,0,0
19560714,54,635,52,0.0,0,0
19560714,54,429,25,0.0,0,0
19560714,54,634,17,2.0,0,0
19560714,54,633,7,6.0,0,0
19560714,54,556,24,1.0,0,0
19560714,54,513,78,0.0,0,0
19560714,54,527,77,0.0,0,0
19560714,54,534,76,0.0,0,0
19560714,54,562,75,0.0,0,0
19560714,54,539,74,0.0,0,0
19560714,54,613,73,0.0,0,0
19560714,54,632,70,0.0,0,0
19560714,54,563,69,0.0,0,0
19560714,54,557,66,0.0,0,0
19560714,54,597,63,0.0,0,0
19560714,54,530,61,0.0,0,0
19560714,54,595,60,0.0,0,0
19560714,54,510,59,0.0,0,0
19560714,54,526,46,0.0,0,0
19560714,54,598,45,0.0,0,0
19560714,54,631,44,0.0,0,0
19560714,54,596,43,0.0,0,0
19560714,54,514,42,0.0,0,0
19560714,54,559,41,0.0,0,0
19560714,54,517,40,0.0,0,0
19560714,54,616,39,0.0,0,0
19560714,54,521,38,0.0,0,0
19560714,54,630,36,0.0,0,0
19560714,54,593,35,0.0,0,0
19560714,54,449,33,0.0,0,0
19560714,54,515,32,0.0,0,0
19560714,54,629,29,0.0,0,0
19560714,54,538,21,2.0,0,0
19560714,54,594,16,3.0,0,0
19560714,54,529,11,4.0,0,0
19560714,54,612,8,6.0,0,0
19560714,54,560,5,8.0,1,0
19560714,54,590,56,0.0,0,0
19560714,54,480,55,0.0,0,0
19560714,54,484,54,0.0,0,0
19560714,54,502,14,3.0,0,0
19560714,54,427,48,0.0,0,0
19560714,54,628,26,0.0,0,0
19560714,54,627,34,0.0,0,0
19560714,54,548,19,2.0,0,0
19560714,54,608,13,3.0,0,0
19560714,54,626,27,0.0,0,0
19560714,54,625,18,2.0,0,0
19560714,54,580,1,22.5,2,0
19560714,54,499,50,0.0,0,0
19560714,54,609,6,7.5,0,0
19560714,54,497,49,0.0,0,0
19560714,54,587,47,0.0,0,0
19560714,54,582,2,22.0,2,0
19560714,54,476,4,13.0,1,0
19560714,54,624,30,0.0,0,0
19560714,54,483,20,2.0,0,0
19560714,54,623,23,1.5,0,0
19560714,54,579,10,4.0,0,0
19560714,54,555,3,18.0,0,0
19560714,54,578,9,4.0,1,0
19560805,55,533,67,0.0,0,0
19560805,55,807,29,0.0,0,0
19560805,55,584,24,1.5,0,0
19560805,55,640,48,0.0,0,0
19560805,55,639,47,0.0,0,0
19560805,55,542,74,0.0,0,0
19560805,55,356,73,0.0,0,0
19560805,55,586,70,0.0,0,0
19560805,55,638,69,0.0,0,0
19560805,55,621,57,0.0,0,0
19560805,55,507,65,0.0,0,0
19560805,55,457,58,0.0,0,0
19560805,55,637,55,0.0,0,0
19560805,55,620,37,0.0,0,0
19560805,55,487,16,3.0,0,0
19560805,55,636,61,0.0,0,0
19560805,55,607,12,3.0,0,0
19560805,55,610,53,0.0,0,0
19560805,55,581,14,3.0,0,0
19560805,55,635,54,0.0,0,0
19560805,55,429,27,0.0,0,0
19560805,55,634,19,2.0,0,0
19560805,55,633,7,6.0,0,0
19560805,55,556,26,1.0,0,0
19560805,55,513,80,0.0,0,0
19560805,55,527,79,0.0,0,0
19560805,55,534,78,0.0,0,0
19560805,55,562,77,0.0,0,0
19560805,55,539,76,0.0,0,0
19560805,55,613,75,0.0,0,0
19560805,55,632,72,0.0,0,0
19560805,55,563,71,0.0,0,0
19560805,55,557,68,0.0,0,0
19560805,55,597,66,0.0,0,0
19560805,55,530,64,0.0,0,0
19560805,55,595,63,0.0,0,0
19560805,55,510,62,0.0,0,0
19560805,55,526,46,0.0,0,0
19560805,55,598,45,0.0,0,0
19560805,55,631,44,0.0,0,0
19560805,55,596,43,0.0,0,0
19560805,55,514,42,0.0,0,0
19560805,55,559,41,0.0,0,0
19560805,55,517,40,0.0,0,0
19560805,55,616,39,0.0,0,0
19560805,55,521,38,0.0,0,0
19560805,55,630,36,0.0,0,0
19560805,55,593,35,0.0,0,0
19560805,55,449,33,0.0,0,0
19560805,55,515,32,0.0,0,0
19560805,55,629,30,0.0,0,0
19560805,55,538,23,2.0,0,0
19560805,55,594,17,3.0,0,0
19560805,55,529,11,4.0,0,0
19560805,55,612,8,6.0,0,0
19560805,55,560,5,8.0,1,0
19560805,55,590,60,0.0,0,0
19560805,55,480,59,0.0,0,0
19560805,55,484,56,0.0,0,0
19560805,55,502,15,3.0,0,0
19560805,55,427,50,0.0,0,0
19560805,55,628,18,2.0,0,0
19560805,55,627,34,0.0,0,0
19560805,55,548,21,2.0,0,0
19560805,55,608,13,3.0,0,0
19560805,55,626,28,0.0,0,0
19560805,55,625,20,2.0,0,0
19560805,55,580,1,30.0,3,0
19560805,55,499,52,0.0,0,0
19560805,55,609,6,7.5,0,0
19560805,55,497,51,0.0,0,0
19560805,55,587,49,0.0,0,0
19560805,55,582,2,22.0,2,0
19560805,55,476,4,19.0,1,0
19560805,55,624,31,0.0,0,0
19560805,55,483,22,2.0,0,0
19560805,55,623,25,1.5,0,0
19560805,55,579,10,4.0,0,0
19560805,55,555,3,22.0,0,0
19560805,55,578,9,4.0,1,0
19560902,56,347,65,0.0,0,1
19560902,56,533,72,0.0,0,1
19560902,56,807,31,0.0,0,1
19560902,56,477,77,0.0,0,1
19560902,56,611,71,0.0,0,1
19560902,56,642,64,0.0,0,1
19560902,56,584,25,1.5,0,1
19560902,56,641,34,0.0,0,1
19560902,56,640,53,0.0,0,1
19560902,56,639,52,0.0,0,1
19560902,56,542,13,4.0,0,1
19560902,56,356,79,0.0,0,1
19560902,56,586,75,0.0,0,1
19560902,56,638,74,0.0,0,1
19560902,56,621,57,0.0,0,1
19560902,56,507,61,0.0,0,1
19560902,56,457,41,0.0,0,1
19560902,56,637,59,0.0,0,1
19560902,56,620,42,0.0,0,1
19560902,56,487,10,5.0,0,1
19560902,56,636,66,0.0,0,1
19560902,56,607,15,3.0,0,1
19560902,56,610,38,0.0,0,1
19560902,56,581,9,6.0,0,1
19560902,56,635,58,0.0,0,1
19560902,56,429,28,0.0,0,1
19560902,56,634,20,2.0,0,1
19560902,56,633,7,6.0,0,1
19560902,56,556,27,1.0,0,1
19560902,56,513,85,0.0,0,1
19560902,56,527,84,0.0,0,1
19560902,56,534,83,0.0,0,1
19560902,56,562,82,0.0,0,1
19560902,56,539,81,0.0,0,1
19560902,56,613,80,0.0,0,1
19560902,56,632,78,0.0,0,1
19560902,56,563,76,0.0,0,1
19560902,56,557,73,0.0,0,1
19560902,56,597,70,0.0,0,1
19560902,56,530,69,0.0,0,1
19560902,56,595,68,0.0,0,1
19560902,56,510,67,0.0,0,1
19560902,56,526,51,0.0,0,1
19560902,56,598,50,0.0,0,1
19560902,56,631,49,0.0,0,1
19560902,56,596,48,0.0,0,1
19560902,56,514,47,0.0,0,1
19560902,56,559,46,0.0,0,1
19560902,56,517,45,0.0,0,1
19560902,56,616,44,0.0,0,1
19560902,56,521,43,0.0,0,1
19560902,56,630,40,0.0,0,1
19560902,56,593,39,0.0,0,1
19560902,56,449,36,0.0,0,1
19560902,56,515,35,0.0,0,1
19560902,56,629,32,0.0,0,1
19560902,56,538,24,2.0,0,1
19560902,56,594,18,3.0,0,1
19560902,56,529,14,4.0,0,1
19560902,56,612,8,6.0,0,1
19560902,56,560,5,8.0,1,1
19560902,56,590,63,0.0,0,1
19560902,56,480,62,0.0,0,1
19560902,56,484,60,0.0,0,1
19560902,56,502,17,3.0,0,1
19560902,56,427,54,0.0,0,1
19560902,56,628,19,2.0,0,1
19560902,56,627,37,0.0,0,1
19560902,56,548,22,2.0,0,1
19560902,56,608,16,3.0,0,1
19560902,56,626,30,0.0,0,1
19560902,56,625,21,2.0,0,1
19560902,56,580,1,30.0,3,1
19560902,56,499,56,0.0,0,1
19560902,56,609,6,7.5,0,1
19560902,56,497,55,0.0,0,1
19560902,56,587,29,0.0,0,1
19560902,56,582,3,25.0,2,1
19560902,56,476,2,27.0,2,1
19560902,56,624,33,0.0,0,1
19560902,56,483,23,2.0,0,1
19560902,56,623,26,1.5,0,1
19560902,56,579,12,4.0,0,1
19560902,56,555,4,22.0,0,1
19560902,56,578,11,4.0,1,1
19550116,42,621,6,1.33,0,0
19550116,42,497,14,0.0,0,0
19550116,42,650,22,0.0,0,0
19550116,42,634,17,0.0,0,0
19550116,42,649,8,1.0,0,0
19550116,42,555,11,0.0,0,0
19550116,42,626,21,0.0,0,0
19550116,42,648,20,0.0,0,0
19550116,42,624,19,0.0,0,0
19550116,42,476,7,1.0,0,0
19550116,42,609,18,0.0,0,0
19550116,42,427,2,3.33,0,0
19550116,42,647,16,0.0,0,0
19550116,42,646,15,0.0,0,0
19550116,42,645,12,0.0,0,0
19550116,42,578,13,0.0,0,0
19550116,42,502,10,0.0,0,0
19550116,42,644,5,2.0,0,0
19550116,42,479,9,1.0,0,0
19550116,42,643,3,3.33,0,0
19550116,42,499,4,2.0,0,0
19550116,42,580,1,9.0,1,0
19550522,43,633,19,0.0,0,0
19550522,43,621,10,1.33,0,0
19550522,43,653,33,0.0,0,0
19550522,43,652,32,0.0,0,0
19550522,43,628,30,0.0,0,0
19550522,43,579,29,0.0,0,0
19550522,43,610,28,0.0,0,0
19550522,43,627,27,0.0,0,0
19550522,43,608,7,2.0,0,0
19550522,43,642,20,0.0,0,0
19550522,43,651,18,0.0,0,0
19550522,43,590,15,0.0,0,0
19550522,43,497,21,0.0,0,0
19550522,43,650,31,0.0,0,0
19550522,43,634,8,2.0,0,0
19550522,43,649,12,1.0,0,0
19550522,43,555,6,2.0,0,0
19550522,43,626,25,0.0,0,0
19550522,43,648,24,0.0,0,0
19550522,43,624,26,0.0,0,0
19550522,43,476,11,1.0,0,0
19550522,43,609,4,6.0,0,0
19550522,43,427,1,11.33,1,0
19550522,43,647,23,0.0,0,0
19550522,43,646,22,0.0,0,0
19550522,43,645,17,0.0,0,0
19550522,43,578,16,0.0,0,0
19550522,43,502,14,0.0,0,0
19550522,43,644,9,2.0,0,0
19550522,43,479,13,1.0,0,0
19550522,43,643,3,6.33,0,0
19550522,43,499,5,2.0,0,0
19550522,43,580,2,10.0,1,0
19550530,44,520,20,1.0,0,0
19550530,44,556,8,3.0,0,0
19550530,44,633,29,0.0,0,0
19550530,44,621,15,1.33,0,0
19550530,44,593,68,0.0,0,0
19550530,44,616,67,0.0,0,0
19550530,44,660,66,0.0,0,0
19550530,44,597,65,0.0,0,0
19550530,44,534,64,0.0,0,0
19550530,44,449,63,0.0,0,0
19550530,44,559,62,0.0,0,0
19550530,44,659,61,0.0,0,0
19550530,44,658,21,1.0,0,0
19550530,44,526,60,0.0,0,0
19550530,44,562,59,0.0,0,0
19550530,44,533,57,0.0,0,0
19550530,44,594,56,0.0,0,0
19550530,44,632,53,0.0,0,0
19550530,44,612,51,0.0,0,0
19550530,44,524,50,0.0,0,0
19550530,44,657,47,0.0,0,0
19550530,44,656,46,0.0,0,0
19550530,44,529,44,0.0,0,0
19550530,44,510,37,0.0,0,0
19550530,44,514,36,0.0,0,0
19550530,44,564,35,0.0,0,0
19550530,44,519,34,0.0,0,0
19550530,44,560,33,0.0,0,0
19550530,44,557,32,0.0,0,0
19550530,44,598,30,0.0,0,0
19550530,44,539,27,0.0,0,0
19550530,44,613,24,0.0,0,0
19550530,44,655,19,1.0,0,0
19550530,44,513,9,3.0,0,0
19550530,44,654,6,4.0,0,0
19550530,44,530,7,3.0,0,0
19550530,44,629,3,8.0,1,0
19550530,44,653,58,0.0,0,0
19550530,44,652,55,0.0,0,0
19550530,44,628,52,0.0,0,0
19550530,44,579,49,0.0,0,0
19550530,44,610,48,0.0,0,0
19550530,44,627,45,0.0,0,0
19550530,44,608,12,2.0,0,0
19550530,44,642,31,0.0,0,0
19550530,44,651,28,0.0,0,0
19550530,44,590,23,0.0,0,0
19550530,44,497,38,0.0,0,0
19550530,44,650,54,0.0,0,0
19550530,44,634,13,2.0,0,0
19550530,44,649,17,1.0,0,0
19550530,44,555,11,2.0,0,0
19550530,44,626,42,0.0,0,0
19550530,44,648,41,0.0,0,0
19550530,44,624,43,0.0,0,0
19550530,44,476,16,1.0,0,0
19550530,44,609,5,6.0,0,0
19550530,44,427,1,11.33,1,0
19550530,44,647,40,0.0,0,0
19550530,44,646,39,0.0,0,0
19550530,44,645,26,0.0,0,0
19550530,44,578,25,0.0,0,0
19550530,44,502,22,0.0,0,0
19550530,44,644,14,2.0,0,0
19550530,44,479,18,1.0,0,0
19550530,44,643,4,6.33,0,0
19550530,44,499,10,2.0,0,0
19550530,44,580,2,10.0,1,0
19550605,45,520,21,1.0,0,0
19550605,45,556,9,3.0,0,0
19550605,45,621,17,1.33,0,0
19550605,45,661,45,0.0,0,0
19550605,45,633,11,3.0,0,0
19550605,45,593,69,0.0,0,0
19550605,45,616,68,0.0,0,0
19550605,45,660,67,0.0,0,0
19550605,45,597,66,0.0,0,0
19550605,45,534,65,0.0,0,0
19550605,45,449,64,0.0,0,0
19550605,45,559,63,0.0,0,0
19550605,45,659,62,0.0,0,0
19550605,45,658,22,1.0,0,0
19550605,45,526,61,0.0,0,0
19550605,45,562,60,0.0,0,0
19550605,45,533,58,0.0,0,0
19550605,45,594,57,0.0,0,0
19550605,45,632,54,0.0,0,0
19550605,45,612,53,0.0,0,0
19550605,45,524,52,0.0,0,0
19550605,45,657,50,0.0,0,0
19550605,45,656,49,0.0,0,0
19550605,45,529,47,0.0,0,0
19550605,45,510,38,0.0,0,0
19550605,45,514,37,0.0,0,0
19550605,45,564,36,0.0,0,0
19550605,45,519,35,0.0,0,0
19550605,45,560,34,0.0,0,0
19550605,45,557,33,0.0,0,0
19550605,45,598,31,0.0,0,0
19550605,45,539,28,0.0,0,0
19550605,45,613,25,0.0,0,0
19550605,45,655,20,1.0,0,0
19550605,45,513,12,3.0,0,0
19550605,45,654,7,4.0,0,0
19550605,45,530,8,3.0,0,0
19550605,45,629,4,8.0,1,0
19550605,45,653,59,0.0,0,0
19550605,45,652,56,0.0,0,0
19550605,45,628,32,0.0,0,0
19550605,45,579,43,0.0,0,0
19550605,45,610,51,0.0,0,0
19550605,45,627,48,0.0,0,0
19550605,45,608,15,2.0,0,0
19550605,45,642,30,0.0,0,0
19550605,45,651,29,0.0,0,0
19550605,45,590,24,0.0,0,0
19550605,45,497,39,0.0,0,0
19550605,45,650,55,0.0,0,0
19550605,45,634,16,2.0,0,0
19550605,45,649,18,1.0,0,0
19550605,45,555,10,3.0,0,0
19550605,45,626,44,0.0,0,0
19550605,45,648,42,0.0,0,0
19550605,45,624,46,0.0,0,0
19550605,45,476,5,7.0,0,0
19550605,45,609,6,6.0,0,0
19550605,45,427,2,11.33,1,0
19550605,45,647,41,0.0,0,0
19550605,45,646,40,0.0,0,0
19550605,45,645,27,0.0,0,0
19550605,45,578,26,0.0,0,0
19550605,45,502,23,0.0,0,0
19550605,45,644,13,3.0,0,0
19550605,45,479,19,1.0,0,0
19550605,45,643,3,10.33,0,0
19550605,45,499,14,2.0,0,0
19550605,45,580,1,19.0,2,0
19550619,46,662,52,0.0,0,0
19550619,46,548,48,0.0,0,0
19550619,46,625,32,0.0,0,0
19550619,46,661,37,0.0,0,0
19550619,46,633,13,3.0,0,0
19550619,46,593,72,0.0,0,0
19550619,46,616,71,0.0,0,0
19550619,46,660,70,0.0,0,0
19550619,46,597,69,0.0,0,0
19550619,46,534,68,0.0,0,0
19550619,46,449,67,0.0,0,0
19550619,46,559,66,0.0,0,0
19550619,46,659,65,0.0,0,0
19550619,46,658,23,1.0,0,0
19550619,46,526,64,0.0,0,0
19550619,46,562,63,0.0,0,0
19550619,46,533,61,0.0,0,0
19550619,46,594,60,0.0,0,0
19550619,46,632,57,0.0,0,0
19550619,46,612,56,0.0,0,0
19550619,46,524,55,0.0,0,0
19550619,46,657,53,0.0,0,0
19550619,46,656,51,0.0,0,0
19550619,46,529,50,0.0,0,0
19550619,46,510,41,0.0,0,0
19550619,46,514,40,0.0,0,0
19550619,46,564,39,0.0,0,0
19550619,46,519,38,0.0,0,0
19550619,46,560,36,0.0,0,0
19550619,46,557,35,0.0,0,0
19550619,46,598,33,0.0,0,0
19550619,46,539,30,0.0,0,0
19550619,46,613,26,0.0,0,0
19550619,46,655,21,1.0,0,0
19550619,46,513,14,3.0,0,0
19550619,46,654,9,4.0,0,0
19550619,46,530,10,3.0,0,0
19550619,46,629,5,8.0,1,0
19550619,46,653,62,0.0,0,0
19550619,46,652,59,0.0,0,0
19550619,46,628,34,0.0,0,0
19550619,46,579,29,0.0,0,0
19550619,46,610,54,0.0,0,0
19550619,46,627,46,0.0,0,0
19550619,46,608,16,2.0,0,0
19550619,46,642,31,0.0,0,0
19550619,46,651,27,0.0,0,0
19550619,46,590,25,0.0,0,0
19550619,46,497,42,0.0,0,0
19550619,46,650,58,0.0,0,0
19550619,46,634,17,2.0,0,0
19550619,46,649,19,1.0,0,0
19550619,46,555,12,3.0,0,0
19550619,46,626,47,0.0,0,0
19550619,46,648,45,0.0,0,0
19550619,46,624,49,0.0,0,0
19550619,46,476,2,13.0,0,0
19550619,46,609,6,8.0,0,0
19550619,46,427,3,11.33,1,0
19550619,46,647,44,0.0,0,0
19550619,46,646,43,0.0,0,0
19550619,46,645,28,0.0,0,0
19550619,46,578,8,4.0,0,0
19550619,46,502,24,0.0,0,0
19550619,46,644,7,7.0,0,0
19550619,46,479,20,1.0,0,0
19550619,46,643,4,10.33,0,0
19550619,46,499,15,2.0,0,0
19550619,46,580,1,27.0,3,0
19550716,47,520,23,1.0,0,0
19550716,47,556,12,3.0,0,0
19550716,47,621,20,1.33,0,0
19550716,47,487,73,0.0,0,0
19550716,47,666,67,0.0,0,0
19550716,47,667,64,0.0,0,0
19550716,47,457,59,0.0,0,0
19550716,47,582,54,0.0,0,0
19550716,47,665,51,0.0,0,0
19550716,47,356,49,0.0,0,0
19550716,47,664,38,0.0,0,0
19550716,47,663,32,0.0,0,0
19550716,47,662,57,0.0,0,0
19550716,47,548,53,0.0,0,0
19550716,47,625,33,0.0,0,0
19550716,47,661,40,0.0,0,0
19550716,47,633,15,3.0,0,0
19550716,47,593,81,0.0,0,0
19550716,47,616,80,0.0,0,0
19550716,47,660,79,0.0,0,0
19550716,47,597,78,0.0,0,0
19550716,47,534,77,0.0,0,0
19550716,47,449,76,0.0,0,0
19550716,47,559,75,0.0,0,0
19550716,47,659,74,0.0,0,0
19550716,47,658,24,1.0,0,0
19550716,47,526,72,0.0,0,0
19550716,47,562,71,0.0,0,0
19550716,47,533,69,0.0,0,0
19550716,47,594,68,0.0,0,0
19550716,47,632,65,0.0,0,0
19550716,47,612,63,0.0,0,0
19550716,47,524,62,0.0,0,0
19550716,47,657,61,0.0,0,0
19550716,47,656,58,0.0,0,0
19550716,47,529,56,0.0,0,0
19550716,47,510,44,0.0,0,0
19550716,47,514,43,0.0,0,0
19550716,47,564,42,0.0,0,0
19550716,47,519,41,0.0,0,0
19550716,47,560,39,0.0,0,0
19550716,47,557,37,0.0,0,0
19550716,47,598,35,0.0,0,0
19550716,47,539,31,0.0,0,0
19550716,47,613,28,0.0,0,0
19550716,47,655,22,1.0,0,0
19550716,47,513,16,3.0,0,0
19550716,47,654,10,4.0,0,0
19550716,47,530,11,3.0,0,0
19550716,47,629,5,8.0,1,0
19550716,47,653,70,0.0,0,0
19550716,47,652,34,0.0,0,0
19550716,47,628,36,0.0,0,0
19550716,47,579,26,0.0,0,0
19550716,47,610,60,0.0,0,0
19550716,47,627,50,0.0,0,0
19550716,47,608,18,2.0,0,0
19550716,47,642,14,3.0,0,0
19550716,47,651,29,0.0,0,0
19550716,47,590,27,0.0,0,0
19550716,47,497,45,0.0,0,0
19550716,47,650,66,0.0,0,0
19550716,47,634,19,2.0,0,0
19550716,47,649,9,5.0,0,0
19550716,47,555,13,3.0,0,0
19550716,47,626,52,0.0,0,0
19550716,47,648,48,0.0,0,0
19550716,47,624,55,0.0,0,0
19550716,47,476,2,22.0,1,0
19550716,47,609,6,8.0,0,0
19550716,47,427,3,11.33,1,0
19550716,47,647,47,0.0,0,0
19550716,47,646,46,0.0,0,0
19550716,47,645,30,0.0,0,0
19550716,47,578,8,6.0,0,0
19550716,47,502,25,0.0,0,0
19550716,47,644,7,7.0,0,0
19550716,47,479,21,1.0,0,0
19550716,47,643,4,10.33,0,0
19550716,47,499,17,2.0,0,0
19550716,47,580,1,33.0,3,0
19550911,48,587,74,0.0,0,1
19550911,48,669,65,0.0,0,1
19550911,48,668,40,0.0,0,1
19550911,48,621,21,1.33,0,1
19550911,48,487,76,0.0,0,1
19550911,48,666,69,0.0,0,1
19550911,48,667,66,0.0,0,1
19550911,48,457,60,0.0,0,1
19550911,48,582,55,0.0,0,1
19550911,48,665,53,0.0,0,1
19550911,48,356,50,0.0,0,1
19550911,48,664,38,0.0,0,1
19550911,48,663,33,0.0,0,1
19550911,48,662,58,0.0,0,1
19550911,48,548,51,0.0,0,1
19550911,48,625,34,0.0,0,1
19550911,48,661,42,0.0,0,1
19550911,48,633,15,3.0,0,1
19550911,48,593,84,0.0,0,1
19550911,48,616,83,0.0,0,1
19550911,48,660,82,0.0,0,1
19550911,48,597,81,0.0,0,1
19550911,48,534,80,0.0,0,1
19550911,48,449,79,0.0,0,1
19550911,48,559,78,0.0,0,1
19550911,48,659,77,0.0,0,1
19550911,48,658,25,1.0,0,1
19550911,48,526,75,0.0,0,1
19550911,48,562,73,0.0,0,1
19550911,48,533,71,0.0,0,1
19550911,48,594,70,0.0,0,1
19550911,48,632,67,0.0,0,1
19550911,48,612,64,0.0,0,1
19550911,48,524,63,0.0,0,1
19550911,48,657,62,0.0,0,1
19550911,48,656,59,0.0,0,1
19550911,48,529,57,0.0,0,1
19550911,48,510,46,0.0,0,1
19550911,48,514,45,0.0,0,1
19550911,48,564,44,0.0,0,1
19550911,48,519,43,0.0,0,1
19550911,48,560,41,0.0,0,1
19550911,48,557,39,0.0,0,1
19550911,48,598,36,0.0,0,1
19550911,48,539,32,0.0,0,1
19550911,48,613,29,0.0,0,1
19550911,48,655,23,1.0,0,1
19550911,48,513,16,3.0,0,1
19550911,48,654,12,4.0,0,1
19550911,48,530,13,3.0,0,1
19550911,48,629,7,8.0,1,1
19550911,48,653,72,0.0,0,1
19550911,48,652,35,0.0,0,1
19550911,48,628,37,0.0,0,1
19550911,48,579,27,0.0,0,1
19550911,48,610,61,0.0,0,1
19550911,48,627,52,0.0,0,1
19550911,48,608,18,2.0,0,1
19550911,48,642,6,9.0,0,1
19550911,48,651,30,0.0,0,1
19550911,48,590,28,0.0,0,1
19550911,48,497,19,2.0,0,1
19550911,48,650,68,0.0,0,1
19550911,48,634,20,2.0,0,1
19550911,48,649,11,5.0,0,1
19550911,48,555,9,6.0,0,1
19550911,48,626,54,0.0,0,1
19550911,48,648,49,0.0,0,1
19550911,48,624,56,0.0,0,1
19550911,48,476,2,23.0,1,1
19550911,48,609,3,12.0,0,1
19550911,48,427,4,11.33,1,1
19550911,48,647,48,0.0,0,1
19550911,48,646,47,0.0,0,1
19550911,48,645,31,0.0,0,1
19550911,48,578,10,6.0,0,1
19550911,48,502,26,0.0,0,1
19550911,48,644,8,7.0,0,1
19550911,48,479,22,1.0,0,1
19550911,48,643,5,10.33,0,1
19550911,48,499,17,2.0,0,1
19550911,48,580,1,40.0,4,1
19540117,33,497,16,0.0,0,0
19540117,33,578,15,0.0,0,0
19540117,33,628,14,0.0,0,0
19540117,33,673,13,0.0,0,0
19540117,33,672,12,0.0,0,0
19540117,33,644,11,0.0,0,0
19540117,33,671,10,0.0,0,0
19540117,33,621,9,0.0,0,0
19540117,33,641,8,0.0,0,0
19540117,33,670,7,0.0,0,0
19540117,33,502,6,0.0,0,0
19540117,33,626,5,2.0,0,0
19540117,33,427,4,3.0,0,0
19540117,33,499,3,5.0,0,0
19540531,34,806,55,0.0,0,0
19540531,34,560,54,0.0,0,0
19540531,34,514,50,0.0,0,0
19540531,34,731,38,0.0,0,0
19540531,34,703,36,0.0,0,0
19540531,34,800,33,0.0,0,0
19540531,34,614,31,0.0,0,0
19540531,34,655,27,0.0,0,0
19540531,34,654,22,0.0,0,0
19540531,34,520,58,0.0,0,0
19540531,34,594,25,0.0,0,0
19540531,34,679,57,0.0,0,0
19540531,34,678,56,0.0,0,0
19540531,34,530,32,0.0,0,0
19540531,34,510,48,0.0,0,0
19540531,34,557,52,0.0,0,0
19540531,34,660,16,0.0,0,0
19540531,34,613,24,0.0,0,0
19540531,34,513,53,0.0,0,0
19540531,34,521,40,0.0,0,0
19540531,34,449,51,0.0,0,0
19540531,34,598,49,0.0,0,0
19540531,34,612,23,0.0,0,0
19540531,34,677,39,0.0,0,0
19540531,34,597,37,0.0,0,0
19540531,34,593,35,0.0,0,0
19540531,34,680,34,0.0,0,0
19540531,34,519,10,1.5,0,0
19540531,34,629,30,0.0,0,0
19540531,34,676,29,0.0,0,0
19540531,34,522,28,0.0,0,0
19540531,34,657,26,0.0,0,0
19540531,34,656,21,0.0,0,0
19540531,34,675,19,0.0,0,0
19540531,34,556,18,0.0,0,0
19540531,34,616,12,0.0,0,0
19540531,34,674,9,2.0,0,0
19540531,34,527,11,1.5,0,0
19540531,34,526,3,6.0,0,0
19540531,34,658,2,8.0,1,0
19540531,34,497,47,0.0,0,0
19540531,34,578,46,0.0,0,0
19540531,34,628,45,0.0,0,0
19540531,34,673,44,0.0,0,0
19540531,34,672,43,0.0,0,0
19540531,34,644,42,0.0,0,0
19540531,34,671,41,0.0,0,0
19540531,34,621,20,0.0,0,0
19540531,34,641,17,0.0,0,0
19540531,34,670,14,0.0,0,0
19540620,35,579,13,1.5,0,0
19540620,35,806,62,0.0,0,0
19540620,35,560,61,0.0,0,0
19540620,35,514,57,0.0,0,0
19540620,35,731,42,0.0,0,0
19540620,35,703,40,0.0,0,0
19540620,35,800,37,0.0,0,0
19540620,35,614,35,0.0,0,0
19540620,35,655,31,0.0,0,0
19540620,35,654,26,0.0,0,0
19540620,35,681,49,0.0,0,0
19540620,35,555,46,0.0,0,0
19540620,35,633,45,0.0,0,0
19540620,35,645,19,0.0,0,0
19540620,35,429,11,2.0,0,0
19540620,35,476,8,4.0,0,0
19540620,35,520,65,0.0,0,0
19540620,35,594,29,0.0,0,0
19540620,35,679,64,0.0,0,0
19540620,35,678,63,0.0,0,0
19540620,35,530,36,0.0,0,0
19540620,35,510,55,0.0,0,0
19540620,35,557,59,0.0,0,0
19540620,35,660,20,0.0,0,0
19540620,35,613,28,0.0,0,0
19540620,35,513,60,0.0,0,0
19540620,35,521,44,0.0,0,0
19540620,35,449,58,0.0,0,0
19540620,35,598,56,0.0,0,0
19540620,35,612,27,0.0,0,0
19540620,35,597,41,0.0,0,0
19540620,35,593,39,0.0,0,0
19540620,35,680,38,0.0,0,0
19540620,35,519,12,1.5,0,0
19540620,35,629,34,0.0,0,0
19540620,35,676,33,0.0,0,0
19540620,35,522,32,0.0,0,0
19540620,35,657,30,0.0,0,0
19540620,35,656,25,0.0,0,0
19540620,35,675,23,0.0,0,0
19540620,35,556,22,0.0,0,0
19540620,35,616,16,0.0,0,0
19540620,35,674,10,2.0,0,0
19540620,35,527,14,1.5,0,0
19540620,35,659,7,5.0,0,0
19540620,35,526,6,6.0,0,0
19540620,35,658,3,8.0,1,0
19540620,35,497,54,0.0,0,0
19540620,35,578,53,0.0,0,0
19540620,35,628,52,0.0,0,0
19540620,35,673,51,0.0,0,0
19540704,36,806,72,0.0,0,0
19540704,36,560,71,0.0,0,0
19540704,36,514,67,0.0,0,0
19540704,36,731,47,0.0,0,0
19540704,36,703,45,0.0,0,0
19540704,36,800,42,0.0,0,0
19540704,36,614,40,0.0,0,0
19540704,36,655,36,0.0,0,0
19540704,36,654,31,0.0,0,0
19540704,36,648,65,0.0,0,0
19540704,36,651,64,0.0,0,0
19540704,36,579,17,1.5,0,0
19540704,36,682,61,0.0,0,0
19540704,36,652,59,0.0,0,0
19540704,36,457,58,0.0,0,0
19540704,36,479,19,1.0,0,0
19540704,36,664,54,0.0,0,0
19540704,36,634,15,2.0,0,0
19540704,36,627,9,4.0,0,0
19540704,36,649,7,6.0,0,0
19540704,36,681,55,0.0,0,0
19540704,36,555,20,0.0,0,0
19540704,36,633,50,0.0,0,0
19540704,36,645,23,0.0,0,0
19540704,36,429,14,2.0,0,0
19540704,36,476,10,4.0,0,0
19540704,36,520,75,0.0,0,0
19540704,36,594,34,0.0,0,0
19540704,36,679,74,0.0,0,0
19540704,36,678,73,0.0,0,0
19540704,36,530,41,0.0,0,0
19540704,36,510,63,0.0,0,0
19540704,36,557,69,0.0,0,0
19540704,36,660,25,0.0,0,0
19540704,36,613,33,0.0,0,0
19540704,36,513,70,0.0,0,0
19540704,36,521,49,0.0,0,0
19540704,36,449,68,0.0,0,0
19540704,36,598,66,0.0,0,0
19540704,36,612,32,0.0,0,0
19540704,36,677,48,0.0,0,0
19540704,36,597,46,0.0,0,0
19540704,36,593,44,0.0,0,0
19540704,36,680,43,0.0,0,0
19540704,36,519,16,1.5,0,0
19540704,36,629,39,0.0,0,0
19540704,36,676,38,0.0,0,0
19540704,36,522,37,0.0,0,0
19540704,36,657,35,0.0,0,0
19540704,36,656,30,0.0,0,0
19540704,36,675,28,0.0,0,0
19540704,36,556,27,0.0,0,0
19540704,36,529,24,0.0,0,0
19540704,36,616,22,0.0,0,0
19540704,36,674,13,2.0,0,0
19540717,37,542,70,0.0,0,0
19540717,37,806,85,0.0,0,0
19540717,37,560,82,0.0,0,0
19540717,37,514,74,0.0,0,0
19540717,37,731,55,0.0,0,0
19540717,37,703,53,0.0,0,0
19540717,37,800,50,0.0,0,0
19540717,37,614,47,0.0,0,0
19540717,37,655,41,0.0,0,0
19540717,37,654,35,0.0,0,0
19540717,37,691,89,0.0,0,0
19540717,37,690,87,0.0,0,0
19540717,37,689,84,0.0,0,0
19540717,37,688,83,0.0,0,0
19540717,37,582,81,0.0,0,0
19540717,37,646,80,0.0,0,0
19540717,37,687,77,0.0,0,0
19540717,37,686,75,0.0,0,0
19540717,37,685,66,0.0,0,0
19540717,37,548,49,0.0,0,0
19540717,37,684,46,0.0,0,0
19540717,37,666,44,0.0,0,0
19540717,37,683,39,0.0,0,0
19540717,37,620,33,0.0,0,0
19540717,37,648,72,0.0,0,0
19540717,37,651,71,0.0,0,0
19540717,37,579,5,7.64,0,0
19540717,37,682,67,0.0,0,0
19540717,37,457,62,0.0,0,0
19540717,37,479,20,1.0,0,0
19540717,37,664,27,0.0,0,0
19540717,37,634,15,2.0,0,0
19540717,37,627,12,4.0,0,0
19540717,37,649,6,6.0,0,0
19540717,37,681,60,0.0,0,0
19540717,37,555,22,0.0,0,0
19540717,37,633,58,0.0,0,0
19540717,37,645,25,0.0,0,0
19540717,37,429,14,2.0,0,0
19540717,37,476,11,4.0,0,0
19540717,37,520,90,0.0,0,0
19540717,37,594,38,0.0,0,0
19540717,37,679,88,0.0,0,0
19540717,37,678,86,0.0,0,0
19540717,37,530,48,0.0,0,0
19540717,37,510,69,0.0,0,0
19540717,37,557,78,0.0,0,0
19540717,37,660,28,0.0,0,0
19540717,37,613,37,0.0,0,0
19540717,37,513,79,0.0,0,0
19540717,37,521,57,0.0,0,0
19540717,37,449,76,0.0,0,0
19540717,37,598,73,0.0,0,0
19540717,37,612,36,0.0,0,0
19540717,37,677,56,0.0,0,0
19540717,37,597,54,0.0,0,0
19540717,37,593,52,0.0,0,0
19540717,37,680,51,0.0,0,0
19540717,37,519,18,1.5,0,0
19540717,37,629,45,0.0,0,0
19540717,37,676,43,0.0,0,0
19540717,37,522,42,0.0,0,0
19540717,37,657,40,0.0,0,0
19540717,37,675,31,0.0,0,0
19540717,37,529,26,0.0,0,0
19540717,37,616,24,0.0,0,0
19540717,37,527,19,1.5,0,0
19540717,37,526,8,6.0,0,0
19540717,37,658,4,8.0,1,0
19540717,37,497,68,0.0,0,0
19540717,37,578,65,0.0,0,0
19540717,37,628,59,0.0,0,0
19540717,37,673,63,0.0,0,0
19540717,37,672,61,0.0,0,0
19540717,37,671,10,4.14,0,0
19540717,37,621,32,0.0,0,0
19540717,37,641,29,0.0,0,0
19540717,37,502,21,0.0,0,0
19540717,37,626,16,2.0,0,0
19540717,37,427,3,11.0,0,0
19540717,37,499,2,14.64,1,0
19540717,37,643,7,6.0,0,0
19540717,37,580,1,28.14,3,0
19540801,38,542,74,0.0,0,0
19540801,38,806,88,0.0,0,0
19540801,38,560,85,0.0,0,0
19540801,38,514,78,0.0,0,0
19540801,38,731,57,0.0,0,0
19540801,38,703,55,0.0,0,0
19540801,38,800,52,0.0,0,0
19540801,38,614,49,0.0,0,0
19540801,38,655,43,0.0,0,0
19540801,38,654,37,0.0,0,0
19540801,38,693,64,0.0,0,0
19540801,38,692,61,0.0,0,0
19540801,38,642,26,0.0,0,0
19540801,38,691,92,0.0,0,0
19540801,38,690,90,0.0,0,0
19540801,38,689,87,0.0,0,0
19540801,38,688,86,0.0,0,0
19540801,38,582,84,0.0,0,0
19540801,38,646,62,0.0,0,0
19540801,38,687,81,0.0,0,0
19540801,38,686,79,0.0,0,0
19540801,38,685,70,0.0,0,0
19540801,38,548,51,0.0,0,0
19540801,38,684,48,0.0,0,0
19540801,38,666,46,0.0,0,0
19540801,38,683,41,0.0,0,0
19540801,38,620,35,0.0,0,0
19540801,38,648,76,0.0,0,0
19540801,38,651,75,0.0,0,0
19540801,38,579,4,10.64,0,0
19540801,38,682,71,0.0,0,0
19540801,38,652,68,0.0,0,0
19540801,38,457,66,0.0,0,0
19540801,38,479,21,1.0,0,0
19540801,38,664,29,0.0,0,0
19540801,38,634,16,2.0,0,0
19540801,38,627,11,4.0,0,0
19540801,38,649,5,10.0,0,0
19540801,38,681,63,0.0,0,0
19540801,38,555,23,0.0,0,0
19540801,38,633,60,0.0,0,0
19540801,38,645,14,2.0,0,0
19540801,38,429,15,2.0,0,0
19540801,38,476,12,4.0,0,0
19540801,38,520,93,0.0,0,0
19540801,38,594,40,0.0,0,0
19540801,38,679,91,0.0,0,0
19540801,38,678,89,0.0,0,0
19540801,38,530,50,0.0,0,0
19540801,38,510,73,0.0,0,0
19540801,38,557,82,0.0,0,0
19540801,38,660,30,0.0,0,0
19540801,38,613,39,0.0,0,0
19540801,38,513,83,0.0,0,0
19540801,38,521,59,0.0,0,0
19540801,38,449,80,0.0,0,0
19540801,38,598,77,0.0,0,0
19540801,38,612,38,0.0,0,0
19540801,38,677,58,0.0,0,0
19540801,38,597,56,0.0,0,0
19540801,38,593,54,0.0,0,0
19540801,38,680,53,0.0,0,0
19540801,38,519,19,1.5,0,0
19540801,38,629,47,0.0,0,0
19540801,38,676,45,0.0,0,0
19540801,38,522,44,0.0,0,0
19540801,38,657,42,0.0,0,0
19540801,38,675,33,0.0,0,0
19540801,38,556,32,0.0,0,0
19540801,38,529,27,0.0,0,0
19540801,38,674,18,2.0,0,0
19540801,38,527,20,1.5,0,0
19540801,38,659,9,5.0,0,0
19540801,38,526,8,6.0,0,0
19540801,38,658,6,8.0,1,0
19540801,38,497,72,0.0,0,0
19540801,38,578,69,0.0,0,0
19540801,38,628,28,0.0,0,0
19540801,38,673,67,0.0,0,0
19540801,38,672,65,0.0,0,0
19540801,38,671,10,4.14,0,0
19540801,38,621,34,0.0,0,0
19540801,38,670,13,3.0,0,0
19540801,38,502,22,0.0,0,0
19540801,38,626,17,2.0,0,0
19540801,38,499,2,17.64,1,0
19670102,151,341,3,4.0,0,0
19670102,151,345,1,9.0,1,0
19540822,39,542,75,0.0,0,0
19540822,39,806,89,0.0,0,0
19540822,39,560,86,0.0,0,0
19540822,39,514,79,0.0,0,0
19540822,39,731,58,0.0,0,0
19540822,39,703,56,0.0,0,0
19540822,39,800,53,0.0,0,0
19540822,39,614,50,0.0,0,0
19540822,39,655,44,0.0,0,0
19540822,39,654,38,0.0,0,0
19540822,39,694,66,0.0,0,0
19540822,39,693,64,0.0,0,0
19540822,39,692,62,0.0,0,0
19540822,39,642,27,0.0,0,0
19540822,39,691,93,0.0,0,0
19540822,39,690,91,0.0,0,0
19540822,39,689,88,0.0,0,0
19540822,39,688,87,0.0,0,0
19540822,39,582,85,0.0,0,0
19540822,39,646,63,0.0,0,0
19540822,39,687,82,0.0,0,0
19540822,39,686,80,0.0,0,0
19540822,39,685,71,0.0,0,0
19540822,39,548,52,0.0,0,0
19540822,39,684,49,0.0,0,0
19540822,39,666,47,0.0,0,0
19540822,39,683,42,0.0,0,0
19540822,39,620,36,0.0,0,0
19540822,39,648,77,0.0,0,0
19540822,39,651,76,0.0,0,0
19540822,39,579,4,10.64,0,0
19540822,39,682,72,0.0,0,0
19540822,39,652,69,0.0,0,0
19540822,39,457,67,0.0,0,0
19540822,39,479,9,5.0,0,0
19540822,39,664,24,0.0,0,0
19540822,39,634,18,2.0,0,0
19540822,39,627,12,4.0,0,0
19540822,39,649,5,10.0,0,0
19540822,39,681,31,0.0,0,0
19540822,39,555,25,0.0,0,0
19540822,39,633,61,0.0,0,0
19540822,39,645,14,4.0,0,0
19540822,39,429,17,2.0,0,0
19540822,39,476,13,4.0,0,0
19540822,39,520,94,0.0,0,0
19540822,39,594,41,0.0,0,0
19540822,39,679,92,0.0,0,0
19540822,39,678,90,0.0,0,0
19540822,39,530,51,0.0,0,0
19540822,39,510,74,0.0,0,0
19540822,39,557,83,0.0,0,0
19540822,39,660,32,0.0,0,0
19540822,39,613,40,0.0,0,0
19540822,39,513,84,0.0,0,0
19540822,39,521,60,0.0,0,0
19540822,39,449,81,0.0,0,0
19540822,39,598,78,0.0,0,0
19540822,39,612,39,0.0,0,0
19540822,39,677,59,0.0,0,0
19540822,39,597,57,0.0,0,0
19540822,39,593,55,0.0,0,0
19540822,39,680,54,0.0,0,0
19540822,39,519,21,1.5,0,0
19540822,39,629,48,0.0,0,0
19540822,39,676,46,0.0,0,0
19540822,39,522,45,0.0,0,0
19540822,39,657,43,0.0,0,0
19540822,39,656,37,0.0,0,0
19540822,39,675,35,0.0,0,0
19540905,40,542,77,0.0,0,0
19540905,40,806,90,0.0,0,0
19540905,40,560,87,0.0,0,0
19540905,40,514,81,0.0,0,0
19540905,40,731,61,0.0,0,0
19540905,40,703,59,0.0,0,0
19540905,40,800,56,0.0,0,0
19540905,40,614,53,0.0,0,0
19540905,40,655,47,0.0,0,0
19540905,40,654,41,0.0,0,0
19540905,40,695,79,0.0,0,0
19540905,40,694,27,0.0,0,0
19540905,40,693,68,0.0,0,0
19540905,40,692,66,0.0,0,0
19540905,40,642,29,0.0,0,0
19540905,40,691,94,0.0,0,0
19540905,40,690,92,0.0,0,0
19540905,40,689,89,0.0,0,0
19540905,40,688,88,0.0,0,0
19540905,40,582,30,0.0,0,0
19540905,40,646,67,0.0,0,0
19540905,40,687,84,0.0,0,0
19540905,40,686,82,0.0,0,0
19540905,40,685,73,0.0,0,0
19540905,40,548,55,0.0,0,0
19540905,40,684,52,0.0,0,0
19540905,40,666,50,0.0,0,0
19540905,40,683,45,0.0,0,0
19540905,40,620,38,0.0,0,0
19540905,40,648,65,0.0,0,0
19540905,40,579,4,16.64,0,0
19540905,40,682,74,0.0,0,0
19540905,40,652,72,0.0,0,0
19540905,40,457,70,0.0,0,0
19540905,40,479,7,8.0,0,0
19540905,40,664,25,0.0,0,0
19540905,40,634,19,2.0,0,0
19540905,40,627,12,4.0,0,0
19540905,40,649,5,10.0,0,0
19540905,40,681,33,0.0,0,0
19540905,40,555,26,0.0,0,0
19540905,40,633,64,0.0,0,0
19540905,40,645,14,4.0,0,0
19540905,40,429,18,2.0,0,0
19540905,40,476,13,4.0,0,0
19540905,40,520,95,0.0,0,0
19540905,40,594,44,0.0,0,0
19540905,40,679,93,0.0,0,0
19540905,40,678,91,0.0,0,0
19540905,40,530,54,0.0,0,0
19540905,40,510,76,0.0,0,0
19540905,40,557,85,0.0,0,0
19540905,40,660,34,0.0,0,0
19540905,40,613,43,0.0,0,0
19540905,40,513,86,0.0,0,0
19540905,40,521,63,0.0,0,0
19540905,40,449,83,0.0,0,0
19540905,40,598,80,0.0,0,0
19540905,40,612,42,0.0,0,0
19540905,40,677,62,0.0,0,0
19540905,40,597,60,0.0,0,0
19540905,40,593,58,0.0,0,0
19540905,40,680,57,0.0,0,0
19540905,40,519,22,1.5,0,0
19540905,40,629,51,0.0,0,0
19540905,40,676,49,0.0,0,0
19540905,40,522,48,0.0,0,0
19540905,40,657,46,0.0,0,0
19540905,40,656,39,0.0,0,0
19540905,40,556,36,0.0,0,0
19540905,40,529,31,0.0,0,0
19540905,40,616,28,0.0,0,0
19540905,40,674,21,2.0,0,0
19540905,40,527,23,1.5,0,0
19540905,40,659,10,5.0,0,0
19540905,40,526,9,6.0,0,0
19540905,40,658,6,8.0,1,0
19540905,40,497,75,0.0,0,0
19540905,40,578,71,0.0,0,0
19540905,40,628,32,0.0,0,0
19540905,40,673,40,0.0,0,0
19540905,40,672,69,0.0,0,0
19540905,40,644,16,3.0,0,0
19540905,40,671,11,4.14,0,0
19540905,40,643,8,6.0,0,0
19541024,41,639,68,0.0,0,1
19541024,41,542,80,0.0,0,1
19541024,41,806,92,0.0,0,1
19541024,41,560,89,0.0,0,1
19541024,41,514,83,0.0,0,1
19541024,41,731,64,0.0,0,1
19541024,41,703,62,0.0,0,1
19541024,41,800,59,0.0,0,1
19541024,41,614,56,0.0,0,1
19541024,41,655,50,0.0,0,1
19541024,41,654,44,0.0,0,1
19541024,41,581,31,0.0,0,1
19541024,41,695,81,0.0,0,1
19541024,41,694,29,0.0,0,1
19541024,41,693,72,0.0,0,1
19541024,41,692,69,0.0,0,1
19541024,41,642,32,0.0,0,1
19541024,41,691,96,0.0,0,1
19541024,41,690,94,0.0,0,1
19541024,41,689,91,0.0,0,1
19541024,41,688,90,0.0,0,1
19541024,41,582,34,0.0,0,1
19541024,41,646,70,0.0,0,1
19541024,41,687,86,0.0,0,1
19541024,41,686,84,0.0,0,1
19541024,41,685,76,0.0,0,1
19541024,41,548,58,0.0,0,1
19541024,41,684,55,0.0,0,1
19541024,41,666,53,0.0,0,1
19541024,41,683,48,0.0,0,1
19541024,41,620,41,0.0,0,1
19541024,41,648,25,1.0,0,1
19541024,41,651,71,0.0,0,1
19541024,41,579,3,24.64,1,1
19541024,41,682,77,0.0,0,1
19541024,41,652,75,0.0,0,1
19541024,41,457,74,0.0,0,1
19541024,41,479,7,8.0,0,1
19541024,41,664,27,0.0,0,1
19541024,41,634,20,2.0,0,1
19541024,41,627,14,4.0,0,1
19541024,41,649,5,12.0,0,1
19541024,41,681,37,0.0,0,1
19541024,41,555,28,0.0,0,1
19541024,41,633,67,0.0,0,1
19541024,41,645,16,4.0,0,1
19541024,41,429,19,2.0,0,1
19541024,41,476,15,4.0,0,1
19541024,41,520,97,0.0,0,1
19541024,41,594,47,0.0,0,1
19541024,41,679,95,0.0,0,1
19541024,41,678,93,0.0,0,1
19541024,41,530,57,0.0,0,1
19541024,41,510,79,0.0,0,1
19541024,41,557,87,0.0,0,1
19541024,41,660,38,0.0,0,1
19541024,41,613,46,0.0,0,1
19541024,41,513,88,0.0,0,1
19541024,41,521,66,0.0,0,1
19541024,41,449,85,0.0,0,1
19541024,41,598,82,0.0,0,1
19541024,41,612,45,0.0,0,1
19541024,41,677,65,0.0,0,1
19541024,41,597,63,0.0,0,1
19541024,41,593,61,0.0,0,1
19541024,41,680,60,0.0,0,1
19541024,41,519,23,1.5,0,1
19541024,41,629,54,0.0,0,1
19541024,41,676,52,0.0,0,1
19541024,41,522,51,0.0,0,1
19541024,41,656,42,0.0,0,1
19541024,41,675,40,0.0,0,1
19541024,41,556,39,0.0,0,1
19541024,41,616,30,0.0,0,1
19541024,41,674,22,2.0,0,1
19541024,41,659,12,5.0,0,1
19541024,41,526,10,6.0,0,1
19541024,41,658,6,8.0,1,1
19541024,41,497,78,0.0,0,1
19541024,41,628,33,0.0,0,1
19541024,41,672,73,0.0,0,1
19541024,41,644,11,6.0,0,1
19541024,41,671,13,4.14,0,1
19541024,41,621,18,2.0,0,1
19541024,41,641,36,0.0,0,1
19541024,41,502,26,0.0,0,1
19541024,41,427,4,17.0,0,1
19541024,41,499,2,25.14,1,1
19541024,41,643,8,6.0,0,1
19530118,24,502,7,0.0,0,0
19530118,24,699,17,0.0,0,0
19530118,24,650,16,0.0,0,0
19530118,24,497,15,0.0,0,0
19530118,24,643,14,0.0,0,0
19530118,24,698,13,0.0,0,0
19530118,24,580,12,0.0,0,0
19530118,24,627,11,0.0,0,0
19530118,24,690,10,0.0,0,0
19530118,24,697,9,0.0,0,0
19530118,24,427,8,0.0,0,0
19530118,24,555,6,0.0,0,0
19530118,24,696,5,2.0,0,0
19530118,24,579,4,3.0,0,0
19530118,24,499,3,4.0,0,0
19530118,24,634,2,6.0,0,0
19530118,24,648,1,9.0,1,0
19530530,25,798,46,0.0,0,0
19530530,25,805,36,0.0,0,0
19530530,25,631,33,0.0,0,0
19530530,25,514,16,0.0,0,0
19530530,25,502,17,0.0,0,0
19530530,25,613,32,0.0,0,0
19530530,25,513,45,0.0,0,0
19530530,25,703,27,0.0,0,0
19530530,25,656,54,0.0,0,0
19530530,25,522,21,0.0,0,0
19530530,25,521,22,0.0,0,0
19530530,25,529,53,0.0,0,0
19530530,25,594,52,0.0,0,0
19530530,25,556,11,1.5,0,0
19530530,25,519,7,2.0,0,0
19530530,25,660,51,0.0,0,0
19530530,25,560,50,0.0,0,0
19530530,25,674,49,0.0,0,0
19530530,25,629,48,0.0,0,0
19530530,25,678,47,0.0,0,0
19530530,25,614,44,0.0,0,0
19530530,25,655,35,0.0,0,0
19530530,25,449,34,0.0,0,0
19530530,25,702,31,0.0,0,0
19530530,25,526,30,0.0,0,0
19530530,25,676,29,0.0,0,0
19530530,25,701,28,0.0,0,0
19530530,25,700,26,0.0,0,0
19530530,25,654,25,0.0,0,0
19530530,25,530,23,0.0,0,0
19530530,25,680,20,0.0,0,0
19530530,25,510,15,0.0,0,0
19530530,25,557,14,0.0,0,0
19530530,25,659,10,2.0,0,0
19530530,25,616,12,1.5,0,0
19530530,25,612,8,2.0,0,0
19530530,25,657,3,6.0,0,0
19530530,25,658,2,9.0,1,0
19530530,25,699,43,0.0,0,0
19530530,25,650,42,0.0,0,0
19530530,25,497,41,0.0,0,0
19530530,25,643,40,0.0,0,0
19530530,25,698,39,0.0,0,0
19530530,25,580,38,0.0,0,0
19530530,25,627,37,0.0,0,0
19530530,25,690,24,0.0,0,0
19530530,25,697,19,0.0,0,0
19530530,25,427,18,0.0,0,0
19530530,25,555,13,0.0,0,0
19530530,25,696,9,2.0,0,0
19530530,25,579,6,3.0,0,0
19530530,25,499,5,4.0,0,0
19530530,25,634,4,6.0,0,0
19530530,25,648,1,9.0,1,0
19530607,26,798,55,0.0,0,0
19530607,26,805,42,0.0,0,0
19530607,26,631,39,0.0,0,0
19530607,26,514,21,0.0,0,0
19530607,26,652,56,0.0,0,0
19530607,26,457,52,0.0,0,0
19530607,26,664,51,0.0,0,0
19530607,26,644,49,0.0,0,0
19530607,26,661,46,0.0,0,0
19530607,26,502,20,0.0,0,0
19530607,26,665,45,0.0,0,0
19530607,26,476,30,0.0,0,0
19530607,26,582,24,0.0,0,0
19530607,26,628,22,0.0,0,0
19530607,26,641,11,2.0,0,0
19530607,26,613,38,0.0,0,0
19530607,26,513,54,0.0,0,0
19530607,26,703,33,0.0,0,0
19530607,26,656,64,0.0,0,0
19530607,26,522,26,0.0,0,0
19530607,26,521,27,0.0,0,0
19530607,26,529,63,0.0,0,0
19530607,26,594,62,0.0,0,0
19530607,26,556,14,1.5,0,0
19530607,26,519,9,2.0,0,0
19530607,26,660,61,0.0,0,0
19530607,26,560,60,0.0,0,0
19530607,26,674,59,0.0,0,0
19530607,26,629,58,0.0,0,0
19530607,26,678,57,0.0,0,0
19530607,26,614,53,0.0,0,0
19530607,26,655,41,0.0,0,0
19530607,26,449,40,0.0,0,0
19530607,26,702,37,0.0,0,0
19530607,26,526,36,0.0,0,0
19530607,26,676,35,0.0,0,0
19530607,26,701,34,0.0,0,0
19530607,26,700,32,0.0,0,0
19530607,26,654,31,0.0,0,0
19530607,26,530,28,0.0,0,0
19530607,26,680,25,0.0,0,0
19530607,26,510,19,0.0,0,0
19530607,26,557,18,0.0,0,0
19530607,26,659,13,2.0,0,0
19530607,26,616,15,1.5,0,0
19530607,26,612,10,2.0,0,0
19530607,26,657,5,6.0,0,0
19530607,26,658,2,9.0,1,0
19530607,26,699,50,0.0,0,0
19530607,26,650,48,0.0,0,0
19530607,26,497,47,0.0,0,0
19530607,26,643,4,6.0,0,0
19530607,26,698,8,2.0,0,0
19530607,26,580,44,0.0,0,0
19530607,26,627,43,0.0,0,0
19530607,26,690,29,0.0,0,0
19530607,26,697,23,0.0,0,0
19530607,26,427,16,0.0,0,0
19530607,26,555,17,0.0,0,0
19530607,26,696,12,2.0,0,0
19530607,26,579,7,6.0,0,0
19530607,26,499,6,6.0,0,0
19530607,26,634,3,7.0,0,0
19530607,26,648,1,17.0,2,0
19530621,27,798,61,0.0,0,0
19530621,27,805,46,0.0,0,0
19530621,27,631,43,0.0,0,0
19530621,27,514,23,0.0,0,0
19530621,27,704,63,0.0,0,0
19530621,27,682,60,0.0,0,0
19530621,27,429,36,0.0,0,0
19530621,27,633,34,0.0,0,0
19530621,27,694,32,0.0,0,0
19530621,27,671,9,4.0,0,0
19530621,27,652,51,0.0,0,0
19530621,27,457,57,0.0,0,0
19530621,27,664,56,0.0,0,0
19530621,27,644,54,0.0,0,0
19530621,27,661,50,0.0,0,0
19530621,27,502,20,0.0,0,0
19530621,27,665,49,0.0,0,0
19530621,27,476,31,0.0,0,0
19530621,27,582,24,0.0,0,0
19530621,27,628,21,0.0,0,0
19530621,27,641,8,5.0,0,0
19530621,27,613,42,0.0,0,0
19530621,27,513,59,0.0,0,0
19530621,27,703,37,0.0,0,0
19530621,27,656,70,0.0,0,0
19530621,27,522,27,0.0,0,0
19530621,27,521,28,0.0,0,0
19530621,27,529,69,0.0,0,0
19530621,27,594,68,0.0,0,0
19530621,27,556,16,1.5,0,0
19530621,27,519,11,2.0,0,0
19530621,27,660,67,0.0,0,0
19530621,27,560,66,0.0,0,0
19530621,27,674,65,0.0,0,0
19530621,27,629,64,0.0,0,0
19530621,27,678,62,0.0,0,0
19530621,27,614,58,0.0,0,0
19530621,27,655,45,0.0,0,0
19530621,27,449,44,0.0,0,0
19530621,27,702,41,0.0,0,0
19530621,27,526,40,0.0,0,0
19530621,27,676,39,0.0,0,0
19530621,27,701,38,0.0,0,0
19530621,27,700,35,0.0,0,0
19530621,27,654,33,0.0,0,0
19530621,27,530,29,0.0,0,0
19530621,27,680,26,0.0,0,0
19530621,27,510,22,0.0,0,0
19530621,27,557,19,0.0,0,0
19530621,27,659,15,2.0,0,0
19530621,27,616,17,1.5,0,0
19530621,27,612,12,2.0,0,0
19530621,27,657,6,6.0,0,0
19530621,27,658,3,9.0,1,0
19530621,27,699,55,0.0,0,0
19530621,27,650,53,0.0,0,0
19530621,27,497,52,0.0,0,0
19530621,27,643,5,6.0,0,0
19530621,27,698,10,2.0,0,0
19530621,27,580,48,0.0,0,0
19530621,27,627,47,0.0,0,0
19530621,27,690,30,0.0,0,0
19530621,27,697,25,0.0,0,0
19530621,27,427,13,2.0,0,0
19530621,27,555,18,0.0,0,0
19530621,27,696,14,2.0,0,0
19530621,27,579,7,6.0,0,0
19530621,27,499,4,7.0,0,0
19530621,27,634,2,13.0,0,0
19530621,27,648,1,25.0,3,0
19530705,28,626,64,0.0,0,0
19530705,28,670,61,0.0,0,0
19530705,28,590,45,0.0,0,0
19530705,28,705,44,0.0,0,0
19530705,28,620,36,0.0,0,0
19530705,28,704,68,0.0,0,0
19530705,28,682,65,0.0,0,0
19530705,28,429,38,0.0,0,0
19530705,28,633,35,0.0,0,0
19530705,28,694,33,0.0,0,0
19530705,28,671,10,4.0,0,0
19530705,28,652,54,0.0,0,0
19530705,28,457,60,0.0,0,0
19530705,28,664,59,0.0,0,0
19530705,28,644,56,0.0,0,0
19530705,28,661,39,0.0,0,0
19530705,28,502,21,0.0,0,0
19530705,28,665,53,0.0,0,0
19530705,28,476,28,0.0,0,0
19530705,28,582,25,0.0,0,0
19530705,28,628,22,0.0,0,0
19530705,28,641,9,5.0,0,0
19530705,28,613,47,0.0,0,0
19530705,28,513,63,0.0,0,0
19530705,28,703,40,0.0,0,0
19530705,28,656,75,0.0,0,0
19530705,28,522,29,0.0,0,0
19530705,28,521,30,0.0,0,0
19530705,28,529,74,0.0,0,0
19530705,28,594,73,0.0,0,0
19530705,28,556,17,1.5,0,0
19530705,28,519,12,2.0,0,0
19530705,28,660,72,0.0,0,0
19530705,28,560,71,0.0,0,0
19530705,28,674,70,0.0,0,0
19530705,28,629,69,0.0,0,0
19530705,28,678,67,0.0,0,0
19530705,28,614,62,0.0,0,0
19530705,28,655,50,0.0,0,0
19530705,28,449,49,0.0,0,0
19530705,28,702,46,0.0,0,0
19530705,28,526,43,0.0,0,0
19530705,28,676,42,0.0,0,0
19530705,28,701,41,0.0,0,0
19530705,28,700,37,0.0,0,0
19530705,28,654,34,0.0,0,0
19530705,28,530,31,0.0,0,0
19530705,28,680,27,0.0,0,0
19530705,28,510,23,0.0,0,0
19530705,28,557,20,0.0,0,0
19530705,28,659,16,2.0,0,0
19530705,28,616,18,1.5,0,0
19530705,28,612,13,2.0,0,0
19530705,28,657,8,6.0,0,0
19530705,28,658,5,9.0,1,0
19530705,28,699,58,0.0,0,0
19530705,28,650,57,0.0,0,0
19530705,28,497,55,0.0,0,0
19530705,28,643,6,8.0,0,0
19530705,28,698,11,2.0,0,0
19530705,28,580,7,7.0,0,0
19530705,28,627,52,0.0,0,0
19530705,28,690,32,0.0,0,0
19530705,28,697,26,0.0,0,0
19530705,28,427,14,2.0,0,0
19530705,28,555,19,0.0,0,0
19530705,28,696,15,2.0,0,0
19530705,28,579,2,14.0,1,0
19530705,28,499,4,11.0,0,0
19530705,28,634,3,13.0,0,0
19530705,28,648,1,28.0,3,0
19530718,29,706,80,0.0,0,0
19530718,29,709,78,0.0,0,0
19530718,29,708,76,0.0,0,0
19530718,29,487,64,0.0,0,0
19530718,29,667,58,0.0,0,0
19530718,29,707,57,0.0,0,0
19530718,29,688,36,0.0,0,0
19530718,29,626,68,0.0,0,0
19530718,29,670,24,0.0,0,0
19530718,29,590,48,0.0,0,0
19530718,29,705,47,0.0,0,0
19530718,29,620,39,0.0,0,0
19530718,29,704,72,0.0,0,0
19530718,29,682,69,0.0,0,0
19530718,29,429,41,0.0,0,0
19530718,29,633,38,0.0,0,0
19530718,29,694,35,0.0,0,0
19530718,29,671,10,4.0,0,0
19530718,29,652,59,0.0,0,0
19530718,29,457,65,0.0,0,0
19530718,29,664,27,0.0,0,0
19530718,29,644,61,0.0,0,0
19530718,29,661,42,0.0,0,0
19530718,29,502,21,0.0,0,0
19530718,29,665,56,0.0,0,0
19530718,29,476,31,0.0,0,0
19530718,29,582,26,0.0,0,0
19530718,29,628,22,0.0,0,0
19530718,29,641,9,5.0,0,0
19530718,29,613,50,0.0,0,0
19530718,29,513,67,0.0,0,0
19530718,29,703,43,0.0,0,0
19530718,29,656,82,0.0,0,0
19530718,29,522,32,0.0,0,0
19530718,29,521,33,0.0,0,0
19530718,29,529,81,0.0,0,0
19530718,29,594,79,0.0,0,0
19530718,29,556,17,1.5,0,0
19530718,29,519,12,2.0,0,0
19530718,29,660,77,0.0,0,0
19530718,29,560,75,0.0,0,0
19530718,29,674,74,0.0,0,0
19530718,29,629,73,0.0,0,0
19530718,29,678,71,0.0,0,0
19530718,29,614,66,0.0,0,0
19530718,29,655,53,0.0,0,0
19530718,29,449,52,0.0,0,0
19530718,29,702,49,0.0,0,0
19530718,29,526,46,0.0,0,0
19530718,29,676,45,0.0,0,0
19530718,29,701,44,0.0,0,0
19530718,29,700,40,0.0,0,0
19530718,29,654,37,0.0,0,0
19530718,29,530,34,0.0,0,0
19530718,29,680,29,0.0,0,0
19530718,29,510,23,0.0,0,0
19530718,29,557,20,0.0,0,0
19530718,29,659,16,2.0,0,0
19530718,29,616,18,1.5,0,0
19530718,29,612,13,2.0,0,0
19530718,29,657,8,6.0,0,0
19530718,29,658,7,9.0,1,0
19530718,29,699,63,0.0,0,0
19530718,29,650,62,0.0,0,0
19530718,29,497,60,0.0,0,0
19530718,29,643,6,12.0,0,0
19530718,29,698,11,2.0,0,0
19530718,29,580,5,13.0,0,0
19530718,29,627,55,0.0,0,0
19530718,29,690,30,0.0,0,0
19530718,29,697,28,0.0,0,0
19530718,29,427,14,2.0,0,0
19530718,29,555,19,0.0,0,0
19530718,29,696,15,2.0,0,0
19530718,29,579,2,16.0,1,0
19530718,29,499,3,13.5,0,0
19530718,29,634,4,13.0,0,0
19530718,29,648,1,33.5,4,0
19530802,30,798,77,0.0,0,0
19530802,30,805,62,0.0,0,0
19530802,30,631,58,0.0,0,0
19530802,30,514,26,0.0,0,0
19530802,30,719,98,0.0,0,0
19530802,30,718,97,0.0,0,0
19530802,30,717,96,0.0,0,0
19530802,30,716,94,0.0,0,0
19530802,30,715,93,0.0,0,0
19530802,30,714,91,0.0,0,0
19530802,30,713,86,0.0,0,0
19530802,30,712,84,0.0,0,0
19530802,30,431,79,0.0,0,0
19530802,30,456,59,0.0,0,0
19530802,30,710,56,0.0,0,0
19530802,30,711,53,0.0,0,0
19530802,30,693,47,0.0,0,0
19530802,30,691,43,0.0,0,0
19530802,30,479,36,0.0,0,0
19530802,30,681,27,0.0,0,0
19530802,30,706,90,0.0,0,0
19530802,30,709,88,0.0,0,0
19530802,30,708,85,0.0,0,0
19530802,30,487,71,0.0,0,0
19530802,30,667,65,0.0,0,0
19530802,30,707,64,0.0,0,0
19530802,30,688,38,0.0,0,0
19530802,30,626,75,0.0,0,0
19530802,30,670,25,0.0,0,0
19530802,30,590,54,0.0,0,0
19530802,30,705,52,0.0,0,0
19530802,30,620,41,0.0,0,0
19530802,30,704,80,0.0,0,0
19530802,30,682,76,0.0,0,0
19530802,30,429,44,0.0,0,0
19530802,30,633,40,0.0,0,0
19530802,30,694,37,0.0,0,0
19530802,30,671,11,4.0,0,0
19530802,30,652,66,0.0,0,0
19530802,30,457,72,0.0,0,0
19530802,30,664,29,0.0,0,0
19530802,30,644,68,0.0,0,0
19530802,30,661,45,0.0,0,0
19530802,30,502,22,0.0,0,0
19530802,30,665,49,0.0,0,0
19530802,30,476,19,0.0,0,0
19530802,30,582,28,0.0,0,0
19530802,30,628,23,0.0,0,0
19530802,30,641,8,7.0,0,0
19530802,30,613,57,0.0,0,0
19530802,30,513,74,0.0,0,0
19530802,30,703,46,0.0,0,0
19530802,30,656,95,0.0,0,0
19530802,30,522,33,0.0,0,0
19530802,30,521,34,0.0,0,0
19530802,30,529,92,0.0,0,0
19530802,30,594,89,0.0,0,0
19530802,30,556,17,1.5,0,0
19530802,30,519,12,2.0,0,0
19530802,30,660,87,0.0,0,0
19530802,30,560,83,0.0,0,0
19530802,30,674,82,0.0,0,0
19530802,30,629,81,0.0,0,0
19530802,30,678,78,0.0,0,0
19530802,30,614,73,0.0,0,0
19530802,30,655,61,0.0,0,0
19530802,30,449,60,0.0,0,0
19530802,30,702,55,0.0,0,0
19530802,30,526,51,0.0,0,0
19530802,30,676,50,0.0,0,0
19530802,30,701,48,0.0,0,0
19530802,30,700,42,0.0,0,0
19530802,30,654,39,0.0,0,0
19530802,30,530,35,0.0,0,0
19530802,30,680,31,0.0,0,0
19530802,30,510,24,0.0,0,0
19530802,30,557,21,0.0,0,0
19530802,30,659,16,2.0,0,0
19530802,30,616,18,1.5,0,0
19530802,30,612,13,2.0,0,0
19530802,30,657,9,6.0,0,0
19530802,30,658,7,9.0,1,0
19530802,30,699,70,0.0,0,0
19530802,30,650,69,0.0,0,0
19530802,30,497,67,0.0,0,0
19530802,30,643,2,20.0,1,0
19530802,30,698,10,5.0,0,0
19530802,30,580,3,19.0,0,0
19530802,30,627,63,0.0,0,0
19530802,30,690,32,0.0,0,0
19530802,30,697,30,0.0,0,0
19530802,30,427,14,2.0,0,0
19530802,30,555,20,0.0,0,0
19530802,30,696,15,2.0,0,0
19530802,30,579,4,18.0,1,0
19530802,30,499,5,13.5,0,0
19530802,30,634,6,13.0,0,0
19530802,30,648,1,33.5,4,0
19530823,31,798,82,0.0,0,0
19530823,31,805,65,0.0,0,0
19530823,31,631,61,0.0,0,0
19530823,31,514,29,0.0,0,0
19530823,31,722,76,0.0,0,0
19530823,31,623,66,0.0,0,0
19530823,31,720,39,0.0,0,0
19530823,31,721,32,0.0,0,0
19530823,31,692,16,2.0,0,0
19530823,31,719,103,0.0,0,0
19530823,31,718,102,0.0,0,0
19530823,31,717,101,0.0,0,0
19530823,31,716,99,0.0,0,0
19530823,31,715,98,0.0,0,0
19530823,31,714,96,0.0,0,0
19530823,31,713,91,0.0,0,0
19530823,31,712,89,0.0,0,0
19530823,31,431,84,0.0,0,0
19530823,31,456,62,0.0,0,0
19530823,31,710,59,0.0,0,0
19530823,31,711,56,0.0,0,0
19530823,31,693,50,0.0,0,0
19530823,31,691,46,0.0,0,0
19530823,31,479,38,0.0,0,0
19530823,31,681,28,0.0,0,0
19530823,31,706,95,0.0,0,0
19530823,31,709,93,0.0,0,0
19530823,31,708,90,0.0,0,0
19530823,31,487,75,0.0,0,0
19530823,31,667,69,0.0,0,0
19530823,31,707,68,0.0,0,0
19530823,31,688,41,0.0,0,0
19530823,31,626,80,0.0,0,0
19530823,31,670,27,0.0,0,0
19530823,31,590,57,0.0,0,0
19530823,31,705,55,0.0,0,0
19530823,31,620,44,0.0,0,0
19530823,31,704,85,0.0,0,0
19530823,31,682,81,0.0,0,0
19530823,31,429,47,0.0,0,0
19530823,31,633,42,0.0,0,0
19530823,31,694,40,0.0,0,0
19530823,31,671,11,4.0,0,0
19530823,31,652,70,0.0,0,0
19530823,31,457,77,0.0,0,0
19530823,31,664,25,0.0,0,0
19530823,31,644,72,0.0,0,0
19530823,31,661,48,0.0,0,0
19530823,31,502,23,0.0,0,0
19530823,31,665,52,0.0,0,0
19530823,31,476,20,0.0,0,0
19530823,31,582,30,0.0,0,0
19530823,31,628,24,0.0,0,0
19530823,31,641,8,7.0,0,0
19530823,31,613,60,0.0,0,0
19530823,31,513,79,0.0,0,0
19530823,31,703,49,0.0,0,0
19530823,31,656,100,0.0,0,0
19530823,31,522,35,0.0,0,0
19530823,31,521,36,0.0,0,0
19530823,31,529,97,0.0,0,0
19530823,31,594,94,0.0,0,0
19530823,31,556,18,1.5,0,0
19530823,31,519,12,2.0,0,0
19530823,31,660,92,0.0,0,0
19530823,31,560,88,0.0,0,0
19530823,31,674,87,0.0,0,0
19530823,31,629,86,0.0,0,0
19530823,31,678,83,0.0,0,0
19530823,31,614,78,0.0,0,0
19530823,31,655,64,0.0,0,0
19530823,31,449,63,0.0,0,0
19530823,31,702,58,0.0,0,0
19530823,31,526,54,0.0,0,0
19530823,31,676,53,0.0,0,0
19530823,31,701,51,0.0,0,0
19530823,31,700,45,0.0,0,0
19530823,31,654,43,0.0,0,0
19530823,31,530,37,0.0,0,0
19530823,31,680,33,0.0,0,0
19530823,31,510,26,0.0,0,0
19530823,31,557,22,0.0,0,0
19530823,31,659,17,2.0,0,0
19530823,31,616,19,1.5,0,0
19530823,31,612,13,2.0,0,0
19530823,31,657,10,6.0,0,0
19530823,31,658,7,9.0,1,0
19530823,31,699,74,0.0,0,0
19530823,31,650,73,0.0,0,0
19530823,31,497,71,0.0,0,0
19530823,31,643,2,24.0,1,0
19530823,31,698,9,6.5,0,0
19530823,31,580,3,20.5,0,0
19530823,31,627,67,0.0,0,0
19530823,31,690,34,0.0,0,0
19530823,31,697,31,0.0,0,0
19530823,31,427,14,2.0,0,0
19530823,31,555,21,0.0,0,0
19530823,31,696,15,2.0,0,0
19530823,31,579,4,19.0,1,0
19530823,31,499,5,13.5,0,0
19530823,31,634,6,13.0,0,0
19530823,31,648,1,34.5,5,0
19530913,32,578,32,0.0,0,1
19530913,32,798,86,0.0,0,1
19530913,32,805,70,0.0,0,1
19530913,32,631,66,0.0,0,1
19530913,32,514,30,0.0,0,1
19530913,32,668,104,0.0,0,1
19530913,32,723,97,0.0,0,1
19530913,32,621,36,0.0,0,1
19530913,32,645,31,0.0,0,1
19530913,32,722,80,0.0,0,1
19530913,32,623,71,0.0,0,1
19530913,32,720,43,0.0,0,1
19530913,32,721,35,0.0,0,1
19530913,32,692,16,2.0,0,1
19530913,32,719,108,0.0,0,1
19530913,32,718,60,0.0,0,1
19530913,32,717,107,0.0,0,1
19530913,32,716,105,0.0,0,1
19530913,32,715,103,0.0,0,1
19530913,32,714,101,0.0,0,1
19530913,32,713,95,0.0,0,1
19530913,32,712,93,0.0,0,1
19530913,32,431,88,0.0,0,1
19530913,32,456,67,0.0,0,1
19530913,32,710,64,0.0,0,1
19530913,32,711,62,0.0,0,1
19530913,32,693,55,0.0,0,1
19530913,32,691,51,0.0,0,1
19530913,32,479,42,0.0,0,1
19530913,32,681,29,0.0,0,1
19530913,32,706,100,0.0,0,1
19530913,32,709,98,0.0,0,1
19530913,32,708,94,0.0,0,1
19530913,32,487,79,0.0,0,1
19530913,32,667,74,0.0,0,1
19530913,32,707,73,0.0,0,1
19530913,32,688,45,0.0,0,1
19530913,32,626,83,0.0,0,1
19530913,32,670,27,0.0,0,1
19530913,32,590,46,0.0,0,1
19530913,32,705,59,0.0,0,1
19530913,32,620,49,0.0,0,1
19530913,32,704,89,0.0,0,1
19530913,32,682,85,0.0,0,1
19530913,32,429,52,0.0,0,1
19530913,32,633,47,0.0,0,1
19530913,32,694,44,0.0,0,1
19530913,32,671,11,4.0,0,1
19530913,32,652,75,0.0,0,1
19530913,32,457,81,0.0,0,1
19530913,32,664,26,0.0,0,1
19530913,32,644,22,0.0,0,1
19530913,32,661,53,0.0,0,1
19530913,32,502,24,0.0,0,1
19530913,32,665,57,0.0,0,1
19530913,32,476,20,0.0,0,1
19530913,32,582,33,0.0,0,1
19530913,32,628,25,0.0,0,1
19530913,32,641,8,7.0,0,1
19530913,32,613,65,0.0,0,1
19530913,32,513,84,0.0,0,1
19530913,32,703,54,0.0,0,1
19530913,32,656,106,0.0,0,1
19530913,32,522,39,0.0,0,1
19530913,32,521,40,0.0,0,1
19530913,32,529,102,0.0,0,1
19530913,32,594,99,0.0,0,1
19530913,32,556,18,1.5,0,1
19530913,32,519,13,2.0,0,1
19530913,32,660,96,0.0,0,1
19530913,32,560,92,0.0,0,1
19530913,32,674,91,0.0,0,1
19530913,32,629,90,0.0,0,1
19530913,32,678,87,0.0,0,1
19530913,32,614,82,0.0,0,1
19530913,32,655,69,0.0,0,1
19530913,32,449,68,0.0,0,1
19530913,32,702,63,0.0,0,1
19530913,32,526,61,0.0,0,1
19530913,32,676,58,0.0,0,1
19530913,32,701,56,0.0,0,1
19530913,32,700,50,0.0,0,1
19530913,32,654,48,0.0,0,1
19530913,32,530,41,0.0,0,1
19530913,32,680,37,0.0,0,1
19530913,32,510,28,0.0,0,1
19530913,32,557,23,0.0,0,1
19530913,32,659,17,2.0,0,1
19530913,32,616,19,1.5,0,1
19530913,32,612,14,2.0,0,1
19530913,32,657,10,6.0,0,1
19530913,32,658,7,9.0,1,1
19530913,32,699,78,0.0,0,1
19530913,32,650,77,0.0,0,1
19530913,32,497,76,0.0,0,1
19530913,32,643,3,26.0,1,1
19530913,32,698,9,6.5,0,1
19530913,32,580,2,28.0,1,1
19530913,32,627,72,0.0,0,1
19530913,32,690,38,0.0,0,1
19530913,32,697,34,0.0,0,1
19530913,32,427,12,4.0,0,1
19530913,32,555,21,0.0,0,1
19530913,32,696,15,2.0,0,1
19530913,32,579,4,19.0,1,1
19530913,32,499,6,13.5,0,1
19530913,32,634,5,17.0,0,1
19530913,32,648,1,34.5,5,1
19520518,16,721,21,0.0,0,0
19520518,16,628,20,0.0,0,0
19520518,16,725,19,0.0,0,0
19520518,16,718,18,0.0,0,0
19520518,16,726,17,0.0,0,0
19520518,16,582,16,0.0,0,0
19520518,16,643,10,0.0,0,0
19520518,16,627,15,0.0,0,0
19520518,16,652,14,0.0,0,0
19520518,16,476,13,0.0,0,0
19520518,16,502,12,0.0,0,0
19520518,16,610,11,0.0,0,0
19520518,16,670,9,0.0,0,0
19520518,16,689,8,0.0,0,0
19520518,16,722,7,0.0,0,0
19520518,16,641,6,0.0,0,0
19520518,16,690,5,2.0,0,0
19520518,16,664,4,3.0,0,0
19520518,16,555,3,4.0,0,0
19520518,16,724,2,6.0,0,0
19520518,16,642,1,9.0,1,0
19520530,17,613,54,0.0,0,0
19520530,17,735,53,0.0,0,0
19520530,17,648,52,0.0,0,0
19520530,17,734,51,0.0,0,0
19520530,17,703,50,0.0,0,0
19520530,17,521,49,0.0,0,0
19520530,17,616,48,0.0,0,0
19520530,17,629,47,0.0,0,0
19520530,17,700,46,0.0,0,0
19520530,17,530,45,0.0,0,0
19520530,17,449,44,0.0,0,0
19520530,17,678,43,0.0,0,0
19520530,17,733,29,0.0,0,0
19520530,17,676,28,0.0,0,0
19520530,17,732,27,0.0,0,0
19520530,17,522,26,0.0,0,0
19520530,17,658,11,1.0,0,0
19520530,17,514,25,0.0,0,0
19520530,17,731,24,0.0,0,0
19520530,17,730,23,0.0,0,0
19520530,17,729,22,0.0,0,0
19520530,17,728,21,0.0,0,0
19520530,17,659,20,0.0,0,0
19520530,17,594,19,0.0,0,0
19520530,17,630,18,0.0,0,0
19520530,17,727,17,0.0,0,0
19520530,17,593,15,0.0,0,0
19520530,17,526,12,0.0,0,0
19520530,17,657,10,2.0,0,0
19520530,17,519,7,3.0,0,0
19520530,17,612,6,4.0,0,0
19520530,17,510,4,6.0,0,0
19520530,17,527,2,8.0,1,0
19520530,17,721,42,0.0,0,0
19520530,17,628,41,0.0,0,0
19520530,17,725,40,0.0,0,0
19520530,17,718,39,0.0,0,0
19520530,17,726,38,0.0,0,0
19520530,17,582,37,0.0,0,0
19520530,17,643,31,0.0,0,0
19520530,17,627,36,0.0,0,0
19520530,17,652,35,0.0,0,0
19520530,17,476,34,0.0,0,0
19520530,17,502,33,0.0,0,0
19520530,17,610,32,0.0,0,0
19520530,17,670,30,0.0,0,0
19520530,17,689,16,0.0,0,0
19520530,17,722,14,0.0,0,0
19520530,17,641,13,0.0,0,0
19520530,17,690,9,2.0,0,0
19520530,17,664,8,3.0,0,0
19520530,17,555,5,4.0,0,0
19520530,17,724,3,6.0,0,0
19520530,17,642,1,9.0,1,0
19520622,18,740,47,0.0,0,0
19520622,18,739,37,0.0,0,0
19520622,18,738,34,0.0,0,0
19520622,18,704,33,0.0,0,0
19520622,18,737,30,0.0,0,0
19520622,18,661,23,0.0,0,0
19520622,18,736,19,0.0,0,0
19520622,18,633,15,2.0,0,0
19520622,18,579,12,3.0,0,0
19520622,18,613,63,0.0,0,0
19520622,18,735,62,0.0,0,0
19520622,18,648,2,9.0,1,0
19520622,18,734,61,0.0,0,0
19520622,18,703,60,0.0,0,0
19520622,18,521,59,0.0,0,0
19520622,18,616,58,0.0,0,0
19520622,18,629,57,0.0,0,0
19520622,18,700,56,0.0,0,0
19520622,18,530,55,0.0,0,0
19520622,18,449,54,0.0,0,0
19520622,18,678,53,0.0,0,0
19520622,18,733,42,0.0,0,0
19520622,18,676,41,0.0,0,0
19520622,18,732,40,0.0,0,0
19520622,18,522,39,0.0,0,0
19520622,18,658,16,1.0,0,0
19520622,18,514,38,0.0,0,0
19520622,18,731,36,0.0,0,0
19520622,18,730,35,0.0,0,0
19520622,18,729,32,0.0,0,0
19520622,18,728,31,0.0,0,0
19520622,18,659,29,0.0,0,0
19520622,18,594,27,0.0,0,0
19520622,18,630,25,0.0,0,0
19520622,18,727,24,0.0,0,0
19520622,18,593,21,0.0,0,0
19520622,18,526,17,0.0,0,0
19520622,18,657,14,2.0,0,0
19520622,18,519,11,3.0,0,0
19520622,18,612,9,4.0,0,0
19520622,18,510,6,6.0,0,0
19520622,18,527,3,8.0,1,0
19520622,18,721,52,0.0,0,0
19520622,18,628,51,0.0,0,0
19520622,18,725,50,0.0,0,0
19520622,18,718,49,0.0,0,0
19520622,18,726,48,0.0,0,0
19520622,18,582,46,0.0,0,0
19520622,18,643,4,6.0,0,0
19520622,18,627,7,4.0,0,0
19520622,18,652,28,0.0,0,0
19520622,18,476,45,0.0,0,0
19520622,18,502,44,0.0,0,0
19520622,18,610,43,0.0,0,0
19520622,18,670,26,0.0,0,0
19520622,18,689,22,0.0,0,0
19520622,18,722,20,0.0,0,0
19520622,18,641,18,0.0,0,0
19520622,18,690,13,2.0,0,0
19520622,18,664,10,3.0,0,0
19520622,18,555,8,4.0,0,0
19520622,18,724,5,6.0,0,0
19520622,18,642,1,9.0,1,0
19520706,19,723,57,0.0,0,0
19520706,19,688,52,0.0,0,0
19520706,19,741,34,0.0,0,0
19520706,19,705,31,0.0,0,0
19520706,19,742,26,0.0,0,0
19520706,19,427,16,2.0,0,0
19520706,19,740,51,0.0,0,0
19520706,19,739,42,0.0,0,0
19520706,19,738,39,0.0,0,0
19520706,19,704,38,0.0,0,0
19520706,19,737,35,0.0,0,0
19520706,19,661,25,0.0,0,0
19520706,19,736,22,0.0,0,0
19520706,19,633,15,2.0,0,0
19520706,19,579,10,3.0,0,0
19520706,19,613,69,0.0,0,0
19520706,19,735,68,0.0,0,0
19520706,19,648,1,18.0,2,0
19520706,19,734,67,0.0,0,0
19520706,19,703,66,0.0,0,0
19520706,19,521,65,0.0,0,0
19520706,19,616,64,0.0,0,0
19520706,19,629,63,0.0,0,0
19520706,19,700,62,0.0,0,0
19520706,19,530,61,0.0,0,0
19520706,19,449,60,0.0,0,0
19520706,19,678,59,0.0,0,0
19520706,19,733,47,0.0,0,0
19520706,19,676,46,0.0,0,0
19520706,19,732,45,0.0,0,0
19520706,19,522,44,0.0,0,0
19520706,19,658,17,1.0,0,0
19520706,19,514,43,0.0,0,0
19520706,19,731,41,0.0,0,0
19520706,19,730,40,0.0,0,0
19520706,19,729,37,0.0,0,0
19520706,19,728,36,0.0,0,0
19520706,19,659,33,0.0,0,0
19520706,19,594,32,0.0,0,0
19520706,19,630,29,0.0,0,0
19520706,19,727,27,0.0,0,0
19520706,19,593,23,0.0,0,0
19520706,19,526,20,0.0,0,0
19520706,19,657,14,2.0,0,0
19520706,19,519,12,3.0,0,0
19520706,19,612,9,4.0,0,0
19520706,19,510,7,6.0,0,0
19520706,19,527,4,8.0,1,0
19520706,19,721,58,0.0,0,0
19520706,19,628,53,0.0,0,0
19520706,19,725,56,0.0,0,0
19520706,19,718,55,0.0,0,0
19520706,19,726,54,0.0,0,0
19520706,19,582,19,0.0,0,0
19520706,19,643,3,12.0,0,0
19520706,19,627,5,7.0,0,0
19520706,19,652,28,0.0,0,0
19520706,19,476,50,0.0,0,0
19520706,19,502,49,0.0,0,0
19520706,19,610,48,0.0,0,0
19520706,19,670,30,0.0,0,0
19520706,19,689,24,0.0,0,0
19520706,19,722,21,0.0,0,0
19520706,19,641,18,0.0,0,0
19520706,19,690,13,2.0,0,0
19520706,19,664,11,3.0,0,0
19520706,19,555,8,4.0,0,0
19520706,19,724,6,6.0,0,0
19520706,19,642,2,13.0,1,0
19520719,20,750,80,0.0,0,0
19520719,20,749,79,0.0,0,0
19520719,20,748,76,0.0,0,0
19520719,20,709,71,0.0,0,0
19520719,20,706,57,0.0,0,0
19520719,20,747,53,0.0,0,0
19520719,20,665,51,0.0,0,0
19520719,20,746,43,0.0,0,0
19520719,20,745,33,0.0,0,0
19520719,20,457,31,0.0,0,0
19520719,20,687,25,0.0,0,0
19520719,20,744,18,2.0,0,0
19520719,20,743,13,3.0,0,0
19520719,20,723,66,0.0,0,0
19520719,20,688,36,0.0,0,0
19520719,20,741,40,0.0,0,0
19520719,20,705,37,0.0,0,0
19520719,20,742,29,0.0,0,0
19520719,20,427,15,2.0,0,0
19520719,20,740,61,0.0,0,0
19520719,20,739,48,0.0,0,0
19520719,20,738,46,0.0,0,0
19520719,20,704,45,0.0,0,0
19520719,20,737,41,0.0,0,0
19520719,20,661,28,0.0,0,0
19520719,20,736,24,0.0,0,0
19520719,20,633,17,2.0,0,0
19520719,20,579,6,7.0,0,0
19520719,20,613,82,0.0,0,0
19520719,20,735,81,0.0,0,0
19520719,20,648,1,27.0,3,0
19520719,20,734,78,0.0,0,0
19520719,20,703,77,0.0,0,0
19520719,20,521,75,0.0,0,0
19520719,20,616,74,0.0,0,0
19520719,20,629,73,0.0,0,0
19520719,20,700,72,0.0,0,0
19520719,20,530,70,0.0,0,0
19520719,20,449,69,0.0,0,0
19520719,20,678,68,0.0,0,0
19520719,20,733,58,0.0,0,0
19520719,20,676,56,0.0,0,0
19520719,20,732,55,0.0,0,0
19520719,20,522,54,0.0,0,0
19520719,20,658,19,1.0,0,0
19520719,20,514,50,0.0,0,0
19520719,20,731,49,0.0,0,0
19520719,20,730,47,0.0,0,0
19520719,20,729,44,0.0,0,0
19520719,20,728,42,0.0,0,0
19520719,20,659,39,0.0,0,0
19520719,20,594,38,0.0,0,0
19520719,20,630,34,0.0,0,0
19520719,20,727,30,0.0,0,0
19520719,20,593,26,0.0,0,0
19520719,20,526,22,0.0,0,0
19520719,20,657,16,2.0,0,0
19520719,20,519,12,3.0,0,0
19520719,20,612,10,4.0,0,0
19520719,20,510,8,6.0,0,0
19520719,20,527,4,8.0,1,0
19520719,20,721,67,0.0,0,0
19520719,20,628,62,0.0,0,0
19520719,20,725,65,0.0,0,0
19520719,20,718,64,0.0,0,0
19520719,20,726,63,0.0,0,0
19520719,20,582,21,0.0,0,0
19520719,20,643,3,12.0,0,0
19520719,20,627,5,7.0,0,0
19520719,20,652,32,0.0,0,0
19520719,20,476,60,0.0,0,0
19520719,20,502,52,0.0,0,0
19520719,20,610,59,0.0,0,0
19520719,20,670,35,0.0,0,0
19520719,20,689,27,0.0,0,0
19520719,20,722,23,0.0,0,0
19520719,20,641,20,0.0,0,0
19520719,20,690,14,2.0,0,0
19520719,20,664,11,3.0,0,0
19520719,20,555,9,4.0,0,0
19520719,20,724,7,6.0,0,0
19520719,20,642,2,19.0,1,0
19520803,21,758,92,0.0,0,0
19520803,21,693,89,0.0,0,0
19520803,21,698,85,0.0,0,0
19520803,21,757,84,0.0,0,0
19520803,21,756,78,0.0,0,0
19520803,21,711,76,0.0,0,0
19520803,21,716,72,0.0,0,0
19520803,21,755,71,0.0,0,0
19520803,21,751,67,0.0,0,0
19520803,21,713,66,0.0,0,0
19520803,21,710,46,0.0,0,0
19520803,21,754,43,0.0,0,0
19520803,21,753,38,0.0,0,0
19520803,21,752,28,0.0,0,0
19520803,21,750,79,0.0,0,0
19520803,21,749,74,0.0,0,0
19520803,21,748,91,0.0,0,0
19520803,21,709,83,0.0,0,0
19520803,21,706,62,0.0,0,0
19520803,21,747,58,0.0,0,0
19520803,21,665,56,0.0,0,0
19520803,21,746,48,0.0,0,0
19520803,21,745,36,0.0,0,0
19520803,21,457,34,0.0,0,0
19520803,21,687,26,0.0,0,0
19520803,21,744,18,2.0,0,0
19520803,21,743,13,3.0,0,0
19520803,21,723,75,0.0,0,0
19520803,21,688,40,0.0,0,0
19520803,21,741,45,0.0,0,0
19520803,21,705,41,0.0,0,0
19520803,21,742,32,0.0,0,0
19520803,21,427,15,2.0,0,0
19520803,21,740,68,0.0,0,0
19520803,21,739,53,0.0,0,0
19520803,21,738,51,0.0,0,0
19520803,21,704,50,0.0,0,0
19520803,21,737,20,0.0,0,0
19520803,21,661,30,0.0,0,0
19520803,21,736,25,0.0,0,0
19520803,21,633,16,2.0,0,0
19520803,21,579,7,7.0,0,0
19520803,21,613,96,0.0,0,0
19520803,21,735,95,0.0,0,0
19520803,21,648,1,36.0,4,0
19520803,21,734,94,0.0,0,0
19520803,21,703,93,0.0,0,0
19520803,21,521,90,0.0,0,0
19520803,21,616,88,0.0,0,0
19520803,21,629,87,0.0,0,0
19520803,21,700,86,0.0,0,0
19520803,21,530,82,0.0,0,0
19520803,21,449,81,0.0,0,0
19520803,21,678,80,0.0,0,0
19520803,21,733,63,0.0,0,0
19520803,21,676,61,0.0,0,0
19520803,21,732,60,0.0,0,0
19520803,21,522,59,0.0,0,0
19520803,21,658,19,1.0,0,0
19520803,21,514,55,0.0,0,0
19520803,21,731,54,0.0,0,0
19520803,21,730,52,0.0,0,0
19520803,21,729,49,0.0,0,0
19520803,21,728,47,0.0,0,0
19520803,21,659,44,0.0,0,0
19520803,21,594,42,0.0,0,0
19520803,21,630,37,0.0,0,0
19520803,21,727,33,0.0,0,0
19520803,21,593,27,0.0,0,0
19520803,21,526,23,0.0,0,0
19520803,21,657,17,2.0,0,0
19520803,21,519,12,3.0,0,0
19520803,21,612,10,4.0,0,0
19520803,21,510,8,6.0,0,0
19520803,21,527,5,8.0,1,0
19520803,21,721,77,0.0,0,0
19520803,21,628,69,0.0,0,0
19520803,21,725,31,0.0,0,0
19520803,21,718,73,0.0,0,0
19520803,21,726,70,0.0,0,0
19520803,21,582,22,0.0,0,0
19520803,21,643,3,18.0,0,0
19520803,21,627,6,7.0,0,0
19520803,21,652,35,0.0,0,0
19520803,21,476,65,0.0,0,0
19520803,21,502,57,0.0,0,0
19520803,21,610,64,0.0,0,0
19520803,21,670,39,0.0,0,0
19520803,21,689,29,0.0,0,0
19520803,21,722,24,0.0,0,0
19520803,21,641,21,0.0,0,0
19520803,21,690,14,2.0,0,0
19520803,21,664,11,3.0,0,0
19520803,21,555,9,6.0,0,0
19520803,21,724,4,10.0,0,0
19520803,21,642,2,22.0,1,0
19520817,22,760,39,0.0,0,0
19520817,22,759,70,0.0,0,0
19520817,22,623,41,0.0,0,0
19520817,22,634,11,4.0,0,0
19520817,22,758,96,0.0,0,0
19520817,22,693,93,0.0,0,0
19520817,22,698,89,0.0,0,0
19520817,22,757,88,0.0,0,0
19520817,22,756,83,0.0,0,0
19520817,22,711,81,0.0,0,0
19520817,22,716,77,0.0,0,0
19520817,22,755,76,0.0,0,0
19520817,22,751,72,0.0,0,0
19520817,22,713,71,0.0,0,0
19520817,22,710,50,0.0,0,0
19520817,22,754,47,0.0,0,0
19520817,22,753,42,0.0,0,0
19520817,22,752,30,0.0,0,0
19520817,22,750,84,0.0,0,0
19520817,22,749,79,0.0,0,0
19520817,22,748,95,0.0,0,0
19520817,22,709,27,0.0,0,0
19520817,22,706,66,0.0,0,0
19520817,22,747,62,0.0,0,0
19520817,22,665,60,0.0,0,0
19520817,22,746,52,0.0,0,0
19520817,22,745,38,0.0,0,0
19520817,22,457,37,0.0,0,0
19520817,22,687,28,0.0,0,0
19520817,22,744,19,2.0,0,0
19520817,22,743,14,3.0,0,0
19520817,22,723,80,0.0,0,0
19520817,22,688,44,0.0,0,0
19520817,22,741,49,0.0,0,0
19520817,22,705,45,0.0,0,0
19520817,22,742,35,0.0,0,0
19520817,22,427,16,2.0,0,0
19520817,22,740,73,0.0,0,0
19520817,22,739,57,0.0,0,0
19520817,22,738,55,0.0,0,0
19520817,22,704,54,0.0,0,0
19520817,22,737,21,0.0,0,0
19520817,22,661,33,0.0,0,0
19520817,22,736,26,0.0,0,0
19520817,22,633,17,2.0,0,0
19520817,22,579,5,10.0,0,0
19520817,22,613,100,0.0,0,0
19520817,22,735,99,0.0,0,0
19520817,22,648,1,36.0,5,0
19520817,22,734,98,0.0,0,0
19520817,22,703,97,0.0,0,0
19520817,22,521,94,0.0,0,0
19520817,22,616,92,0.0,0,0
19520817,22,629,91,0.0,0,0
19520817,22,700,90,0.0,0,0
19520817,22,530,87,0.0,0,0
19520817,22,449,86,0.0,0,0
19520817,22,678,85,0.0,0,0
19520817,22,733,67,0.0,0,0
19520817,22,676,65,0.0,0,0
19520817,22,732,64,0.0,0,0
19520817,22,522,63,0.0,0,0
19520817,22,658,20,1.0,0,0
19520817,22,514,59,0.0,0,0
19520817,22,731,58,0.0,0,0
19520817,22,730,56,0.0,0,0
19520817,22,729,53,0.0,0,0
19520817,22,728,51,0.0,0,0
19520817,22,659,48,0.0,0,0
19520817,22,594,46,0.0,0,0
19520817,22,630,40,0.0,0,0
19520817,22,727,36,0.0,0,0
19520817,22,593,29,0.0,0,0
19520817,22,526,24,0.0,0,0
19520817,22,657,18,2.0,0,0
19520817,22,519,13,3.0,0,0
19520817,22,612,10,4.0,0,0
19520817,22,510,8,6.0,0,0
19520817,22,527,7,8.0,1,0
19520817,22,721,82,0.0,0,0
19520817,22,628,74,0.0,0,0
19520817,22,725,34,0.0,0,0
19520817,22,718,78,0.0,0,0
19520817,22,726,75,0.0,0,0
19520817,22,582,23,0.0,0,0
19520817,22,643,2,24.0,0,0
19520817,22,627,6,9.0,0,0
19520817,22,652,31,0.0,0,0
19520817,22,476,69,0.0,0,0
19520817,22,502,61,0.0,0,0
19520817,22,610,68,0.0,0,0
19520817,22,670,43,0.0,0,0
19520817,22,689,32,0.0,0,0
19520817,22,722,25,0.0,0,0
19520817,22,641,22,0.0,0,0
19520817,22,690,15,2.0,0,0
19520817,22,664,12,3.0,0,0
19520817,22,555,9,6.0,0,0
19520817,22,724,4,10.0,0,0
19520817,22,642,3,22.0,1,0
19520907,23,761,105,0.0,0,1
19520907,23,762,94,0.0,0,1
19520907,23,626,90,0.0,0,1
19520907,23,763,84,0.0,0,1
19520907,23,499,9,6.5,0,1
19520907,23,760,43,0.0,0,1
19520907,23,759,74,0.0,0,1
19520907,23,623,36,0.0,0,1
19520907,23,634,8,8.0,0,1
19520907,23,758,100,0.0,0,1
19520907,23,693,97,0.0,0,1
19520907,23,698,19,2.0,0,1
19520907,23,757,92,0.0,0,1
19520907,23,756,86,0.0,0,1
19520907,23,711,83,0.0,0,1
19520907,23,716,81,0.0,0,1
19520907,23,755,79,0.0,0,1
19520907,23,751,76,0.0,0,1
19520907,23,713,75,0.0,0,1
19520907,23,710,55,0.0,0,1
19520907,23,754,52,0.0,0,1
19520907,23,753,45,0.0,0,1
19520907,23,752,33,0.0,0,1
19520907,23,750,87,0.0,0,1
19520907,23,749,51,0.0,0,1
19520907,23,748,99,0.0,0,1
19520907,23,709,30,0.0,0,1
19520907,23,706,71,0.0,0,1
19520907,23,747,67,0.0,0,1
19520907,23,665,64,0.0,0,1
19520907,23,746,57,0.0,0,1
19520907,23,745,42,0.0,0,1
19520907,23,457,41,0.0,0,1
19520907,23,687,31,0.0,0,1
19520907,23,744,21,2.0,0,1
19520907,23,743,14,3.0,0,1
19520907,23,723,82,0.0,0,1
19520907,23,688,47,0.0,0,1
19520907,23,741,54,0.0,0,1
19520907,23,705,49,0.0,0,1
19520907,23,742,39,0.0,0,1
19520907,23,427,17,2.0,0,1
19520907,23,740,77,0.0,0,1
19520907,23,739,62,0.0,0,1
19520907,23,738,60,0.0,0,1
19520907,23,704,59,0.0,0,1
19520907,23,737,23,0.0,0,1
19520907,23,661,37,0.0,0,1
19520907,23,736,29,0.0,0,1
19520907,23,633,18,2.0,0,1
19520907,23,579,5,10.0,0,1
19520907,23,613,104,0.0,0,1
19520907,23,735,103,0.0,0,1
19520907,23,648,1,36.0,6,1
19520907,23,734,102,0.0,0,1
19520907,23,703,101,0.0,0,1
19520907,23,521,98,0.0,0,1
19520907,23,616,96,0.0,0,1
19520907,23,629,95,0.0,0,1
19520907,23,700,93,0.0,0,1
19520907,23,530,91,0.0,0,1
19520907,23,449,89,0.0,0,1
19520907,23,678,88,0.0,0,1
19520907,23,733,72,0.0,0,1
19520907,23,676,70,0.0,0,1
19520907,23,732,69,0.0,0,1
19520907,23,522,68,0.0,0,1
19520907,23,658,22,1.0,0,1
19520907,23,514,65,0.0,0,1
19520907,23,731,63,0.0,0,1
19520907,23,730,61,0.0,0,1
19520907,23,729,58,0.0,0,1
19520907,23,728,56,0.0,0,1
19520907,23,659,53,0.0,0,1
19520907,23,594,50,0.0,0,1
19520907,23,630,44,0.0,0,1
19520907,23,727,40,0.0,0,1
19520907,23,593,32,0.0,0,1
19520907,23,526,27,0.0,0,1
19520907,23,657,20,2.0,0,1
19520907,23,519,15,3.0,0,1
19520907,23,612,12,4.0,0,1
19520907,23,510,10,6.0,0,1
19520907,23,527,7,8.0,1,1
19520907,23,721,85,0.0,0,1
19520907,23,628,48,0.0,0,1
19520907,23,725,38,0.0,0,1
19520907,23,718,80,0.0,0,1
19520907,23,726,78,0.0,0,1
19520907,23,582,26,0.0,0,1
19520907,23,643,2,24.0,0,1
19520907,23,627,6,9.0,0,1
19520907,23,652,34,0.0,0,1
19520907,23,476,73,0.0,0,1
19520907,23,502,66,0.0,0,1
19520907,23,610,25,0.0,0,1
19520907,23,670,46,0.0,0,1
19520907,23,689,35,0.0,0,1
19520907,23,722,28,0.0,0,1
19520907,23,641,24,0.0,0,1
19520907,23,690,16,2.0,0,1
19520907,23,664,13,3.0,0,1
19520907,23,555,11,6.0,0,1
19520907,23,724,4,10.0,0,1
19520907,23,642,3,22.0,1,1
19510527,8,722,21,0.0,0,0
19510527,8,499,20,0.0,0,0
19510527,8,634,19,0.0,0,0
19510527,8,705,18,0.0,0,0
19510527,8,726,17,0.0,0,0
19510527,8,766,16,0.0,0,0
19510527,8,688,15,0.0,0,0
19510527,8,765,14,0.0,0,0
19510527,8,661,13,0.0,0,0
19510527,8,502,12,0.0,0,0
19510527,8,724,11,0.0,0,0
19510527,8,742,10,0.0,0,0
19510527,8,628,9,0.0,0,0
19510527,8,476,8,0.0,0,0
19510527,8,590,7,0.0,0,0
19510527,8,648,6,0.0,0,0
19510527,8,641,5,2.0,0,0
19510527,8,764,4,3.0,0,0
19510527,8,643,3,4.0,0,0
19510527,8,642,2,6.0,0,0
19510527,8,580,1,9.0,1,0
19510530,9,676,11,2.0,0,0
19510530,9,729,55,0.0,0,0
19510530,9,733,54,0.0,0,0
19510530,9,773,53,0.0,0,0
19510530,9,727,52,0.0,0,0
19510530,9,658,51,0.0,0,0
19510530,9,630,50,0.0,0,0
19510530,9,449,49,0.0,0,0
19510530,9,772,48,0.0,0,0
19510530,9,734,47,0.0,0,0
19510530,9,631,46,0.0,0,0
19510530,9,527,45,0.0,0,0
19510530,9,771,44,0.0,0,0
19510530,9,594,43,0.0,0,0
19510530,9,522,41,0.0,0,0
19510530,9,770,38,0.0,0,0
19510530,9,701,37,0.0,0,0
19510530,9,616,35,0.0,0,0
19510530,9,654,32,0.0,0,0
19510530,9,655,30,0.0,0,0
19510530,9,769,29,0.0,0,0
19510530,9,730,28,0.0,0,0
19510530,9,612,27,0.0,0,0
19510530,9,535,26,0.0,0,0
19510530,9,700,25,0.0,0,0
19510530,9,530,24,0.0,0,0
19510530,9,519,16,0.0,0,0
19510530,9,768,15,0.0,0,0
19510530,9,732,13,0.0,0,0
19510530,9,735,9,2.0,0,0
19510530,9,613,6,3.0,0,0
19510530,9,659,8,2.0,0,0
19510530,9,674,3,6.0,0,0
19510530,9,767,2,9.0,1,0
19510530,9,722,42,0.0,0,0
19510530,9,499,40,0.0,0,0
19510530,9,634,39,0.0,0,0
19510530,9,705,36,0.0,0,0
19510530,9,726,34,0.0,0,0
19510530,9,766,33,0.0,0,0
19510530,9,688,31,0.0,0,0
19510530,9,765,23,0.0,0,0
19510530,9,661,22,0.0,0,0
19510530,9,502,21,0.0,0,0
19510530,9,724,20,0.0,0,0
19510530,9,742,19,0.0,0,0
19510530,9,628,18,0.0,0,0
19510530,9,476,17,0.0,0,0
19510530,9,590,14,0.0,0,0
19510530,9,648,12,0.0,0,0
19510530,9,641,10,2.0,0,0
19510530,9,764,7,3.0,0,0
19510530,9,643,5,4.0,0,0
19510530,9,642,4,6.0,0,0
19510530,9,580,1,9.0,1,0
19510617,10,774,22,0.0,0,0
19510617,10,429,17,0.0,0,0
19510617,10,729,57,0.0,0,0
19510617,10,733,56,0.0,0,0
19510617,10,773,55,0.0,0,0
19510617,10,727,54,0.0,0,0
19510617,10,658,53,0.0,0,0
19510617,10,630,52,0.0,0,0
19510617,10,449,51,0.0,0,0
19510617,10,772,50,0.0,0,0
19510617,10,734,49,0.0,0,0
19510617,10,631,48,0.0,0,0
19510617,10,527,47,0.0,0,0
19510617,10,771,46,0.0,0,0
19510617,10,594,45,0.0,0,0
19510617,10,522,43,0.0,0,0
19510617,10,770,41,0.0,0,0
19510617,10,701,40,0.0,0,0
19510617,10,616,39,0.0,0,0
19510617,10,654,36,0.0,0,0
19510617,10,655,34,0.0,0,0
19510617,10,769,33,0.0,0,0
19510617,10,730,32,0.0,0,0
19510617,10,612,31,0.0,0,0
19510617,10,535,30,0.0,0,0
19510617,10,700,29,0.0,0,0
19510617,10,530,28,0.0,0,0
19510617,10,519,21,0.0,0,0
19510617,10,768,20,0.0,0,0
19510617,10,732,16,0.0,0,0
19510617,10,735,13,2.0,0,0
19510617,10,613,10,3.0,0,0
19510617,10,659,11,2.0,0,0
19510617,10,674,6,6.0,0,0
19510617,10,767,3,9.0,1,0
19510617,10,722,44,0.0,0,0
19510617,10,499,42,0.0,0,0
19510617,10,634,7,4.0,0,0
19510617,10,705,12,2.0,0,0
19510617,10,726,38,0.0,0,0
19510617,10,766,37,0.0,0,0
19510617,10,688,35,0.0,0,0
19510617,10,765,27,0.0,0,0
19510617,10,661,18,0.0,0,0
19510617,10,502,26,0.0,0,0
19510617,10,724,25,0.0,0,0
19510617,10,742,24,0.0,0,0
19510617,10,628,8,3.0,0,0
19510617,10,476,23,0.0,0,0
19510617,10,590,19,0.0,0,0
19510617,10,648,4,6.0,0,0
19510617,10,641,14,2.0,0,0
19510617,10,764,9,3.0,0,0
19510617,10,643,1,12.0,1,0
19510617,10,642,5,6.0,0,0
19510617,10,580,2,10.0,1,0
19510701,11,676,18,2.0,0,0
19510701,11,671,52,0.0,0,0
19510701,11,627,49,0.0,0,0
19510701,11,610,48,0.0,0,0
19510701,11,427,45,0.0,0,0
19510701,11,776,40,0.0,0,0
19510701,11,775,25,0.0,0,0
19510701,11,687,13,3.0,0,0
19510701,11,787,8,4.0,1,0
19510701,11,774,26,0.0,0,0
19510701,11,429,21,0.0,0,0
19510701,11,729,65,0.0,0,0
19510701,11,733,64,0.0,0,0
19510701,11,773,63,0.0,0,0
19510701,11,727,62,0.0,0,0
19510701,11,658,61,0.0,0,0
19510701,11,630,60,0.0,0,0
19510701,11,449,59,0.0,0,0
19510701,11,772,58,0.0,0,0
19510701,11,734,57,0.0,0,0
19510701,11,631,56,0.0,0,0
19510701,11,527,55,0.0,0,0
19510701,11,771,54,0.0,0,0
19510701,11,594,53,0.0,0,0
19510701,11,522,50,0.0,0,0
19510701,11,770,47,0.0,0,0
19510701,11,701,46,0.0,0,0
19510701,11,616,44,0.0,0,0
19510701,11,654,41,0.0,0,0
19510701,11,655,39,0.0,0,0
19510701,11,769,37,0.0,0,0
19510701,11,730,36,0.0,0,0
19510701,11,612,35,0.0,0,0
19510701,11,535,34,0.0,0,0
19510701,11,700,33,0.0,0,0
19510701,11,530,32,0.0,0,0
19510701,11,519,24,0.0,0,0
19510701,11,768,23,0.0,0,0
19510701,11,732,20,0.0,0,0
19510701,11,735,17,2.0,0,0
19510701,11,613,12,3.0,0,0
19510701,11,659,14,2.0,0,0
19510701,11,674,7,6.0,0,0
19510701,11,767,3,9.0,1,0
19510701,11,722,51,0.0,0,0
19510701,11,499,9,3.0,0,0
19510701,11,634,5,8.0,0,0
19510701,11,705,15,2.0,0,0
19510701,11,726,43,0.0,0,0
19510701,11,766,42,0.0,0,0
19510701,11,688,38,0.0,0,0
19510701,11,765,28,0.0,0,0
19510701,11,661,22,0.0,0,0
19510701,11,502,31,0.0,0,0
19510701,11,724,30,0.0,0,0
19510701,11,742,29,0.0,0,0
19510701,11,628,10,3.0,0,0
19510701,11,476,27,0.0,0,0
19510701,11,590,19,0.0,0,0
19510701,11,648,4,9.0,0,0
19510701,11,641,16,2.0,0,0
19510701,11,764,11,3.0,0,0
19510701,11,643,2,14.0,1,0
19510701,11,642,6,6.0,0,0
19510701,11,580,1,15.0,2,0
19510714,12,748,53,0.0,0,0
19510714,12,778,51,0.0,0,0
19510714,12,777,46,0.0,0,0
19510714,12,709,37,0.0,0,0
19510714,12,620,35,0.0,0,0
19510714,12,779,30,0.0,0,0
19510714,12,662,25,0.0,0,0
19510714,12,698,13,3.0,0,0
19510714,12,671,61,0.0,0,0
19510714,12,627,58,0.0,0,0
19510714,12,610,56,0.0,0,0
19510714,12,427,52,0.0,0,0
19510714,12,776,45,0.0,0,0
19510714,12,775,27,0.0,0,0
19510714,12,687,9,5.0,0,0
19510714,12,787,10,4.0,1,0
19510714,12,774,28,0.0,0,0
19510714,12,429,22,0.0,0,0
19510714,12,729,74,0.0,0,0
19510714,12,733,73,0.0,0,0
19510714,12,773,72,0.0,0,0
19510714,12,727,71,0.0,0,0
19510714,12,658,70,0.0,0,0
19510714,12,630,69,0.0,0,0
19510714,12,449,68,0.0,0,0
19510714,12,772,67,0.0,0,0
19510714,12,734,66,0.0,0,0
19510714,12,631,65,0.0,0,0
19510714,12,527,64,0.0,0,0
19510714,12,771,63,0.0,0,0
19510714,12,594,62,0.0,0,0
19510714,12,522,59,0.0,0,0
19510714,12,770,55,0.0,0,0
19510714,12,701,54,0.0,0,0
19510714,12,616,50,0.0,0,0
19510714,12,654,47,0.0,0,0
19510714,12,655,44,0.0,0,0
19510714,12,769,43,0.0,0,0
19510714,12,730,42,0.0,0,0
19510714,12,612,41,0.0,0,0
19510714,12,535,40,0.0,0,0
19510714,12,700,39,0.0,0,0
19510714,12,530,38,0.0,0,0
19510714,12,519,26,0.0,0,0
19510714,12,768,24,0.0,0,0
19510714,12,732,21,0.0,0,0
19510714,12,735,18,2.0,0,0
19510714,12,613,14,3.0,0,0
19510714,12,659,15,2.0,0,0
19510714,12,674,8,6.0,0,0
19510714,12,767,5,9.0,1,0
19510714,12,722,60,0.0,0,0
19510714,12,499,4,11.0,1,0
19510714,12,634,3,12.0,0,0
19510714,12,705,16,2.0,0,0
19510714,12,726,49,0.0,0,0
19510714,12,766,48,0.0,0,0
19510714,12,688,32,0.0,0,0
19510714,12,765,31,0.0,0,0
19510714,12,661,23,0.0,0,0
19510714,12,502,36,0.0,0,0
19510714,12,724,34,0.0,0,0
19510714,12,742,33,0.0,0,0
19510714,12,628,12,3.0,0,0
19510714,12,476,29,0.0,0,0
19510714,12,590,20,0.0,0,0
19510714,12,648,6,9.0,0,0
19510714,12,641,17,2.0,0,0
19510714,12,764,11,3.0,0,0
19510714,12,643,2,15.0,1,0
19510714,12,642,7,6.0,0,0
19510714,12,580,1,21.0,2,0
19510729,13,757,52,0.0,0,0
19510729,13,681,36,0.0,0,0
19510729,13,780,60,0.0,0,0
19510729,13,748,57,0.0,0,0
19510729,13,778,56,0.0,0,0
19510729,13,777,49,0.0,0,0
19510729,13,709,38,0.0,0,0
19510729,13,620,37,0.0,0,0
19510729,13,779,32,0.0,0,0
19510729,13,662,27,0.0,0,0
19510729,13,698,13,3.0,0,0
19510729,13,671,64,0.0,0,0
19510729,13,627,25,0.0,0,0
19510729,13,610,53,0.0,0,0
19510729,13,427,44,0.0,0,0
19510729,13,776,48,0.0,0,0
19510729,13,775,30,0.0,0,0
19510729,13,687,9,5.0,0,0
19510729,13,787,10,4.0,1,0
19510729,13,774,28,0.0,0,0
19510729,13,429,23,0.0,0,0
19510729,13,729,77,0.0,0,0
19510729,13,733,76,0.0,0,0
19510729,13,773,75,0.0,0,0
19510729,13,727,74,0.0,0,0
19510729,13,658,73,0.0,0,0
19510729,13,630,72,0.0,0,0
19510729,13,449,71,0.0,0,0
19510729,13,772,70,0.0,0,0
19510729,13,734,69,0.0,0,0
19510729,13,631,68,0.0,0,0
19510729,13,527,67,0.0,0,0
19510729,13,771,66,0.0,0,0
19510729,13,594,65,0.0,0,0
19510729,13,522,61,0.0,0,0
19510729,13,770,59,0.0,0,0
19510729,13,701,58,0.0,0,0
19510729,13,616,55,0.0,0,0
19510729,13,654,50,0.0,0,0
19510729,13,655,47,0.0,0,0
19510729,13,769,46,0.0,0,0
19510729,13,730,45,0.0,0,0
19510729,13,612,43,0.0,0,0
19510729,13,535,42,0.0,0,0
19510729,13,700,41,0.0,0,0
19510729,13,530,40,0.0,0,0
19510729,13,519,29,0.0,0,0
19510729,13,768,26,0.0,0,0
19510729,13,732,22,0.0,0,0
19510729,13,735,18,2.0,0,0
19510729,13,613,14,3.0,0,0
19510729,13,659,15,2.0,0,0
19510729,13,674,8,6.0,0,0
19510729,13,767,6,9.0,1,0
19510729,13,722,63,0.0,0,0
19510729,13,499,3,15.0,1,0
19510729,13,634,5,15.0,0,0
19510729,13,705,16,2.0,0,0
19510729,13,726,54,0.0,0,0
19510729,13,766,51,0.0,0,0
19510729,13,688,34,0.0,0,0
19510729,13,765,33,0.0,0,0
19510729,13,661,24,0.0,0,0
19510729,13,502,39,0.0,0,0
19510729,13,724,21,0.0,0,0
19510729,13,742,35,0.0,0,0
19510729,13,628,12,3.0,0,0
19510729,13,476,31,0.0,0,0
19510729,13,590,20,0.0,0,0
19510729,13,648,2,17.0,1,0
19510729,13,641,17,2.0,0,0
19510729,13,764,11,3.0,0,0
19510729,13,643,4,15.0,1,0
19510729,13,642,7,8.0,0,0
19510729,13,580,1,27.0,2,0
19510916,14,676,19,2.0,0,0
19510916,14,782,69,0.0,0,0
19510916,14,623,62,0.0,0,0
19510916,14,763,36,0.0,0,0
19510916,14,781,64,0.0,0,0
19510916,14,757,54,0.0,0,0
19510916,14,681,38,0.0,0,0
19510916,14,780,61,0.0,0,0
19510916,14,748,58,0.0,0,0
19510916,14,778,57,0.0,0,0
19510916,14,777,51,0.0,0,0
19510916,14,709,40,0.0,0,0
19510916,14,620,39,0.0,0,0
19510916,14,779,33,0.0,0,0
19510916,14,662,28,0.0,0,0
19510916,14,698,9,5.0,0,0
19510916,14,671,66,0.0,0,0
19510916,14,627,26,0.0,0,0
19510916,14,610,22,0.0,0,0
19510916,14,427,44,0.0,0,0
19510916,14,776,50,0.0,0,0
19510916,14,775,31,0.0,0,0
19510916,14,687,10,5.0,0,0
19510916,14,787,11,4.0,1,0
19510916,14,774,29,0.0,0,0
19510916,14,429,24,0.0,0,0
19510916,14,729,80,0.0,0,0
19510916,14,733,79,0.0,0,0
19510916,14,773,78,0.0,0,0
19510916,14,727,77,0.0,0,0
19510916,14,658,76,0.0,0,0
19510916,14,630,75,0.0,0,0
19510916,14,449,74,0.0,0,0
19510916,14,772,73,0.0,0,0
19510916,14,734,72,0.0,0,0
19510916,14,631,71,0.0,0,0
19510916,14,527,70,0.0,0,0
19510916,14,771,68,0.0,0,0
19510916,14,594,67,0.0,0,0
19510916,14,522,63,0.0,0,0
19510916,14,770,60,0.0,0,0
19510916,14,701,59,0.0,0,0
19510916,14,616,56,0.0,0,0
19510916,14,654,52,0.0,0,0
19510916,14,655,49,0.0,0,0
19510916,14,769,48,0.0,0,0
19510916,14,730,47,0.0,0,0
19510916,14,612,46,0.0,0,0
19510916,14,535,45,0.0,0,0
19510916,14,700,43,0.0,0,0
19510916,14,530,42,0.0,0,0
19510916,14,519,30,0.0,0,0
19510916,14,768,27,0.0,0,0
19510916,14,732,23,0.0,0,0
19510916,14,735,18,2.0,0,0
19510916,14,613,14,3.0,0,0
19510916,14,659,15,2.0,0,0
19510916,14,674,8,6.0,0,0
19510916,14,767,7,9.0,1,0
19510916,14,722,65,0.0,0,0
19510916,14,499,3,21.0,1,0
19510916,14,634,5,15.0,0,0
19510916,14,705,16,2.0,0,0
19510916,14,726,55,0.0,0,0
19510916,14,766,53,0.0,0,0
19510916,14,688,35,0.0,0,0
19510916,14,765,34,0.0,0,0
19510916,14,661,25,0.0,0,0
19510916,14,502,41,0.0,0,0
19510916,14,724,21,0.0,0,0
19510916,14,742,37,0.0,0,0
19510916,14,628,13,3.0,0,0
19510916,14,476,32,0.0,0,0
19510916,14,590,20,0.0,0,0
19510916,14,648,2,25.0,2,0
19510916,14,641,17,2.0,0,0
19510916,14,764,12,3.0,0,0
19510916,14,643,4,17.0,1,0
19510916,14,642,6,10.0,0,0
19510916,14,580,1,27.0,2,0
19511028,15,670,62,0.0,0,1
19511028,15,784,54,0.0,0,1
19511028,15,581,39,0.0,0,1
19511028,15,782,73,0.0,0,1
19511028,15,623,66,0.0,0,1
19511028,15,763,37,0.0,0,1
19511028,15,781,68,0.0,0,1
19511028,15,757,56,0.0,0,1
19511028,15,681,38,0.0,0,1
19511028,15,780,64,0.0,0,1
19511028,15,748,60,0.0,0,1
19511028,15,778,59,0.0,0,1
19511028,15,777,52,0.0,0,1
19511028,15,709,41,0.0,0,1
19511028,15,620,40,0.0,0,1
19511028,15,779,34,0.0,0,1
19511028,15,662,28,0.0,0,1
19511028,15,698,8,7.0,0,1
19511028,15,671,70,0.0,0,1
19511028,15,627,25,0.0,0,1
19511028,15,610,22,0.0,0,1
19511028,15,427,45,0.0,0,1
19511028,15,776,51,0.0,0,1
19511028,15,775,32,0.0,0,1
19511028,15,687,10,5.0,0,1
19511028,15,787,11,4.0,1,1
19511028,15,774,29,0.0,0,1
19511028,15,429,24,0.0,0,1
19511028,15,729,84,0.0,0,1
19511028,15,733,83,0.0,0,1
19511028,15,773,82,0.0,0,1
19511028,15,727,81,0.0,0,1
19511028,15,658,80,0.0,0,1
19511028,15,630,79,0.0,0,1
19511028,15,449,78,0.0,0,1
19511028,15,772,77,0.0,0,1
19511028,15,734,76,0.0,0,1
19511028,15,631,75,0.0,0,1
19511028,15,527,74,0.0,0,1
19511028,15,771,72,0.0,0,1
19511028,15,594,71,0.0,0,1
19511028,15,522,67,0.0,0,1
19511028,15,770,63,0.0,0,1
19511028,15,701,61,0.0,0,1
19511028,15,616,58,0.0,0,1
19511028,15,654,53,0.0,0,1
19511028,15,655,50,0.0,0,1
19511028,15,769,49,0.0,0,1
19511028,15,730,48,0.0,0,1
19511028,15,612,47,0.0,0,1
19511028,15,535,46,0.0,0,1
19511028,15,700,44,0.0,0,1
19511028,15,530,43,0.0,0,1
19511028,15,519,31,0.0,0,1
19511028,15,768,27,0.0,0,1
19511028,15,732,23,0.0,0,1
19511028,15,735,18,2.0,0,1
19511028,15,613,14,3.0,0,1
19511028,15,659,15,2.0,0,1
19511028,15,674,9,6.0,0,1
19511028,15,767,7,9.0,1,1
19511028,15,722,69,0.0,0,1
19511028,15,499,3,24.0,1,1
19511028,15,634,5,15.0,0,1
19511028,15,705,17,2.0,0,1
19511028,15,726,57,0.0,0,1
19511028,15,766,55,0.0,0,1
19511028,15,688,36,0.0,0,1
19511028,15,765,35,0.0,0,1
19511028,15,661,26,0.0,0,1
19511028,15,502,42,0.0,0,1
19511028,15,724,21,0.0,0,1
19511028,15,742,30,0.0,0,1
19511028,15,628,13,3.0,0,1
19511028,15,476,33,0.0,0,1
19511028,15,590,20,0.0,0,1
19511028,15,648,2,25.0,2,1
19511028,15,641,16,2.0,0,1
19511028,15,764,12,3.0,0,1
19511028,15,643,4,19.0,1,1
19511028,15,642,6,10.0,0,1
19511028,15,580,1,31.0,3,1
19500513,1,667,21,0.0,0,0
19500513,1,789,10,0.0,0,0
19500513,1,791,23,0.0,0,0
19500513,1,662,22,0.0,0,0
19500513,1,790,20,0.0,0,0
19500513,1,590,19,0.0,0,0
19500513,1,641,18,0.0,0,0
19500513,1,786,17,0.0,0,0
19500513,1,748,16,0.0,0,0
19500513,1,670,15,0.0,0,0
19500513,1,777,14,0.0,0,0
19500513,1,580,13,0.0,0,0
19500513,1,661,12,0.0,0,0
19500513,1,779,11,0.0,0,0
19500513,1,785,9,0.0,0,0
19500513,1,742,8,0.0,0,0
19500513,1,788,7,0.0,0,0
19500513,1,620,6,0.0,0,0
19500513,1,628,5,2.0,0,0
19500513,1,705,4,3.0,0,0
19500521,2,667,29,0.0,0,0
19500521,2,789,16,0.0,0,0
19500521,2,793,33,0.0,0,0
19500521,2,688,31,0.0,0,0
19500521,2,502,28,0.0,0,0
19500521,2,763,26,0.0,0,0
19500521,2,427,25,0.0,0,0
19500521,2,627,21,0.0,0,0
19500521,2,499,19,0.0,0,0
19500521,2,634,18,0.0,0,0
19500521,2,794,8,3.0,0,0
19500521,2,648,4,6.0,0,0
19500521,2,662,30,0.0,0,0
19500521,2,790,27,0.0,0,0
19500521,2,590,5,4.0,0,0
19500521,2,641,22,0.0,0,0
19500521,2,786,24,0.0,0,0
19500521,2,748,23,0.0,0,0
19500521,2,777,20,0.0,0,0
19500521,2,580,2,9.0,1,0
19500521,2,661,12,0.0,0,0
19500521,2,779,17,0.0,0,0
19500521,2,785,15,0.0,0,0
19500521,2,742,14,0.0,0,0
19500521,2,788,13,0.0,0,0
19500521,2,628,9,2.0,0,0
19500521,2,705,7,3.0,0,0
19500521,2,787,3,6.0,0,0
19500521,2,643,1,9.0,1,0
19500530,3,804,60,0.0,0,0
19500530,3,667,54,0.0,0,0
19500530,3,789,27,0.0,0,0
19500530,3,631,66,0.0,0,0
19500530,3,538,65,0.0,0,0
19500530,3,530,15,1.0,0,0
19500530,3,612,64,0.0,0,0
19500530,3,800,63,0.0,0,0
19500530,3,616,62,0.0,0,0
19500530,3,799,61,0.0,0,0
19500530,3,730,59,0.0,0,0
19500530,3,732,67,0.0,0,0
19500530,3,510,42,0.0,0,0
19500530,3,798,41,0.0,0,0
19500530,3,797,40,0.0,0,0
19500530,3,660,39,0.0,0,0
19500530,3,678,38,0.0,0,0
19500530,3,772,37,0.0,0,0
19500530,3,733,36,0.0,0,0
19500530,3,654,35,0.0,0,0
19500530,3,521,34,0.0,0,0
19500530,3,527,33,0.0,0,0
19500530,3,659,32,0.0,0,0
19500530,3,773,31,0.0,0,0
19500530,3,519,30,0.0,0,0
19500530,3,796,29,0.0,0,0
19500530,3,560,26,0.0,0,0
19500530,3,556,25,0.0,0,0
19500530,3,727,23,0.0,0,0
19500530,3,655,21,0.0,0,0
19500530,3,767,18,0.0,0,0
19500530,3,795,16,1.0,0,0
19500530,3,771,11,3.0,0,0
19500530,3,769,9,4.0,0,0
19500530,3,702,6,6.0,0,0
19500530,3,594,3,9.0,1,0
19500530,3,793,58,0.0,0,0
19500530,3,688,56,0.0,0,0
19500530,3,502,53,0.0,0,0
19500530,3,763,51,0.0,0,0
19500530,3,427,50,0.0,0,0
19500530,3,627,46,0.0,0,0
19500530,3,499,44,0.0,0,0
19500530,3,634,43,0.0,0,0
19500530,3,648,5,6.0,0,0
19500530,3,791,57,0.0,0,0
19500530,3,662,55,0.0,0,0
19500530,3,790,52,0.0,0,0
19500530,3,590,7,4.0,0,0
19500530,3,641,47,0.0,0,0
19500530,3,786,49,0.0,0,0
19500530,3,748,48,0.0,0,0
19500530,3,670,14,2.0,0,0
19500530,3,777,45,0.0,0,0
19500604,4,804,63,0.0,0,0
19500604,4,789,31,0.0,0,0
19500604,4,781,33,0.0,0,0
19500604,4,801,24,0.0,0,0
19500604,4,698,15,2.0,0,0
19500604,4,631,69,0.0,0,0
19500604,4,538,68,0.0,0,0
19500604,4,530,16,1.0,0,0
19500604,4,612,67,0.0,0,0
19500604,4,800,66,0.0,0,0
19500604,4,616,65,0.0,0,0
19500604,4,799,64,0.0,0,0
19500604,4,730,62,0.0,0,0
19500604,4,732,70,0.0,0,0
19500604,4,510,47,0.0,0,0
19500604,4,798,46,0.0,0,0
19500604,4,797,45,0.0,0,0
19500604,4,660,44,0.0,0,0
19500604,4,678,43,0.0,0,0
19500604,4,772,42,0.0,0,0
19500604,4,733,41,0.0,0,0
19500604,4,654,40,0.0,0,0
19500604,4,521,39,0.0,0,0
19500604,4,527,38,0.0,0,0
19500604,4,659,37,0.0,0,0
19500604,4,773,36,0.0,0,0
19500604,4,519,35,0.0,0,0
19500604,4,560,30,0.0,0,0
19500604,4,556,29,0.0,0,0
19500604,4,727,27,0.0,0,0
19500604,4,655,23,0.0,0,0
19500604,4,767,20,0.0,0,0
19500604,4,795,17,1.0,0,0
19500604,4,771,14,3.0,0,0
19500604,4,769,11,4.0,0,0
19500604,4,702,6,6.0,0,0
19500604,4,594,4,9.0,1,0
19500604,4,793,61,0.0,0,0
19500604,4,688,59,0.0,0,0
19500604,4,502,26,0.0,0,0
19500604,4,427,55,0.0,0,0
19500604,4,499,49,0.0,0,0
19500604,4,634,48,0.0,0,0
19500604,4,794,12,3.0,0,0
19500604,4,648,5,6.0,0,0
19500604,4,791,60,0.0,0,0
19500604,4,662,58,0.0,0,0
19500604,4,790,51,0.0,0,0
19500604,4,590,9,4.0,0,0
19500604,4,641,19,0.0,0,0
19500604,4,786,54,0.0,0,0
19500604,4,748,53,0.0,0,0
19500604,4,670,8,5.0,0,0
19500604,4,777,50,0.0,0,0
19500604,4,580,3,9.0,1,0
19500604,4,661,21,0.0,0,0
19500604,4,779,32,0.0,0,0
19500604,4,785,28,0.0,0,0
19500604,4,788,22,0.0,0,0
19500604,4,628,7,6.0,0,0
19500604,4,687,10,4.0,0,0
19500604,4,787,2,12.0,0,0
19500618,5,804,65,0.0,0,0
19500618,5,667,59,0.0,0,0
19500618,5,789,35,0.0,0,0
19500618,5,774,25,0.0,0,0
19500618,5,781,33,0.0,0,0
19500618,5,801,26,0.0,0,0
19500618,5,698,15,2.0,0,0
19500618,5,631,71,0.0,0,0
19500618,5,538,70,0.0,0,0
19500618,5,530,16,1.0,0,0
19500618,5,612,69,0.0,0,0
19500618,5,800,68,0.0,0,0
19500618,5,616,67,0.0,0,0
19500618,5,799,66,0.0,0,0
19500618,5,730,64,0.0,0,0
19500618,5,732,72,0.0,0,0
19500618,5,510,50,0.0,0,0
19500618,5,798,49,0.0,0,0
19500618,5,797,48,0.0,0,0
19500618,5,660,47,0.0,0,0
19500618,5,678,46,0.0,0,0
19500618,5,772,45,0.0,0,0
19500618,5,733,44,0.0,0,0
19500618,5,654,43,0.0,0,0
19500618,5,521,42,0.0,0,0
19500618,5,527,41,0.0,0,0
19500618,5,659,40,0.0,0,0
19500618,5,773,39,0.0,0,0
19500618,5,519,38,0.0,0,0
19500618,5,560,34,0.0,0,0
19500618,5,556,32,0.0,0,0
19500618,5,727,29,0.0,0,0
19500618,5,655,24,0.0,0,0
19500618,5,767,21,0.0,0,0
19500618,5,795,17,1.0,0,0
19500618,5,771,14,3.0,0,0
19500618,5,769,11,4.0,0,0
19500618,5,702,7,6.0,0,0
19500618,5,594,5,9.0,1,0
19500618,5,793,63,0.0,0,0
19500618,5,688,61,0.0,0,0
19500618,5,502,28,0.0,0,0
19500618,5,763,58,0.0,0,0
19500618,5,627,55,0.0,0,0
19500618,5,499,51,0.0,0,0
19500618,5,634,19,0.0,0,0
19500618,5,794,12,3.0,0,0
19500618,5,648,6,8.0,0,0
19500618,5,791,62,0.0,0,0
19500618,5,662,60,0.0,0,0
19500618,5,790,54,0.0,0,0
19500618,5,641,20,0.0,0,0
19500618,5,786,30,0.0,0,0
19500618,5,748,56,0.0,0,0
19500618,5,670,8,5.0,0,0
19500618,5,777,53,0.0,0,0
19500618,5,580,3,17.0,2,0
19500618,5,661,22,0.0,0,0
19500618,5,779,36,0.0,0,0
19500618,5,785,31,0.0,0,0
19500618,5,788,23,0.0,0,0
19500618,5,628,4,10.0,0,0
19500618,5,687,10,4.0,0,0
19500618,5,787,2,18.0,0,0
19500702,6,804,66,0.0,0,0
19500702,6,667,61,0.0,0,0
19500702,6,789,39,0.0,0,0
19500702,6,802,25,0.0,0,0
19500702,6,775,19,1.0,0,0
19500702,6,774,28,0.0,0,0
19500702,6,781,37,0.0,0,0
19500702,6,801,31,0.0,0,0
19500702,6,698,17,2.0,0,0
19500702,6,631,72,0.0,0,0
19500702,6,538,71,0.0,0,0
19500702,6,530,20,1.0,0,0
19500702,6,612,70,0.0,0,0
19500702,6,800,69,0.0,0,0
19500702,6,616,68,0.0,0,0
19500702,6,799,67,0.0,0,0
19500702,6,730,65,0.0,0,0
19500702,6,732,73,0.0,0,0
19500702,6,510,54,0.0,0,0
19500702,6,798,53,0.0,0,0
19500702,6,797,52,0.0,0,0
19500702,6,660,51,0.0,0,0
19500702,6,678,50,0.0,0,0
19500702,6,772,49,0.0,0,0
19500702,6,733,48,0.0,0,0
19500702,6,654,47,0.0,0,0
19500702,6,521,46,0.0,0,0
19500702,6,527,45,0.0,0,0
19500702,6,659,44,0.0,0,0
19500702,6,773,43,0.0,0,0
19500702,6,519,42,0.0,0,0
19500702,6,796,41,0.0,0,0
19500702,6,560,38,0.0,0,0
19500702,6,556,36,0.0,0,0
19500702,6,727,33,0.0,0,0
19500702,6,655,30,0.0,0,0
19500702,6,767,26,0.0,0,0
19500702,6,795,21,1.0,0,0
19500702,6,771,16,3.0,0,0
19500702,6,769,12,4.0,0,0
19500702,6,702,7,6.0,0,0
19500702,6,594,5,9.0,1,0
19500702,6,793,64,0.0,0,0
19500702,6,688,11,4.0,0,0
19500702,6,763,57,0.0,0,0
19500702,6,427,60,0.0,0,0
19500702,6,627,15,3.0,0,0
19500702,6,499,55,0.0,0,0
19500702,6,634,23,0.0,0,0
19500702,6,794,14,3.0,0,0
19500702,6,648,6,8.0,0,0
19500702,6,791,63,0.0,0,0
19500702,6,790,58,0.0,0,0
19500702,6,590,9,4.0,0,0
19500702,6,786,34,0.0,0,0
19500702,6,748,59,0.0,0,0
19500702,6,670,8,5.0,0,0
19500702,6,777,56,0.0,0,0
19500702,6,580,1,26.0,3,0
19500702,6,661,27,0.0,0,0
19500903,7,804,74,0.0,0,1
19500903,7,667,67,0.0,0,1
19500903,7,789,40,0.0,0,1
19500903,7,757,72,0.0,0,1
19500903,7,764,71,0.0,0,1
19500903,7,741,66,0.0,0,1
19500903,7,766,65,0.0,0,1
19500903,7,792,64,0.0,0,1
19500903,7,642,61,0.0,0,1
19500903,7,765,58,0.0,0,1
19500903,7,803,13,3.0,0,1
19500903,7,802,26,0.0,0,1
19500903,7,774,29,0.0,0,1
19500903,7,781,38,0.0,0,1
19500903,7,801,32,0.0,0,1
19500903,7,698,19,2.0,0,1
19500903,7,631,80,0.0,0,1
19500903,7,538,79,0.0,0,1
19500903,7,530,21,1.0,0,1
19500903,7,612,78,0.0,0,1
19500903,7,800,77,0.0,0,1
19500903,7,616,76,0.0,0,1
19500903,7,799,75,0.0,0,1
19500903,7,730,73,0.0,0,1
19500903,7,732,81,0.0,0,1
19500903,7,510,55,0.0,0,1
19500903,7,798,54,0.0,0,1
19500903,7,797,53,0.0,0,1
19500903,7,660,52,0.0,0,1
19500903,7,678,51,0.0,0,1
19500903,7,772,50,0.0,0,1
19500903,7,733,49,0.0,0,1
19500903,7,654,48,0.0,0,1
19500903,7,521,47,0.0,0,1
19500903,7,527,46,0.0,0,1
19500903,7,659,45,0.0,0,1
19500903,7,773,44,0.0,0,1
19500903,7,519,43,0.0,0,1
19500903,7,560,39,0.0,0,1
19500903,7,556,37,0.0,0,1
19500903,7,727,34,0.0,0,1
19500903,7,655,31,0.0,0,1
19500903,7,767,27,0.0,0,1
19500903,7,795,22,1.0,0,1
19500903,7,771,17,3.0,0,1
19500903,7,769,12,4.0,0,1
19500903,7,702,7,6.0,0,1
19500903,7,594,6,9.0,1,1
19500903,7,688,9,4.0,0,1
19500903,7,502,33,0.0,0,1
19500903,7,763,59,0.0,0,1
19500903,7,427,63,0.0,0,1
19500903,7,627,16,3.0,0,1
19500903,7,499,57,0.0,0,1
19500903,7,634,25,0.0,0,1
19500903,7,794,15,3.0,0,1
19500903,7,648,5,11.0,0,1
19500903,7,791,69,0.0,0,1
19500903,7,662,68,0.0,0,1
19500903,7,790,62,0.0,0,1
19500903,7,590,10,4.0,0,1
19500903,7,641,23,0.0,0,1
19500903,7,786,35,0.0,0,1
19500903,7,748,56,0.0,0,1
19500903,7,670,8,5.0,0,1
19500903,7,777,60,0.0,0,1
19500903,7,580,2,27.0,3,1
19500513,1,687,3,4.0,0,0
19500513,1,787,2,6.0,0,0
19500530,3,580,2,9.0,1,0
19500530,3,661,19,0.0,0,0
19500530,3,779,28,0.0,0,0
19500530,3,785,24,0.0,0,0
19500530,3,742,22,0.0,0,0
19500530,3,705,10,3.0,0,0
19500530,3,787,4,6.0,0,0
19500702,6,779,40,0.0,0,0
19500702,6,785,35,0.0,0,0
19500702,6,705,13,3.0,0,0
19500702,6,687,10,4.0,0,0
19500702,6,643,3,22.0,2,0
19500903,7,661,28,0.0,0,1
19500903,7,779,41,0.0,0,1
19500903,7,620,24,0.0,0,1
19500903,7,628,4,13.0,0,1
19500903,7,687,11,4.0,0,1
19500903,7,787,3,24.0,0,1
19540531,34,502,13,0.0,0,0
19540531,34,427,7,3.0,0,0
19540531,34,499,5,5.0,0,0
19540531,34,580,1,8.0,1,0
19540620,35,672,50,0.0,0,0
19540620,35,644,48,0.0,0,0
19540620,35,671,47,0.0,0,0
19540620,35,621,24,0.0,0,0
19540620,35,641,21,0.0,0,0
19540620,35,502,17,0.0,0,0
19540620,35,626,9,2.0,0,0
19540620,35,427,2,9.0,0,0
19540620,35,643,5,6.0,0,0
19500513,1,643,1,9.0,1,0
19500521,2,670,10,2.0,0,0
19500521,2,791,32,0.0,0,0
19500521,2,687,6,4.0,0,0
19500521,2,620,11,0.0,0,0
19500530,3,643,1,9.0,1,0
19500530,3,687,8,4.0,0,0
19500530,3,794,12,3.0,0,0
19500530,3,628,13,2.0,0,0
19500530,3,620,17,0.0,0,0
19500530,3,788,20,0.0,0,0
19500604,4,643,1,18.0,2,0
19500604,4,627,52,0.0,0,0
19500604,4,742,25,0.0,0,0
19500604,4,705,13,3.0,0,0
19500604,4,763,56,0.0,0,0
19500604,4,620,18,0.0,0,0
19500604,4,667,57,0.0,0,0
19500604,4,796,34,0.0,0,0
19500618,5,643,1,22.0,2,0
19500618,5,742,27,0.0,0,0
19500618,5,427,57,0.0,0,0
19500618,5,590,9,4.0,0,0
19500618,5,705,13,3.0,0,0
19500618,5,620,18,0.0,0,0
19500618,5,775,52,0.0,0,0
19500618,5,796,37,0.0,0,0
19500702,6,641,24,0.0,0,0
19500702,6,787,2,24.0,0,0
19500702,6,502,32,0.0,0,0
19500702,6,662,62,0.0,0,0
19500702,6,628,4,10.0,0,0
19500702,6,620,22,0.0,0,0
19500702,6,788,29,0.0,0,0
19500702,6,742,18,1.0,0,0
19500903,7,643,1,30.0,3,1
19500903,7,788,30,0.0,0,1
19500903,7,742,18,3.0,0,1
19500903,7,785,36,0.0,0,1
19500903,7,705,14,3.0,0,1
19500903,7,793,70,0.0,0,1
19500903,7,775,20,1.0,0,1
19500903,7,796,42,0.0,0,1
19510617,10,676,15,2.0,0,0
19510714,12,780,57,0.0,0,0
19510714,12,676,19,2.0,0,0
19510729,13,781,62,0.0,0,0
19510729,13,676,19,2.0,0,0
19511028,15,783,65,0.0,0,1
19511028,15,676,19,2.0,0,1
19530705,28,514,24,0.0,0,0
19530705,28,631,48,0.0,0,0
19530705,28,805,51,0.0,0,0
19530705,28,798,66,0.0,0,0
19530718,29,514,25,0.0,0,0
19530718,29,631,51,0.0,0,0
19530718,29,805,54,0.0,0,0
19530718,29,798,70,0.0,0,0
19540117,33,580,1,8.0,1,0
19540117,33,643,2,6.0,0,0
19540531,34,659,6,5.0,0,0
19540531,34,643,4,6.0,0,0
19540531,34,626,8,2.0,0,0
19540531,34,529,15,0.0,0,0
19540620,35,580,1,17.0,2,0
19540620,35,499,4,6.5,0,0
19540620,35,670,15,0.0,0,0
19540620,35,677,43,0.0,0,0
19540620,35,529,18,0.0,0,0
19540704,36,527,18,1.5,0,0
19540704,36,659,8,5.0,0,0
19540704,36,526,6,6.0,0,0
19540704,36,658,3,8.0,1,0
19540704,36,578,60,0.0,0,0
19540704,36,673,57,0.0,0,0
19540704,36,643,5,6.0,0,0
19540704,36,499,4,6.5,0,0
19540704,36,427,2,9.0,0,0
19540704,36,626,12,2.0,0,0
19540704,36,502,21,0.0,0,0
19540704,36,670,11,3.0,0,0
19540704,36,641,26,0.0,0,0
19540704,36,621,29,0.0,0,0
19540704,36,671,52,0.0,0,0
19540704,36,644,53,0.0,0,0
19540704,36,497,62,0.0,0,0
19540704,36,628,51,0.0,0,0
19540704,36,672,56,0.0,0,0
19540704,36,580,1,25.0,3,0
19540717,37,659,9,5.0,0,0
19540717,37,652,64,0.0,0,0
19540717,37,674,17,2.0,0,0
19540717,37,644,23,0.0,0,0
19540717,37,670,13,3.0,0,0
19540717,37,656,34,0.0,0,0
19540717,37,556,30,0.0,0,0
19540801,38,580,1,36.14,4,0
19540801,38,643,7,6.0,0,0
19540801,38,616,25,0.0,0,0
19540801,38,427,3,15.0,0,0
19540801,38,644,24,0.0,0,0
19540801,38,641,31,0.0,0,0
19540801,38,656,36,0.0,0,0
19540822,39,556,34,0.0,0,0
19540822,39,529,29,0.0,0,0
19540822,39,616,26,0.0,0,0
19540822,39,674,20,2.0,0,0
19540822,39,527,22,1.5,0,0
19540822,39,643,7,6.0,0,0
19540822,39,499,2,23.64,1,0
19540822,39,427,3,15.0,0,0
19540822,39,626,19,2.0,0,0
19540822,39,502,23,0.0,0,0
19540822,39,670,15,3.0,0,0
19540822,39,641,33,0.0,0,0
19540822,39,621,28,0.0,0,0
19540822,39,671,11,4.14,0,0
19540822,39,644,16,3.0,0,0
19540822,39,672,65,0.0,0,0
19540822,39,673,68,0.0,0,0
19540822,39,628,30,0.0,0,0
19540822,39,578,70,0.0,0,0
19540822,39,497,73,0.0,0,0
19540822,39,658,6,8.0,1,0
19540822,39,580,1,42.0,5,0
19540822,39,659,10,5.0,0,0
19540822,39,526,8,6.0,0,0
19540905,40,580,1,42.0,6,0
19540905,40,651,78,0.0,0,0
19540905,40,675,37,0.0,0,0
19540905,40,499,2,25.14,1,0
19540905,40,427,3,17.0,0,0
19540905,40,626,20,2.0,0,0
19540905,40,502,24,0.0,0,0
19540905,40,670,15,3.0,0,0
19540905,40,641,35,0.0,0,0
19540905,40,621,17,2.0,0,0
19541024,41,580,1,42.0,6,1
19541024,41,626,21,2.0,0,1
19541024,41,529,35,0.0,0,1
19541024,41,527,24,1.5,0,1
19541024,41,578,9,6.0,0,1
19541024,41,673,43,0.0,0,1
19541024,41,670,17,3.0,0,1
19541024,41,657,49,0.0,0,1
19550619,46,621,18,1.33,0,0
19550619,46,556,11,3.0,0,0
19550619,46,520,22,1.0,0,0
19550911,48,556,14,3.0,0,1
19550911,48,520,24,1.0,0,1
19570530,59,499,15,1.0,0,0
19570804,62,499,20,1.0,0,0
19570818,63,499,20,1.0,0,0
19590510,76,427,3,4.0,0,0
19590510,76,403,4,3.0,0,0
19590530,77,530,7,3.0,0,0
19590530,77,513,5,5.0,0,0
19590530,77,510,4,6.0,0,0
19590530,77,553,46,0.0,0,0
19590531,78,347,2,8.0,1,0
19590531,78,502,32,0.0,0,0
19590531,78,542,31,0.0,0,0
19590531,78,476,15,1.0,0,0
19590531,78,457,16,0.0,0,0
19590531,78,360,14,2.0,0,0
19590705,79,418,9,4.0,0,0
19590705,79,289,21,0.0,0,0
19590705,79,555,14,2.0,0,0
19590705,79,347,4,8.0,1,0
19590705,79,502,20,0.0,0,0
19590705,79,542,17,0.0,0,0
19590705,79,476,16,2.0,0,0
19590705,79,457,18,0.0,0,0
19590705,79,360,10,4.0,0,0
19590718,80,353,60,0.0,0,0
19590718,80,552,56,0.0,0,0
19590718,80,376,51,0.0,0,0
19590718,80,551,49,0.0,0,0
19590718,80,484,23,0.0,0,0
19590718,80,550,36,0.0,0,0
19590718,80,507,44,0.0,0,0
19590718,80,478,27,0.0,0,0
19590718,80,403,3,9.0,0,0
19590802,81,550,38,0.0,0,0
19590802,81,507,46,0.0,0,0
19590802,81,478,29,0.0,0,0
19590802,81,477,45,0.0,0,0
19590802,81,418,12,4.0,0,0
19590802,81,289,23,0.0,0,0
19590802,81,555,17,2.0,0,0
19590802,81,347,4,10.0,1,0
19590802,81,502,13,3.0,0,0
19590802,81,476,6,8.5,0,0
19590823,82,555,17,2.0,0,0
19590823,82,347,6,10.0,1,0
19590823,82,502,13,5.0,0,0
19590823,82,542,20,0.0,0,0
19590823,82,476,3,17.5,1,0
19590823,82,457,19,0.0,0,0
19590823,82,360,9,8.5,0,0
19590913,83,289,24,0.0,0,0
19590913,83,555,18,2.0,0,0
19590913,83,347,7,10.0,1,0
19590913,83,502,13,5.0,0,0
19590913,83,542,21,0.0,0,0
19590913,83,476,2,25.5,2,0
19590913,83,457,20,0.0,0,0
19590913,83,360,9,8.5,0,0
19590913,83,427,6,12.0,0,0
19591212,84,510,11,6.0,0,1
19591212,84,449,10,8.0,1,1
19591212,84,554,73,0.0,0,1
19591212,84,553,70,0.0,0,1
19591212,84,353,67,0.0,0,1
19591212,84,552,63,0.0,0,1
19591212,84,376,60,0.0,0,1
19600207,85,427,7,0.0,0,0
19630609,113,341,6,3.0,0,0
19630609,113,289,3,9.0,1,0
19630623,114,373,1,18.0,2,0
19630623,114,347,8,2.0,0,0
19630623,114,401,11,1.0,0,0
19630630,115,401,13,1.0,0,0
19630630,115,408,6,8.0,0,0
19630630,115,341,7,7.0,0,0
19630630,115,360,4,10.0,0,0
19630720,116,438,19,0.0,0,0
19630720,116,347,10,2.0,0,0
19630720,116,401,15,1.0,0,0
19630720,116,408,7,8.0,0,0
19630720,116,341,4,13.0,0,0
19630804,117,376,27,0.0,0,0
19630804,117,404,9,3.0,0,0
19630804,117,356,8,3.0,0,0
19630804,117,401,15,1.0,0,0
19630804,117,408,7,8.0,0,0
19630804,117,341,2,22.0,1,0
19630908,118,408,7,9.0,0,0
19630908,118,341,3,22.0,1,0
19630908,118,360,4,14.0,0,0
19631006,119,403,24,0.0,0,0
19631006,119,404,9,6.0,0,0
19631006,119,347,12,3.0,0,0
19631006,119,401,16,1.0,0,0
19631006,119,408,7,9.0,0,0
19631006,119,341,4,22.0,1,0
19631006,119,360,5,14.0,0,0
19631006,119,386,2,28.0,0,0
19631006,119,289,3,22.0,2,0
19631027,120,403,25,0.0,0,0
19631027,120,404,9,6.0,0,0
19631027,120,373,1,54.0,6,0
19631027,120,347,10,5.0,0,0
19631027,120,401,16,1.0,0,0
19631027,120,341,4,22.0,1,0
19631027,120,408,8,9.0,0,0
19631228,121,346,15,1.0,0,1
19631228,121,278,18,0.0,0,1
19631228,121,428,25,0.0,0,1
19631228,121,403,26,0.0,0,1
19631228,121,394,35,0.0,0,1
19631228,121,436,32,0.0,0,1
19631228,121,289,2,29.0,2,1
19631228,121,452,55,0.0,0,1
19631228,121,382,29,0.0,0,1
19631228,121,429,53,0.0,0,1
19631228,121,430,14,2.0,0,1
19631228,121,373,1,54.0,7,1
19631228,121,410,51,0.0,0,1
19631228,121,310,48,0.0,0,1
19631228,121,368,46,0.0,0,1
19631228,121,413,45,0.0,0,1
19631228,121,362,42,0.0,0,1
19631228,121,409,31,0.0,0,1
19631228,121,340,24,0.0,0,1
19631228,121,451,50,0.0,0,1
19631228,121,450,54,0.0,0,1
19631228,121,433,49,0.0,0,1
19631228,121,434,19,0.0,0,1
19631228,121,345,40,0.0,0,1
19631228,121,449,39,0.0,0,1
19631228,121,448,20,0.0,0,1
19631228,121,447,62,0.0,0,1
19631228,121,446,61,0.0,0,1
19631228,121,445,60,0.0,0,1
19631228,121,444,59,0.0,0,1
19631228,121,443,57,0.0,0,1
19631228,121,374,33,0.0,0,1
19631228,121,442,58,0.0,0,1
19631228,121,441,56,0.0,0,1
19631228,121,432,38,0.0,0,1
19631228,121,420,44,0.0,0,1
19631228,121,305,22,0.0,0,1
19631228,121,383,30,0.0,0,1
19631228,121,418,27,0.0,0,1
19631228,121,423,12,3.0,0,1
19631228,121,375,17,1.0,0,1
19631228,121,397,47,0.0,0,1
19631228,121,376,37,0.0,0,1
19631228,121,385,10,6.0,0,1
19631228,121,439,52,0.0,0,1
19631228,121,438,23,0.0,0,1
19631228,121,437,41,0.0,0,1
19631228,121,440,13,3.0,0,1
19670102,151,383,5,2.0,0,0
19670102,151,356,6,1.0,0,0
19670507,152,356,10,1.0,0,0
19670507,152,345,2,11.0,1,0
19670507,152,341,5,4.0,0,0
19670604,153,383,10,2.0,0,0
19670604,153,345,2,11.0,1,0
19670604,153,293,17,0.0,0,0
19670604,153,278,5,7.0,0,0
19670604,153,356,4,7.0,0,0
19670618,154,356,6,7.0,0,0
19670618,154,345,2,11.0,1,0
19670618,154,385,20,0.0,0,0
19670618,154,347,25,0.0,0,0
19670618,154,368,24,0.0,0,0
19670618,154,341,10,4.0,0,0
19670618,154,278,3,11.0,0,0
19670618,154,293,21,0.0,0,0
19670702,155,383,16,2.0,0,0
19670702,155,345,3,12.0,1,0
19670702,155,360,13,3.0,0,0
19670702,155,374,14,3.0,0,0
19670702,155,328,6,10.0,0,0
19670702,155,293,21,0.0,0,0
19670715,156,356,3,19.0,1,0
19670715,156,345,5,14.0,1,0
19670715,156,341,10,5.0,0,0
19670806,157,293,25,0.0,0,0
19670806,157,345,5,14.0,1,0
19670806,157,383,16,2.0,0,0
19670806,157,341,8,8.0,0,0
19670806,157,368,28,0.0,0,0
19670827,158,356,2,34.0,2,0
19670827,158,360,13,3.0,0,0
19670827,158,345,5,14.0,1,0
19670827,158,383,16,2.0,0,0
19670827,158,341,9,8.0,0,0
19670827,158,289,8,9.0,0,0
19670827,158,384,29,0.0,0,0
19670910,159,356,2,40.0,2,0
19670910,159,293,28,0.0,0,0
19670910,159,383,16,2.0,0,0
19670910,159,345,6,14.0,1,0
19670910,159,341,5,17.0,1,0
19670910,159,289,9,9.0,0,0
19670910,159,368,31,0.0,0,0
19671001,160,293,29,0.0,0,0
19671001,160,356,2,42.0,2,0
19671001,160,345,7,14.0,1,0
19671001,160,341,5,17.0,1,0
19671001,160,304,1,47.0,2,0
19671001,160,368,32,0.0,0,0
19671022,161,356,2,46.0,2,1
19671022,161,383,17,2.0,0,1
19671022,161,345,6,15.0,1,1
19671022,161,341,4,20.0,1,1
19671022,161,384,32,0.0,0,1
19590705,79,403,3,9.0,0,0
19590510,76,360,5,2.0,0,0
19590530,77,449,2,8.0,1,0
19590531,78,403,9,3.0,0,0
19590531,78,427,7,4.0,0,0
19590718,80,477,42,0.0,0,0
19591212,84,480,2,27.0,2,1
19591212,84,427,5,19.0,0,1
19591212,84,403,4,20.0,0,1
19590530,77,554,48,0.0,0,0
19590530,77,353,44,0.0,0,0
19590531,78,480,4,6.0,0,0
19590705,79,356,1,19.0,1,0
19590718,80,360,5,8.5,0,0
19590802,81,542,20,0.0,0,0
19590802,81,457,19,0.0,0,0
19590802,81,480,2,23.0,2,0
19590823,82,356,1,27.0,2,0
19590823,82,480,2,23.0,2,0
19590913,83,403,4,20.0,0,0
19591212,84,551,58,0.0,0,1
19591212,84,484,29,0.0,0,1
19591212,84,360,6,16.5,1,1
19590530,77,552,42,0.0,0,0
19590531,78,353,47,0.0,0,0
19590531,78,356,1,15.0,1,0
19590718,80,427,9,6.0,0,0
19590802,81,360,7,8.5,0,0
19590802,81,427,5,9.0,0,0
19590823,82,403,4,13.0,0,0
19590823,82,427,5,12.0,0,0
19590913,83,356,1,31.0,2,0
19590510,76,480,2,6.0,0,0
19590510,76,356,1,9.0,1,0
19590705,79,530,12,3.0,0,0
19590718,80,503,25,0.0,0,0
19590718,80,515,35,0.0,0,0
19590718,80,557,38,0.0,0,0
19590913,83,523,71,0.0,0,0
19590913,83,432,34,0.0,0,0
19590913,83,565,77,0.0,0,0
19590913,83,539,42,0.0,0,0
19590913,83,480,3,23.0,2,0
19591212,84,356,1,31.0,2,1
19630609,113,360,1,10.0,0,0
19630609,113,386,4,9.0,0,0
19630623,114,341,6,7.0,0,0
19630623,114,360,4,10.0,0,0
19630630,115,386,3,11.0,0,0
19630720,116,360,6,10.0,0,0
19630720,116,386,2,14.0,0,0
19630804,117,360,6,10.0,0,0
19630804,117,289,4,13.0,1,0
19630908,118,386,2,24.0,0,0
19631027,120,360,5,14.0,0,0
19631027,120,289,3,25.0,2,0
19631228,121,364,5,19.0,0,1
19631228,121,427,21,0.0,0,1
19631228,121,404,9,6.0,0,1
19631228,121,435,36,0.0,0,1
19631228,121,356,7,14.0,0,1
19631228,121,347,11,6.0,0,1
19631228,121,401,16,1.0,0,1
19631228,121,341,4,22.0,1,1
19631228,121,408,8,9.0,0,1
19631228,121,360,6,17.0,0,1
19631228,121,386,3,29.0,0,1
19630609,113,439,28,0.0,0,0
19630623,114,404,7,3.0,0,0
19630623,114,356,16,0.0,0,0
19630630,115,435,20,0.0,0,0
19630630,115,289,5,9.0,1,0
19630720,116,430,14,1.0,0,0
19630720,116,289,3,13.0,1,0
19630804,117,386,3,18.0,0,0
19630908,118,440,12,3.0,0,0
19631006,119,429,41,0.0,0,0
19631006,119,437,34,0.0,0,0
19631006,119,439,40,0.0,0,0
19631027,120,423,12,3.0,0,0
19631027,120,436,29,0.0,0,0
19631027,120,386,2,29.0,0,0
19631228,121,411,28,0.0,0,1
19631228,121,407,43,0.0,0,1
19631228,121,412,34,0.0,0,1
20100314,821,4,1,25.0,1,0
20100314,821,13,2,18.0,0,0
20100314,821,1,3,15.0,0,0
20100314,821,20,4,12.0,0,0
20100314,821,3,5,10.0,0,0
20100314,821,30,6,8.0,0,0
20100314,821,18,7,6.0,0,0
20100314,821,17,8,4.0,0,0
20100314,821,24,9,2.0,0,0
20100314,821,22,10,1.0,0,0
20100314,821,9,11,0.0,0,0
20100314,821,16,12,0.0,0,0
20100314,821,153,13,0.0,0,0
20100314,821,808,14,0.0,0,0
20100314,821,5,15,0.0,0,0
20100314,821,67,16,0.0,0,0
20100314,821,15,17,0.0,0,0
20100314,821,37,18,0.0,0,0
20100314,821,811,19,0.0,0,0
20100314,821,10,20,0.0,0,0
20100314,821,809,21,0.0,0,0
20100314,821,155,22,0.0,0,0
20100314,821,810,23,0.0,0,0
20100314,821,812,24,0.0,0,0
20100328,822,4,1,37.0,1,0
20100328,822,13,2,33.0,0,0
20100328,822,1,4,23.0,0,0
20100328,822,20,7,12.0,0,0
20100328,822,3,5,20.0,0,0
20100328,822,30,8,9.0,0,0
20100328,822,18,3,31.0,1,0
20100328,822,17,10,6.0,0,0
20100328,822,24,9,8.0,0,0
20100328,822,22,11,5.0,0,0
20100328,822,9,6,18.0,0,0
20100328,822,16,13,0.0,0,0
20100328,822,153,12,0.0,0,0
20100328,822,808,17,0.0,0,0
20100328,822,5,15,0.0,0,0
20100328,822,67,18,0.0,0,0
20100328,822,15,19,0.0,0,0
20100328,822,37,14,0.0,0,0
20100328,822,811,20,0.0,0,0
20100328,822,10,21,0.0,0,0
20100328,822,809,22,0.0,0,0
20100328,822,155,23,0.0,0,0
20100328,822,810,24,0.0,0,0
20100328,822,812,16,0.0,0,0
20100404,823,4,2,37.0,1,0
20100404,823,13,1,39.0,0,0
20100404,823,1,6,31.0,0,0
20100404,823,20,3,37.0,1,0
20100404,823,3,5,35.0,0,0
20100404,823,30,10,9.0,0,0
20100404,823,18,4,35.0,1,0
20100404,823,17,8,24.0,0,0
20100404,823,24,11,8.0,0,0
20100404,823,22,12,5.0,0,0
20100404,823,9,7,30.0,0,0
20100404,823,16,9,10.0,0,0
20100404,823,153,13,2.0,0,0
20100404,823,808,14,1.0,0,0
20100404,823,5,17,0.0,0,0
20100404,823,67,15,0.0,0,0
20100404,823,15,21,0.0,0,0
20100404,823,37,16,0.0,0,0
20100404,823,811,20,0.0,0,0
20100404,823,10,22,0.0,0,0
20100404,823,809,23,0.0,0,0
20100404,823,155,24,0.0,0,0
20100404,823,810,19,0.0,0,0
20100404,823,812,18,0.0,0,0
20100418,824,4,3,49.0,1,0
20100418,824,13,6,41.0,0,0
20100418,824,1,4,49.0,0,0
20100418,824,20,5,45.0,1,0
20100418,824,3,2,50.0,0,0
20100418,824,30,10,10.0,0,0
20100418,824,18,1,60.0,2,0
20100418,824,17,8,28.0,0,0
20100418,824,24,11,8.0,0,0
20100418,824,22,13,5.0,0,0
20100418,824,9,7,40.0,0,0
20100418,824,16,9,10.0,0,0
20100418,824,153,14,2.0,0,0
20100418,824,808,15,1.0,0,0
20100418,824,5,18,0.0,0,0
20100418,824,67,16,0.0,0,0
20100418,824,15,22,0.0,0,0
20100418,824,37,17,0.0,0,0
20100418,824,811,21,0.0,0,0
20100418,824,10,23,0.0,0,0
20100418,824,809,12,6.0,0,0
20100418,824,155,24,0.0,0,0
20100418,824,810,20,0.0,0,0
20100418,824,812,19,0.0,0,0
20100509,825,4,2,67.0,1,0
20100509,825,13,7,49.0,0,0
20100509,825,1,6,49.0,0,0
20100509,825,20,3,60.0,1,0
20100509,825,3,5,50.0,0,0
20100509,825,30,9,22.0,0,0
20100509,825,18,1,70.0,2,0
20100509,825,17,4,53.0,1,0
20100509,825,24,11,8.0,0,0
20100509,825,22,12,7.0,0,0
20100509,825,9,8,44.0,0,0
20100509,825,16,10,16.0,0,0
20100509,825,153,14,3.0,0,0
20100509,825,808,15,1.0,0,0
20100509,825,5,19,0.0,0,0
20100509,825,67,16,0.0,0,0
20100509,825,15,23,0.0,0,0
20100509,825,37,17,0.0,0,0
20100509,825,811,22,0.0,0,0
20100509,825,10,24,0.0,0,0
20100509,825,809,13,6.0,0,0
20100509,825,155,18,0.0,0,0
20100509,825,810,21,0.0,0,0
20100509,825,812,20,0.0,0,0
20100530,827,4,4,79.0,1,0
20100516,826,812,20,0.0,0,0
20100516,826,810,21,0.0,0,0
20100516,826,155,18,0.0,0,0
20100516,826,10,24,0.0,0,0
20100516,826,811,23,0.0,0,0
20100516,826,15,22,0.0,0,0
20100516,826,67,15,1.0,0,0
20100516,826,808,16,1.0,0,0
20100516,826,153,14,3.0,0,0
20100516,826,24,11,10.0,0,0
20100516,826,17,1,78.0,2,0
20100516,826,18,4,70.0,2,0
20100516,826,13,5,61.0,0,0
20100516,826,1,7,59.0,0,0
20100516,826,20,2,78.0,1,0
20100516,826,3,8,56.0,0,0
20100516,826,30,9,22.0,0,0
20100516,826,37,17,0.0,0,0
20100516,826,809,13,6.0,0,0
20100516,826,5,19,0.0,0,0
20100516,826,16,10,20.0,0,0
20100516,826,4,3,75.0,1,0
20100516,826,9,6,59.0,0,0
20100516,826,22,12,7.0,0,0
20100530,827,13,7,67.0,0,0
20100530,827,1,3,84.0,1,0
20100530,827,20,5,78.0,1,0
20100530,827,3,8,66.0,0,0
20100530,827,30,9,34.0,0,0
20100530,827,18,2,88.0,2,0
20100530,827,17,1,93.0,2,0
20100530,827,24,11,10.0,0,0
20100530,827,22,12,7.0,0,0
20100530,827,9,6,67.0,0,0
20100530,827,16,10,22.0,0,0
20100530,827,153,14,3.0,0,0
20100530,827,808,17,1.0,0,0
20100530,827,5,19,0.0,0,0
20100530,827,67,15,1.0,0,0
20100530,827,15,22,0.0,0,0
20100530,827,37,18,0.0,0,0
20100530,827,811,23,0.0,0,0
20100530,827,10,24,0.0,0,0
20100530,827,809,13,6.0,0,0
20100530,827,155,16,1.0,0,0
20100530,827,810,21,0.0,0,0
20100530,827,812,20,0.0,0,0
20100613,828,4,4,94.0,1,0
20100613,828,13,8,67.0,0,0
20100613,828,1,1,109.0,2,0
20100613,828,20,5,90.0,1,0
20100613,828,3,6,74.0,0,0
20100613,828,30,9,34.0,0,0
20100613,828,18,2,106.0,2,0
20100613,828,17,3,103.0,2,0
20100613,828,24,11,12.0,0,0
20100613,828,22,12,7.0,0,0
20100613,828,9,7,73.0,0,0
20100613,828,16,10,23.0,0,0
20100613,828,153,15,3.0,0,0
20100613,828,808,17,1.0,0,0
20100613,828,5,19,0.0,0,0
20100613,828,67,14,5.0,0,0
20100613,828,15,22,0.0,0,0
20100613,828,37,18,0.0,0,0
20100613,828,811,23,0.0,0,0
20100613,828,10,24,0.0,0,0
20100613,828,809,13,6.0,0,0
20100613,828,155,16,1.0,0,0
20100613,828,810,21,0.0,0,0
20100613,828,812,20,0.0,0,0
20100627,829,4,5,98.0,1,0
20100627,829,13,8,67.0,0,0
20100627,829,1,1,127.0,2,0
20100627,829,20,3,115.0,2,0
20100627,829,3,7,75.0,0,0
20100627,829,30,9,34.0,0,0
20100627,829,18,2,121.0,2,0
20100627,829,17,4,103.0,2,0
20100627,829,24,12,12.0,0,0
20100627,829,22,11,19.0,0,0
20100627,829,9,6,83.0,0,0
20100627,829,16,10,31.0,0,0
20100627,829,153,16,3.0,0,0
20100627,829,808,17,1.0,0,0
20100627,829,5,19,0.0,0,0
20100627,829,67,14,7.0,0,0
20100627,829,15,22,0.0,0,0
20100627,829,37,18,0.0,0,0
20100627,829,811,23,0.0,0,0
20100627,829,10,24,0.0,0,0
20100627,829,809,15,6.0,0,0
20100627,829,155,13,7.0,0,0
20100627,829,810,21,0.0,0,0
20100627,829,812,20,0.0,0,0
20100711,830,4,5,98.0,1,0
20100711,830,13,8,67.0,0,0
20100711,830,1,1,145.0,2,0
20100711,830,20,4,121.0,2,0
20100711,830,3,6,90.0,0,0
20100711,830,30,9,36.0,0,0
20100711,830,18,2,133.0,2,0
20100711,830,17,3,128.0,3,0
20100711,830,24,13,12.0,0,0
20100711,830,22,11,29.0,0,0
20100711,830,9,7,83.0,0,0
20100711,830,16,10,35.0,0,0
20100711,830,153,16,3.0,0,0
20100711,830,808,17,2.0,0,0
20100711,830,5,19,0.0,0,0
20100711,830,67,14,7.0,0,0
20100711,830,15,22,0.0,0,0
20100711,830,37,18,0.0,0,0
20100711,830,811,23,0.0,0,0
20100711,830,10,24,0.0,0,0
20100711,830,809,15,6.0,0,0
20100711,830,155,12,15.0,0,0
20100711,830,810,21,0.0,0,0
20100711,830,812,20,0.0,0,0
20100711,830,29,25,0.0,0,0
20100725,831,4,5,123.0,2,0
20100725,831,13,8,85.0,0,0
20100725,831,1,1,157.0,2,0
20100725,831,20,4,136.0,2,0
20100725,831,3,6,94.0,0,0
20100725,831,30,9,38.0,0,0
20100725,831,18,2,143.0,2,0
20100725,831,17,3,136.0,3,0
20100725,831,24,13,12.0,0,0
20100725,831,22,11,29.0,0,0
20100725,831,9,7,89.0,0,0
20100725,831,16,10,35.0,0,0
20100725,831,153,16,3.0,0,0
20100725,831,808,17,2.0,0,0
20100725,831,5,19,0.0,0,0
20100725,831,67,15,7.0,0,0
20100725,831,15,22,0.0,0,0
20100725,831,37,18,0.0,0,0
20100725,831,811,23,0.0,0,0
20100725,831,10,24,0.0,0,0
20100725,831,809,14,7.0,0,0
20100725,831,155,12,15.0,0,0
20100725,831,810,21,0.0,0,0
20100725,831,812,20,0.0,0,0
20100725,831,29,25,0.0,0,0
20100801,832,4,5,141.0,2,0
20100801,832,13,6,97.0,0,0
20100801,832,1,2,157.0,2,0
20100801,832,20,3,151.0,2,0
20100801,832,3,7,94.0,0,0
20100801,832,30,9,38.0,0,0
20100801,832,18,4,147.0,2,0
20100801,832,17,1,161.0,4,0
20100801,832,24,14,12.0,0,0
20100801,832,22,11,30.0,0,0
20100801,832,9,8,89.0,0,0
20100801,832,16,10,35.0,0,0
20100801,832,153,18,3.0,0,0
20100801,832,808,15,10.0,0,0
20100801,832,5,19,0.0,0,0
20100801,832,67,16,7.0,0,0
20100801,832,15,22,0.0,0,0
20100801,832,37,17,6.0,0,0
20100801,832,811,23,0.0,0,0
20100801,832,10,24,0.0,0,0
20100801,832,809,12,17.0,0,0
20100801,832,155,13,17.0,0,0
20100801,832,810,21,0.0,0,0
20100801,832,812,20,0.0,0,0
20100801,832,29,25,0.0,0,0
20100829,833,4,5,141.0,2,0
20100829,833,13,6,109.0,0,0
20100829,833,1,1,182.0,3,0
20100829,833,20,3,151.0,2,0
20100829,833,3,8,102.0,0,0
20100829,833,30,10,44.0,0,0
20100829,833,18,4,147.0,2,0
20100829,833,17,2,179.0,4,0
20100829,833,24,14,13.0,0,0
20100829,833,22,11,30.0,0,0
20100829,833,9,7,104.0,0,0
20100829,833,16,9,45.0,0,0
20100829,833,153,18,3.0,0,0
20100829,833,808,15,10.0,0,0
20100829,833,5,19,0.0,0,0
20100829,833,67,16,7.0,0,0
20100829,833,15,22,0.0,0,0
20100829,833,37,17,6.0,0,0
20100829,833,811,23,0.0,0,0
20100829,833,10,24,0.0,0,0
20100829,833,809,13,19.0,0,0
20100829,833,155,12,21.0,0,0
20100829,833,810,21,0.0,0,0
20100829,833,812,20,0.0,0,0
20100829,833,29,25,0.0,0,0
20100912,834,4,3,166.0,3,0
20100912,834,13,6,124.0,0,0
20100912,834,1,2,182.0,3,0
20100912,834,20,5,163.0,2,0
20100912,834,3,7,112.0,0,0
20100912,834,30,9,46.0,0,0
20100912,834,18,4,165.0,2,0
20100912,834,17,1,187.0,4,0
20100912,834,24,15,13.0,0,0
20100912,834,22,11,31.0,0,0
20100912,834,9,8,108.0,0,0
20100912,834,16,10,45.0,0,0
20100912,834,153,18,3.0,0,0
20100912,834,808,14,16.0,0,0
20100912,834,5,19,0.0,0,0
20100912,834,67,16,7.0,0,0
20100912,834,15,22,0.0,0,0
20100912,834,37,17,6.0,0,0
20100912,834,811,23,0.0,0,0
20100912,834,10,24,0.0,0,0
20100912,834,809,13,19.0,0,0
20100912,834,155,12,21.0,0,0
20100912,834,810,21,0.0,0,0
20100912,834,812,20,0.0,0,0
20100912,834,29,25,0.0,0,0
20100926,835,32,27,0.0,0,0
20100926,835,29,25,0.0,0,0
20100926,835,812,20,0.0,0,0
20100926,835,810,21,0.0,0,0
20100926,835,155,12,21.0,0,0
20100926,835,10,24,0.0,0,0
20100926,835,37,17,6.0,0,0
20100926,835,15,22,0.0,0,0
20100926,835,5,19,0.0,0,0
20100926,835,808,14,17.0,0,0
20100926,835,153,18,3.0,0,0
20100926,835,24,15,13.0,0,0
20100926,835,18,5,177.0,2,0
20100926,835,3,7,122.0,0,0
20100926,835,2,26,0.0,0,0
20100926,835,809,13,19.0,0,0
20100926,835,811,23,0.0,0,0
20100926,835,30,10,46.0,0,0
20100926,835,17,1,202.0,4,0
20100926,835,16,9,47.0,0,0
20100926,835,67,16,7.0,0,0
20100926,835,20,4,181.0,2,0
20100926,835,9,8,114.0,0,0
20100926,835,22,11,39.0,0,0
20100926,835,1,3,182.0,3,0
20100926,835,13,6,128.0,0,0
20100926,835,4,2,191.0,4,0
20101010,836,2,18,4.0,0,0
20101010,836,29,26,0.0,0,0
20101010,836,812,22,0.0,0,0
20101010,836,810,23,0.0,0,0
20101010,836,809,13,19.0,0,0
20101010,836,811,25,0.0,0,0
20101010,836,37,17,6.0,0,0
20101010,836,67,16,8.0,0,0
20101010,836,16,10,47.0,0,0
20101010,836,9,8,114.0,0,0
20101010,836,24,15,13.0,0,0
20101010,836,18,5,189.0,2,0
20101010,836,1,4,192.0,3,0
20101010,836,32,27,0.0,0,0
20101010,836,155,12,27.0,0,0
20101010,836,10,24,0.0,0,0
20101010,836,17,1,220.0,4,0
20101010,836,22,11,41.0,0,0
20101010,836,5,20,0.0,0,0
20101010,836,153,19,3.0,0,0
20101010,836,13,6,128.0,0,0
20101010,836,15,21,0.0,0,0
20101010,836,808,14,17.0,0,0
20101010,836,3,7,122.0,0,0
20101010,836,30,9,54.0,0,0
20101010,836,20,3,206.0,3,0
20101010,836,4,2,206.0,4,0
20101024,837,2,18,6.0,0,0
20101024,837,812,22,0.0,0,0
20101024,837,155,12,31.0,0,0
20101024,837,10,25,0.0,0,0
20101024,837,15,21,0.0,0,0
20101024,837,67,16,8.0,0,0
20101024,837,9,7,124.0,0,0
20101024,837,22,10,47.0,0,0
20101024,837,17,2,220.0,4,0
20101024,837,18,5,189.0,2,0
20101024,837,30,9,66.0,0,0
20101024,837,1,3,210.0,3,0
20101024,837,810,24,0.0,0,0
20101024,837,29,26,0.0,0,0
20101024,837,811,23,0.0,0,0
20101024,837,32,27,0.0,0,0
20101024,837,809,14,19.0,0,0
20101024,837,37,17,6.0,0,0
20101024,837,24,13,21.0,0,0
20101024,837,808,15,18.0,0,0
20101024,837,16,11,47.0,0,0
20101024,837,13,6,143.0,0,0
20101024,837,5,20,0.0,0,0
20101024,837,153,19,3.0,0,0
20101024,837,3,8,122.0,0,0
20101024,837,20,4,206.0,3,0
20101024,837,4,1,231.0,5,0
20101107,838,4,1,246.0,5,0
20101107,838,13,6,143.0,0,0
20101107,838,1,4,222.0,3,0
20101107,838,20,3,231.0,4,0
20101107,838,3,7,130.0,0,0
20101107,838,30,9,72.0,0,0
20101107,838,18,5,199.0,2,0
20101107,838,17,2,238.0,4,0
20101107,838,24,14,21.0,0,0
20101107,838,22,10,47.0,0,0
20101107,838,9,8,126.0,0,0
20101107,838,16,11,47.0,0,0
20101107,838,153,19,3.0,0,0
20101107,838,808,13,22.0,0,0
20101107,838,5,20,0.0,0,0
20101107,838,67,16,8.0,0,0
20101107,838,15,21,0.0,0,0
20101107,838,37,17,6.0,0,0
20101107,838,811,23,0.0,0,0
20101107,838,10,25,0.0,0,0
20101107,838,809,15,19.0,0,0
20101107,838,155,12,32.0,0,0
20101107,838,810,24,0.0,0,0
20101107,838,812,22,0.0,0,0
20101107,838,29,26,0.0,0,0
20101107,838,2,18,6.0,0,0
20101107,838,32,27,0.0,0,0
20101114,839,4,2,252.0,5,1
20101114,839,13,6,144.0,0,1
20101114,839,1,4,240.0,3,1
20101114,839,20,1,256.0,5,1
20101114,839,3,7,142.0,0,1
20101114,839,30,9,72.0,0,1
20101114,839,18,5,214.0,2,1
20101114,839,17,3,242.0,4,1
20101114,839,24,15,21.0,0,1
20101114,839,22,10,47.0,0,1
20101114,839,9,8,136.0,0,1
20101114,839,16,11,47.0,0,1
20101114,839,153,19,5.0,0,1
20101114,839,808,14,22.0,0,1
20101114,839,5,20,0.0,0,1
20101114,839,67,16,8.0,0,1
20101114,839,15,21,0.0,0,1
20101114,839,37,17,6.0,0,1
20101114,839,811,23,0.0,0,1
20101114,839,10,25,0.0,0,1
20101114,839,809,13,27.0,0,1
20101114,839,155,12,32.0,0,1
20101114,839,810,24,0.0,0,1
20101114,839,812,22,0.0,0,1
20101114,839,29,26,0.0,0,1
20101114,839,2,18,6.0,0,1
20101114,839,32,27,0.0,0,1
20050508,736,4,1,44.0,3,0
20050508,736,22,11,8.0,0,0
20050508,736,21,4,14.0,1,0
20110410,841,4,5,20.0,0,0
20110410,841,809,8,15.0,0,0
20110410,841,1,3,22.0,0,0
20110327,840,813,20,0.0,0,0
20110327,840,30,19,0.0,0,0
20110327,840,5,18,0.0,0,0
20110327,840,3,17,0.0,0,0
20110327,840,22,16,0.0,0,0
20110410,841,20,1,50.0,2,0
20110327,840,10,15,0.0,0,0
20110327,840,816,14,0.0,0,0
20110327,840,15,13,0.0,0,0
20110327,840,2,12,0.0,0,0
20110327,840,153,11,0.0,0,0
20110327,840,814,10,1.0,0,0
20110327,840,16,9,2.0,0,0
20110327,840,67,8,4.0,0,0
20110327,840,13,7,6.0,0,0
20110327,840,18,6,8.0,0,0
20110327,840,17,5,10.0,0,0
20110327,840,4,4,12.0,0,0
20110327,840,809,3,15.0,0,0
20110327,840,1,2,18.0,0,0
20110327,840,20,1,25.0,1,0
20110410,841,17,4,22.0,0,0
20110410,841,18,2,26.0,0,0
20110410,841,13,6,16.0,0,0
20110410,841,67,10,4.0,0,0
20110410,841,16,11,2.0,0,0
20110410,841,814,13,2.0,0,0
20110410,841,153,14,0.0,0,0
20110410,841,2,7,15.0,0,0
20110410,841,15,16,0.0,0,0
20110410,841,816,17,0.0,0,0
20110410,841,10,19,0.0,0,0
20110410,841,22,21,0.0,0,0
20110410,841,3,15,0.0,0,0
20110410,841,5,18,0.0,0,0
20110410,841,30,12,2.0,0,0
20110410,841,813,23,0.0,0,0
20110410,841,155,9,6.0,0,0
20110410,841,24,22,0.0,0,0
20110410,841,815,20,0.0,0,0
20110410,841,39,24,0.0,0,0
20110417,842,20,1,68.0,2,0
20110417,842,1,2,47.0,1,0
20110417,842,809,7,17.0,0,0
20110417,842,4,5,26.0,0,0
20110417,842,17,4,37.0,0,0
20110417,842,18,3,38.0,0,0
20110417,842,13,6,24.0,0,0
20110417,842,67,12,4.0,0,0
20110417,842,16,13,2.0,0,0
20110417,842,814,14,2.0,0,0
20110417,842,153,15,0.0,0,0
20110417,842,2,8,15.0,0,0
20110417,842,15,16,0.0,0,0
20110417,842,816,18,0.0,0,0
20110417,842,10,20,0.0,0,0
20110417,842,22,17,0.0,0,0
20110417,842,3,9,10.0,0,0
20110417,842,5,19,0.0,0,0
20110417,842,30,11,6.0,0,0
20110417,842,813,22,0.0,0,0
20110417,842,155,10,7.0,0,0
20110417,842,24,23,0.0,0,0
20110417,842,815,21,0.0,0,0
20110417,842,39,24,0.0,0,0
20110508,843,20,1,93.0,3,0
20110508,843,1,2,59.0,1,0
20110508,843,809,8,21.0,0,0
20110508,843,4,5,41.0,0,0
20110508,843,17,3,55.0,0,0
20110508,843,18,4,46.0,0,0
20110508,843,13,6,24.0,0,0
20110508,843,67,12,6.0,0,0
20110508,843,16,13,2.0,0,0
20110508,843,814,14,2.0,0,0
20110508,843,153,15,0.0,0,0
20110508,843,2,7,21.0,0,0
20110508,843,15,17,0.0,0,0
20110508,843,816,19,0.0,0,0
20110508,843,10,21,0.0,0,0
20110508,843,22,16,0.0,0,0
20110508,843,3,9,20.0,0,0
20110508,843,5,20,0.0,0,0
20110508,843,30,11,6.0,0,0
20110508,843,813,22,0.0,0,0
20110508,843,155,10,8.0,0,0
20110508,843,24,24,0.0,0,0
20110508,843,815,18,0.0,0,0
20110508,843,39,23,0.0,0,0
20110522,844,20,1,118.0,4,0
20110522,844,1,2,77.0,1,0
20110522,844,809,9,21.0,0,0
20110522,844,4,5,51.0,0,0
20110522,844,17,3,67.0,0,0
20110522,844,18,4,61.0,0,0
20110522,844,13,8,24.0,0,0
20110522,844,67,12,6.0,0,0
20110522,844,16,13,2.0,0,0
20110522,844,814,15,2.0,0,0
20110522,844,153,16,0.0,0,0
20110522,844,2,7,25.0,0,0
20110522,844,15,18,0.0,0,0
20110522,844,816,19,0.0,0,0
20110522,844,10,22,0.0,0,0
20110522,844,22,17,0.0,0,0
20110522,844,3,6,26.0,0,0
20110522,844,5,20,0.0,0,0
20110522,844,30,10,14.0,0,0
20110522,844,813,21,0.0,0,0
20110522,844,155,11,9.0,0,0
20110522,844,24,24,0.0,0,0
20110522,844,815,14,2.0,0,0
20110522,844,39,23,0.0,0,0
20110529,845,20,1,143.0,5,0
20110529,845,1,2,85.0,1,0
20110529,845,809,9,21.0,0,0
20110529,845,4,5,69.0,0,0
20110529,845,17,3,79.0,0,0
20110529,845,18,4,76.0,0,0
20110529,845,13,8,24.0,0,0
20110529,845,67,13,7.0,0,0
20110529,845,16,12,8.0,0,0
20110529,845,814,16,2.0,0,0
20110529,845,153,17,0.0,0,0
20110529,845,2,6,29.0,0,0
20110529,845,15,18,0.0,0,0
20110529,845,816,20,0.0,0,0
20110529,845,10,22,0.0,0,0
20110529,845,22,14,2.0,0,0
20110529,845,3,7,26.0,0,0
20110529,845,5,19,0.0,0,0
20110529,845,30,11,14.0,0,0
20110529,845,813,21,0.0,0,0
20110529,845,155,10,19.0,0,0
20110529,845,24,23,0.0,0,0
20110529,845,815,15,2.0,0,0
20110529,845,39,24,0.0,0,0
20110612,846,20,1,161.0,5,0
20110612,846,1,4,85.0,1,0
20110612,846,809,7,31.0,0,0
20110612,846,4,5,69.0,0,0
20110612,846,17,3,94.0,0,0
20110612,846,18,2,101.0,1,0
20110612,846,13,6,32.0,0,0
20110612,846,67,13,8.0,0,0
20110612,846,16,12,8.0,0,0
20110612,846,814,17,2.0,0,0
20110612,846,153,14,4.0,0,0
20110612,846,2,8,29.0,0,0
20110612,846,15,19,0.0,0,0
20110612,846,816,21,0.0,0,0
20110612,846,10,25,0.0,0,0
20110612,846,22,15,4.0,0,0
20110612,846,3,10,26.0,0,0
20110612,846,5,22,0.0,0,0
20110612,846,30,9,26.0,0,0
20110612,846,813,24,0.0,0,0
20110612,846,155,11,25.0,0,0
20110612,846,24,20,0.0,0,0
20110612,846,815,16,2.0,0,0
20110612,846,39,23,0.0,0,0
20110612,846,37,18,0.0,0,0
20110626,847,20,1,186.0,6,0
20110626,847,1,4,97.0,1,0
20110626,847,809,8,31.0,0,0
20110626,847,4,5,87.0,0,0
20110626,847,17,3,109.0,0,0
20110626,847,18,2,109.0,1,0
20110626,847,13,6,42.0,0,0
20110626,847,67,14,8.0,0,0
20110626,847,16,12,10.0,0,0
20110626,847,814,17,2.0,0,0
20110626,847,153,13,8.0,0,0
20110626,847,2,9,30.0,0,0
20110626,847,15,19,0.0,0,0
20110626,847,816,21,0.0,0,0
20110626,847,10,25,0.0,0,0
20110626,847,22,15,4.0,0,0
20110626,847,3,7,32.0,0,0
20110626,847,5,22,0.0,0,0
20110626,847,30,10,26.0,0,0
20110626,847,813,24,0.0,0,0
20110626,847,155,11,25.0,0,0
20110626,847,24,20,0.0,0,0
20110626,847,815,16,2.0,0,0
20110626,847,39,23,0.0,0,0
20110626,847,37,18,0.0,0,0
20110710,848,20,1,204.0,6,0
20110710,848,1,4,109.0,1,0
20110710,848,809,9,31.0,0,0
20110710,848,4,3,112.0,1,0
20110710,848,17,2,124.0,0,0
20110710,848,18,5,109.0,1,0
20110710,848,13,6,52.0,0,0
20110710,848,67,15,8.0,0,0
20110710,848,16,12,10.0,0,0
20110710,848,814,17,2.0,0,0
20110710,848,153,13,9.0,0,0
20110710,848,2,8,34.0,0,0
20110710,848,15,19,0.0,0,0
20110710,848,816,21,0.0,0,0
20110710,848,10,25,0.0,0,0
20110710,848,22,16,4.0,0,0
20110710,848,3,7,40.0,0,0
20110710,848,5,22,0.0,0,0
20110710,848,30,10,28.0,0,0
20110710,848,813,23,0.0,0,0
20110710,848,155,11,25.0,0,0
20110710,848,24,20,0.0,0,0
20110710,848,815,14,8.0,0,0
20110710,848,39,24,0.0,0,0
20110710,848,37,18,0.0,0,0
20110710,848,817,26,0.0,0,0
20110724,849,20,1,216.0,6,0
20110724,849,1,3,134.0,2,0
20110724,849,809,9,32.0,0,0
20110724,849,4,4,130.0,1,0
20110724,849,17,2,139.0,0,0
20110724,849,18,5,109.0,1,0
20110724,849,13,6,62.0,0,0
20110724,849,67,15,8.0,0,0
20110724,849,16,12,18.0,0,0
20110724,849,814,17,2.0,0,0
20110724,849,153,13,9.0,0,0
20110724,849,2,8,34.0,0,0
20110724,849,15,19,0.0,0,0
20110724,849,816,22,0.0,0,0
20110724,849,10,24,0.0,0,0
20110724,849,22,16,4.0,0,0
20110724,849,3,7,46.0,0,0
20110724,849,5,23,0.0,0,0
20110724,849,30,10,32.0,0,0
20110724,849,813,21,0.0,0,0
20110724,849,155,11,27.0,0,0
20110724,849,24,20,0.0,0,0
20110724,849,815,14,8.0,0,0
20110724,849,39,25,0.0,0,0
20110724,849,37,18,0.0,0,0
20110724,849,817,26,0.0,0,0
20110724,849,812,27,0.0,0,0
20110731,850,20,1,234.0,6,0
20110731,850,1,3,146.0,2,0
20110731,850,809,9,32.0,0,0
20110731,850,4,4,145.0,1,0
20110731,850,17,2,149.0,0,0
20110731,850,18,5,134.0,2,0
20110731,850,13,6,70.0,0,0
20110731,850,67,13,12.0,0,0
20110731,850,16,12,18.0,0,0
20110731,850,814,16,8.0,0,0
20110731,850,153,14,10.0,0,0
20110731,850,2,8,34.0,0,0
20110731,850,15,19,0.0,0,0
20110731,850,816,22,0.0,0,0
20110731,850,10,24,0.0,0,0
20110731,850,22,17,4.0,0,0
20110731,850,3,7,48.0,0,0
20110731,850,5,23,0.0,0,0
20110731,850,30,10,32.0,0,0
20110731,850,813,21,0.0,0,0
20110731,850,155,11,27.0,0,0
20110731,850,24,20,0.0,0,0
20110731,850,815,15,8.0,0,0
20110731,850,39,25,0.0,0,0
20110731,850,37,18,0.0,0,0
20110731,850,817,26,0.0,0,0
20110731,850,812,27,0.0,0,0
20110828,851,811,22,0.0,0,0
20110828,851,817,27,0.0,0,0
20110828,851,39,26,0.0,0,0
20110828,851,815,15,8.0,0,0
20110828,851,24,21,0.0,0,0
20110828,851,30,8,42.0,0,0
20110828,851,5,24,0.0,0,0
20110828,851,10,25,0.0,0,0
20110828,851,816,23,0.0,0,0
20110828,851,153,14,10.0,0,0
20110828,851,67,13,12.0,0,0
20110828,851,13,6,74.0,0,0
20110828,851,18,4,149.0,2,0
20110828,851,1,5,146.0,2,0
20110828,851,812,28,0.0,0,0
20110828,851,37,19,0.0,0,0
20110828,851,22,17,4.0,0,0
20110828,851,15,20,0.0,0,0
20110828,851,813,18,1.0,0,0
20110828,851,814,16,8.0,0,0
20110828,851,155,11,27.0,0,0
20110828,851,3,7,56.0,0,0
20110828,851,2,10,34.0,0,0
20110828,851,17,2,167.0,0,0
20110828,851,16,12,24.0,0,0
20110828,851,20,1,259.0,7,0
20110828,851,4,3,157.0,1,0
20110828,851,809,9,34.0,0,0
20110911,852,20,1,284.0,8,0
20110911,852,1,5,158.0,2,0
20110911,852,809,9,34.0,0,0
20110911,852,4,2,172.0,1,0
20110911,852,17,4,167.0,0,0
20110911,852,18,3,167.0,2,0
20110911,852,13,6,82.0,0,0
20110911,852,67,14,13.0,0,0
20110911,852,16,12,24.0,0,0
20110911,852,814,15,12.0,0,0
20110911,852,153,13,16.0,0,0
20110911,852,2,10,34.0,0,0
20110911,852,15,21,0.0,0,0
20110911,852,816,24,0.0,0,0
20110911,852,10,25,0.0,0,0
20110911,852,22,17,4.0,0,0
20110911,852,3,7,56.0,0,0
20110911,852,5,22,0.0,0,0
20110911,852,30,8,52.0,0,0
20110911,852,813,19,1.0,0,0
20110911,852,155,11,27.0,0,0
20110911,852,24,23,0.0,0,0
20110911,852,815,16,8.0,0,0
20110911,852,39,26,0.0,0,0
20110911,852,37,20,0.0,0,0
20110911,852,817,27,0.0,0,0
20110911,852,812,28,0.0,0,0
20110911,852,811,18,2.0,0,0
20110925,853,20,1,309.0,9,0
20110925,853,1,5,168.0,2,0
20110925,853,809,9,34.0,0,0
20110925,853,4,3,184.0,1,0
20110925,853,17,4,182.0,0,0
20110925,853,18,2,185.0,2,0
20110925,853,13,6,84.0,0,0
20110925,853,67,15,13.0,0,0
20110925,853,16,11,28.0,0,0
20110925,853,814,13,20.0,0,0
20110925,853,153,14,16.0,0,0
20110925,853,2,10,34.0,0,0
20110925,853,15,21,0.0,0,0
20110925,853,816,24,0.0,0,0
20110925,853,10,25,0.0,0,0
20110925,853,22,17,4.0,0,0
20110925,853,3,7,62.0,0,0
20110925,853,5,22,0.0,0,0
20110925,853,30,8,52.0,0,0
20110925,853,813,19,1.0,0,0
20110925,853,155,12,27.0,0,0
20110925,853,24,23,0.0,0,0
20110925,853,815,16,9.0,0,0
20110925,853,39,26,0.0,0,0
20110925,853,37,20,0.0,0,0
20110925,853,817,27,0.0,0,0
20110925,853,812,28,0.0,0,0
20110925,853,811,18,2.0,0,0
20111009,854,20,1,324.0,9,0
20111009,854,1,5,178.0,2,0
20111009,854,809,9,36.0,0,0
20111009,854,4,3,202.0,1,0
20111009,854,17,4,194.0,0,0
20111009,854,18,2,210.0,3,0
20111009,854,13,6,90.0,0,0
20111009,854,67,16,13.0,0,0
20111009,854,16,11,28.0,0,0
20111009,854,814,13,20.0,0,0
20111009,854,153,14,16.0,0,0
20111009,854,2,10,34.0,0,0
20111009,854,15,21,0.0,0,0
20111009,854,816,24,0.0,0,0
20111009,854,10,25,0.0,0,0
20111009,854,22,17,4.0,0,0
20111009,854,3,7,63.0,0,0
20111009,854,5,22,0.0,0,0
20111009,854,30,8,60.0,0,0
20111009,854,813,19,1.0,0,0
20111009,854,155,12,27.0,0,0
20111009,854,24,23,0.0,0,0
20111009,854,815,15,13.0,0,0
20111009,854,39,26,0.0,0,0
20111009,854,37,20,0.0,0,0
20111009,854,817,27,0.0,0,0
20111009,854,812,28,0.0,0,0
20111009,854,811,18,2.0,0,0
20111016,855,20,1,349.0,10,0
20111016,855,1,5,196.0,2,0
20111016,855,809,9,36.0,0,0
20111016,855,4,3,212.0,1,0
20111016,855,17,4,209.0,0,0
20111016,855,18,2,222.0,3,0
20111016,855,13,6,98.0,0,0
20111016,855,67,15,15.0,0,0
20111016,855,16,11,28.0,0,0
20111016,855,814,14,21.0,0,0
20111016,855,153,13,22.0,0,0
20111016,855,2,10,34.0,0,0
20111016,855,15,21,0.0,0,0
20111016,855,816,24,0.0,0,0
20111016,855,10,25,0.0,0,0
20111016,855,22,17,4.0,0,0
20111016,855,3,7,67.0,0,0
20111016,855,5,22,0.0,0,0
20111016,855,30,8,60.0,0,0
20111016,855,813,19,1.0,0,0
20111016,855,155,12,27.0,0,0
20111016,855,24,23,0.0,0,0
20111016,855,815,16,13.0,0,0
20111016,855,39,26,0.0,0,0
20111016,855,37,20,0.0,0,0
20111016,855,817,27,0.0,0,0
20111016,855,812,28,0.0,0,0
20111016,855,811,18,2.0,0,0
20111030,856,20,1,374.0,11,0
20111030,856,1,5,202.0,2,0
20111030,856,809,9,36.0,0,0
20111030,856,4,3,227.0,1,0
20111030,856,17,4,221.0,0,0
20111030,856,18,2,240.0,3,0
20111030,856,13,6,98.0,0,0
20111030,856,67,15,15.0,0,0
20111030,856,16,11,30.0,0,0
20111030,856,814,14,21.0,0,0
20111030,856,153,13,26.0,0,0
20111030,856,2,10,34.0,0,0
20111030,856,15,21,0.0,0,0
20111030,856,816,24,0.0,0,0
20111030,856,10,25,0.0,0,0
20111030,856,22,17,4.0,0,0
20111030,856,3,7,75.0,0,0
20111030,856,5,22,0.0,0,0
20111030,856,30,8,70.0,0,0
20111030,856,813,19,1.0,0,0
20111030,856,155,12,27.0,0,0
20111030,856,24,23,0.0,0,0
20111030,856,815,16,14.0,0,0
20111030,856,39,26,0.0,0,0
20111030,856,37,20,0.0,0,0
20111030,856,817,27,0.0,0,0
20111030,856,812,28,0.0,0,0
20111030,856,811,18,2.0,0,0
20111113,857,20,1,374.0,11,0
20111113,857,1,5,227.0,3,0
20111113,857,809,9,36.0,0,0
20111113,857,4,3,245.0,1,0
20111113,857,17,4,233.0,0,0
20111113,857,18,2,255.0,3,0
20111113,857,13,6,108.0,0,0
20111113,857,67,15,15.0,0,0
20111113,857,16,11,34.0,0,0
20111113,857,814,14,23.0,0,0
20111113,857,153,13,26.0,0,0
20111113,857,2,10,34.0,0,0
20111113,857,15,21,0.0,0,0
20111113,857,816,24,0.0,0,0
20111113,857,10,25,0.0,0,0
20111113,857,22,17,4.0,0,0
20111113,857,3,7,83.0,0,0
20111113,857,5,22,0.0,0,0
20111113,857,30,8,76.0,0,0
20111113,857,813,19,1.0,0,0
20111113,857,155,12,28.0,0,0
20111113,857,24,23,0.0,0,0
20111113,857,815,16,14.0,0,0
20111113,857,39,26,0.0,0,0
20111113,857,37,20,0.0,0,0
20111113,857,817,27,0.0,0,0
20111113,857,812,28,0.0,0,0
20111113,857,811,18,2.0,0,0
20111127,858,20,1,392.0,11,1
20111127,858,1,5,227.0,3,1
20111127,858,809,10,37.0,0,1
20111127,858,4,4,257.0,1,1
20111127,858,17,3,258.0,1,1
20111127,858,18,2,270.0,3,1
20111127,858,13,6,118.0,0,1
20111127,858,67,15,15.0,0,1
20111127,858,16,9,42.0,0,1
20111127,858,814,13,27.0,0,1
20111127,858,153,14,26.0,0,1
20111127,858,2,11,34.0,0,1
20111127,858,15,21,0.0,0,1
20111127,858,816,24,0.0,0,1
20111127,858,10,25,0.0,0,1
20111127,858,22,17,4.0,0,1
20111127,858,3,7,89.0,0,1
20111127,858,5,22,0.0,0,1
20111127,858,30,8,76.0,0,1
20111127,858,813,19,1.0,0,1
20111127,858,155,12,30.0,0,1
20111127,858,24,23,0.0,0,1
20111127,858,815,16,14.0,0,1
20111127,858,39,26,0.0,0,1
20111127,858,37,20,0.0,0,1
20111127,858,817,27,0.0,0,1
20111127,858,812,28,0.0,0,1
20111127,858,811,18,2.0,0,1
20120318,859,39,24,0.0,0,0
20120318,859,808,22,0.0,0,0
20120318,859,30,20,0.0,0,0
20120318,859,5,18,0.0,0,0
20120318,859,811,16,0.0,0,0
20120318,859,10,14,0.0,0,0
20120318,859,3,12,0.0,0,0
20120318,859,37,23,0.0,0,0
20120318,859,154,21,0.0,0,0
20120318,859,809,19,0.0,0,0
20120318,859,13,17,0.0,0,0
20120318,859,819,15,0.0,0,0
20120318,859,813,13,0.0,0,0
20120318,859,818,11,0.0,0,0
20120318,859,814,10,1.0,0,0
20120318,859,817,9,2.0,0,0
20120318,859,815,8,4.0,0,0
20120318,859,8,7,6.0,0,0
20120318,859,155,6,8.0,0,0
20120318,859,4,5,10.0,0,0
20120318,859,17,4,12.0,0,0
20120318,859,1,3,15.0,0,0
20120318,859,20,2,18.0,0,0
20120318,859,18,1,25.0,1,0
20120325,860,18,3,25.0,1,0
20120325,860,20,6,18.0,0,0
20120325,860,1,2,30.0,0,0
20120325,860,17,4,24.0,0,0
20120325,860,4,1,35.0,1,0
20120325,860,155,9,8.0,0,0
20120325,860,8,7,16.0,0,0
20120325,860,815,5,22.0,0,0
20120325,860,817,12,2.0,0,0
20120325,860,814,10,7.0,0,0
20120325,860,818,11,4.0,0,0
20120325,860,3,15,0.0,0,0
20120325,860,813,16,0.0,0,0
20120325,860,10,17,0.0,0,0
20120325,860,819,18,0.0,0,0
20120325,860,811,8,8.0,0,0
20120325,860,13,19,0.0,0,0
20120325,860,5,21,0.0,0,0
20120325,860,809,20,0.0,0,0
20120325,860,30,14,1.0,0,0
20120325,860,154,24,0.0,0,0
20120325,860,808,13,2.0,0,0
20120325,860,37,23,0.0,0,0
20120325,860,39,22,0.0,0,0
20120415,861,18,2,43.0,1,0
20120415,861,20,5,28.0,0,0
20120415,861,1,1,45.0,0,0
20120415,861,17,4,36.0,0,0
20120415,861,4,3,37.0,1,0
20120415,861,155,10,9.0,0,0
20120415,861,8,8,16.0,0,0
20120415,861,815,7,22.0,0,0
20120415,861,817,15,2.0,0,0
20120415,861,814,12,7.0,0,0
20120415,861,818,13,4.0,0,0
20120415,861,3,6,25.0,1,0
20120415,861,813,14,4.0,0,0
20120415,861,10,19,0.0,0,0
20120415,861,819,20,0.0,0,0
20120415,861,811,9,14.0,0,0
20120415,861,13,18,0.0,0,0
20120415,861,5,22,0.0,0,0
20120415,861,809,21,0.0,0,0
20120415,861,30,17,1.0,0,0
20120415,861,154,11,8.0,0,0
20120415,861,808,16,2.0,0,0
20120415,861,37,23,0.0,0,0
20120415,861,39,24,0.0,0,0
20120422,862,18,4,43.0,1,0
20120422,862,20,1,53.0,1,0
20120422,862,1,2,49.0,0,0
20120422,862,17,3,48.0,0,0
20120422,862,4,5,43.0,1,0
20120422,862,155,12,9.0,0,0
20120422,862,8,7,34.0,0,0
20120422,862,815,9,22.0,0,0
20120422,862,817,15,2.0,0,0
20120422,862,814,10,15.0,0,0
20120422,862,818,13,4.0,0,0
20120422,862,3,6,35.0,1,0
20120422,862,813,14,4.0,0,0
20120422,862,10,19,0.0,0,0
20120422,862,819,20,0.0,0,0
20120422,862,811,11,14.0,0,0
20120422,862,13,17,2.0,0,0
20120422,862,5,22,0.0,0,0
20120422,862,809,21,0.0,0,0
20120422,862,30,18,2.0,0,0
20120422,862,154,8,23.0,0,0
20120422,862,808,16,2.0,0,0
20120422,862,37,23,0.0,0,0
20120422,862,39,24,0.0,0,0
20120513,863,18,6,45.0,1,0
20120513,863,20,1,61.0,1,0
20120513,863,1,3,53.0,0,0
20120513,863,17,5,48.0,0,0
20120513,863,4,2,61.0,1,0
20120513,863,155,11,19.0,0,0
20120513,863,8,4,49.0,0,0
20120513,863,815,10,22.0,0,0
20120513,863,817,16,2.0,0,0
20120513,863,814,12,15.0,0,0
20120513,863,818,14,4.0,0,0
20120513,863,3,7,41.0,1,0
20120513,863,813,9,29.0,1,0
20120513,863,10,19,0.0,0,0
20120513,863,819,20,0.0,0,0
20120513,863,811,13,14.0,0,0
20120513,863,13,17,2.0,0,0
20120513,863,5,22,0.0,0,0
20120513,863,809,21,0.0,0,0
20120513,863,30,18,2.0,0,0
20120513,863,154,8,35.0,0,0
20120513,863,808,15,3.0,0,0
20120513,863,37,23,0.0,0,0
20120513,863,39,24,0.0,0,0
20120527,864,18,7,45.0,1,0
20120527,864,20,2,73.0,1,0
20120527,864,1,4,63.0,0,0
20120527,864,17,3,73.0,1,0
20120527,864,4,1,76.0,1,0
20120527,864,155,12,19.0,0,0
20120527,864,8,6,51.0,0,0
20120527,864,815,10,22.0,0,0
20120527,864,817,17,2.0,0,0
20120527,864,814,11,21.0,0,0
20120527,864,818,16,4.0,0,0
20120527,864,3,5,59.0,1,0
20120527,864,813,9,29.0,1,0
20120527,864,10,20,0.0,0,0
20120527,864,819,21,0.0,0,0
20120527,864,811,13,15.0,0,0
20120527,864,13,14,10.0,0,0
20120527,864,5,19,0.0,0,0
20120527,864,809,23,0.0,0,0
20120527,864,30,18,2.0,0,0
20120527,864,154,8,35.0,0,0
20120527,864,808,15,7.0,0,0
20120527,864,37,24,0.0,0,0
20120527,864,39,22,0.0,0,0
20120610,865,18,8,45.0,1,0
20120610,865,20,3,85.0,1,0
20120610,865,1,1,88.0,1,0
20120610,865,17,4,79.0,1,0
20120610,865,4,2,86.0,1,0
20120610,865,155,11,21.0,0,0
20120610,865,8,6,55.0,0,0
20120610,865,815,9,37.0,0,0
20120610,865,817,17,2.0,0,0
20120610,865,814,12,21.0,0,0
20120610,865,818,16,4.0,0,0
20120610,865,3,5,67.0,1,0
20120610,865,813,10,29.0,1,0
20120610,865,10,20,0.0,0,0
20120610,865,819,21,0.0,0,0
20120610,865,811,13,15.0,0,0
20120610,865,13,14,11.0,0,0
20120610,865,5,19,0.0,0,0
20120610,865,809,23,0.0,0,0
20120610,865,30,18,2.0,0,0
20120610,865,154,7,53.0,0,0
20120610,865,808,15,7.0,0,0
20120610,865,37,24,0.0,0,0
20120610,865,39,22,0.0,0,0
20120624,866,18,8,49.0,1,0
20120624,866,20,4,85.0,1,0
20120624,866,1,3,88.0,1,0
20120624,866,17,2,91.0,1,0
20120624,866,4,1,111.0,2,0
20120624,866,155,12,21.0,0,0
20120624,866,8,6,73.0,0,0
20120624,866,815,9,39.0,0,0
20120624,866,817,18,2.0,0,0
20120624,866,814,11,27.0,0,0
20120624,866,818,17,4.0,0,0
20120624,866,3,5,75.0,1,0
20120624,866,813,10,29.0,1,0
20120624,866,10,21,0.0,0,0
20120624,866,819,22,0.0,0,0
20120624,866,811,15,16.0,0,0
20120624,866,13,16,11.0,0,0
20120624,866,5,19,0.0,0,0
20120624,866,809,20,0.0,0,0
20120624,866,30,13,17.0,0,0
20120624,866,154,7,53.0,0,0
20120624,866,808,14,17.0,0,0
20120624,866,37,24,0.0,0,0
20120624,866,39,23,0.0,0,0
20120708,867,18,8,50.0,1,0
20120708,867,20,3,100.0,1,0
20120708,867,1,4,92.0,1,0
20120708,867,17,2,116.0,2,0
20120708,867,4,1,129.0,2,0
20120708,867,155,14,21.0,0,0
20120708,867,8,5,83.0,0,0
20120708,867,815,9,39.0,0,0
20120708,867,817,18,2.0,0,0
20120708,867,814,11,27.0,0,0
20120708,867,818,17,4.0,0,0
20120708,867,3,6,75.0,1,0
20120708,867,813,10,29.0,1,0
20120708,867,10,21,0.0,0,0
20120708,867,819,22,0.0,0,0
20120708,867,811,15,18.0,0,0
20120708,867,13,13,23.0,0,0
20120708,867,5,19,0.0,0,0
20120708,867,809,20,0.0,0,0
20120708,867,30,12,23.0,0,0
20120708,867,154,7,61.0,0,0
20120708,867,808,16,17.0,0,0
20120708,867,37,24,0.0,0,0
20120708,867,39,23,0.0,0,0
20120729,869,4,1,164.0,3,0
20120729,869,17,2,124.0,2,0
20120729,869,1,4,117.0,2,0
20120729,869,20,3,122.0,1,0
20120729,869,18,7,76.0,1,0
20120722,868,39,23,0.0,0,0
20120722,868,37,24,0.0,0,0
20120722,868,808,15,19.0,0,0
20120722,868,154,8,61.0,0,0
20120722,868,30,12,29.0,0,0
20120722,868,809,20,0.0,0,0
20120722,868,5,19,0.0,0,0
20120722,868,13,14,23.0,0,0
20120722,868,811,16,18.0,0,0
20120722,868,819,22,0.0,0,0
20120722,868,20,3,110.0,1,0
20120722,868,1,5,92.0,1,0
20120722,868,17,2,120.0,2,0
20120722,868,4,1,154.0,3,0
20120722,868,155,10,33.0,0,0
20120722,868,8,4,98.0,0,0
20120722,868,815,9,47.0,0,0
20120722,868,817,18,2.0,0,0
20120722,868,814,13,27.0,0,0
20120722,868,818,17,4.0,0,0
20120722,868,3,6,76.0,1,0
20120722,868,813,11,29.0,1,0
20120722,868,10,21,0.0,0,0
20120722,868,18,7,68.0,1,0
20120729,869,155,10,33.0,0,0
20120729,869,8,5,116.0,0,0
20120729,869,815,9,47.0,0,0
20120729,869,817,18,2.0,0,0
20120729,869,814,13,27.0,0,0
20120729,869,818,17,4.0,0,0
20120729,869,3,6,77.0,1,0
20120729,869,813,11,29.0,1,0
20120729,869,10,21,0.0,0,0
20120729,869,819,22,0.0,0,0
20120729,869,811,15,24.0,0,0
20120729,869,13,14,25.0,0,0
20120729,869,5,19,0.0,0,0
20120729,869,809,20,0.0,0,0
20120729,869,30,12,29.0,0,0
20120729,869,154,8,76.0,0,0
20120729,869,808,16,19.0,0,0
20120729,869,37,24,0.0,0,0
20120729,869,39,23,0.0,0,0
20120902,870,18,6,101.0,2,0
20120902,870,20,2,140.0,1,0
20120902,870,1,5,117.0,2,0
20120902,870,17,3,132.0,2,0
20120902,870,4,1,164.0,3,0
20120902,870,155,12,33.0,0,0
20120902,870,8,4,131.0,0,0
20120902,870,815,9,47.0,0,0
20120902,870,817,18,4.0,0,0
20120902,870,814,15,28.0,0,0
20120902,870,818,17,8.0,0,0
20120902,870,3,7,77.0,1,0
20120902,870,813,14,29.0,1,0
20120902,870,10,21,0.0,0,0
20120902,870,819,22,0.0,0,0
20120902,870,811,16,24.0,0,0
20120902,870,13,11,35.0,0,0
20120902,870,5,20,0.0,0,0
20120902,870,809,19,0.0,0,0
20120902,870,30,10,35.0,0,0
20120902,870,154,8,76.0,0,0
20120902,870,808,13,31.0,0,0
20120902,870,37,24,0.0,0,0
20120902,870,39,23,0.0,0,0
20120909,871,18,6,101.0,2,0
20120909,871,20,4,140.0,1,0
20120909,871,1,2,142.0,3,0
20120909,871,17,5,132.0,2,0
20120909,871,4,1,179.0,3,0
20120909,871,155,12,35.0,0,0
20120909,871,8,3,141.0,0,0
20120909,871,815,9,65.0,0,0
20120909,871,817,18,4.0,0,0
20120909,871,814,13,32.0,0,0
20120909,871,818,17,8.0,0,0
20120909,871,3,7,83.0,1,0
20120909,871,813,15,29.0,1,0
20120909,871,10,22,0.0,0,0
20120909,871,819,23,0.0,0,0
20120909,871,811,16,25.0,0,0
20120909,871,13,10,47.0,0,0
20120909,871,5,19,0.0,0,0
20120909,871,809,20,0.0,0,0
20120909,871,30,11,43.0,0,0
20120909,871,154,8,76.0,0,0
20120909,871,808,14,31.0,0,0
20120909,871,37,25,0.0,0,0
20120909,871,39,24,0.0,0,0
20120909,871,816,21,0.0,0,0
20120923,872,30,12,43.0,0,0
20120923,872,154,8,82.0,0,0
20120923,872,155,13,35.0,0,0
20120923,872,10,19,0.0,0,0
20120923,872,39,24,0.0,0,0
20120923,872,8,3,149.0,0,0
20120923,872,17,5,132.0,2,0
20120923,872,37,25,0.0,0,0
20120923,872,808,14,31.0,0,0
20120923,872,809,21,0.0,0,0
20120923,872,5,20,0.0,0,0
20120923,872,811,16,25.0,0,0
20120923,872,13,10,51.0,0,0
20120923,872,819,23,0.0,0,0
20120923,872,813,15,29.0,1,0
20120923,872,3,7,93.0,1,0
20120923,872,818,17,8.0,0,0
20120923,872,814,11,44.0,0,0
20120923,872,815,9,66.0,0,0
20120923,872,817,18,6.0,0,0
20120923,872,4,1,194.0,3,0
20120923,872,20,2,165.0,2,0
20120923,872,18,6,119.0,2,0
20121007,873,816,22,0.0,0,0
20121007,873,37,25,0.0,0,0
20121007,873,808,14,37.0,0,0
20121007,873,154,8,82.0,0,0
20121007,873,30,13,43.0,0,0
20121007,873,809,21,0.0,0,0
20121007,873,13,9,69.0,0,0
20121007,873,811,16,25.0,0,0
20121007,873,819,23,0.0,0,0
20121007,873,813,15,33.0,1,0
20121007,873,817,18,7.0,0,0
20121007,873,155,11,50.0,0,0
20121007,873,17,5,134.0,2,0
20121007,873,20,2,190.0,3,0
20121007,873,39,24,0.0,0,0
20121007,873,5,20,0.0,0,0
20121007,873,8,3,157.0,0,0
20121007,873,815,10,66.0,0,0
20121007,873,814,12,44.0,0,0
20121007,873,4,1,194.0,3,0
20121007,873,10,19,0.0,0,0
20121007,873,3,7,93.0,1,0
20121007,873,818,17,8.0,0,0
20121007,873,18,6,131.0,2,0
20121007,873,1,4,152.0,3,0
20120923,872,816,22,0.0,0,0
20120923,872,1,4,142.0,3,0
20121014,874,18,6,131.0,2,0
20121014,874,20,1,215.0,4,0
20121014,874,1,4,153.0,3,0
20121014,874,17,5,152.0,2,0
20121014,874,4,2,209.0,3,0
20121014,874,155,11,50.0,0,0
20121014,874,8,3,167.0,0,0
20121014,874,815,10,66.0,0,0
20121014,874,817,18,9.0,0,0
20121014,874,814,13,44.0,0,0
20121014,874,818,17,12.0,0,0
20121014,874,3,7,93.0,1,0
20121014,874,813,15,33.0,1,0
20121014,874,10,19,0.0,0,0
20121014,874,819,23,0.0,0,0
20121014,874,811,16,25.0,0,0
20121014,874,13,9,81.0,0,0
20121014,874,5,20,0.0,0,0
20121014,874,809,21,0.0,0,0
20121014,874,30,14,43.0,0,0
20121014,874,154,8,88.0,0,0
20121014,874,808,12,45.0,0,0
20121014,874,37,25,0.0,0,0
20121014,874,39,24,0.0,0,0
20121014,874,816,22,0.0,0,0
20121028,875,18,6,141.0,2,0
20121028,875,20,1,240.0,5,0
20121028,875,1,5,165.0,3,0
20121028,875,17,4,167.0,2,0
20121028,875,4,2,227.0,3,0
20121028,875,155,11,50.0,0,0
20121028,875,8,3,173.0,0,0
20121028,875,815,10,66.0,0,0
20121028,875,817,18,9.0,0,0
20121028,875,814,13,44.0,0,0
20121028,875,818,17,12.0,0,0
20121028,875,3,7,93.0,1,0
20121028,875,813,15,33.0,1,0
20121028,875,10,19,0.0,0,0
20121028,875,819,23,0.0,0,0
20121028,875,811,16,26.0,0,0
20121028,875,13,9,89.0,0,0
20121028,875,5,20,0.0,0,0
20121028,875,809,21,0.0,0,0
20121028,875,30,14,43.0,0,0
20121028,875,154,8,90.0,0,0
20121028,875,808,12,49.0,0,0
20121028,875,37,25,0.0,0,0
20121028,875,39,24,0.0,0,0
20121028,875,816,22,0.0,0,0
20121104,876,18,6,153.0,2,0
20121104,876,20,1,255.0,5,0
20121104,876,1,5,165.0,3,0
20121104,876,17,4,167.0,2,0
20121104,876,4,2,245.0,3,0
20121104,876,155,11,58.0,0,0
20121104,876,8,3,198.0,1,0
20121104,876,815,10,66.0,0,0
20121104,876,817,18,10.0,0,0
20121104,876,814,13,46.0,0,0
20121104,876,818,17,12.0,0,0
20121104,876,3,8,93.0,1,0
20121104,876,813,14,43.0,1,0
20121104,876,10,19,0.0,0,0
20121104,876,819,23,0.0,0,0
20121104,876,811,16,30.0,0,0
20121104,876,13,7,95.0,0,0
20121104,876,5,20,0.0,0,0
20121104,876,809,21,0.0,0,0
20121104,876,30,15,43.0,0,0
20121104,876,154,9,90.0,0,0
20121104,876,808,12,49.0,0,0
20121104,876,37,25,0.0,0,0
20121104,876,39,24,0.0,0,0
20121104,876,816,22,0.0,0,0
20121118,877,18,6,163.0,2,0
20121118,877,20,1,273.0,5,0
20121118,877,1,4,190.0,4,0
20121118,877,17,5,167.0,2,0
20121118,877,4,2,260.0,3,0
20121118,877,155,11,58.0,0,0
20121118,877,8,3,206.0,1,0
20121118,877,815,10,66.0,0,0
20121118,877,817,18,10.0,0,0
20121118,877,814,13,46.0,0,0
20121118,877,818,17,12.0,0,0
20121118,877,3,9,93.0,1,0
20121118,877,813,14,45.0,1,0
20121118,877,10,19,0.0,0,0
20121118,877,819,23,0.0,0,0
20121118,877,811,16,31.0,0,0
20121118,877,13,7,107.0,0,0
20121118,877,5,20,0.0,0,0
20121118,877,809,21,0.0,0,0
20121118,877,30,15,43.0,0,0
20121118,877,154,8,96.0,0,0
20121118,877,808,12,53.0,0,0
20121118,877,37,25,0.0,0,0
20121118,877,39,24,0.0,0,0
20121118,877,816,22,0.0,0,0
20121125,878,18,5,188.0,3,1
20121125,878,20,1,281.0,5,1
20121125,878,1,4,190.0,4,1
20121125,878,17,6,179.0,2,1
20121125,878,4,2,278.0,3,1
20121125,878,155,12,60.0,0,1
20121125,878,8,3,207.0,1,1
20121125,878,815,10,66.0,0,1
20121125,878,817,18,10.0,0,1
20121125,878,814,14,46.0,0,1
20121125,878,818,17,16.0,0,1
20121125,878,3,9,93.0,1,1
20121125,878,813,15,45.0,1,1
20121125,878,10,20,0.0,0,1
20121125,878,819,21,0.0,0,1
20121125,878,811,16,31.0,0,1
20121125,878,13,7,122.0,0,1
20121125,878,5,22,0.0,0,1
20121125,878,809,19,0.0,0,1
20121125,878,30,13,49.0,0,1
20121125,878,154,8,96.0,0,1
20121125,878,808,11,63.0,0,1
20121125,878,37,25,0.0,0,1
20121125,878,39,24,0.0,0,1
20121125,878,816,23,0.0,0,1
20130317,879,8,1,25.0,1,0
20130317,879,4,2,18.0,0,0
20130317,879,20,3,15.0,0,0
20130317,879,13,4,12.0,0,0
20130317,879,1,5,10.0,0,0
20130317,879,17,6,8.0,0,0
20130317,879,16,7,6.0,0,0
20130317,879,814,8,4.0,0,0
20130317,879,18,9,2.0,0,0
20130317,879,154,10,1.0,0,0
20130317,879,815,11,0.0,0,0
20130317,879,818,12,0.0,0,0
20130317,879,821,13,0.0,0,0
20130317,879,822,14,0.0,0,0
20130317,879,824,15,0.0,0,0
20130317,879,819,16,0.0,0,0
20130317,879,820,17,0.0,0,0
20130317,879,823,18,0.0,0,0
20130317,879,817,19,0.0,0,0
20130317,879,3,20,0.0,0,0
20130317,879,813,21,0.0,0,0
20130317,879,808,22,0.0,0,0
20130324,880,8,2,31.0,1,0
20130324,880,4,6,18.0,0,0
20130324,880,20,1,40.0,1,0
20130324,880,13,5,22.0,0,0
20130324,880,1,4,25.0,0,0
20130324,880,17,3,26.0,0,0
20130324,880,16,9,6.0,0,0
20130324,880,814,10,4.0,0,0
20130324,880,18,13,2.0,0,0
20130324,880,154,8,9.0,0,0
20130324,880,815,12,2.0,0,0
20130324,880,818,14,1.0,0,0
20130324,880,821,16,0.0,0,0
20130324,880,822,15,0.0,0,0
20130324,880,824,17,0.0,0,0
20130324,880,819,18,0.0,0,0
20130324,880,820,20,0.0,0,0
20130324,880,823,19,0.0,0,0
20130324,880,817,21,0.0,0,0
20130324,880,3,7,12.0,0,0
20130324,880,813,22,0.0,0,0
20130324,880,808,11,4.0,0,0
20130414,881,8,2,49.0,1,0
20130414,881,4,3,43.0,1,0
20130414,881,20,1,52.0,1,0
20130414,881,13,5,30.0,0,0
20130414,881,1,4,40.0,0,0
20130414,881,17,6,26.0,0,0
20130414,881,16,12,6.0,0,0
20130414,881,814,10,8.0,0,0
20130414,881,18,8,12.0,0,0
20130414,881,154,9,11.0,0,0
20130414,881,815,14,2.0,0,0
20130414,881,818,15,1.0,0,0
20130414,881,821,17,0.0,0,0
20130414,881,822,16,0.0,0,0
20130414,881,824,18,0.0,0,0
20130414,881,819,19,0.0,0,0
20130414,881,820,22,0.0,0,0
20130414,881,823,21,0.0,0,0
20130414,881,817,11,6.0,0,0
20130414,881,3,7,12.0,0,0
20130414,881,813,20,0.0,0,0
20130414,881,808,13,5.0,0,0
20130421,882,8,2,67.0,1,0
20130421,882,4,4,47.0,1,0
20130421,882,20,1,77.0,2,0
20130421,882,13,6,30.0,0,0
20130421,882,1,3,50.0,0,0
20130421,882,17,5,32.0,0,0
20130421,882,16,12,6.0,0,0
20130421,882,814,8,20.0,0,0
20130421,882,18,10,13.0,0,0
20130421,882,154,7,26.0,0,0
20130421,882,815,11,10.0,0,0
20130421,882,818,15,1.0,0,0
20130421,882,821,18,0.0,0,0
20130421,882,822,16,0.0,0,0
20130421,882,824,19,0.0,0,0
20130421,882,819,20,0.0,0,0
20130421,882,820,22,0.0,0,0
20130421,882,823,21,0.0,0,0
20130421,882,817,13,6.0,0,0
20130421,882,3,9,14.0,0,0
20130421,882,813,17,0.0,0,0
20130421,882,808,14,5.0,0,0
20130512,883,813,18,0.0,0,0
20130512,883,3,9,22.0,0,0
20130512,883,817,12,7.0,0,0
20130512,883,820,22,0.0,0,0
20130512,883,824,19,0.0,0,0
20130512,883,822,17,0.0,0,0
20130512,883,821,16,0.0,0,0
20130512,883,818,15,1.0,0,0
20130512,883,18,10,17.0,0,0
20130512,883,814,8,26.0,0,0
20130512,883,16,13,6.0,0,0
20130512,883,17,6,42.0,0,0
20130512,883,1,4,50.0,0,0
20130512,883,20,1,89.0,2,0
20130512,883,4,3,72.0,2,0
20130512,883,8,2,85.0,1,0
20130512,883,808,14,5.0,0,0
20130512,883,823,21,0.0,0,0
20130512,883,819,20,0.0,0,0
20130512,883,815,11,12.0,0,0
20130512,883,154,7,26.0,0,0
20130512,883,13,5,45.0,0,0
20130526,884,8,2,86.0,1,0
20130526,884,4,3,78.0,2,0
20130526,884,20,1,107.0,2,0
20130526,884,13,7,45.0,0,0
20130526,884,1,4,62.0,0,0
20130526,884,17,5,57.0,0,0
20130526,884,16,11,16.0,0,0
20130526,884,814,8,28.0,0,0
20130526,884,18,10,25.0,0,0
20130526,884,154,9,26.0,0,0
20130526,884,815,12,12.0,0,0
20130526,884,818,15,5.0,0,0
20130526,884,821,16,0.0,0,0
20130526,884,822,17,0.0,0,0
20130526,884,824,19,0.0,0,0
20130526,884,819,20,0.0,0,0
20130526,884,820,21,0.0,0,0
20130526,884,823,22,0.0,0,0
20130526,884,817,13,7.0,0,0
20130526,884,3,6,47.0,1,0
20130526,884,813,18,0.0,0,0
20130526,884,808,14,5.0,0,0
20130609,885,8,3,88.0,1,0
20130609,885,4,2,96.0,2,0
20130609,885,20,1,132.0,3,0
20130609,885,13,7,49.0,0,0
20130609,885,1,4,77.0,0,0
20130609,885,17,5,69.0,0,0
20130609,885,16,11,17.0,0,0
20130609,885,814,8,34.0,0,0
20130609,885,18,10,25.0,0,0
20130609,885,154,9,26.0,0,0
20130609,885,815,13,12.0,0,0
20130609,885,818,12,13.0,0,0
20130609,885,821,16,0.0,0,0
20130609,885,822,17,0.0,0,0
20130609,885,824,19,0.0,0,0
20130609,885,819,20,0.0,0,0
20130609,885,820,21,0.0,0,0
20130609,885,823,22,0.0,0,0
20130609,885,817,14,7.0,0,0
20130609,885,3,6,57.0,1,0
20130609,885,813,18,0.0,0,0
20130609,885,808,15,5.0,0,0
20130630,886,808,15,6.0,0,0
20130630,886,813,16,0.0,0,0
20130630,886,817,14,11.0,0,0
20130630,886,823,22,0.0,0,0
20130630,886,819,20,0.0,0,0
20130630,886,824,19,0.0,0,0
20130630,886,821,18,0.0,0,0
20130630,886,818,12,13.0,0,0
20130630,886,16,11,23.0,0,0
20130630,886,17,5,87.0,0,0
20130630,886,20,1,132.0,3,0
20130630,886,13,7,57.0,0,0
20130630,886,1,4,89.0,0,0
20130630,886,3,6,82.0,2,0
20130630,886,820,21,0.0,0,0
20130630,886,822,17,0.0,0,0
20130630,886,814,8,36.0,0,0
20130630,886,8,3,98.0,1,0
20130630,886,4,2,111.0,2,0
20130630,886,815,13,12.0,0,0
20130630,886,154,9,26.0,0,0
20130630,886,18,10,25.0,0,0
20130707,887,8,3,116.0,1,0
20130707,887,4,2,123.0,2,0
20130707,887,20,1,157.0,4,0
20130707,887,13,7,57.0,0,0
20130707,887,1,4,99.0,0,0
20130707,887,17,5,93.0,0,0
20130707,887,16,11,23.0,0,0
20130707,887,814,9,36.0,0,0
20130707,887,18,10,33.0,0,0
20130707,887,154,8,41.0,0,0
20130707,887,815,12,16.0,0,0
20130707,887,818,13,13.0,0,0
20130707,887,821,18,0.0,0,0
20130707,887,822,17,0.0,0,0
20130707,887,824,19,0.0,0,0
20130707,887,819,20,0.0,0,0
20130707,887,820,21,0.0,0,0
20130707,887,823,22,0.0,0,0
20130707,887,817,14,11.0,0,0
20130707,887,3,6,84.0,2,0
20130707,887,813,16,0.0,0,0
20130707,887,808,15,7.0,0,0
20130728,888,8,2,134.0,1,0
20130728,888,4,3,133.0,2,0
20130728,888,20,1,172.0,4,0
20130728,888,13,7,61.0,0,0
20130728,888,1,4,124.0,1,0
20130728,888,17,5,105.0,0,0
20130728,888,16,11,23.0,0,0
20130728,888,814,10,36.0,0,0
20130728,888,18,9,39.0,0,0
20130728,888,154,8,49.0,0,0
20130728,888,815,12,18.0,0,0
20130728,888,818,13,13.0,0,0
20130728,888,821,18,0.0,0,0
20130728,888,822,17,0.0,0,0
20130728,888,824,19,0.0,0,0
20130728,888,819,20,0.0,0,0
20130728,888,820,22,0.0,0,0
20130728,888,823,21,0.0,0,0
20130728,888,817,14,11.0,0,0
20130728,888,3,6,84.0,2,0
20130728,888,813,16,1.0,0,0
20130728,888,808,15,7.0,0,0
20130825,889,8,4,134.0,1,0
20130825,889,4,2,151.0,2,0
20130825,889,20,1,197.0,5,0
20130825,889,13,7,67.0,0,0
20130825,889,1,3,139.0,1,0
20130825,889,17,5,115.0,0,0
20130825,889,16,11,25.0,0,0
20130825,889,814,10,36.0,0,0
20130825,889,18,9,47.0,0,0
20130825,889,154,8,53.0,0,0
20130825,889,815,12,18.0,0,0
20130825,889,818,13,13.0,0,0
20130825,889,821,18,0.0,0,0
20130825,889,822,17,0.0,0,0
20130825,889,824,19,0.0,0,0
20130825,889,819,20,0.0,0,0
20130825,889,820,22,0.0,0,0
20130825,889,823,21,0.0,0,0
20130825,889,817,14,12.0,0,0
20130825,889,3,6,96.0,2,0
20130825,889,813,16,1.0,0,0
20130825,889,808,15,7.0,0,0
20130908,890,8,4,134.0,1,0
20130908,890,4,2,169.0,2,0
20130908,890,20,1,222.0,6,0
20130908,890,13,7,79.0,0,0
20130908,890,1,3,141.0,1,0
20130908,890,17,5,130.0,0,0
20130908,890,16,11,25.0,0,0
20130908,890,814,10,36.0,0,0
20130908,890,18,9,48.0,0,0
20130908,890,154,8,57.0,0,0
20130908,890,815,12,18.0,0,0
20130908,890,818,15,13.0,0,0
20130908,890,821,18,0.0,0,0
20130908,890,822,17,0.0,0,0
20130908,890,824,19,0.0,0,0
20130908,890,819,20,0.0,0,0
20130908,890,820,22,0.0,0,0
20130908,890,823,21,0.0,0,0
20130908,890,817,13,18.0,0,0
20130908,890,3,6,104.0,2,0
20130908,890,813,16,1.0,0,0
20130908,890,808,14,17.0,0,0
20130922,891,8,4,149.0,1,0
20130922,891,4,2,187.0,2,0
20130922,891,20,1,247.0,7,0
20130922,891,13,7,87.0,0,0
20130922,891,1,3,151.0,1,0
20130922,891,17,5,130.0,0,0
20130922,891,16,11,26.0,0,0
20130922,891,814,10,36.0,0,0
20130922,891,18,9,54.0,0,0
20130922,891,154,8,57.0,0,0
20130922,891,815,12,22.0,0,0
20130922,891,818,15,13.0,0,0
20130922,891,821,17,0.0,0,0
20130922,891,822,18,0.0,0,0
20130922,891,824,19,0.0,0,0
20130922,891,819,20,0.0,0,0
20130922,891,820,22,0.0,0,0
20130922,891,823,21,0.0,0,0
20130922,891,817,14,18.0,0,0
20130922,891,3,6,116.0,2,0
20130922,891,813,16,1.0,0,0
20130922,891,808,13,19.0,0,0
20131006,892,8,3,167.0,1,0
20131006,892,4,2,195.0,2,0
20131006,892,20,1,272.0,8,0
20131006,892,13,7,89.0,0,0
20131006,892,1,4,161.0,1,0
20131006,892,17,5,130.0,0,0
20131006,892,16,12,26.0,0,0
20131006,892,814,10,36.0,0,0
20131006,892,18,9,58.0,0,0
20131006,892,154,8,72.0,0,0
20131006,892,815,13,23.0,0,0
20131006,892,818,15,13.0,0,0
20131006,892,821,17,0.0,0,0
20131006,892,822,18,0.0,0,0
20131006,892,824,19,0.0,0,0
20131006,892,819,20,0.0,0,0
20131006,892,820,22,0.0,0,0
20131006,892,823,21,0.0,0,0
20131006,892,817,14,18.0,0,0
20131006,892,3,6,122.0,2,0
20131006,892,813,16,1.0,0,0
20131006,892,808,11,31.0,0,0
20131013,893,8,3,177.0,1,0
20131013,893,4,2,207.0,2,0
20131013,893,20,1,297.0,9,0
20131013,893,13,7,90.0,0,0
20131013,893,1,4,161.0,1,0
20131013,893,17,5,148.0,0,0
20131013,893,16,12,26.0,0,0
20131013,893,814,11,36.0,0,0
20131013,893,18,9,60.0,0,0
20131013,893,154,8,87.0,0,0
20131013,893,815,13,23.0,0,0
20131013,893,818,15,13.0,0,0
20131013,893,821,16,6.0,0,0
20131013,893,822,18,0.0,0,0
20131013,893,824,19,0.0,0,0
20131013,893,819,20,0.0,0,0
20131013,893,820,22,0.0,0,0
20131013,893,823,21,0.0,0,0
20131013,893,817,14,18.0,0,0
20131013,893,3,6,126.0,2,0
20131013,893,813,17,1.0,0,0
20131013,893,808,10,39.0,0,0
20131027,894,8,3,183.0,1,0
20131027,894,4,2,207.0,2,0
20131027,894,20,1,322.0,10,0
20131027,894,13,8,102.0,0,0
20131027,894,1,4,169.0,1,0
20131027,894,17,5,148.0,0,0
20131027,894,16,13,28.0,0,0
20131027,894,814,10,40.0,0,0
20131027,894,18,9,60.0,0,0
20131027,894,154,7,102.0,0,0
20131027,894,815,12,33.0,0,0
20131027,894,818,15,13.0,0,0
20131027,894,821,16,6.0,0,0
20131027,894,822,18,0.0,0,0
20131027,894,824,19,0.0,0,0
20131027,894,819,20,0.0,0,0
20131027,894,820,22,0.0,0,0
20131027,894,823,21,0.0,0,0
20131027,894,817,14,19.0,0,0
20131027,894,3,6,144.0,2,0
20131027,894,813,17,1.0,0,0
20131027,894,808,11,39.0,0,0
20131103,895,8,3,183.0,1,0
20131103,895,4,2,217.0,2,0
20131103,895,20,1,347.0,11,0
20131103,895,13,8,106.0,0,0
20131103,895,1,4,175.0,1,0
20131103,895,17,5,166.0,0,0
20131103,895,16,13,29.0,0,0
20131103,895,814,10,48.0,0,0
20131103,895,18,9,60.0,0,0
20131103,895,154,7,114.0,0,0
20131103,895,815,12,35.0,0,0
20131103,895,818,15,13.0,0,0
20131103,895,821,16,6.0,0,0
20131103,895,822,18,0.0,0,0
20131103,895,824,19,0.0,0,0
20131103,895,819,20,0.0,0,0
20131103,895,820,22,0.0,0,0
20131103,895,823,21,0.0,0,0
20131103,895,817,14,19.0,0,0
20131103,895,3,6,159.0,2,0
20131103,895,813,17,1.0,0,0
20131103,895,808,11,39.0,0,0
20131117,896,8,4,183.0,1,0
20131117,896,4,2,227.0,2,0
20131117,896,20,1,372.0,12,0
20131117,896,13,8,106.0,0,0
20131117,896,1,3,187.0,1,0
20131117,896,17,5,181.0,0,0
20131117,896,16,13,29.0,0,0
20131117,896,814,10,48.0,0,0
20131117,896,18,9,61.0,0,0
20131117,896,154,7,132.0,0,0
20131117,896,815,12,41.0,0,0
20131117,896,818,15,13.0,0,0
20131117,896,821,16,6.0,0,0
20131117,896,822,17,4.0,0,0
20131117,896,824,19,0.0,0,0
20131117,896,819,20,0.0,0,0
20131117,896,820,22,0.0,0,0
20131117,896,823,21,0.0,0,0
20131117,896,817,14,19.0,0,0
20131117,896,3,6,161.0,2,0
20131117,896,813,18,1.0,0,0
20131117,896,808,11,47.0,0,0
20131117,896,5,23,0.0,0,0
20131124,897,8,5,183.0,1,1
20131124,897,4,2,242.0,2,1
20131124,897,20,1,397.0,13,1
20131124,897,13,8,112.0,0,1
20131124,897,1,4,189.0,1,1
20131124,897,17,3,199.0,0,1
20131124,897,16,13,29.0,0,1
20131124,897,814,12,48.0,0,1
20131124,897,18,9,73.0,0,1
20131124,897,154,7,132.0,0,1
20131124,897,815,11,49.0,0,1
20131124,897,818,15,13.0,0,1
20131124,897,821,16,6.0,0,1
20131124,897,822,17,4.0,0,1
20131124,897,824,19,0.0,0,1
20131124,897,819,20,0.0,0,1
20131124,897,820,23,0.0,0,1
20131124,897,823,21,0.0,0,1
20131124,897,817,14,20.0,0,1
20131124,897,3,6,171.0,2,1
20131124,897,813,18,1.0,0,1
20131124,897,808,10,51.0,0,1
20131124,897,5,22,0.0,0,1
19941113,564,112,43,0.0,0,1
19941113,564,114,35,0.0,0,1
19941113,564,113,36,0.0,0,1
19941113,564,93,37,0.0,0,1
19941113,564,115,44,0.0,0,1
19941113,564,63,32,0.0,0,1
19941113,564,116,33,0.0,0,1
19941113,564,89,45,0.0,0,1
19941113,564,98,41,0.0,0,1
19940327,549,102,13,0.0,0,0
19940327,549,84,14,0.0,0,0
19940327,549,56,15,0.0,0,0
19940327,549,50,16,0.0,0,0
19940327,549,103,17,0.0,0,0
19940327,549,87,18,0.0,0,0
19940327,549,104,19,0.0,0,0
19940327,549,49,20,0.0,0,0
19940327,549,57,21,0.0,0,0
19940327,549,105,22,0.0,0,0
19940327,549,81,23,0.0,0,0
19940327,549,77,24,0.0,0,0
19940327,549,106,25,0.0,0,0
19940327,549,92,26,0.0,0,0
19940327,549,107,27,0.0,0,0
19940327,549,108,28,0.0,0,0
19940417,550,87,24,0.0,0,0
19940417,550,104,6,3.0,0,0
19940417,550,49,7,2.0,0,0
19940417,550,57,26,0.0,0,0
19940417,550,105,21,0.0,0,0
19940417,550,81,18,0.0,0,0
19940417,550,77,4,6.0,0,0
19940417,550,106,27,0.0,0,0
19940417,550,92,29,0.0,0,0
19940417,550,107,16,0.0,0,0
19940417,550,108,30,0.0,0,0
19940417,550,88,25,0.0,0,0
19940417,550,78,28,0.0,0,0
19940501,551,105,24,0.0,0,0
19940501,551,81,22,0.0,0,0
19940501,551,77,4,6.0,0,0
19940501,551,106,30,0.0,0,0
19940501,551,92,28,0.0,0,0
19940501,551,107,20,0.0,0,0
19940501,551,108,32,0.0,0,0
19940501,551,88,29,0.0,0,0
19940501,551,78,5,6.0,0,0
19940501,551,110,25,0.0,0,0
19940501,551,109,31,0.0,0,0
19940515,552,92,29,0.0,0,0
19940515,552,107,24,0.0,0,0
19940515,552,108,28,0.0,0,0
19940515,552,88,32,0.0,0,0
19940515,552,78,6,6.0,0,0
19940515,552,110,12,3.0,0,0
19940515,552,109,17,0.0,0,0
19940529,553,108,30,0.0,0,0
19940529,553,88,34,0.0,0,0
19940529,553,78,7,6.0,0,0
19940529,553,110,13,3.0,0,0
19940529,553,109,21,0.0,0,0
19940529,553,70,25,0.0,0,0
19940529,553,14,33,0.0,0,0
19940529,553,85,35,0.0,0,0
19940612,554,88,34,0.0,0,0
19940612,554,78,7,6.0,0,0
19940612,554,110,13,3.0,0,0
19940612,554,109,17,1.0,0,0
19940612,554,70,26,0.0,0,0
19940612,554,14,16,2.0,0,0
19940612,554,85,35,0.0,0,0
19940703,555,78,7,6.0,0,0
19940703,555,110,12,4.0,0,0
19940703,555,109,17,1.0,0,0
19940703,555,70,26,0.0,0,0
19940703,555,14,16,2.0,0,0
19940703,555,85,37,0.0,0,0
19940703,555,111,27,0.0,0,0
19940703,555,95,34,0.0,0,0
19940710,556,110,13,4.0,0,0
19940710,556,109,17,1.0,0,0
19940710,556,70,27,0.0,0,0
19940710,556,14,15,4.0,0,0
19940710,556,85,37,0.0,0,0
19940710,556,111,28,0.0,0,0
19940710,556,95,35,0.0,0,0
19940731,557,109,21,1.0,0,0
19940731,557,70,28,0.0,0,0
19940731,557,14,18,4.0,0,0
19940731,557,85,37,0.0,0,0
19940731,557,111,29,0.0,0,0
19940731,557,95,35,0.0,0,0
19940814,558,109,23,1.0,0,0
19940814,558,70,28,0.0,0,0
19940814,558,14,19,4.0,0,0
19940814,558,85,38,0.0,0,0
19940814,558,111,29,0.0,0,0
19940814,558,95,35,0.0,0,0
19940814,558,112,37,0.0,0,0
19940828,559,109,23,1.0,0,0
19940828,559,70,29,0.0,0,0
19940828,559,14,11,7.0,0,0
19940828,559,85,38,0.0,0,0
19940828,559,111,28,0.0,0,0
19940828,559,95,35,0.0,0,0
19940828,559,112,37,0.0,0,0
19940911,560,109,23,1.0,0,0
19940911,560,70,29,0.0,0,0
19940911,560,14,10,8.0,0,0
19940911,560,85,39,0.0,0,0
19940911,560,111,28,0.0,0,0
19940911,560,95,35,0.0,0,0
19940911,560,112,38,0.0,0,0
19940911,560,114,37,0.0,0,0
19940925,561,14,7,14.0,0,0
19940925,561,85,40,0.0,0,0
19940925,561,111,28,0.0,0,0
19940925,561,95,37,0.0,0,0
19940925,561,112,39,0.0,0,0
19940925,561,114,32,0.0,0,0
19940925,561,113,33,0.0,0,0
19941016,562,85,42,0.0,0,0
19941016,562,111,28,0.0,0,0
19941016,562,95,38,0.0,0,0
19941016,562,112,40,0.0,0,0
19941016,562,114,32,0.0,0,0
19941016,562,113,33,0.0,0,0
19941016,562,93,34,0.0,0,0
19941016,562,115,41,0.0,0,0
19941106,563,95,21,3.0,0,0
19941106,563,112,42,0.0,0,0
19941106,563,114,34,0.0,0,0
19941106,563,113,35,0.0,0,0
19941106,563,93,36,0.0,0,0
19941106,563,115,44,0.0,0,0
19941106,563,63,32,0.0,0,0
19941106,563,116,40,0.0,0,0
19941106,563,89,43,0.0,0,0
20140316,898,13,20,0.0,0,0
20140316,898,20,18,0.0,0,0
20140316,898,813,16,0.0,0,0
20140316,898,824,14,0.0,0,0
20140316,898,821,12,0.0,0,0
20140316,898,825,2,18.0,0,0
20140316,898,18,3,15.0,0,0
20140316,898,4,4,12.0,0,0
20140316,898,822,5,10.0,0,0
20140316,898,808,6,8.0,0,0
20140316,898,8,7,6.0,0,0
20140316,898,155,21,0.0,0,0
20140316,898,1,19,0.0,0,0
20140316,898,828,17,0.0,0,0
20140316,898,154,15,0.0,0,0
20140316,898,820,13,0.0,0,0
20140316,898,16,11,0.0,0,0
20140316,898,815,10,1.0,0,0
20140316,898,826,9,2.0,0,0
20140316,898,818,8,4.0,0,0
20140316,898,3,1,25.0,1,0
20140316,898,817,22,0.0,0,0
20140330,899,3,1,43.0,1,0
20140330,899,825,5,20.0,0,0
20140330,899,18,4,23.0,0,0
20140330,899,4,3,24.0,0,0
20140330,899,822,8,14.0,0,0
20140330,899,808,6,18.0,0,0
20140330,899,8,9,6.0,0,0
20140330,899,818,11,4.0,0,0
20140330,899,826,12,3.0,0,0
20140330,899,815,13,1.0,0,0
20140330,899,16,15,0.0,0,0
20140330,899,821,16,0.0,0,0
20140330,899,820,17,0.0,0,0
20140330,899,824,20,0.0,0,0
20140330,899,154,14,0.0,0,0
20140330,899,813,21,0.0,0,0
20140330,899,828,19,0.0,0,0
20140330,899,20,7,15.0,0,0
20140330,899,1,2,25.0,1,0
20140330,899,13,10,6.0,0,0
20140330,899,155,18,0.0,0,0
20140330,899,817,22,0.0,0,0
20140406,900,3,1,61.0,1,0
20140406,900,825,7,20.0,0,0
20140406,900,18,5,23.0,0,0
20140406,900,4,4,26.0,0,0
20140406,900,822,8,18.0,0,0
20140406,900,808,3,28.0,0,0
20140406,900,8,12,7.0,0,0
20140406,900,818,13,4.0,0,0
20140406,900,826,14,3.0,0,0
20140406,900,815,9,16.0,0,0
20140406,900,16,16,0.0,0,0
20140406,900,821,17,0.0,0,0
20140406,900,820,18,0.0,0,0
20140406,900,824,22,0.0,0,0
20140406,900,154,15,0.0,0,0
20140406,900,813,20,0.0,0,0
20140406,900,828,21,0.0,0,0
20140406,900,20,6,23.0,0,0
20140406,900,1,2,50.0,2,0
20140406,900,13,11,12.0,0,0
20140406,900,155,19,0.0,0,0
20140406,900,817,10,12.0,0,0
20140420,901,3,1,79.0,1,0
20140420,901,825,9,20.0,0,0
20140420,901,18,8,23.0,0,0
20140420,901,4,3,41.0,0,0
20140420,901,822,7,24.0,0,0
20140420,901,808,4,36.0,0,0
20140420,901,8,12,11.0,0,0
20140420,901,818,13,4.0,0,0
20140420,901,826,14,4.0,0,0
20140420,901,815,10,18.0,0,0
20140420,901,16,16,0.0,0,0
20140420,901,821,17,0.0,0,0
20140420,901,820,18,0.0,0,0
20140420,901,824,22,0.0,0,0
20140420,901,154,15,0.0,0,0
20140420,901,813,20,0.0,0,0
20140420,901,828,21,0.0,0,0
20140420,901,20,5,33.0,0,0
20140420,901,1,2,75.0,3,0
20140420,901,13,11,12.0,0,0
20140420,901,155,19,0.0,0,0
20140420,901,817,6,24.0,0,0
20140511,902,3,2,97.0,1,0
20140511,902,825,9,20.0,0,0
20140511,902,18,8,23.0,0,0
20140511,902,4,3,49.0,0,0
20140511,902,822,7,34.0,0,0
20140511,902,808,6,37.0,0,0
20140511,902,8,11,17.0,0,0
20140511,902,818,14,4.0,0,0
20140511,902,826,15,4.0,0,0
20140511,902,815,10,20.0,0,0
20140511,902,16,16,0.0,0,0
20140511,902,821,17,0.0,0,0
20140511,902,820,18,0.0,0,0
20140511,902,824,22,0.0,0,0
20140511,902,154,13,4.0,0,0
20140511,902,813,20,0.0,0,0
20140511,902,828,21,0.0,0,0
20140511,902,20,4,45.0,0,0
20140511,902,1,1,100.0,4,0
20140511,902,13,12,12.0,0,0
20140511,902,155,19,0.0,0,0
20140511,902,817,5,39.0,0,0
20140525,903,3,1,122.0,2,0
20140525,903,825,9,21.0,0,0
20140525,903,18,8,31.0,0,0
20140525,903,4,3,61.0,0,0
20140525,903,822,7,34.0,0,0
20140525,903,808,5,47.0,0,0
20140525,903,8,12,17.0,0,0
20140525,903,818,14,4.0,0,0
20140525,903,826,15,4.0,0,0
20140525,903,815,10,20.0,0,0
20140525,903,16,18,0.0,0,0
20140525,903,821,19,0.0,0,0
20140525,903,820,20,0.0,0,0
20140525,903,824,16,2.0,0,0
20140525,903,154,13,8.0,0,0
20140525,903,813,22,0.0,0,0
20140525,903,828,17,0.0,0,0
20140525,903,20,6,45.0,0,0
20140525,903,1,2,118.0,4,0
20140525,903,13,11,18.0,0,0
20140525,903,155,21,0.0,0,0
20140525,903,817,4,54.0,0,0
20140608,904,3,1,140.0,2,0
20140608,904,825,9,23.0,0,0
20140608,904,18,7,43.0,0,0
20140608,904,4,4,69.0,0,0
20140608,904,822,8,40.0,0,0
20140608,904,808,6,57.0,0,0
20140608,904,8,12,18.0,0,0
20140608,904,818,14,8.0,0,0
20140608,904,826,15,4.0,0,0
20140608,904,815,10,20.0,0,0
20140608,904,16,17,0.0,0,0
20140608,904,821,19,0.0,0,0
20140608,904,820,20,0.0,0,0
20140608,904,824,16,2.0,0,0
20140608,904,154,13,8.0,0,0
20140608,904,813,22,0.0,0,0
20140608,904,828,18,0.0,0,0
20140608,904,20,5,60.0,0,0
20140608,904,1,2,118.0,4,0
20140608,904,13,11,18.0,0,0
20140608,904,155,21,0.0,0,0
20140608,904,817,3,79.0,1,0
20140622,905,3,1,165.0,3,0
20140622,905,825,10,29.0,0,0
20140622,905,18,8,43.0,0,0
20140622,905,4,4,79.0,0,0
20140622,905,822,7,55.0,0,0
20140622,905,808,6,59.0,0,0
20140622,905,8,12,19.0,0,0
20140622,905,818,14,8.0,0,0
20140622,905,826,15,4.0,0,0
20140622,905,815,11,28.0,0,0
20140622,905,16,17,0.0,0,0
20140622,905,821,20,0.0,0,0
20140622,905,820,21,0.0,0,0
20140622,905,824,16,2.0,0,0
20140622,905,154,13,8.0,0,0
20140622,905,813,19,0.0,0,0
20140622,905,828,18,0.0,0,0
20140622,905,20,5,60.0,0,0
20140622,905,1,2,136.0,4,0
20140622,905,13,9,30.0,0,0
20140622,905,155,22,0.0,0,0
20140622,905,817,3,83.0,1,0
20140706,906,3,1,165.0,3,0
20140706,906,825,9,35.0,0,0
20140706,906,18,8,55.0,0,0
20140706,906,4,4,87.0,0,0
20140706,906,822,5,73.0,0,0
20140706,906,808,7,63.0,0,0
20140706,906,8,12,19.0,0,0
20140706,906,818,13,9.0,0,0
20140706,906,826,15,6.0,0,0
20140706,906,815,11,28.0,0,0
20140706,906,16,17,0.0,0,0
20140706,906,821,20,0.0,0,0
20140706,906,820,21,0.0,0,0
20140706,906,824,16,2.0,0,0
20140706,906,154,14,8.0,0,0
20140706,906,813,19,0.0,0,0
20140706,906,828,18,0.0,0,0
20140706,906,20,6,70.0,0,0
20140706,906,1,2,161.0,5,0
20140706,906,13,10,30.0,0,0
20140706,906,155,22,0.0,0,0
20140706,906,817,3,98.0,1,0
20140720,907,3,1,190.0,4,0
20140720,907,825,9,37.0,0,0
20140720,907,18,8,59.0,0,0
20140720,907,4,4,97.0,0,0
20140720,907,822,5,91.0,0,0
20140720,907,808,7,69.0,0,0
20140720,907,8,12,19.0,0,0
20140720,907,818,13,9.0,0,0
20140720,907,826,15,6.0,0,0
20140720,907,815,11,29.0,0,0
20140720,907,16,17,0.0,0,0
20140720,907,821,20,0.0,0,0
20140720,907,820,21,0.0,0,0
20140720,907,824,16,2.0,0,0
20140720,907,154,14,8.0,0,0
20140720,907,813,19,0.0,0,0
20140720,907,828,18,0.0,0,0
20140720,907,20,6,82.0,0,0
20140720,907,1,2,176.0,5,0
20140720,907,13,10,30.0,0,0
20140720,907,155,22,0.0,0,0
20140720,907,817,3,106.0,1,0
20140727,908,3,1,202.0,4,0
20140727,908,825,10,37.0,0,0
20140727,908,18,8,60.0,0,0
20140727,908,4,4,115.0,0,0
20140727,908,822,5,95.0,0,0
20140727,908,808,7,69.0,0,0
20140727,908,8,12,27.0,0,0
20140727,908,818,13,11.0,0,0
20140727,908,826,15,6.0,0,0
20140727,908,815,11,29.0,0,0
20140727,908,16,17,0.0,0,0
20140727,908,821,20,0.0,0,0
20140727,908,820,21,0.0,0,0
20140727,908,824,16,2.0,0,0
20140727,908,154,14,8.0,0,0
20140727,908,813,19,0.0,0,0
20140727,908,828,18,0.0,0,0
20140727,908,20,6,88.0,0,0
20140727,908,1,2,191.0,5,0
20140727,908,13,9,40.0,0,0
20140727,908,155,22,0.0,0,0
20140727,908,817,3,131.0,2,0
20140824,909,3,1,220.0,4,0
20140824,909,825,11,37.0,0,0
20140824,909,18,8,68.0,0,0
20140824,909,4,4,121.0,0,0
20140824,909,822,5,110.0,0,0
20140824,909,808,7,70.0,0,0
20140824,909,8,10,39.0,0,0
20140824,909,818,13,11.0,0,0
20140824,909,826,15,8.0,0,0
20140824,909,815,12,33.0,0,0
20140824,909,16,17,0.0,0,0
20140824,909,821,20,0.0,0,0
20140824,909,820,21,0.0,0,0
20140824,909,824,16,2.0,0,0
20140824,909,154,14,8.0,0,0
20140824,909,813,19,0.0,0,0
20140824,909,828,18,0.0,0,0
20140824,909,20,6,98.0,0,0
20140824,909,1,2,191.0,5,0
20140824,909,13,9,40.0,0,0
20140824,909,155,22,0.0,0,0
20140824,909,817,3,156.0,3,0
20140824,909,827,23,0.0,0,0
20140907,910,3,1,238.0,4,0
20140907,910,825,12,38.0,0,0
20140907,910,18,7,72.0,0,0
20140907,910,4,5,121.0,0,0
20140907,910,822,4,122.0,0,0
20140907,910,808,8,70.0,0,0
20140907,910,8,10,41.0,0,0
20140907,910,818,13,11.0,0,0
20140907,910,826,15,8.0,0,0
20140907,910,815,11,39.0,0,0
20140907,910,16,17,0.0,0,0
20140907,910,821,20,0.0,0,0
20140907,910,820,21,0.0,0,0
20140907,910,824,16,2.0,0,0
20140907,910,154,14,8.0,0,0
20140907,910,813,19,0.0,0,0
20140907,910,828,18,0.0,0,0
20140907,910,20,6,106.0,0,0
20140907,910,1,2,216.0,6,0
20140907,910,13,9,55.0,0,0
20140907,910,155,22,0.0,0,0
20140907,910,817,3,166.0,3,0
20140907,910,827,23,0.0,0,0
20140921,911,3,2,238.0,4,0
20140921,911,825,12,39.0,0,0
20140921,911,18,7,72.0,0,0
20140921,911,4,4,133.0,0,0
20140921,911,822,6,122.0,0,0
20140921,911,808,8,72.0,0,0
20140921,911,8,11,45.0,0,0
20140921,911,818,13,19.0,0,0
20140921,911,826,15,8.0,0,0
20140921,911,815,10,45.0,0,0
20140921,911,16,17,0.0,0,0
20140921,911,821,20,0.0,0,0
20140921,911,820,21,0.0,0,0
20140921,911,824,16,2.0,0,0
20140921,911,154,14,8.0,0,0
20140921,911,813,19,0.0,0,0
20140921,911,828,18,0.0,0,0
20140921,911,20,5,124.0,0,0
20140921,911,1,1,241.0,7,0
20140921,911,13,9,65.0,0,0
20140921,911,155,22,0.0,0,0
20140921,911,817,3,181.0,3,0
20140921,911,827,23,0.0,0,0
20141005,912,3,2,256.0,4,0
20141005,912,825,12,39.0,0,0
20141005,912,18,7,82.0,0,0
20141005,912,4,5,133.0,0,0
20141005,912,822,6,130.0,0,0
20141005,912,808,8,76.0,0,0
20141005,912,8,11,45.0,0,0
20141005,912,818,13,21.0,0,0
20141005,912,826,15,8.0,0,0
20141005,912,815,10,46.0,0,0
20141005,912,16,17,0.0,0,0
20141005,912,821,20,0.0,0,0
20141005,912,820,21,0.0,0,0
20141005,912,824,16,2.0,0,0
20141005,912,154,14,8.0,0,0
20141005,912,813,19,0.0,0,0
20141005,912,828,18,0.0,0,0
20141005,912,20,4,139.0,0,0
20141005,912,1,1,266.0,8,0
20141005,912,13,9,71.0,0,0
20141005,912,155,22,0.0,0,0
20141005,912,817,3,193.0,3,0
20141005,912,827,23,0.0,0,0
20141012,913,3,2,274.0,4,0
20141012,913,825,10,49.0,0,0
20141012,913,18,7,94.0,0,0
20141012,913,4,6,141.0,0,0
20141012,913,822,4,145.0,0,0
20141012,913,808,8,76.0,0,0
20141012,913,8,12,47.0,0,0
20141012,913,818,13,21.0,0,0
20141012,913,826,15,8.0,0,0
20141012,913,815,11,47.0,0,0
20141012,913,16,17,0.0,0,0
20141012,913,821,20,0.0,0,0
20141012,913,820,21,0.0,0,0
20141012,913,824,16,2.0,0,0
20141012,913,154,14,8.0,0,0
20141012,913,813,19,0.0,0,0
20141012,913,828,18,0.0,0,0
20141012,913,20,5,143.0,0,0
20141012,913,1,1,291.0,9,0
20141012,913,13,9,71.0,0,0
20141012,913,155,22,0.0,0,0
20141012,913,817,3,199.0,3,0
20141012,913,827,23,0.0,0,0
20141102,914,3,2,292.0,4,0
20141102,914,825,10,53.0,0,0
20141102,914,18,7,94.0,0,0
20141102,914,4,6,149.0,0,0
20141102,914,822,4,155.0,0,0
20141102,914,808,9,76.0,0,0
20141102,914,8,12,47.0,0,0
20141102,914,818,13,22.0,0,0
20141102,914,826,15,8.0,0,0
20141102,914,815,11,47.0,0,0
20141102,914,16,18,0.0,0,0
20141102,914,821,20,0.0,0,0
20141102,914,820,21,0.0,0,0
20141102,914,824,17,2.0,0,0
20141102,914,154,14,8.0,0,0
20141102,914,813,16,2.0,0,0
20141102,914,828,19,0.0,0,0
20141102,914,20,5,149.0,0,0
20141102,914,1,1,316.0,10,0
20141102,914,13,8,83.0,0,0
20141102,914,155,22,0.0,0,0
20141102,914,817,3,214.0,3,0
20141102,914,827,23,0.0,0,0
20141109,915,3,2,317.0,5,0
20141109,915,825,10,55.0,0,0
20141109,915,18,7,106.0,0,0
20141109,915,4,5,157.0,0,0
20141109,915,822,6,156.0,0,0
20141109,915,808,9,80.0,0,0
20141109,915,8,11,53.0,0,0
20141109,915,818,13,22.0,0,0
20141109,915,826,15,8.0,0,0
20141109,915,815,12,47.0,0,0
20141109,915,16,18,0.0,0,0
20141109,915,821,20,0.0,0,0
20141109,915,820,21,0.0,0,0
20141109,915,824,17,2.0,0,0
20141109,915,154,14,8.0,0,0
20141109,915,813,16,2.0,0,0
20141109,915,828,19,0.0,0,0
20141109,915,20,4,159.0,0,0
20141109,915,1,1,334.0,10,0
20141109,915,13,8,98.0,0,0
20141109,915,155,22,0.0,0,0
20141109,915,817,3,214.0,3,0
20141109,915,827,23,0.0,0,0
20141123,916,3,2,317.0,5,1
20141123,916,825,11,55.0,0,1
20141123,916,18,8,126.0,0,1
20141123,916,4,6,161.0,0,1
20141123,916,822,4,186.0,0,1
20141123,916,808,9,96.0,0,1
20141123,916,8,12,55.0,0,1
20141123,916,818,13,22.0,0,1
20141123,916,826,15,8.0,0,1
20141123,916,815,10,59.0,0,1
20141123,916,16,18,0.0,0,1
20141123,916,821,20,0.0,0,1
20141123,916,820,21,0.0,0,1
20141123,916,824,17,2.0,0,1
20141123,916,154,14,8.0,0,1
20141123,916,813,16,2.0,0,1
20141123,916,828,19,0.0,0,1
20141123,916,20,5,167.0,0,1
20141123,916,1,1,384.0,11,1
20141123,916,13,7,134.0,0,1
20141123,916,155,22,0.0,0,1
20141123,916,817,3,238.0,3,1
20141123,916,827,24,0.0,0,1
20141123,916,829,23,0.0,0,1
20150621,924,3,2,159.0,3,0
20150315,917,822,18,0.0,0,0
20150315,917,826,16,0.0,0,0
20150315,917,154,14,0.0,0,0
20150315,917,8,12,0.0,0,0
20150621,924,1,1,169.0,4,0
20150315,917,825,17,0.0,0,0
20150315,917,813,15,0.0,0,0
20150315,917,830,13,0.0,0,0
20150315,917,18,11,0.0,0,0
20150315,917,815,10,1.0,0,0
20150315,917,832,9,2.0,0,0
20150315,917,828,8,4.0,0,0
20150315,917,808,7,6.0,0,0
20150315,917,817,6,8.0,0,0
20150315,917,831,5,10.0,0,0
20150315,917,13,4,12.0,0,0
20150315,917,20,3,15.0,0,0
20150315,917,3,2,18.0,0,0
20150315,917,1,1,25.0,1,0
20150329,918,1,1,43.0,1,0
20150329,918,3,3,33.0,0,0
20150329,918,20,2,40.0,1,0
20150329,918,13,4,20.0,0,0
20150329,918,831,6,10.0,0,0
20150329,918,817,8,9.0,0,0
20150329,918,808,9,6.0,0,0
20150329,918,828,12,4.0,0,0
20150329,918,832,11,6.0,0,0
20150329,918,815,14,1.0,0,0
20150329,918,18,16,0.0,0,0
20150329,918,8,5,12.0,0,0
20150329,918,830,10,6.0,0,0
20150329,918,154,15,0.0,0,0
20150329,918,813,18,0.0,0,0
20150329,918,826,13,2.0,0,0
20150329,918,825,19,0.0,0,0
20150329,918,822,7,10.0,0,0
20150329,918,833,17,0.0,0,0
20150329,918,4,20,0.0,0,0
20150329,918,829,21,0.0,0,0
20150412,919,1,1,68.0,2,0
20150412,919,3,3,51.0,0,0
20150412,919,20,2,55.0,1,0
20150412,919,13,4,30.0,0,0
20150412,919,831,7,14.0,0,0
20150412,919,817,8,11.0,0,0
20150412,919,808,10,6.0,0,0
20150412,919,828,13,5.0,0,0
20150412,919,832,12,6.0,0,0
20150412,919,815,15,1.0,0,0
20150412,919,18,16,0.0,0,0
20150412,919,8,5,24.0,0,0
20150412,919,830,11,6.0,0,0
20150412,919,154,9,6.0,0,0
20150412,919,813,20,0.0,0,0
20150412,919,826,14,2.0,0,0
20150412,919,825,21,0.0,0,0
20150412,919,822,6,18.0,0,0
20150412,919,833,18,0.0,0,0
20150412,919,4,17,0.0,0,0
20150412,919,829,19,0.0,0,0
20150419,920,1,1,93.0,3,0
20150419,920,3,2,66.0,0,0
20150419,920,20,3,65.0,1,0
20150419,920,13,5,31.0,0,0
20150419,920,831,8,14.0,0,0
20150419,920,817,7,19.0,0,0
20150419,920,808,10,6.0,0,0
20150419,920,828,14,5.0,0,0
20150419,920,832,12,6.0,0,0
20150419,920,815,13,5.0,0,0
20150419,920,18,17,0.0,0,0
20150419,920,8,4,42.0,0,0
20150419,920,830,11,6.0,0,0
20150419,920,154,9,12.0,0,0
20150419,920,813,20,0.0,0,0
20150419,920,826,15,4.0,0,0
20150419,920,825,21,0.0,0,0
20150419,920,822,6,30.0,0,0
20150419,920,833,18,0.0,0,0
20150419,920,4,16,0.0,0,0
20150419,920,829,19,0.0,0,0
20150510,921,1,1,111.0,3,0
20150510,921,3,2,91.0,1,0
20150510,921,20,3,80.0,1,0
20150510,921,13,6,39.0,0,0
20150510,921,831,9,14.0,0,0
20150510,921,817,7,25.0,0,0
20150510,921,808,12,6.0,0,0
20150510,921,828,14,5.0,0,0
20150510,921,832,10,8.0,0,0
20150510,921,815,13,5.0,0,0
20150510,921,18,17,0.0,0,0
20150510,921,8,4,52.0,0,0
20150510,921,830,11,6.0,0,0
20150510,921,154,8,16.0,0,0
20150510,921,813,20,0.0,0,0
20150510,921,826,15,5.0,0,0
20150510,921,825,21,0.0,0,0
20150510,921,822,5,42.0,0,0
20150510,921,833,18,0.0,0,0
20150510,921,4,16,0.0,0,0
20150510,921,829,19,0.0,0,0
20150524,922,1,1,126.0,3,0
20150524,922,3,2,116.0,2,0
20150524,922,20,3,98.0,1,0
20150524,922,13,6,39.0,0,0
20150524,922,831,9,16.0,0,0
20150524,922,817,7,35.0,0,0
20150524,922,808,13,6.0,0,0
20150524,922,828,15,5.0,0,0
20150524,922,832,12,9.0,0,0
20150524,922,815,11,11.0,0,0
20150524,922,18,16,4.0,0,0
20150524,922,8,4,60.0,0,0
20150524,922,830,14,6.0,0,0
20150524,922,154,10,16.0,0,0
20150524,922,813,20,0.0,0,0
20150524,922,826,8,17.0,0,0
20150524,922,825,21,0.0,0,0
20150524,922,822,5,42.0,0,0
20150524,922,833,18,0.0,0,0
20150524,922,4,17,0.0,0,0
20150524,922,829,19,0.0,0,0
20150607,923,1,1,151.0,4,0
20150607,923,3,2,134.0,2,0
20150607,923,20,3,108.0,1,0
20150607,923,13,6,47.0,0,0
20150607,923,831,10,16.0,0,0
20150607,923,817,7,35.0,0,0
20150607,923,808,12,10.0,0,0
20150607,923,828,16,5.0,0,0
20150607,923,832,13,9.0,0,0
20150607,923,815,11,11.0,0,0
20150607,923,18,17,4.0,0,0
20150607,923,8,4,72.0,0,0
20150607,923,830,14,6.0,0,0
20150607,923,154,9,17.0,0,0
20150607,923,813,15,6.0,0,0
20150607,923,826,8,19.0,0,0
20150607,923,825,21,0.0,0,0
20150607,923,822,5,57.0,0,0
20150607,923,833,19,0.0,0,0
20150607,923,4,18,0.0,0,0
20150607,923,829,20,0.0,0,0
20150621,924,20,3,120.0,1,0
20150621,924,13,6,62.0,0,0
20150621,924,831,11,16.0,0,0
20150621,924,817,7,36.0,0,0
20150621,924,808,9,18.0,0,0
20150621,924,828,16,5.0,0,0
20150621,924,832,15,9.0,0,0
20150621,924,815,12,13.0,0,0
20150621,924,18,17,4.0,0,0
20150621,924,8,4,72.0,0,0
20150621,924,830,14,10.0,0,0
20150621,924,154,10,17.0,0,0
20150621,924,813,13,12.0,0,0
20150621,924,826,8,19.0,0,0
20150621,924,825,21,0.0,0,0
20150621,924,822,5,67.0,0,0
20150621,924,833,19,0.0,0,0
20150621,924,4,18,0.0,0,0
20150621,924,829,20,0.0,0,0
20150705,925,1,1,194.0,5,0
20150705,925,3,2,177.0,3,0
20150705,925,20,3,135.0,1,0
20150705,925,13,6,74.0,0,0
20150705,925,831,11,16.0,0,0
20150705,925,817,7,36.0,0,0
20150705,925,808,9,24.0,0,0
20150705,925,828,16,5.0,0,0
20150705,925,832,15,9.0,0,0
20150705,925,815,12,15.0,0,0
20150705,925,18,17,4.0,0,0
20150705,925,8,5,76.0,0,0
20150705,925,830,14,10.0,0,0
20150705,925,154,10,17.0,0,0
20150705,925,813,13,12.0,0,0
20150705,925,826,8,27.0,0,0
20150705,925,825,21,0.0,0,0
20150705,925,822,4,77.0,0,0
20150705,925,833,19,0.0,0,0
20150705,925,4,18,1.0,0,0
20150705,925,829,20,0.0,0,0
20150726,926,1,1,202.0,5,0
20150726,926,3,2,181.0,3,0
20150726,926,20,3,160.0,2,0
20150726,926,13,6,74.0,0,0
20150726,926,831,12,16.0,0,0
20150726,926,817,7,51.0,0,0
20150726,926,808,9,24.0,0,0
20150726,926,828,18,6.0,0,0
20150726,926,832,16,9.0,0,0
20150726,926,815,13,15.0,0,0
20150726,926,18,17,6.0,0,0
20150726,926,8,5,76.0,0,0
20150726,926,830,11,22.0,0,0
20150726,926,154,10,23.0,0,0
20150726,926,813,14,12.0,0,0
20150726,926,826,8,45.0,0,0
20150726,926,825,21,0.0,0,0
20150726,926,822,4,77.0,0,0
20150726,926,833,19,0.0,0,0
20150726,926,4,15,11.0,0,0
20150726,926,829,20,0.0,0,0
20150823,927,1,1,227.0,6,0
20150823,927,3,2,199.0,3,0
20150823,927,20,3,160.0,2,0
20150823,927,13,5,82.0,0,0
20150823,927,831,13,16.0,0,0
20150823,927,817,8,51.0,0,0
20150823,927,808,12,24.0,0,0
20150823,927,828,17,7.0,0,0
20150823,927,832,16,9.0,0,0
20150823,927,815,11,25.0,0,0
20150823,927,18,18,6.0,0,0
20150823,927,8,4,82.0,0,0
20150823,927,830,10,26.0,0,0
20150823,927,154,9,38.0,0,0
20150823,927,813,14,12.0,0,0
20150823,927,826,7,57.0,0,0
20150823,927,825,21,0.0,0,0
20150823,927,822,6,79.0,0,0
20150823,927,833,19,0.0,0,0
20150823,927,4,15,11.0,0,0
20150823,927,829,20,0.0,0,0
20150906,928,1,1,252.0,7,0
20150906,928,3,2,199.0,3,0
20150906,928,20,3,178.0,2,0
20150906,928,13,4,97.0,0,0
20150906,928,831,13,16.0,0,0
20150906,928,817,8,55.0,0,0
20150906,928,808,11,30.0,0,0
20150906,928,828,17,9.0,0,0
20150906,928,832,16,9.0,0,0
20150906,928,815,10,33.0,0,0
20150906,928,18,18,6.0,0,0
20150906,928,8,5,92.0,0,0
20150906,928,830,12,26.0,0,0
20150906,928,154,9,38.0,0,0
20150906,928,813,14,12.0,0,0
20150906,928,826,7,58.0,0,0
20150906,928,825,21,0.0,0,0
20150906,928,822,6,91.0,0,0
20150906,928,833,19,0.0,0,0
20150906,928,4,15,11.0,0,0
20150906,928,829,20,0.0,0,0
20150920,929,1,1,252.0,7,0
20150920,929,3,2,211.0,3,0
20150920,929,20,3,203.0,3,0
20150920,929,13,6,97.0,0,0
20150920,929,831,13,17.0,0,0
20150920,929,817,7,73.0,0,0
20150920,929,808,12,30.0,0,0
20150920,929,828,17,9.0,0,0
20150920,929,832,16,11.0,0,0
20150920,929,815,9,39.0,0,0
20150920,929,18,18,6.0,0,0
20150920,929,8,4,107.0,0,0
20150920,929,830,11,30.0,0,0
20150920,929,154,10,38.0,0,0
20150920,929,813,14,12.0,0,0
20150920,929,826,8,66.0,0,0
20150920,929,825,22,0.0,0,0
20150920,929,822,5,101.0,0,0
20150920,929,833,19,0.0,0,0
20150920,929,4,15,11.0,0,0
20150920,929,829,20,0.0,0,0
20150920,929,834,21,0.0,0,0
20150927,930,834,21,0.0,0,0
20150927,930,829,20,0.0,0,0
20150927,930,4,16,11.0,0,0
20150927,930,822,5,111.0,0,0
20150927,930,826,8,66.0,0,0
20150927,930,813,14,16.0,0,0
20150927,930,154,9,44.0,0,0
20150927,930,830,12,32.0,0,0
20150927,930,832,15,12.0,0,0
20150927,930,828,17,9.0,0,0
20150927,930,831,13,17.0,0,0
20150927,930,3,2,229.0,3,0
20150927,930,825,22,0.0,0,0
20150927,930,808,11,38.0,0,0
20150927,930,815,10,39.0,0,0
20150927,930,18,18,6.0,0,0
20150927,930,8,4,119.0,0,0
20150927,930,13,6,97.0,0,0
20150927,930,833,19,0.0,0,0
20150927,930,817,7,73.0,0,0
20150927,930,20,3,218.0,3,0
20150927,930,1,1,277.0,8,0
20151025,932,3,3,247.0,3,0
20151011,931,834,21,0.0,0,0
20151011,931,825,22,0.0,0,0
20151011,931,822,5,111.0,0,0
20151025,932,831,13,27.0,0,0
20151025,932,13,6,109.0,0,0
20151025,932,20,2,251.0,3,0
20151011,931,829,20,0.0,0,0
20151011,931,4,16,11.0,0,0
20151025,932,1,1,327.0,10,0
20151011,931,833,19,0.0,0,0
20151011,931,826,7,76.0,0,0
20151011,931,813,14,22.0,0,0
20151011,931,154,10,44.0,0,0
20151011,931,830,12,33.0,0,0
20151011,931,8,4,123.0,0,0
20151011,931,18,18,8.0,0,0
20151011,931,815,9,54.0,0,0
20151011,931,832,15,12.0,0,0
20151011,931,828,17,9.0,0,0
20151011,931,808,11,38.0,0,0
20151011,931,817,8,73.0,0,0
20151011,931,831,13,25.0,0,0
20151011,931,13,6,109.0,0,0
20151011,931,20,2,236.0,3,0
20151011,931,3,3,229.0,3,0
20151011,931,1,1,302.0,9,0
20151025,932,817,8,74.0,0,0
20151025,932,808,12,38.0,0,0
20151025,932,828,18,9.0,0,0
20151025,932,832,15,18.0,0,0
20151025,932,815,9,64.0,0,0
20151025,932,18,16,16.0,0,0
20151025,932,8,4,123.0,0,0
20151025,932,830,10,45.0,0,0
20151025,932,154,11,44.0,0,0
20151025,932,813,14,26.0,0,0
20151025,932,826,7,76.0,0,0
20151025,932,825,22,0.0,0,0
20151025,932,822,5,111.0,0,0
20151025,932,833,19,0.0,0,0
20151025,932,4,17,11.0,0,0
20151025,932,829,21,0.0,0,0
20151025,932,834,20,0.0,0,0
20151101,933,1,1,345.0,10,0
20151101,933,3,2,272.0,4,0
20151101,933,20,3,251.0,3,0
20151101,933,13,6,117.0,0,0
20151101,933,831,13,27.0,0,0
20151101,933,817,8,84.0,0,0
20151101,933,808,12,44.0,0,0
20151101,933,828,18,9.0,0,0
20151101,933,832,15,18.0,0,0
20151101,933,815,9,68.0,0,0
20151101,933,18,16,16.0,0,0
20151101,933,8,5,123.0,0,0
20151101,933,830,10,47.0,0,0
20151101,933,154,11,45.0,0,0
20151101,933,813,14,26.0,0,0
20151101,933,826,7,88.0,0,0
20151101,933,825,22,0.0,0,0
20151101,933,822,4,126.0,0,0
20151101,933,833,19,0.0,0,0
20151101,933,4,17,11.0,0,0
20151101,933,829,21,0.0,0,0
20151101,933,834,20,0.0,0,0
20151115,934,1,1,363.0,10,0
20151115,934,3,2,297.0,5,0
20151115,934,20,3,266.0,3,0
20151115,934,13,6,117.0,0,0
20151115,934,831,13,27.0,0,0
20151115,934,817,8,84.0,0,0
20151115,934,808,10,52.0,0,0
20151115,934,828,18,9.0,0,0
20151115,934,832,15,18.0,0,0
20151115,934,815,9,68.0,0,0
20151115,934,18,16,16.0,0,0
20151115,934,8,5,135.0,0,0
20151115,934,830,12,49.0,0,0
20151115,934,154,11,49.0,0,0
20151115,934,813,14,27.0,0,0
20151115,934,826,7,94.0,0,0
20151115,934,825,22,0.0,0,0
20151115,934,822,4,136.0,0,0
20151115,934,833,19,0.0,0,0
20151115,934,4,17,11.0,0,0
20151115,934,829,21,0.0,0,0
20151115,934,834,20,0.0,0,0
20151129,935,1,1,381.0,10,1
20151129,935,3,2,322.0,6,1
20151129,935,20,3,278.0,3,1
20151129,935,13,6,121.0,0,1
20151129,935,831,13,27.0,0,1
20151129,935,817,8,92.0,0,1
20151129,935,808,10,58.0,0,1
20151129,935,828,18,9.0,0,1
20151129,935,832,15,18.0,0,1
20151129,935,815,9,78.0,0,1
20151129,935,18,16,16.0,0,1
20151129,935,8,4,150.0,0,1
20151129,935,830,12,49.0,0,1
20151129,935,154,11,51.0,0,1
20151129,935,813,14,27.0,0,1
20151129,935,826,7,95.0,0,1
20151129,935,825,22,0.0,0,1
20151129,935,822,5,136.0,0,1
20151129,935,833,19,0.0,0,1
20151129,935,4,17,11.0,0,1
20151129,935,829,21,0.0,0,1
20151129,935,834,20,0.0,0,1
20160619,943,1,2,117.0,2,0
20160619,943,3,1,141.0,5,0
20160320,936,4,21,0.0,0,0
20160320,936,828,17,0.0,0,0
20160320,936,831,15,0.0,0,0
20160320,936,815,13,0.0,0,0
20160320,936,835,11,0.0,0,0
20160320,936,3,1,25.0,1,0
20160320,936,837,19,0.0,0,0
20160320,936,826,22,0.0,0,0
20160320,936,821,20,0.0,0,0
20160320,936,8,18,0.0,0,0
20160320,936,836,16,0.0,0,0
20160320,936,18,14,0.0,0,0
20160320,936,825,12,0.0,0,0
20160320,936,830,10,1.0,0,0
20160320,936,832,9,2.0,0,0
20160320,936,822,8,4.0,0,0
20160320,936,808,7,6.0,0,0
20160320,936,154,6,8.0,0,0
20160320,936,13,5,10.0,0,0
20160320,936,817,4,12.0,0,0
20160320,936,20,3,15.0,0,0
20160320,936,1,2,18.0,0,0
20160403,937,3,1,50.0,2,0
20160403,937,1,2,33.0,0,0
20160403,937,20,6,15.0,0,0
20160403,937,817,3,24.0,0,0
20160403,937,13,7,14.0,0,0
20160403,937,154,5,18.0,0,0
20160403,937,808,9,6.0,0,0
20160403,937,822,11,6.0,0,0
20160403,937,832,12,2.0,0,0
20160403,937,830,8,9.0,0,0
20160403,937,835,15,0.0,0,0
20160403,937,825,14,0.0,0,0
20160403,937,815,17,0.0,0,0
20160403,937,18,20,0.0,0,0
20160403,937,831,19,0.0,0,0
20160403,937,836,18,0.0,0,0
20160403,937,828,16,0.0,0,0
20160403,937,8,4,18.0,0,0
20160403,937,837,21,0.0,0,0
20160403,937,821,22,0.0,0,0
20160403,937,4,23,0.0,0,0
20160403,937,826,10,6.0,0,0
20160403,937,838,13,1.0,0,0
20160417,938,3,1,75.0,3,0
20160417,938,1,2,39.0,0,0
20160417,938,20,4,33.0,0,0
20160417,938,817,3,36.0,0,0
20160417,938,13,6,22.0,0,0
20160417,938,154,8,18.0,0,0
20160417,938,808,11,6.0,0,0
20160417,938,822,10,7.0,0,0
20160417,938,832,12,4.0,0,0
20160417,938,830,9,13.0,0,0
20160417,938,835,16,0.0,0,0
20160417,938,825,14,0.0,0,0
20160417,938,815,15,0.0,0,0
20160417,938,18,19,0.0,0,0
20160417,938,831,21,0.0,0,0
20160417,938,836,20,0.0,0,0
20160417,938,828,17,0.0,0,0
20160417,938,8,5,28.0,0,0
20160417,938,837,23,0.0,0,0
20160417,938,821,22,0.0,0,0
20160417,938,4,18,0.0,0,0
20160417,938,826,7,21.0,0,0
20160417,938,838,13,1.0,0,0
20160501,939,3,1,100.0,4,0
20160501,939,1,2,57.0,0,0
20160501,939,20,5,33.0,0,0
20160501,939,817,4,36.0,0,0
20160501,939,13,6,32.0,0,0
20160501,939,154,7,22.0,0,0
20160501,939,808,13,6.0,0,0
20160501,939,822,9,19.0,0,0
20160501,939,832,14,4.0,0,0
20160501,939,830,10,13.0,0,0
20160501,939,835,18,0.0,0,0
20160501,939,825,12,6.0,0,0
20160501,939,815,15,2.0,0,0
20160501,939,18,16,1.0,0,0
20160501,939,831,21,0.0,0,0
20160501,939,836,20,0.0,0,0
20160501,939,828,19,0.0,0,0
20160501,939,8,3,43.0,0,0
20160501,939,837,23,0.0,0,0
20160501,939,821,22,0.0,0,0
20160501,939,4,11,8.0,0,0
20160501,939,826,8,21.0,0,0
20160501,939,838,17,1.0,0,0
20160515,940,3,1,100.0,4,0
20160515,940,1,3,57.0,0,0
20160515,940,20,4,48.0,0,0
20160515,940,817,5,48.0,0,0
20160515,940,13,7,36.0,0,0
20160515,940,154,10,22.0,0,0
20160515,940,808,15,6.0,0,0
20160515,940,822,8,29.0,0,0
20160515,940,832,11,12.0,0,0
20160515,940,830,6,38.0,1,0
20160515,940,835,18,0.0,0,0
20160515,940,825,14,6.0,0,0
20160515,940,815,13,8.0,0,0
20160515,940,18,16,3.0,0,0
20160515,940,831,22,0.0,0,0
20160515,940,836,21,0.0,0,0
20160515,940,828,20,0.0,0,0
20160515,940,8,2,61.0,0,0
20160515,940,837,23,0.0,0,0
20160515,940,821,19,0.0,0,0
20160515,940,4,12,8.0,0,0
20160515,940,826,9,22.0,0,0
20160515,940,838,17,1.0,0,0
20160529,941,3,1,106.0,4,0
20160529,941,1,2,82.0,1,0
20160529,941,20,5,60.0,0,0
20160529,941,817,3,66.0,0,0
20160529,941,13,7,37.0,0,0
20160529,941,154,11,22.0,0,0
20160529,941,808,14,14.0,0,0
20160529,941,822,8,29.0,0,0
20160529,941,832,13,16.0,0,0
20160529,941,830,6,38.0,1,0
20160529,941,835,19,0.0,0,0
20160529,941,825,15,6.0,0,0
20160529,941,815,9,23.0,0,0
20160529,941,18,16,5.0,0,0
20160529,941,831,22,0.0,0,0
20160529,941,836,21,0.0,0,0
20160529,941,828,20,0.0,0,0
20160529,941,8,4,61.0,0,0
20160529,941,837,23,0.0,0,0
20160529,941,821,18,0.0,0,0
20160529,941,4,12,18.0,0,0
20160529,941,826,10,22.0,0,0
20160529,941,838,17,1.0,0,0
20160612,942,3,1,116.0,4,0
20160612,942,1,2,107.0,2,0
20160612,942,20,3,78.0,0,0
20160612,942,817,4,72.0,0,0
20160612,942,13,8,37.0,0,0
20160612,942,154,11,22.0,0,0
20160612,942,808,13,18.0,0,0
20160612,942,822,7,44.0,0,0
20160612,942,832,14,18.0,0,0
20160612,942,830,6,50.0,1,0
20160612,942,835,19,0.0,0,0
20160612,942,825,15,6.0,0,0
20160612,942,815,9,24.0,0,0
20160612,942,18,16,5.0,0,0
20160612,942,831,22,0.0,0,0
20160612,942,836,21,0.0,0,0
20160612,942,828,20,0.0,0,0
20160612,942,8,5,69.0,0,0
20160612,942,837,23,0.0,0,0
20160612,942,821,18,0.0,0,0
20160612,942,4,12,18.0,0,0
20160612,942,826,10,22.0,0,0
20160612,942,838,17,1.0,0,0
20160619,943,20,3,96.0,0,0
20160619,943,817,5,78.0,0,0
20160619,943,13,9,38.0,0,0
20160619,943,154,11,22.0,0,0
20160619,943,808,12,20.0,0,0
20160619,943,822,7,52.0,0,0
20160619,943,832,14,18.0,0,0
20160619,943,830,6,54.0,1,0
20160619,943,835,19,0.0,0,0
20160619,943,825,15,6.0,0,0
20160619,943,815,8,39.0,0,0
20160619,943,18,16,5.0,0,0
20160619,943,831,21,0.0,0,0
20160619,943,836,22,0.0,0,0
20160619,943,828,20,0.0,0,0
20160619,943,8,4,81.0,0,0
20160619,943,837,23,0.0,0,0
20160619,943,821,18,0.0,0,0
20160619,943,4,13,18.0,0,0
20160619,943,826,10,22.0,0,0
20160619,943,838,17,1.0,0,0
20160703,944,3,1,153.0,5,0
20160703,944,1,2,142.0,3,0
20160703,944,20,3,96.0,0,0
20160703,944,817,5,88.0,0,0
20160703,944,13,9,38.0,0,0
20160703,944,154,10,28.0,0,0
20160703,944,808,13,20.0,0,0
20160703,944,822,7,54.0,0,0
20160703,944,832,12,22.0,0,0
20160703,944,830,6,72.0,1,0
20160703,944,835,20,0.0,0,0
20160703,944,825,16,6.0,0,0
20160703,944,815,8,39.0,0,0
20160703,944,18,15,13.0,0,0
20160703,944,831,22,0.0,0,0
20160703,944,836,17,1.0,0,0
20160703,944,828,21,0.0,0,0
20160703,944,8,4,96.0,0,0
20160703,944,837,23,0.0,0,0
20160703,944,821,19,0.0,0,0
20160703,944,4,14,18.0,0,0
20160703,944,826,11,22.0,0,0
20160703,944,838,18,1.0,0,0
20160710,945,3,1,168.0,5,0
20160710,945,1,2,167.0,4,0
20160710,945,20,5,98.0,0,0
20160710,945,817,4,100.0,0,0
20160710,945,13,9,38.0,0,0
20160710,945,154,10,28.0,0,0
20160710,945,808,11,26.0,0,0
20160710,945,822,7,54.0,0,0
20160710,945,832,12,26.0,0,0
20160710,945,830,6,90.0,1,0
20160710,945,835,20,0.0,0,0
20160710,945,825,16,6.0,0,0
20160710,945,815,8,47.0,0,0
20160710,945,18,15,13.0,0,0
20160710,945,831,22,0.0,0,0
20160710,945,836,17,1.0,0,0
20160710,945,828,21,0.0,0,0
20160710,945,8,3,106.0,0,0
20160710,945,837,23,0.0,0,0
20160710,945,821,19,0.0,0,0
20160710,945,4,14,18.0,0,0
20160710,945,826,13,23.0,0,0
20160710,945,838,18,1.0,0,0
20160724,946,3,2,186.0,5,0
20160724,946,1,1,192.0,5,0
20160724,946,20,5,110.0,0,0
20160724,946,817,3,115.0,0,0
20160724,946,13,9,38.0,0,0
20160724,946,154,11,28.0,0,0
20160724,946,808,12,27.0,0,0
20160724,946,822,7,56.0,0,0
20160724,946,832,10,30.0,0,0
20160724,946,830,6,100.0,1,0
20160724,946,835,20,0.0,0,0
20160724,946,825,16,6.0,0,0
20160724,946,815,8,47.0,0,0
20160724,946,18,15,13.0,0,0
20160724,946,831,22,0.0,0,0
20160724,946,836,17,1.0,0,0
20160724,946,828,21,0.0,0,0
20160724,946,8,4,114.0,0,0
20160724,946,837,23,0.0,0,0
20160724,946,821,19,0.0,0,0
20160724,946,4,13,24.0,0,0
20160724,946,826,14,23.0,0,0
20160724,946,838,18,1.0,0,0
20160731,947,3,2,198.0,5,0
20160731,947,1,1,217.0,6,0
20160731,947,20,5,120.0,0,0
20160731,947,817,3,133.0,0,0
20160731,947,13,9,38.0,0,0
20160731,947,154,12,28.0,0,0
20160731,947,808,10,33.0,0,0
20160731,947,822,7,58.0,0,0
20160731,947,832,11,30.0,0,0
20160731,947,830,6,115.0,1,0
20160731,947,835,20,0.0,0,0
20160731,947,825,16,6.0,0,0
20160731,947,815,8,48.0,0,0
20160731,947,18,15,17.0,0,0
20160731,947,831,22,0.0,0,0
20160731,947,836,17,1.0,0,0
20160731,947,828,21,0.0,0,0
20160731,947,8,4,122.0,0,0
20160731,947,837,23,0.0,0,0
20160731,947,821,19,0.0,0,0
20160731,947,4,13,24.0,0,0
20160731,947,826,14,23.0,0,0
20160731,947,838,18,1.0,0,0
20160828,948,3,2,223.0,6,0
20160828,948,1,1,232.0,6,0
20160828,948,20,4,128.0,0,0
20160828,948,817,3,151.0,0,0
20160828,948,13,10,39.0,0,0
20160828,948,154,13,28.0,0,0
20160828,948,808,9,45.0,0,0
20160828,948,822,7,62.0,0,0
20160828,948,832,12,30.0,0,0
20160828,948,830,6,115.0,1,0
20160828,948,835,20,0.0,0,0
20160828,948,825,16,6.0,0,0
20160828,948,815,8,58.0,0,0
20160828,948,18,15,17.0,0,0
20160828,948,831,22,0.0,0,0
20160828,948,836,17,1.0,0,0
20160828,948,828,21,0.0,0,0
20160828,948,8,5,124.0,0,0
20160828,948,837,23,0.0,0,0
20160828,948,821,19,0.0,0,0
20160828,948,4,11,30.0,0,0
20160828,948,826,14,23.0,0,0
20160828,948,838,18,1.0,0,0
20160828,948,839,24,0.0,0,0
20160904,949,3,2,248.0,7,0
20160904,949,1,1,250.0,6,0
20160904,949,20,4,143.0,0,0
20160904,949,817,3,161.0,0,0
20160904,949,13,10,41.0,0,0
20160904,949,154,13,28.0,0,0
20160904,949,808,9,46.0,0,0
20160904,949,822,7,70.0,0,0
20160904,949,832,12,30.0,0,0
20160904,949,830,6,121.0,1,0
20160904,949,835,20,0.0,0,0
20160904,949,825,16,6.0,0,0
20160904,949,815,8,62.0,0,0
20160904,949,18,15,17.0,0,0
20160904,949,831,22,0.0,0,0
20160904,949,836,17,1.0,0,0
20160904,949,828,21,0.0,0,0
20160904,949,8,5,136.0,0,0
20160904,949,837,23,0.0,0,0
20160904,949,821,19,0.0,0,0
20160904,949,4,11,30.0,0,0
20160904,949,826,14,23.0,0,0
20160904,949,838,18,1.0,0,0
20160904,949,839,24,0.0,0,0
20160918,950,3,1,273.0,8,0
20160918,950,1,2,265.0,6,0
20160918,950,20,4,153.0,0,0
20160918,950,817,3,179.0,0,0
20160918,950,13,10,41.0,0,0
20160918,950,154,13,28.0,0,0
20160918,950,808,9,46.0,0,0
20160918,950,822,7,70.0,0,0
20160918,950,832,12,30.0,0,0
20160918,950,830,6,129.0,1,0
20160918,950,835,20,0.0,0,0
20160918,950,825,16,7.0,0,0
20160918,950,815,8,66.0,0,0
20160918,950,18,15,17.0,0,0
20160918,950,831,22,0.0,0,0
20160918,950,836,17,1.0,0,0
20160918,950,828,21,0.0,0,0
20160918,950,8,5,148.0,0,0
20160918,950,837,23,0.0,0,0
20160918,950,821,19,0.0,0,0
20160918,950,4,11,36.0,0,0
20160918,950,826,14,25.0,0,0
20160918,950,838,18,1.0,0,0
20160918,950,839,24,0.0,0,0
20161002,951,3,1,288.0,8,0
20161002,951,1,2,265.0,6,0
20161002,951,20,5,153.0,0,0
20161002,951,817,3,204.0,1,0
20161002,951,13,11,41.0,0,0
20161002,951,154,13,28.0,0,0
20161002,951,808,9,50.0,0,0
20161002,951,822,7,80.0,0,0
20161002,951,832,12,30.0,0,0
20161002,951,830,6,147.0,1,0
20161002,951,835,17,1.0,0,0
20161002,951,825,16,7.0,0,0
20161002,951,815,8,74.0,0,0
20161002,951,18,15,19.0,0,0
20161002,951,831,22,0.0,0,0
20161002,951,836,18,1.0,0,0
20161002,951,828,21,0.0,0,0
20161002,951,8,4,160.0,0,0
20161002,951,837,23,0.0,0,0
20161002,951,821,20,0.0,0,0
20161002,951,4,10,42.0,0,0
20161002,951,826,14,25.0,0,0
20161002,951,838,19,1.0,0,0
20161002,951,839,24,0.0,0,0
20161009,952,3,1,313.0,9,0
20161009,952,1,2,280.0,6,0
20161009,952,20,6,165.0,0,0
20161009,952,817,3,212.0,1,0
20161009,952,13,10,43.0,0,0
20161009,952,154,13,28.0,0,0
20161009,952,808,9,54.0,0,0
20161009,952,822,7,81.0,0,0
20161009,952,832,12,30.0,0,0
20161009,952,830,5,165.0,1,0
20161009,952,835,17,1.0,0,0
20161009,952,825,16,7.0,0,0
20161009,952,815,8,80.0,0,0
20161009,952,18,15,19.0,0,0
20161009,952,831,22,0.0,0,0
20161009,952,836,18,1.0,0,0
20161009,952,828,21,0.0,0,0
20161009,952,8,4,170.0,0,0
20161009,952,837,23,0.0,0,0
20161009,952,821,20,0.0,0,0
20161009,952,4,11,42.0,0,0
20161009,952,826,14,25.0,0,0
20161009,952,838,19,1.0,0,0
20161009,952,839,24,0.0,0,0
20161023,953,839,24,0.0,0,0
20161023,953,838,19,1.0,0,0
20161023,953,826,14,25.0,0,0
20161023,953,4,10,52.0,0,0
20161023,953,837,23,0.0,0,0
20161023,953,8,5,170.0,0,0
20161023,953,828,21,0.0,0,0
20161023,953,836,18,1.0,0,0
20161023,953,18,15,21.0,0,0
20161023,953,815,7,84.0,0,0
20161023,953,825,16,7.0,0,0
20161023,953,830,6,165.0,1,0
20161023,953,832,12,38.0,0,0
20161023,953,808,9,54.0,0,0
20161023,953,817,3,227.0,1,0
20161023,953,835,17,1.0,0,0
20161023,953,831,22,0.0,0,0
20161023,953,822,8,81.0,0,0
20161023,953,821,20,0.0,0,0
20161023,953,13,11,49.0,0,0
20161023,953,154,13,29.0,0,0
20161023,953,1,2,305.0,7,0
20161023,953,20,4,177.0,0,0
20161023,953,3,1,331.0,9,0
20161030,954,837,23,0.0,0,0
20161030,954,836,18,1.0,0,0
20161030,954,18,15,21.0,0,0
20161113,955,20,4,197.0,0,0
20161113,955,1,2,355.0,9,0
20161113,955,3,1,367.0,9,0
20161030,954,839,24,0.0,0,0
20161030,954,838,19,1.0,0,0
20161030,954,826,14,25.0,0,0
20161030,954,4,10,52.0,0,0
20161030,954,821,20,0.0,0,0
20161030,954,8,5,178.0,0,0
20161030,954,828,21,0.0,0,0
20161030,954,831,22,0.0,0,0
20161030,954,835,17,1.0,0,0
20161030,954,825,16,7.0,0,0
20161030,954,815,7,85.0,0,0
20161030,954,830,6,177.0,1,0
20161030,954,832,12,38.0,0,0
20161030,954,822,8,85.0,0,0
20161030,954,808,9,60.0,0,0
20161030,954,154,13,29.0,0,0
20161030,954,13,11,51.0,0,0
20161030,954,817,3,242.0,1,0
20161030,954,20,4,187.0,0,0
20161030,954,3,1,349.0,9,0
20161030,954,1,2,330.0,8,0
20161113,955,817,3,246.0,1,0
20161113,955,13,11,51.0,0,0
20161113,955,154,13,29.0,0,0
20161113,955,808,9,66.0,0,0
20161113,955,822,8,85.0,0,0
20161113,955,832,12,46.0,0,0
20161113,955,830,5,192.0,1,0
20161113,955,835,18,1.0,0,0
20161113,955,825,16,7.0,0,0
20161113,955,815,7,97.0,0,0
20161113,955,18,15,21.0,0,0
20161113,955,831,17,2.0,0,0
20161113,955,836,19,1.0,0,0
20161113,955,828,22,0.0,0,0
20161113,955,8,6,178.0,0,0
20161113,955,837,24,0.0,0,0
20161113,955,821,21,0.0,0,0
20161113,955,4,10,53.0,0,0
20161113,955,826,14,25.0,0,0
20161113,955,838,20,1.0,0,0
20161113,955,839,23,0.0,0,0
20161127,956,3,1,385.0,9,1
20161127,956,1,2,380.0,10,1
20161127,956,20,4,212.0,0,1
20161127,956,817,3,256.0,1,1
20161127,956,13,11,53.0,0,1
20161127,956,154,13,29.0,0,1
20161127,956,808,9,72.0,0,1
20161127,956,822,8,85.0,0,1
20161127,956,832,12,46.0,0,1
20161127,956,830,5,204.0,1,1
20161127,956,835,18,1.0,0,1
20161127,956,825,16,7.0,0,1
20161127,956,815,7,101.0,0,1
20161127,956,18,15,21.0,0,1
20161127,956,831,17,2.0,0,1
20161127,956,836,19,1.0,0,1
20161127,956,828,22,0.0,0,1
20161127,956,8,6,186.0,0,1
20161127,956,837,24,0.0,0,1
20161127,956,821,21,0.0,0,1
20161127,956,4,10,54.0,0,1
20161127,956,826,14,25.0,0,1
20161127,956,838,20,1.0,0,1
20161127,956,839,23,0.0,0,1
20170326,957,13,6,8.0,0,0
20170326,957,815,7,6.0,0,0
20170326,957,832,8,4.0,0,0
20170326,957,826,9,2.0,0,0
20170326,957,839,10,1.0,0,0
20170326,957,808,11,0.0,0,0
20170326,957,841,12,0.0,0,0
20170326,957,838,13,0.0,0,0
20170326,957,4,14,0.0,0,0
20170326,957,825,15,0.0,0,0
20170326,957,840,16,0.0,0,0
20170326,957,817,17,0.0,0,0
20170326,957,828,18,0.0,0,0
20170326,957,835,19,0.0,0,0
20170326,957,154,20,0.0,0,0
20170409,958,20,1,43.0,1,0
20170409,958,1,2,43.0,1,0
20170409,958,822,4,23.0,0,0
20170409,958,8,5,22.0,0,0
20170409,958,830,3,25.0,0,0
20170409,958,13,8,8.0,0,0
20170409,958,815,9,8.0,0,0
20170409,958,832,7,10.0,0,0
20170409,958,826,11,2.0,0,0
20170409,958,839,12,2.0,0,0
20170409,958,808,13,0.0,0,0
20170409,958,841,15,0.0,0,0
20170409,958,838,16,0.0,0,0
20170409,958,4,19,0.0,0,0
20170409,958,825,10,4.0,0,0
20170409,958,840,20,0.0,0,0
20170409,958,817,6,12.0,0,0
20170409,958,828,18,0.0,0,0
20170409,958,835,17,0.0,0,0
20170409,958,154,14,0.0,0,0
20170416,959,20,1,68.0,2,0
20170416,959,1,2,61.0,1,0
20170416,959,822,3,38.0,0,0
20170416,959,8,4,34.0,0,0
20170416,959,830,5,25.0,0,0
20170416,959,13,7,16.0,0,0
20170416,959,815,8,14.0,0,0
20170416,959,832,9,10.0,0,0
20170416,959,826,14,2.0,0,0
20170416,959,839,12,3.0,0,0
20170416,959,808,13,2.0,0,0
20170416,959,841,16,0.0,0,0
20170416,959,838,18,0.0,0,0
20170416,959,4,19,0.0,0,0
20170416,959,825,11,4.0,0,0
20170416,959,840,21,0.0,0,0
20170416,959,817,6,22.0,0,0
20170416,959,828,20,0.0,0,0
20170416,959,835,17,0.0,0,0
20170416,959,154,10,4.0,0,0
20170416,959,836,15,0.0,0,0
20170430,960,20,1,86.0,2,0
20170430,960,1,2,73.0,1,0
20170430,960,822,3,63.0,1,0
20170430,960,8,4,49.0,0,0
20170430,960,830,5,35.0,0,0
20170430,960,13,8,18.0,0,0
20170430,960,815,7,22.0,0,0
20170430,960,832,9,11.0,0,0
20170430,960,826,14,2.0,0,0
20170430,960,839,10,9.0,0,0
20170430,960,808,11,6.0,0,0
20170430,960,841,17,0.0,0,0
20170430,960,838,19,0.0,0,0
20170430,960,4,20,0.0,0,0
20170430,960,825,13,4.0,0,0
20170430,960,840,16,0.0,0,0
20170430,960,817,6,22.0,0,0
20170430,960,828,21,0.0,0,0
20170430,960,835,18,0.0,0,0
20170430,960,154,12,4.0,0,0
20170430,960,836,15,0.0,0,0
20170514,961,20,1,104.0,2,0
20170514,961,1,2,98.0,2,0
20170514,961,822,3,63.0,1,0
20170514,961,8,4,49.0,0,0
20170514,961,830,6,35.0,0,0
20170514,961,13,9,18.0,0,0
20170514,961,815,7,34.0,0,0
20170514,961,832,10,17.0,0,0
20170514,961,826,15,4.0,0,0
20170514,961,839,8,19.0,0,0
20170514,961,808,11,14.0,0,0
20170514,961,841,19,0.0,0,0
20170514,961,838,21,0.0,0,0
20170514,961,4,18,0.0,0,0
20170514,961,825,14,4.0,0,0
20170514,961,840,17,0.0,0,0
20170514,961,817,5,37.0,0,0
20170514,961,828,16,0.0,0,0
20170514,961,835,20,0.0,0,0
20170514,961,154,12,5.0,0,0
20170514,961,836,13,4.0,0,0
20170528,962,20,1,129.0,3,0
20170528,962,1,2,104.0,2,0
20170528,962,822,3,75.0,1,0
20170528,962,8,4,67.0,0,0
20170528,962,830,6,45.0,0,0
20170528,962,13,9,20.0,0,0
20170528,962,815,7,34.0,0,0
20170528,962,832,8,25.0,0,0
20170528,962,826,15,4.0,0,0
20170528,962,839,10,19.0,0,0
20170528,962,808,11,14.0,0,0
20170528,962,841,20,0.0,0,0
20170528,962,838,21,0.0,0,0
20170528,962,4,19,0.0,0,0
20170528,962,825,13,5.0,0,0
20170528,962,840,18,0.0,0,0
20170528,962,817,5,52.0,0,0
20170528,962,828,17,0.0,0,0
20170528,962,835,16,0.0,0,0
20170528,962,154,12,9.0,0,0
20170528,962,836,14,4.0,0,0
20170528,962,18,22,0.0,0,0
20170611,963,20,1,141.0,3,0
20170611,963,1,2,129.0,3,0
20170611,963,822,3,93.0,1,0
20170611,963,8,4,73.0,0,0
20170611,963,830,6,45.0,0,0
20170611,963,13,10,20.0,0,0
20170611,963,815,7,44.0,0,0
20170611,963,832,9,25.0,0,0
20170611,963,826,15,4.0,0,0
20170611,963,839,8,27.0,0,0
20170611,963,808,11,18.0,0,0
20170611,963,841,20,0.0,0,0
20170611,963,838,21,0.0,0,0
20170611,963,4,19,0.0,0,0
20170611,963,825,13,5.0,0,0
20170611,963,840,16,2.0,0,0
20170611,963,817,5,67.0,0,0
20170611,963,828,18,0.0,0,0
20170611,963,835,17,0.0,0,0
20170611,963,154,12,10.0,0,0
20170611,963,836,14,4.0,0,0
20170611,963,18,22,0.0,0,0
20170625,964,20,1,153.0,3,0
20170625,964,1,2,139.0,3,0
20170625,964,822,3,111.0,1,0
20170625,964,8,5,73.0,0,0
20170625,964,830,6,45.0,0,0
20170625,964,13,10,20.0,0,0
20170625,964,815,7,44.0,0,0
20170625,964,832,9,29.0,0,0
20170625,964,826,16,4.0,0,0
20170625,964,839,8,35.0,0,0
20170625,964,808,11,18.0,0,0
20170625,964,841,21,0.0,0,0
20170625,964,838,20,0.0,0,0
20170625,964,4,17,2.0,0,0
20170625,964,825,13,11.0,0,0
20170625,964,840,12,17.0,0,0
20170625,964,817,4,92.0,1,0
20170625,964,828,19,0.0,0,0
20170625,964,835,18,0.0,0,0
20170625,964,154,14,10.0,0,0
20170625,964,836,15,5.0,0,0
20170625,964,18,22,0.0,0,0
20170709,965,20,1,171.0,3,0
20170709,965,1,2,151.0,3,0
20170709,965,822,3,136.0,2,0
20170709,965,8,5,83.0,0,0
20170709,965,830,7,45.0,0,0
20170709,965,13,10,22.0,0,0
20170709,965,815,6,50.0,0,0
20170709,965,832,9,29.0,0,0
20170709,965,826,16,4.0,0,0
20170709,965,839,8,39.0,0,0
20170709,965,808,12,18.0,0,0
20170709,965,841,21,0.0,0,0
20170709,965,838,20,0.0,0,0
20170709,965,4,17,2.0,0,0
20170709,965,825,14,11.0,0,0
20170709,965,840,11,18.0,0,0
20170709,965,817,4,107.0,1,0
20170709,965,828,19,0.0,0,0
20170709,965,835,18,0.0,0,0
20170709,965,154,13,18.0,0,0
20170709,965,836,15,5.0,0,0
20170709,965,18,22,0.0,0,0
20170716,966,20,1,177.0,3,0
20170716,966,1,2,176.0,4,0
20170716,966,822,3,154.0,2,0
20170716,966,8,5,98.0,0,0
20170716,966,830,6,57.0,0,0
20170716,966,13,11,23.0,0,0
20170716,966,815,7,52.0,0,0
20170716,966,832,9,29.0,0,0
20170716,966,826,16,4.0,0,0
20170716,966,839,8,43.0,0,0
20170716,966,808,10,26.0,0,0
20170716,966,841,21,0.0,0,0
20170716,966,838,20,0.0,0,0
20170716,966,4,17,2.0,0,0
20170716,966,825,14,11.0,0,0
20170716,966,840,12,18.0,0,0
20170716,966,817,4,117.0,1,0
20170716,966,828,19,0.0,0,0
20170716,966,835,18,0.0,0,0
20170716,966,154,13,18.0,0,0
20170716,966,836,15,5.0,0,0
20170716,966,18,22,0.0,0,0
20170730,967,20,1,202.0,4,0
20170730,967,1,2,188.0,4,0
20170730,967,822,3,169.0,2,0
20170730,967,8,5,116.0,0,0
20170730,967,830,6,67.0,0,0
20170730,967,13,11,23.0,0,0
20170730,967,815,7,56.0,0,0
20170730,967,832,9,35.0,0,0
20170730,967,826,17,4.0,0,0
20170730,967,839,8,45.0,0,0
20170730,967,808,10,26.0,0,0
20170730,967,841,21,0.0,0,0
20170730,967,838,18,1.0,0,0
20170730,967,4,15,10.0,0,0
20170730,967,825,14,11.0,0,0
20170730,967,840,12,18.0,0,0
20170730,967,817,4,117.0,1,0
20170730,967,828,20,0.0,0,0
20170730,967,835,19,0.0,0,0
20170730,967,154,13,18.0,0,0
20170730,967,836,16,5.0,0,0
20170730,967,18,22,0.0,0,0
20170730,967,814,23,0.0,0,0
20170827,968,20,1,220.0,4,0
20170827,968,1,2,213.0,5,0
20170827,968,822,3,179.0,2,0
20170827,968,8,5,128.0,0,0
20170827,968,830,6,67.0,0,0
20170827,968,13,11,27.0,0,0
20170827,968,815,7,56.0,0,0
20170827,968,832,9,36.0,0,0
20170827,968,826,17,4.0,0,0
20170827,968,839,8,47.0,0,0
20170827,968,808,10,34.0,0,0
20170827,968,841,21,0.0,0,0
20170827,968,838,18,1.0,0,0
20170827,968,4,15,10.0,0,0
20170827,968,825,14,11.0,0,0
20170827,968,840,13,18.0,0,0
20170827,968,817,4,132.0,1,0
20170827,968,828,20,0.0,0,0
20170827,968,835,19,0.0,0,0
20170827,968,154,12,24.0,0,0
20170827,968,836,16,5.0,0,0
20170827,968,18,22,0.0,0,0
20170827,968,814,23,0.0,0,0
20170903,969,20,2,235.0,4,0
20170903,969,1,1,238.0,6,0
20170903,969,822,3,197.0,2,0
20170903,969,8,5,138.0,0,0
20170903,969,830,6,68.0,0,0
20170903,969,13,11,31.0,0,0
20170903,969,815,7,58.0,0,0
20170903,969,832,9,36.0,0,0
20170903,969,826,17,4.0,0,0
20170903,969,839,8,55.0,0,0
20170903,969,808,10,34.0,0,0
20170903,969,841,21,0.0,0,0
20170903,969,838,18,1.0,0,0
20170903,969,4,15,10.0,0,0
20170903,969,825,14,11.0,0,0
20170903,969,840,12,24.0,0,0
20170903,969,817,4,144.0,1,0
20170903,969,828,20,0.0,0,0
20170903,969,835,19,0.0,0,0
20170903,969,154,13,24.0,0,0
20170903,969,836,16,5.0,0,0
20170903,969,18,22,0.0,0,0
20170903,969,814,23,0.0,0,0
20170917,970,20,2,235.0,4,0
20170917,970,1,1,263.0,7,0
20170917,970,822,3,212.0,2,0
20170917,970,8,5,138.0,0,0
20170917,970,830,6,68.0,0,0
20170917,970,13,11,31.0,0,0
20170917,970,815,7,68.0,0,0
20170917,970,832,9,48.0,0,0
20170917,970,826,19,4.0,0,0
20170917,970,839,8,56.0,0,0
20170917,970,808,10,34.0,0,0
20170917,970,841,21,0.0,0,0
20170917,970,838,17,7.0,0,0
20170917,970,4,15,10.0,0,0
20170917,970,825,14,11.0,0,0
20170917,970,840,12,28.0,0,0
20170917,970,817,4,162.0,1,0
20170917,970,828,20,0.0,0,0
20170917,970,835,16,8.0,0,0
20170917,970,154,13,26.0,0,0
20170917,970,836,18,5.0,0,0
20170917,970,18,22,0.0,0,0
20170917,970,814,23,0.0,0,0
20171001,971,20,2,247.0,4,0
20171001,971,1,1,281.0,7,0
20171001,971,822,3,222.0,2,0
20171001,971,8,5,138.0,0,0
20171001,971,830,6,93.0,1,0
20171001,971,13,11,33.0,0,0
20171001,971,815,7,76.0,0,0
20171001,971,832,9,48.0,0,0
20171001,971,826,19,4.0,0,0
20171001,971,839,8,57.0,0,0
20171001,971,808,10,34.0,0,0
20171001,971,841,21,0.0,0,0
20171001,971,838,14,13.0,0,0
20171001,971,4,16,10.0,0,0
20171001,971,825,15,11.0,0,0
20171001,971,840,12,32.0,0,0
20171001,971,817,4,177.0,1,0
20171001,971,828,20,0.0,0,0
20171001,971,835,17,8.0,0,0
20171001,971,154,13,26.0,0,0
20171001,971,836,18,5.0,0,0
20171001,971,18,23,0.0,0,0
20171001,971,814,24,0.0,0,0
20171001,971,453,22,0.0,0,0
20171008,972,20,2,247.0,4,0
20171008,972,1,1,306.0,8,0
20171008,972,822,3,234.0,2,0
20171008,972,8,5,148.0,0,0
20171008,972,830,6,111.0,1,0
20171008,972,13,11,34.0,0,0
20171008,972,815,7,82.0,0,0
20171008,972,832,9,48.0,0,0
20171008,972,826,19,4.0,0,0
20171008,972,839,8,65.0,0,0
20171008,972,808,10,34.0,0,0
20171008,972,841,21,0.0,0,0
20171008,972,838,15,13.0,0,0
20171008,972,4,16,10.0,0,0
20171008,972,825,14,15.0,0,0
20171008,972,840,12,32.0,0,0
20171008,972,817,4,192.0,1,0
20171008,972,828,20,0.0,0,0
20171008,972,835,17,8.0,0,0
20171008,972,154,13,28.0,0,0
20171008,972,836,18,5.0,0,0
20171008,972,18,23,0.0,0,0
20171008,972,814,24,0.0,0,0
20171008,972,453,22,0.0,0,0
20171022,973,20,2,265.0,4,0
20171022,973,1,1,331.0,9,0
20171022,973,822,3,244.0,2,0
20171022,973,8,5,163.0,0,0
20171022,973,830,6,123.0,1,0
20171022,973,13,10,36.0,0,0
20171022,973,815,7,86.0,0,0
20171022,973,832,9,54.0,0,0
20171022,973,826,19,5.0,0,0
20171022,973,839,8,73.0,0,0
20171022,973,808,11,34.0,0,0
20171022,973,841,21,0.0,0,0
20171022,973,838,15,13.0,0,0
20171022,973,4,16,10.0,0,0
20171022,973,825,14,15.0,0,0
20171022,973,840,12,32.0,0,0
20171022,973,817,4,192.0,1,0
20171022,973,828,20,0.0,0,0
20171022,973,835,17,8.0,0,0
20171022,973,154,13,28.0,0,0
20171022,973,836,18,5.0,0,0
20171022,973,18,24,0.0,0,0
20171022,973,814,25,0.0,0,0
20171022,973,453,22,0.0,0,0
20171022,973,842,23,0.0,0,0
20171029,974,20,2,277.0,4,0
20171029,974,1,1,333.0,9,0
20171029,974,822,3,262.0,2,0
20171029,974,8,5,178.0,0,0
20171029,974,830,6,148.0,2,0
20171029,974,13,11,36.0,0,0
20171029,974,815,7,92.0,0,0
20171029,974,832,9,54.0,0,0
20171029,974,826,19,5.0,0,0
20171029,974,839,8,83.0,0,0
20171029,974,808,12,34.0,0,0
20171029,974,841,21,0.0,0,0
20171029,974,838,15,13.0,0,0
20171029,974,4,16,11.0,0,0
20171029,974,825,14,19.0,0,0
20171029,974,840,10,40.0,0,0
20171029,974,817,4,192.0,1,0
20171029,974,828,20,0.0,0,0
20171029,974,835,17,8.0,0,0
20171029,974,154,13,28.0,0,0
20171029,974,836,18,5.0,0,0
20171029,974,18,24,0.0,0,0
20171029,974,814,25,0.0,0,0
20171029,974,453,22,0.0,0,0
20171029,974,842,23,0.0,0,0
20171112,975,20,2,302.0,5,0
20171112,975,1,1,345.0,9,0
20171112,975,822,3,280.0,2,0
20171112,975,8,5,193.0,0,0
20171112,975,830,6,158.0,2,0
20171112,975,13,10,42.0,0,0
20171112,975,815,7,94.0,0,0
20171112,975,832,9,54.0,0,0
20171112,975,826,19,5.0,0,0
20171112,975,839,8,83.0,0,0
20171112,975,808,12,35.0,0,0
20171112,975,841,22,0.0,0,0
20171112,975,838,16,13.0,0,0
20171112,975,4,15,15.0,0,0
20171112,975,825,14,19.0,0,0
20171112,975,840,11,40.0,0,0
20171112,975,817,4,200.0,1,0
20171112,975,828,20,0.0,0,0
20171112,975,835,17,8.0,0,0
20171112,975,154,13,28.0,0,0
20171112,975,836,18,5.0,0,0
20171112,975,18,24,0.0,0,0
20171112,975,814,25,0.0,0,0
20171112,975,453,21,0.0,0,0
20171112,975,842,23,0.0,0,0
20171126,976,20,2,317.0,5,1
20171126,976,1,1,363.0,9,1
20171126,976,822,3,305.0,3,1
20171126,976,8,4,205.0,0,1
20171126,976,830,6,168.0,2,1
20171126,976,13,11,43.0,0,1
20171126,976,815,7,100.0,0,1
20171126,976,832,9,54.0,0,1
20171126,976,826,19,5.0,0,1
20171126,976,839,8,87.0,0,1
20171126,976,808,10,43.0,0,1
20171126,976,841,22,0.0,0,1
20171126,976,838,16,13.0,0,1
20171126,976,4,15,17.0,0,1
20171126,976,825,14,19.0,0,1
20171126,976,840,12,40.0,0,1
20171126,976,817,5,200.0,1,1
20171126,976,828,20,0.0,0,1
20171126,976,835,17,8.0,0,1
20171126,976,154,13,28.0,0,1
20171126,976,836,18,5.0,0,1
20171126,976,18,24,0.0,0,1
20171126,976,814,25,0.0,0,1
20171126,976,453,21,0.0,0,1
20171126,976,842,23,0.0,0,1
20180325,977,20,1,25.0,1,0
20180325,977,1,2,18.0,0,0
20180325,977,8,3,15.0,0,0
20180325,977,817,4,12.0,0,0
20180325,977,4,5,10.0,0,0
20180325,977,830,6,8.0,0,0
20180325,977,808,7,6.0,0,0
20180325,977,822,8,4.0,0,0
20180325,977,838,9,2.0,0,0
20180325,977,832,10,1.0,0,0
20180325,977,815,11,0.0,0,0
20180325,977,839,12,0.0,0,0
20180325,977,843,13,0.0,0,0
20180325,977,840,14,0.0,0,0
20180325,977,842,15,0.0,0,0
20180325,977,154,16,0.0,0,0
20180325,977,825,17,0.0,0,0
20180325,977,453,18,0.0,0,0
20180325,977,828,19,0.0,0,0
20180325,977,844,20,0.0,0,0
20180408,978,844,20,0.0,0,0
20180408,978,4,4,16.0,0,0
20180408,978,830,10,8.0,0,0
20180408,978,825,9,10.0,0,0
20180408,978,843,16,0.0,0,0
20180429,980,20,2,66.0,2,0
20180408,978,828,12,2.0,0,0
20180408,978,453,7,12.0,0,0
20180408,978,8,5,15.0,0,0
20180408,978,154,17,0.0,0,0
20180408,978,840,18,0.0,0,0
20180408,978,842,19,0.0,0,0
20180408,978,839,14,1.0,0,0
20180408,978,815,15,0.0,0,0
20180408,978,832,13,1.0,0,0
20180408,978,838,11,6.0,0,0
20180408,978,822,3,22.0,0,0
20180408,978,808,6,14.0,0,0
20180408,978,817,8,12.0,0,0
20180408,978,20,1,50.0,2,0
20180408,978,1,2,33.0,0,0
20180415,979,20,1,54.0,2,0
20180415,979,1,2,45.0,0,0
20180415,979,8,5,30.0,0,0
20180415,979,817,4,37.0,1,0
20180415,979,4,6,22.0,0,0
20180415,979,830,8,18.0,0,0
20180415,979,808,7,22.0,0,0
20180415,979,822,3,40.0,0,0
20180415,979,838,11,6.0,0,0
20180415,979,832,12,3.0,0,0
20180415,979,815,15,0.0,0,0
20180415,979,839,14,1.0,0,0
20180415,979,843,16,0.0,0,0
20180415,979,840,18,0.0,0,0
20180415,979,842,20,0.0,0,0
20180415,979,154,17,0.0,0,0
20180415,979,825,10,11.0,0,0
20180415,979,453,9,12.0,0,0
20180415,979,828,13,2.0,0,0
20180415,979,844,19,0.0,0,0
20180429,980,1,1,70.0,1,0
20180429,980,8,3,48.0,0,0
20180429,980,817,5,37.0,1,0
20180429,980,4,6,28.0,0,0
20180429,980,830,8,18.0,0,0
20180429,980,808,7,22.0,0,0
20180429,980,822,4,40.0,0,0
20180429,980,838,14,8.0,0,0
20180429,980,832,10,13.0,0,0
20180429,980,815,9,15.0,0,0
20180429,980,839,17,1.0,0,0
20180429,980,843,13,8.0,0,0
20180429,980,840,15,4.0,0,0
20180429,980,842,18,1.0,0,0
20180429,980,154,19,0.0,0,0
20180429,980,825,12,11.0,0,0
20180429,980,453,11,12.0,0,0
20180429,980,828,16,2.0,0,0
20180429,980,844,20,0.0,0,0
20180513,981,20,2,78.0,2,0
20180513,981,1,1,95.0,2,0
20180513,981,8,4,48.0,0,0
20180513,981,817,5,47.0,1,0
20180513,981,4,7,32.0,0,0
20180513,981,830,6,33.0,0,0
20180513,981,808,8,22.0,0,0
20180513,981,822,3,58.0,0,0
20180513,981,838,14,8.0,0,0
20180513,981,832,10,19.0,0,0
20180513,981,815,11,17.0,0,0
20180513,981,839,17,1.0,0,0
20180513,981,843,13,9.0,0,0
20180513,981,840,15,4.0,0,0
20180513,981,842,18,1.0,0,0
20180513,981,154,19,0.0,0,0
20180513,981,825,9,19.0,0,0
20180513,981,453,12,12.0,0,0
20180513,981,828,16,2.0,0,0
20180513,981,844,20,0.0,0,0
20180527,982,20,2,96.0,2,0
20180527,982,1,1,110.0,2,0
20180527,982,8,5,60.0,0,0
20180527,982,817,3,72.0,2,0
20180527,982,4,7,32.0,0,0
20180527,982,830,6,35.0,0,0
20180527,982,808,8,26.0,0,0
20180527,982,822,4,68.0,0,0
20180527,982,838,15,8.0,0,0
20180527,982,832,9,20.0,0,0
20180527,982,815,12,17.0,0,0
20180527,982,839,13,9.0,0,0
20180527,982,843,14,9.0,0,0
20180527,982,840,16,4.0,0,0
20180527,982,842,18,1.0,0,0
20180527,982,154,19,0.0,0,0
20180527,982,825,10,19.0,0,0
20180527,982,453,11,18.0,0,0
20180527,982,828,17,2.0,0,0
20180527,982,844,20,0.0,0,0
20180610,983,20,1,121.0,3,0
20180610,983,1,2,120.0,2,0
20180610,983,8,5,68.0,0,0
20180610,983,817,4,84.0,2,0
20180610,983,4,7,32.0,0,0
20180610,983,830,6,50.0,0,0
20180610,983,808,8,32.0,0,0
20180610,983,822,3,86.0,0,0
20180610,983,838,15,8.0,0,0
20180610,983,832,9,24.0,0,0
20180610,983,815,12,17.0,0,0
20180610,983,839,13,11.0,0,0
20180610,983,843,14,10.0,0,0
20180610,983,840,16,4.0,0,0
20180610,983,842,18,1.0,0,0
20180610,983,154,19,0.0,0,0
20180610,983,825,10,19.0,0,0
20180610,983,453,11,18.0,0,0
20180610,983,828,17,2.0,0,0
20180610,983,844,20,0.0,0,0
20180624,984,20,2,131.0,3,0
20180624,984,1,1,145.0,3,0
20180624,984,8,5,83.0,0,0
20180624,984,817,3,96.0,2,0
20180624,984,4,8,32.0,0,0
20180624,984,830,6,68.0,0,0
20180624,984,808,7,34.0,0,0
20180624,984,822,4,92.0,0,0
20180624,984,838,15,8.0,0,0
20180624,984,832,9,28.0,0,0
20180624,984,815,12,17.0,0,0
20180624,984,839,13,11.0,0,0
20180624,984,843,14,11.0,0,0
20180624,984,840,16,4.0,0,0
20180624,984,842,18,1.0,0,0
20180624,984,154,19,0.0,0,0
20180624,984,825,10,27.0,0,0
20180624,984,453,11,18.0,0,0
20180624,984,828,17,2.0,0,0
20180624,984,844,20,0.0,0,0
20180701,985,20,1,146.0,3,0
20180701,985,1,2,145.0,3,0
20180701,985,8,3,101.0,0,0
20180701,985,817,4,96.0,2,0
20180701,985,4,8,36.0,0,0
20180701,985,830,5,93.0,1,0
20180701,985,808,9,34.0,0,0
20180701,985,822,6,92.0,0,0
20180701,985,838,16,8.0,0,0
20180701,985,832,10,28.0,0,0
20180701,985,815,11,23.0,0,0
20180701,985,839,12,19.0,0,0
20180701,985,843,14,13.0,0,0
20180701,985,840,17,4.0,0,0
20180701,985,842,19,1.0,0,0
20180701,985,154,15,12.0,0,0
20180701,985,825,7,37.0,0,0
20180701,985,453,13,18.0,0,0
20180701,985,828,18,3.0,0,0
20180701,985,844,20,0.0,0,0
20180708,986,20,1,171.0,4,0
20180708,986,1,2,163.0,3,0
20180708,986,8,3,116.0,0,0
20180708,986,817,4,106.0,2,0
20180708,986,4,8,40.0,0,0
20180708,986,830,6,93.0,1,0
20180708,986,808,7,42.0,0,0
20180708,986,822,5,104.0,0,0
20180708,986,838,16,8.0,0,0
20180708,986,832,10,28.0,0,0
20180708,986,815,12,24.0,0,0
20180708,986,839,11,25.0,0,0
20180708,986,843,14,13.0,0,0
20180708,986,840,17,4.0,0,0
20180708,986,842,19,1.0,0,0
20180708,986,154,15,12.0,0,0
20180708,986,825,9,39.0,0,0
20180708,986,453,13,18.0,0,0
20180708,986,828,18,3.0,0,0
20180708,986,844,20,0.0,0,0
20180722,987,20,2,171.0,4,0
20180722,987,1,1,188.0,4,0
20180722,987,8,3,131.0,0,0
20180722,987,817,5,106.0,2,0
20180722,987,4,8,40.0,0,0
20180722,987,830,6,105.0,1,0
20180722,987,808,7,52.0,0,0
20180722,987,822,4,122.0,0,0
20180722,987,838,16,8.0,0,0
20180722,987,832,12,28.0,0,0
20180722,987,815,10,30.0,0,0
20180722,987,839,11,29.0,0,0
20180722,987,843,15,13.0,0,0
20180722,987,840,18,4.0,0,0
20180722,987,842,19,2.0,0,0
20180722,987,154,13,20.0,0,0
20180722,987,825,9,39.0,0,0
20180722,987,453,14,18.0,0,0
20180722,987,828,17,5.0,0,0
20180722,987,844,20,0.0,0,0
20180729,988,20,2,189.0,4,0
20180729,988,1,1,213.0,5,0
20180729,988,8,3,146.0,0,0
20180729,988,817,5,118.0,2,0
20180729,988,4,9,44.0,0,0
20180729,988,830,6,105.0,1,0
20180729,988,808,7,52.0,0,0
20180729,988,822,4,132.0,0,0
20180729,988,838,16,8.0,0,0
20180729,988,832,11,30.0,0,0
20180729,988,815,10,30.0,0,0
20180729,988,839,12,29.0,0,0
20180729,988,843,15,13.0,0,0
20180729,988,840,18,4.0,0,0
20180729,988,842,19,2.0,0,0
20180729,988,154,14,21.0,0,0
20180729,988,825,8,45.0,0,0
20180729,988,453,13,26.0,0,0
20180729,988,828,17,5.0,0,0
20180729,988,844,20,0.0,0,0
20180826,989,20,2,214.0,5,0
20180826,989,1,1,231.0,5,0
20180826,989,8,3,146.0,0,0
20180826,989,817,6,118.0,2,0
20180826,989,4,9,44.0,0,0
20180826,989,830,5,120.0,1,0
20180826,989,808,7,52.0,0,0
20180826,989,822,4,144.0,0,0
20180826,989,838,16,8.0,0,0
20180826,989,832,12,30.0,0,0
20180826,989,815,10,40.0,0,0
20180826,989,839,11,37.0,0,0
20180826,989,843,15,13.0,0,0
20180826,989,840,18,4.0,0,0
20180826,989,842,19,2.0,0,0
20180826,989,154,14,27.0,0,0
20180826,989,825,8,49.0,0,0
20180826,989,453,13,28.0,0,0
20180826,989,828,17,6.0,0,0
20180826,989,844,20,0.0,0,0
20180902,990,842,19,2.0,0,0
20180902,990,453,13,28.0,0,0
20180902,990,832,12,34.0,0,0
20180902,990,844,20,1.0,0,0
20180902,990,822,4,159.0,0,0
20180902,990,828,18,6.0,0,0
20180902,990,817,6,118.0,2,0
20180902,990,825,8,49.0,0,0
20180902,990,154,14,27.0,0,0
20180902,990,840,17,6.0,0,0
20180902,990,839,10,45.0,0,0
20180902,990,843,15,13.0,0,0
20180902,990,815,9,46.0,0,0
20180902,990,838,16,8.0,0,0
20180902,990,808,7,52.0,0,0
20180902,990,830,5,130.0,1,0
20180902,990,4,11,44.0,0,0
20180902,990,20,2,226.0,5,0
20180902,990,1,1,256.0,6,0
20180902,990,8,3,164.0,0,0
20180916,991,20,2,241.0,5,0
20180916,991,1,1,281.0,7,0
20180916,991,8,3,174.0,0,0
20180916,991,817,6,126.0,2,0
20180916,991,4,8,50.0,0,0
20180916,991,830,5,148.0,1,0
20180916,991,808,7,53.0,0,0
20180916,991,822,4,171.0,0,0
20180916,991,838,16,8.0,0,0
20180916,991,832,12,38.0,0,0
20180916,991,815,10,46.0,0,0
20180916,991,839,11,45.0,0,0
20180916,991,843,15,15.0,0,0
20180916,991,840,17,6.0,0,0
20180916,991,842,19,2.0,0,0
20180916,991,154,14,27.0,0,0
20180916,991,825,9,49.0,0,0
20180916,991,453,13,28.0,0,0
20180916,991,828,18,6.0,0,0
20180916,991,844,20,1.0,0,0
20180930,992,20,2,256.0,5,0
20180930,992,1,1,306.0,8,0
20180930,992,8,4,186.0,0,0
20180930,992,817,6,134.0,2,0
20180930,992,4,9,50.0,0,0
20180930,992,830,5,158.0,1,0
20180930,992,808,8,53.0,0,0
20180930,992,822,3,189.0,0,0
20180930,992,838,16,8.0,0,0
20180930,992,832,12,38.0,0,0
20180930,992,815,10,47.0,0,0
20180930,992,839,11,47.0,0,0
20180930,992,843,15,21.0,0,0
20180930,992,840,17,6.0,0,0
20180930,992,842,19,2.0,0,0
20180930,992,154,14,27.0,0,0
20180930,992,825,7,53.0,0,0
20180930,992,453,13,28.0,0,0
20180930,992,828,18,6.0,0,0
20180930,992,844,20,1.0,0,0
20181007,993,20,2,264.0,5,0
20181007,993,1,1,331.0,9,0
20181007,993,8,4,196.0,0,0
20181007,993,817,6,146.0,2,0
20181007,993,4,10,50.0,0,0
20181007,993,830,5,173.0,1,0
20181007,993,808,9,53.0,0,0
20181007,993,822,3,207.0,0,0
20181007,993,838,16,8.0,0,0
20181007,993,832,12,39.0,0,0
20181007,993,815,7,53.0,0,0
20181007,993,839,11,49.0,0,0
20181007,993,843,15,21.0,0,0
20181007,993,840,17,6.0,0,0
20181007,993,842,19,2.0,0,0
20181007,993,154,13,31.0,0,0
20181007,993,825,8,53.0,0,0
20181007,993,453,14,28.0,0,0
20181007,993,828,18,6.0,0,0
20181007,993,844,20,1.0,0,0
20181021,994,828,17,7.0,0,0
20181021,994,825,9,53.0,0,0
20181021,994,842,19,4.0,0,0
20181021,994,840,18,6.0,0,0
20181021,994,839,11,49.0,0,0
20181021,994,832,12,45.0,0,0
20181021,994,822,4,217.0,0,0
20181021,994,830,5,191.0,1,0
20181021,994,817,6,146.0,2,0
20181021,994,1,1,346.0,9,0
20181021,994,453,14,28.0,0,0
20181021,994,844,20,1.0,0,0
20181021,994,808,7,61.0,0,0
20181021,994,843,15,21.0,0,0
20181021,994,154,13,31.0,0,0
20181021,994,838,16,8.0,0,0
20181021,994,4,10,50.0,0,0
20181021,994,815,8,57.0,0,0
20181021,994,8,3,221.0,1,0
20181021,994,20,2,276.0,5,0
20181028,995,20,2,294.0,5,0
20181028,995,1,1,358.0,9,0
20181028,995,8,3,236.0,1,0
20181028,995,817,6,146.0,2,0
20181028,995,4,10,50.0,0,0
20181028,995,830,5,216.0,2,0
20181028,995,808,7,69.0,0,0
20181028,995,822,4,227.0,0,0
20181028,995,838,16,12.0,0,0
20181028,995,832,12,45.0,0,0
20181028,995,815,8,57.0,0,0
20181028,995,839,11,49.0,0,0
20181028,995,843,15,27.0,0,0
20181028,995,840,18,6.0,0,0
20181028,995,842,19,4.0,0,0
20181028,995,154,13,31.0,0,0
20181028,995,825,9,53.0,0,0
20181028,995,453,14,29.0,0,0
20181028,995,828,17,9.0,0,0
20181028,995,844,20,1.0,0,0
20181111,996,20,2,302.0,5,0
20181111,996,1,1,383.0,10,0
20181111,996,8,3,251.0,1,0
20181111,996,817,6,158.0,2,0
20181111,996,4,10,50.0,0,0
20181111,996,830,5,234.0,2,0
20181111,996,808,7,69.0,0,0
20181111,996,822,4,237.0,0,0
20181111,996,838,16,12.0,0,0
20181111,996,832,12,45.0,0,0
20181111,996,815,8,58.0,0,0
20181111,996,839,11,49.0,0,0
20181111,996,843,14,33.0,0,0
20181111,996,840,18,6.0,0,0
20181111,996,842,19,4.0,0,0
20181111,996,154,13,35.0,0,0
20181111,996,825,9,55.0,0,0
20181111,996,453,15,29.0,0,0
20181111,996,828,17,9.0,0,0
20181111,996,844,20,1.0,0,0
20181125,997,20,2,320.0,5,1
20181125,997,1,1,408.0,11,1
20181125,997,8,3,251.0,1,1
20181125,997,817,6,170.0,2,1
20181125,997,4,11,50.0,0,1
20181125,997,830,4,249.0,2,1
20181125,997,808,7,69.0,0,1
20181125,997,822,5,247.0,0,1
20181125,997,838,16,12.0,0,1
20181125,997,832,10,53.0,0,1
20181125,997,815,8,62.0,0,1
20181125,997,839,12,49.0,0,1
20181125,997,843,13,39.0,0,1
20181125,997,840,18,6.0,0,1
20181125,997,842,19,4.0,0,1
20181125,997,154,14,37.0,0,1
20181125,997,825,9,56.0,0,1
20181125,997,453,15,29.0,0,1
20181125,997,828,17,9.0,0,1
20181125,997,844,20,1.0,0,1
20190317,998,832,20,0.0,0,0
20190317,998,817,19,0.0,0,0
20190317,998,154,18,0.0,0,0
20190317,998,9,17,0.0,0,0
20190317,998,846,16,0.0,0,0
20190317,998,841,15,0.0,0,0
20190317,998,847,14,0.0,0,0
20190317,998,815,13,0.0,0,0
20190317,998,845,12,0.0,0,0
20190317,998,1,2,18.0,0,0
20190414,1000,1,1,68.0,2,0
20190317,998,453,11,0.0,0,0
20190317,998,826,10,1.0,0,0
20190317,998,840,9,2.0,0,0
20190317,998,8,8,4.0,0,0
20190317,998,808,7,6.0,0,0
20190317,998,825,6,8.0,0,0
20190317,998,843,5,10.0,0,0
20190317,998,20,4,12.0,0,0
20190317,998,830,3,15.0,0,0
20190317,998,822,1,26.0,1,0
20190414,1000,822,2,62.0,1,0
20190331,999,817,18,0.0,0,0
20190331,999,154,19,0.0,0,0
20190331,999,846,16,0.0,0,0
20190331,999,847,11,2.0,0,0
20190331,999,453,10,4.0,0,0
20190331,999,8,6,10.0,0,0
20190331,999,830,3,27.0,0,0
20190331,999,832,20,0.0,0,0
20190331,999,841,15,0.0,0,0
20190331,999,826,13,1.0,0,0
20190331,999,9,17,0.0,0,0
20190331,999,845,7,8.0,0,0
20190331,999,808,9,6.0,0,0
20190331,999,815,14,1.0,0,0
20190331,999,840,12,2.0,0,0
20190331,999,825,8,8.0,0,0
20190331,999,843,4,26.0,0,0
20190331,999,20,5,22.0,0,0
20190331,999,1,2,43.0,1,0
20190331,999,822,1,44.0,1,0
20190414,1000,830,3,39.0,0,0
20190414,1000,20,4,37.0,0,0
20190414,1000,843,5,36.0,0,0
20190414,1000,825,9,8.0,0,0
20190414,1000,808,10,6.0,0,0
20190414,1000,8,7,12.0,0,0
20190414,1000,840,14,2.0,0,0
20190414,1000,826,15,1.0,0,0
20190414,1000,453,6,13.0,0,0
20190414,1000,845,8,8.0,0,0
20190414,1000,815,12,5.0,0,0
20190414,1000,847,13,3.0,0,0
20190414,1000,841,16,0.0,0,0
20190414,1000,846,19,0.0,0,0
20190414,1000,9,20,0.0,0,0
20190414,1000,154,17,0.0,0,0
20190414,1000,817,11,6.0,0,0
20190414,1000,832,18,0.0,0,0
20190428,1001,822,1,87.0,2,0
20190428,1001,1,2,86.0,2,0
20190428,1001,830,4,51.0,0,0
20190428,1001,20,3,52.0,0,0
20190428,1001,843,5,47.0,0,0
20190428,1001,825,10,8.0,0,0
20190428,1001,808,11,6.0,0,0
20190428,1001,8,8,13.0,0,0
20190428,1001,840,14,4.0,0,0
20190428,1001,826,16,1.0,0,0
20190428,1001,453,7,13.0,0,0
20190428,1001,845,9,12.0,0,0
20190428,1001,815,6,13.0,0,0
20190428,1001,847,15,3.0,0,0
20190428,1001,841,17,0.0,0,0
20190428,1001,846,19,0.0,0,0
20190428,1001,9,20,0.0,0,0
20190428,1001,154,18,0.0,0,0
20190428,1001,817,13,6.0,0,0
20190428,1001,832,12,6.0,0,0
20190512,1002,832,11,10.0,0,0
20190512,1002,817,12,6.0,0,0
20190512,1002,154,17,1.0,0,0
20190512,1002,9,20,0.0,0,0
20190512,1002,841,18,0.0,0,0
20190512,1002,847,15,3.0,0,0
20190512,1002,453,6,21.0,0,0
20190512,1002,840,14,4.0,0,0
20190512,1002,8,9,13.0,0,0
20190512,1002,843,5,57.0,0,0
20190512,1002,830,3,66.0,0,0
20190512,1002,1,1,112.0,3,0
20190512,1002,815,8,13.0,0,0
20190512,1002,826,16,3.0,0,0
20190512,1002,845,10,12.0,0,0
20190512,1002,822,2,105.0,2,0
20190512,1002,846,19,0.0,0,0
20190512,1002,20,4,64.0,0,0
20190512,1002,808,13,6.0,0,0
20190512,1002,825,7,14.0,0,0
20190526,1003,822,2,120.0,2,0
20190526,1003,1,1,137.0,4,0
20190526,1003,830,4,78.0,0,0
20190526,1003,20,3,82.0,0,0
20190526,1003,843,5,57.0,0,0
20190526,1003,825,8,14.0,0,0
20190526,1003,808,15,6.0,0,0
20190526,1003,8,10,13.0,0,0
20190526,1003,840,16,4.0,0,0
20190526,1003,826,12,9.0,0,0
20190526,1003,453,6,32.0,0,0
20190526,1003,845,11,12.0,0,0
20190526,1003,815,9,13.0,0,0
20190526,1003,847,14,7.0,0,0
20190526,1003,841,18,0.0,0,0
20190526,1003,846,19,0.0,0,0
20190526,1003,9,20,0.0,0,0
20190526,1003,154,17,2.0,0,0
20190526,1003,817,13,8.0,0,0
20190526,1003,832,7,18.0,0,0
20190609,1004,822,2,133.0,2,0
20190609,1004,1,1,162.0,5,0
20190609,1004,830,4,88.0,0,0
20190609,1004,20,3,100.0,0,0
20190609,1004,843,5,72.0,0,0
20190609,1004,825,9,14.0,0,0
20190609,1004,808,13,12.0,0,0
20190609,1004,8,11,13.0,0,0
20190609,1004,840,16,6.0,0,0
20190609,1004,826,14,10.0,0,0
20190609,1004,453,6,36.0,0,0
20190609,1004,845,12,12.0,0,0
20190609,1004,815,10,13.0,0,0
20190609,1004,847,15,7.0,0,0
20190609,1004,841,18,0.0,0,0
20190609,1004,846,19,0.0,0,0
20190609,1004,9,20,0.0,0,0
20190609,1004,154,17,2.0,0,0
20190609,1004,817,8,16.0,0,0
20190609,1004,832,7,18.0,0,0
20190623,1005,846,19,0.0,0,0
20190623,1005,832,7,26.0,0,0
20190623,1005,8,8,19.0,0,0
20190623,1005,840,16,6.0,0,0
20190623,1005,822,2,151.0,2,0
20190623,1005,817,9,16.0,0,0
20190623,1005,154,17,2.0,0,0
20190623,1005,9,20,0.0,0,0
20190623,1005,841,18,0.0,0,0
20190623,1005,847,15,7.0,0,0
20190623,1005,815,13,13.0,0,0
20190623,1005,453,6,37.0,0,0
20190623,1005,845,12,14.0,0,0
20190623,1005,826,14,10.0,0,0
20190623,1005,825,11,14.0,0,0
20190623,1005,808,10,16.0,0,0
20190623,1005,843,5,87.0,0,0
20190623,1005,20,3,111.0,0,0
20190623,1005,830,4,100.0,0,0
20190623,1005,1,1,187.0,6,0
20190630,1006,822,2,166.0,2,0
20190630,1006,1,1,197.0,6,0
20190630,1006,830,3,126.0,1,0
20190630,1006,20,4,123.0,0,0
20190630,1006,843,5,105.0,0,0
20190630,1006,825,12,14.0,0,0
20190630,1006,808,11,16.0,0,0
20190630,1006,8,9,21.0,0,0
20190630,1006,840,16,6.0,0,0
20190630,1006,826,14,10.0,0,0
20190630,1006,453,6,43.0,0,0
20190630,1006,845,8,22.0,0,0
20190630,1006,815,13,13.0,0,0
20190630,1006,847,15,7.0,0,0
20190630,1006,841,18,1.0,0,0
20190630,1006,846,19,0.0,0,0
20190630,1006,9,20,0.0,0,0
20190630,1006,154,17,2.0,0,0
20190630,1006,817,10,16.0,0,0
20190630,1006,832,7,30.0,0,0
20190714,1007,822,2,184.0,2,0
20190714,1007,1,1,223.0,7,0
20190714,1007,830,3,136.0,1,0
20190714,1007,20,4,123.0,0,0
20190714,1007,843,5,120.0,0,0
20190714,1007,825,12,14.0,0,0
20190714,1007,808,11,17.0,0,0
20190714,1007,8,8,25.0,0,0
20190714,1007,840,16,6.0,0,0
20190714,1007,826,14,12.0,0,0
20190714,1007,453,6,55.0,0,0
20190714,1007,845,9,22.0,0,0
20190714,1007,815,13,13.0,0,0
20190714,1007,847,15,7.0,0,0
20190714,1007,841,18,1.0,0,0
20190714,1007,846,19,0.0,0,0
20190714,1007,9,20,0.0,0,0
20190714,1007,154,17,2.0,0,0
20190714,1007,817,10,22.0,0,0
20190714,1007,832,7,38.0,0,0
20190728,1008,832,7,48.0,0,0
20190728,1008,817,11,22.0,0,0
20190728,1008,154,17,8.0,0,0
20190728,1008,9,19,1.0,0,0
20190728,1008,815,16,13.0,0,0
20190728,1008,845,10,22.0,0,0
20190728,1008,453,6,55.0,0,0
20190728,1008,826,8,27.0,0,0
20190728,1008,840,12,18.0,0,0
20190728,1008,8,9,25.0,0,0
20190728,1008,1,1,225.0,7,0
20190728,1008,841,18,1.0,0,0
20190728,1008,822,2,184.0,2,0
20190728,1008,846,20,0.0,0,0
20190728,1008,847,15,15.0,0,0
20190728,1008,830,3,162.0,2,0
20190728,1008,20,4,141.0,0,0
20190728,1008,843,5,120.0,0,0
20190728,1008,825,13,18.0,0,0
20190728,1008,808,14,17.0,0,0
20190804,1009,822,2,188.0,2,0
20190804,1009,1,1,250.0,8,0
20190804,1009,830,3,181.0,2,0
20190804,1009,20,4,156.0,0,0
20190804,1009,843,5,132.0,0,0
20190804,1009,825,13,18.0,0,0
20190804,1009,808,14,17.0,0,0
20190804,1009,8,8,31.0,0,0
20190804,1009,840,12,18.0,0,0
20190804,1009,826,9,27.0,0,0
20190804,1009,453,6,63.0,0,0
20190804,1009,845,10,24.0,0,0
20190804,1009,815,16,13.0,0,0
20190804,1009,847,15,16.0,0,0
20190804,1009,841,18,1.0,0,0
20190804,1009,846,20,0.0,0,0
20190804,1009,9,19,1.0,0,0
20190804,1009,154,17,8.0,0,0
20190804,1009,817,11,22.0,0,0
20190804,1009,832,7,58.0,0,0
20190901,1010,822,2,203.0,2,0
20190901,1010,1,1,268.0,8,0
20190901,1010,830,3,181.0,2,0
20190901,1010,20,4,169.0,0,0
20190901,1010,843,5,157.0,1,0
20190901,1010,825,16,18.0,0,0
20190901,1010,808,14,21.0,0,0
20190901,1010,8,9,31.0,0,0
20190901,1010,840,15,19.0,0,0
20190901,1010,826,8,33.0,0,0
20190901,1010,453,6,65.0,0,0
20190901,1010,845,11,24.0,0,0
20190901,1010,815,13,21.0,0,0
20190901,1010,847,10,26.0,0,0
20190901,1010,841,18,1.0,0,0
20190901,1010,846,20,0.0,0,0
20190901,1010,9,19,1.0,0,0
20190901,1010,154,17,8.0,0,0
20190901,1010,817,12,22.0,0,0
20190901,1010,832,7,58.0,0,0
20190908,1011,822,2,221.0,2,0
20190908,1011,1,1,284.0,8,0
20190908,1011,830,3,185.0,2,0
20190908,1011,20,5,169.0,0,0
20190908,1011,843,4,182.0,2,0
20190908,1011,825,16,18.0,0,0
20190908,1011,808,11,31.0,0,0
20190908,1011,8,12,31.0,0,0
20190908,1011,840,15,19.0,0,0
20190908,1011,826,10,33.0,0,0
20190908,1011,453,6,65.0,0,0
20190908,1011,845,14,25.0,0,0
20190908,1011,815,13,27.0,0,0
20190908,1011,847,9,34.0,0,0
20190908,1011,841,18,3.0,0,0
20190908,1011,846,20,0.0,0,0
20190908,1011,9,19,1.0,0,0
20190908,1011,154,17,8.0,0,0
20190908,1011,817,8,34.0,0,0
20190908,1011,832,7,58.0,0,0
20190922,1012,822,2,231.0,2,0
20190922,1012,1,1,296.0,8,0
20190922,1012,830,4,200.0,2,0
20190922,1012,20,5,194.0,1,0
20190922,1012,843,3,200.0,2,0
20190922,1012,825,16,18.0,0,0
20190922,1012,808,11,33.0,0,0
20190922,1012,8,13,31.0,0,0
20190922,1012,840,15,19.0,0,0
20190922,1012,826,10,33.0,0,0
20190922,1012,453,6,69.0,0,0
20190922,1012,845,12,31.0,0,0
20190922,1012,815,14,27.0,0,0
20190922,1012,847,8,42.0,0,0
20190922,1012,841,18,4.0,0,0
20190922,1012,846,20,0.0,0,0
20190922,1012,9,19,1.0,0,0
20190922,1012,154,17,8.0,0,0
20190922,1012,817,9,34.0,0,0
20190922,1012,832,7,58.0,0,0
20190929,1013,822,2,249.0,2,0
20190929,1013,1,1,322.0,9,0
20190929,1013,830,4,212.0,2,0
20190929,1013,20,5,194.0,1,0
20190929,1013,843,3,215.0,2,0
20190929,1013,825,15,20.0,0,0
20190929,1013,808,11,34.0,0,0
20190929,1013,8,14,31.0,0,0
20190929,1013,840,16,19.0,0,0
20190929,1013,826,12,33.0,0,0
20190929,1013,453,6,69.0,0,0
20190929,1013,845,9,35.0,0,0
20190929,1013,815,13,33.0,0,0
20190929,1013,847,8,52.0,0,0
20190929,1013,841,18,4.0,0,0
20190929,1013,846,20,0.0,0,0
20190929,1013,9,19,1.0,0,0
20190929,1013,154,17,8.0,0,0
20190929,1013,817,10,34.0,0,0
20190929,1013,832,7,66.0,0,0
20191013,1014,832,6,76.0,0,0
20191013,1014,817,12,34.0,0,0
20191013,1014,154,17,8.0,0,0
20191013,1014,9,19,1.0,0,0
20191013,1014,846,20,0.0,0,0
20191013,1014,841,18,4.0,0,0
20191013,1014,847,8,64.0,0,0
20191013,1014,840,15,21.0,0,0
20191013,1014,8,14,31.0,0,0
20191013,1014,825,16,20.0,0,0
20191013,1014,20,5,212.0,1,0
20191013,1014,1,1,338.0,9,0
20191013,1014,822,2,274.0,3,0
20191013,1014,826,11,34.0,0,0
20191013,1014,830,4,212.0,2,0
20191013,1014,453,7,75.0,0,0
20191013,1014,845,10,35.0,0,0
20191013,1014,815,9,37.0,0,0
20191013,1014,843,3,223.0,2,0
20191013,1014,808,13,34.0,0,0
20191027,1015,832,7,76.0,0,0
20191027,1015,817,10,38.0,0,0
20191027,1015,154,17,8.0,0,0
20191027,1015,9,19,1.0,0,0
20191027,1015,846,20,0.0,0,0
20191027,1015,841,18,4.0,0,0
20191027,1015,847,8,74.0,0,0
20191027,1015,453,6,77.0,0,0
20191027,1015,840,15,21.0,0,0
20191027,1015,8,14,31.0,0,0
20191027,1015,825,16,20.0,0,0
20191027,1015,20,4,230.0,1,0
20191027,1015,1,1,363.0,10,0
20191027,1015,822,2,289.0,3,0
20191027,1015,826,13,34.0,0,0
20191027,1015,830,5,220.0,2,0
20191027,1015,845,12,35.0,0,0
20191027,1015,815,9,43.0,0,0
20191027,1015,843,3,236.0,2,0
20191027,1015,808,11,35.0,0,0
20191103,1016,822,2,314.0,4,0
20191103,1016,1,1,381.0,10,0
20191103,1016,830,4,235.0,2,0
20191103,1016,20,5,230.0,1,0
20191103,1016,843,3,249.0,2,0
20191103,1016,825,16,20.0,0,0
20191103,1016,808,12,37.0,0,0
20191103,1016,8,14,31.0,0,0
20191103,1016,840,15,21.0,0,0
20191103,1016,826,13,34.0,0,0
20191103,1016,453,8,77.0,0,0
20191103,1016,845,11,41.0,0,0
20191103,1016,815,10,44.0,0,0
20191103,1016,847,6,84.0,0,0
20191103,1016,841,18,4.0,0,0
20191103,1016,846,20,0.0,0,0
20191103,1016,9,19,1.0,0,0
20191103,1016,154,17,8.0,0,0
20191103,1016,817,9,46.0,0,0
20191103,1016,832,7,80.0,0,0
20191117,1017,822,2,314.0,4,0
20191117,1017,1,1,387.0,10,0
20191117,1017,830,3,260.0,3,0
20191117,1017,20,5,230.0,1,0
20191117,1017,843,4,249.0,2,0
20191117,1017,825,16,20.0,0,0
20191117,1017,808,13,37.0,0,0
20191117,1017,8,12,43.0,0,0
20191117,1017,840,15,21.0,0,0
20191117,1017,826,14,35.0,0,0
20191117,1017,453,6,95.0,0,0
20191117,1017,845,11,45.0,0,0
20191117,1017,815,10,46.0,0,0
20191117,1017,847,8,84.0,0,0
20191117,1017,841,17,14.0,0,0
20191117,1017,846,20,0.0,0,0
20191117,1017,9,19,1.0,0,0
20191117,1017,154,18,8.0,0,0
20191117,1017,817,9,54.0,0,0
20191117,1017,832,7,95.0,0,0
20191201,1018,822,2,326.0,4,1
20191201,1018,1,1,413.0,11,1
20191201,1018,830,3,278.0,3,1
20191201,1018,20,5,240.0,1,1
20191201,1018,843,4,264.0,2,1
20191201,1018,825,16,20.0,0,1
20191201,1018,808,14,37.0,0,1
20191201,1018,8,12,43.0,0,1
20191201,1018,840,15,21.0,0,1
20191201,1018,826,13,37.0,0,1
20191201,1018,453,7,95.0,0,1
20191201,1018,845,11,49.0,0,1
20191201,1018,815,10,52.0,0,1
20191201,1018,847,8,92.0,0,1
20191201,1018,841,17,14.0,0,1
20191201,1018,846,20,0.0,0,1
20191201,1018,9,19,1.0,0,1
20191201,1018,154,18,8.0,0,1
20191201,1018,817,9,54.0,0,1
20191201,1018,832,6,96.0,0,1
20200802,1022,830,3,52.0,0,0
20200802,1022,817,9,20.0,0,0
20200802,1022,840,8,20.0,0,0
20200802,1022,825,16,1.0,0,0
20200802,1022,154,20,0.0,0,0
20200802,1022,846,19,0.0,0,0
20200802,1022,8,18,0.0,0,0
20200802,1022,847,6,26.0,0,0
20200802,1022,826,15,1.0,0,0
20200802,1022,848,17,0.0,0,0
20200802,1022,20,13,10.0,0,0
20200802,1022,841,14,2.0,0,0
20200802,1022,839,11,12.0,0,0
20200802,1022,453,12,12.0,0,0
20200802,1022,815,7,22.0,0,0
20200802,1022,832,10,15.0,0,0
20200802,1022,1,1,88.0,3,0
20200802,1022,845,4,36.0,0,0
20200802,1022,843,5,33.0,0,0
20200802,1022,822,2,58.0,1,0
20200927,1028,843,7,57.0,0,0
20200705,1019,830,20,0.0,0,0
20200705,1019,840,18,0.0,0,0
20200705,1019,154,16,0.0,0,0
20200705,1019,8,14,0.0,0,0
20200705,1019,826,12,0.0,0,0
20200927,1028,822,2,161.0,2,0
20200705,1019,817,19,0.0,0,0
20200705,1019,825,17,0.0,0,0
20200705,1019,846,15,0.0,0,0
20200705,1019,847,13,0.0,0,0
20200705,1019,848,11,0.0,0,0
20200705,1019,20,10,1.0,0,0
20200705,1019,841,9,2.0,0,0
20200705,1019,839,8,4.0,0,0
20200705,1019,453,7,6.0,0,0
20200705,1019,815,6,8.0,0,0
20200705,1019,832,5,10.0,0,0
20200705,1019,1,4,12.0,0,0
20200705,1019,845,3,16.0,0,0
20200705,1019,843,2,18.0,0,0
20200705,1019,822,1,25.0,1,0
20200712,1020,822,1,43.0,1,0
20200712,1020,843,4,18.0,0,0
20200712,1020,845,3,26.0,0,0
20200712,1020,1,2,37.0,1,0
20200712,1020,832,7,13.0,0,0
20200712,1020,815,5,16.0,0,0
20200712,1020,453,9,6.0,0,0
20200712,1020,839,11,4.0,0,0
20200712,1020,841,13,2.0,0,0
20200712,1020,20,15,1.0,0,0
20200712,1020,848,16,0.0,0,0
20200712,1020,826,14,1.0,0,0
20200712,1020,847,8,12.0,0,0
20200712,1020,8,17,0.0,0,0
20200712,1020,846,20,0.0,0,0
20200712,1020,154,19,0.0,0,0
20200712,1020,825,18,0.0,0,0
20200712,1020,840,10,6.0,0,0
20200712,1020,817,12,4.0,0,0
20200712,1020,830,6,15.0,0,0
20200719,1021,830,3,33.0,0,0
20200719,1021,840,8,18.0,0,0
20200719,1021,154,19,0.0,0,0
20200719,1021,846,20,0.0,0,0
20200719,1021,847,5,22.0,0,0
20200719,1021,826,15,1.0,0,0
20200719,1021,20,10,9.0,0,0
20200719,1021,839,13,4.0,0,0
20200719,1021,815,6,22.0,0,0
20200719,1021,1,1,63.0,2,0
20200719,1021,843,7,18.0,0,0
20200719,1021,822,2,58.0,1,0
20200719,1021,832,9,15.0,0,0
20200719,1021,825,16,1.0,0,0
20200719,1021,845,4,26.0,0,0
20200719,1021,817,11,8.0,0,0
20200719,1021,453,12,6.0,0,0
20200719,1021,8,17,0.0,0,0
20200719,1021,848,18,0.0,0,0
20200719,1021,841,14,2.0,0,0
20200802,1022,808,21,0.0,0,0
20200809,1023,822,3,73.0,1,0
20200809,1023,843,4,45.0,0,0
20200809,1023,845,5,38.0,0,0
20200809,1023,1,1,107.0,3,0
20200809,1023,832,11,15.0,0,0
20200809,1023,815,8,22.0,0,0
20200809,1023,453,12,12.0,0,0
20200809,1023,839,10,16.0,0,0
20200809,1023,841,15,2.0,0,0
20200809,1023,20,13,10.0,0,0
20200809,1023,848,19,0.0,0,0
20200809,1023,826,16,2.0,0,0
20200809,1023,847,6,36.0,0,0
20200809,1023,8,18,0.0,0,0
20200809,1023,846,20,0.0,0,0
20200809,1023,154,21,0.0,0,0
20200809,1023,825,17,1.0,0,0
20200809,1023,840,7,28.0,0,0
20200809,1023,817,9,20.0,0,0
20200809,1023,830,2,77.0,1,0
20200809,1023,808,14,6.0,0,0
20200816,1024,822,3,89.0,1,0
20200816,1024,843,4,45.0,0,0
20200816,1024,845,7,39.0,0,0
20200816,1024,1,1,132.0,4,0
20200816,1024,832,9,23.0,0,0
20200816,1024,815,8,32.0,0,0
20200816,1024,453,13,14.0,0,0
20200816,1024,839,12,16.0,0,0
20200816,1024,841,15,2.0,0,0
20200816,1024,20,11,16.0,0,0
20200816,1024,848,19,0.0,0,0
20200816,1024,826,16,2.0,0,0
20200816,1024,847,6,40.0,0,0
20200816,1024,8,18,0.0,0,0
20200816,1024,846,20,0.0,0,0
20200816,1024,154,21,0.0,0,0
20200816,1024,825,17,1.0,0,0
20200816,1024,840,5,40.0,0,0
20200816,1024,817,10,20.0,0,0
20200816,1024,830,2,95.0,1,0
20200816,1024,808,14,6.0,0,0
20200830,1025,822,3,107.0,1,0
20200830,1025,843,5,45.0,0,0
20200830,1025,845,6,45.0,0,0
20200830,1025,1,1,157.0,5,0
20200830,1025,832,11,23.0,0,0
20200830,1025,815,9,33.0,0,0
20200830,1025,453,12,18.0,0,0
20200830,1025,839,10,26.0,0,0
20200830,1025,841,15,2.0,0,0
20200830,1025,20,13,16.0,0,0
20200830,1025,848,19,0.0,0,0
20200830,1025,826,16,2.0,0,0
20200830,1025,847,4,48.0,0,0
20200830,1025,8,18,0.0,0,0
20200830,1025,846,20,0.0,0,0
20200830,1025,154,21,0.0,0,0
20200830,1025,825,17,1.0,0,0
20200830,1025,840,7,42.0,0,0
20200830,1025,817,8,33.0,0,0
20200830,1025,830,2,110.0,1,0
20200830,1025,808,14,6.0,0,0
20200906,1026,822,2,117.0,1,0
20200906,1026,843,7,45.0,0,0
20200906,1026,845,5,57.0,0,0
20200906,1026,1,1,164.0,5,0
20200906,1026,832,9,41.0,0,0
20200906,1026,815,11,34.0,0,0
20200906,1026,453,8,43.0,1,0
20200906,1026,839,12,30.0,0,0
20200906,1026,841,16,2.0,0,0
20200906,1026,20,13,16.0,0,0
20200906,1026,848,18,0.0,0,0
20200906,1026,826,15,4.0,0,0
20200906,1026,847,6,48.0,0,0
20200906,1026,8,19,0.0,0,0
20200906,1026,846,21,0.0,0,0
20200906,1026,154,20,0.0,0,0
20200906,1026,825,17,1.0,0,0
20200906,1026,840,4,57.0,0,0
20200906,1026,817,10,41.0,0,0
20200906,1026,830,3,110.0,1,0
20200906,1026,808,14,6.0,0,0
20200913,1027,822,2,135.0,1,0
20200913,1027,843,8,49.0,0,0
20200913,1027,845,4,65.0,0,0
20200913,1027,1,1,190.0,6,0
20200913,1027,832,11,41.0,0,0
20200913,1027,815,9,44.0,0,0
20200913,1027,453,10,43.0,1,0
20200913,1027,839,12,30.0,0,0
20200913,1027,841,17,2.0,0,0
20200913,1027,20,13,17.0,0,0
20200913,1027,848,19,0.0,0,0
20200913,1027,826,14,10.0,0,0
20200913,1027,847,5,63.0,0,0
20200913,1027,8,16,2.0,0,0
20200913,1027,846,20,0.0,0,0
20200913,1027,154,21,0.0,0,0
20200913,1027,825,18,1.0,0,0
20200913,1027,840,6,57.0,0,0
20200913,1027,817,7,53.0,0,0
20200913,1027,830,3,110.0,1,0
20200913,1027,808,15,6.0,0,0
20200927,1028,845,4,65.0,0,0
20200927,1028,1,1,205.0,6,0
20200927,1028,832,11,41.0,0,0
20200927,1028,815,9,56.0,0,0
20200927,1028,453,10,45.0,1,0
20200927,1028,839,12,36.0,0,0
20200927,1028,841,17,2.0,0,0
20200927,1028,20,13,17.0,0,0
20200927,1028,848,19,0.0,0,0
20200927,1028,826,14,14.0,0,0
20200927,1028,847,5,64.0,0,0
20200927,1028,8,16,2.0,0,0
20200927,1028,846,20,0.0,0,0
20200927,1028,154,21,0.0,0,0
20200927,1028,825,18,1.0,0,0
20200927,1028,840,8,57.0,0,0
20200927,1028,817,6,63.0,0,0
20200927,1028,830,3,128.0,1,0
20200927,1028,808,15,6.0,0,0
20201011,1029,822,2,161.0,2,0
20201011,1029,843,8,63.0,0,0
20201011,1029,845,6,65.0,0,0
20201011,1029,1,1,230.0,7,0
20201011,1029,832,11,51.0,0,0
20201011,1029,815,5,68.0,0,0
20201011,1029,453,10,53.0,1,0
20201011,1029,839,12,36.0,0,0
20201011,1029,841,16,3.0,0,0
20201011,1029,20,13,17.0,0,0
20201011,1029,848,20,0.0,0,0
20201011,1029,826,14,14.0,0,0
20201011,1029,847,7,64.0,0,0
20201011,1029,8,17,2.0,0,0
20201011,1029,846,21,0.0,0,0
20201011,1029,154,18,2.0,0,0
20201011,1029,825,19,1.0,0,0
20201011,1029,840,9,57.0,0,0
20201011,1029,817,4,78.0,0,0
20201011,1029,830,3,147.0,1,0
20201011,1029,808,15,10.0,0,0
20201025,1030,822,2,179.0,2,0
20201025,1030,843,5,75.0,0,0
20201025,1030,845,7,65.0,0,0
20201025,1030,1,1,256.0,8,0
20201025,1030,832,10,59.0,0,0
20201025,1030,815,6,74.0,0,0
20201025,1030,453,9,63.0,1,0
20201025,1030,839,12,40.0,0,0
20201025,1030,841,16,3.0,0,0
20201025,1030,20,13,18.0,0,0
20201025,1030,848,20,0.0,0,0
20201025,1030,826,14,14.0,0,0
20201025,1030,847,8,64.0,0,0
20201025,1030,8,17,2.0,0,0
20201025,1030,846,21,0.0,0,0
20201025,1030,154,18,2.0,0,0
20201025,1030,825,19,1.0,0,0
20201025,1030,840,11,57.0,0,0
20201025,1030,817,4,80.0,0,0
20201025,1030,830,3,162.0,1,0
20201025,1030,808,15,10.0,0,0
20201101,1031,822,2,197.0,2,0
20201101,1031,843,5,85.0,0,0
20201101,1031,845,7,69.0,0,0
20201101,1031,1,1,282.0,9,0
20201101,1031,832,8,65.0,0,0
20201101,1031,815,6,82.0,0,0
20201101,1031,453,10,63.0,1,0
20201101,1031,839,12,40.0,0,0
20201101,1031,841,17,4.0,0,0
20201101,1031,20,14,18.0,0,0
20201101,1031,848,20,0.0,0,0
20201101,1031,826,13,26.0,0,0
20201101,1031,847,9,64.0,0,0
20201101,1031,8,16,4.0,0,0
20201101,1031,846,21,0.0,0,0
20201101,1031,154,18,2.0,0,0
20201101,1031,825,19,1.0,0,0
20201101,1031,840,11,57.0,0,0
20201101,1031,817,4,95.0,0,0
20201101,1031,830,3,162.0,1,0
20201101,1031,808,15,10.0,0,0
20201115,1032,822,2,197.0,2,0
20201115,1032,843,5,97.0,0,0
20201115,1032,845,8,74.0,0,0
20201115,1032,1,1,307.0,10,0
20201115,1032,832,7,75.0,0,0
20201115,1032,815,4,100.0,0,0
20201115,1032,453,10,63.0,1,0
20201115,1032,839,12,40.0,0,0
20201115,1032,841,17,4.0,0,0
20201115,1032,20,13,33.0,0,0
20201115,1032,848,20,0.0,0,0
20201115,1032,826,14,26.0,0,0
20201115,1032,847,9,70.0,0,0
20201115,1032,8,16,4.0,0,0
20201115,1032,846,21,0.0,0,0
20201115,1032,154,18,2.0,0,0
20201115,1032,825,19,1.0,0,0
20201115,1032,840,11,59.0,0,0
20201115,1032,817,6,96.0,0,0
20201115,1032,830,3,170.0,1,0
20201115,1032,808,15,10.0,0,0
20201129,1033,822,2,201.0,2,0
20201129,1033,843,6,98.0,0,0
20201129,1033,845,7,86.0,0,0
20201129,1033,1,1,332.0,11,0
20201129,1033,832,8,85.0,0,0
20201129,1033,815,5,100.0,0,0
20201129,1033,453,10,71.0,1,0
20201129,1033,839,12,42.0,0,0
20201129,1033,841,17,4.0,0,0
20201129,1033,20,13,33.0,0,0
20201129,1033,848,20,0.0,0,0
20201129,1033,826,14,26.0,0,0
20201129,1033,847,9,85.0,0,0
20201129,1033,8,16,4.0,0,0
20201129,1033,846,21,0.0,0,0
20201129,1033,154,18,2.0,0,0
20201129,1033,825,19,1.0,0,0
20201129,1033,840,11,59.0,0,0
20201129,1033,817,4,102.0,0,0
20201129,1033,830,3,189.0,1,0
20201129,1033,808,15,10.0,0,0
20201206,1034,822,2,205.0,2,0
20201206,1034,843,6,98.0,0,0
20201206,1034,845,9,87.0,0,0
20201206,1034,1,1,332.0,11,0
20201206,1034,832,7,97.0,0,0
20201206,1034,815,4,125.0,1,0
20201206,1034,453,11,71.0,1,0
20201206,1034,839,12,60.0,0,0
20201206,1034,841,17,4.0,0,0
20201206,1034,20,13,33.0,0,0
20201206,1034,848,21,0.0,0,0
20201206,1034,826,14,32.0,0,0
20201206,1034,847,8,93.0,0,0
20201206,1034,8,16,4.0,0,0
20201206,1034,846,18,3.0,0,0
20201206,1034,154,19,2.0,0,0
20201206,1034,825,20,1.0,0,0
20201206,1034,840,10,74.0,0,0
20201206,1034,817,5,112.0,0,0
20201206,1034,830,3,189.0,1,0
20201206,1034,808,15,10.0,0,0
20201206,1034,850,22,0.0,0,0
20201206,1034,849,23,0.0,0,0
20201213,1035,850,22,0.0,0,1
20201213,1035,808,15,10.0,0,1
20201213,1035,830,3,214.0,2,1
20201213,1035,817,5,119.0,0,1
20201213,1035,825,20,1.0,0,1
20201213,1035,846,18,3.0,0,1
20201213,1035,826,14,32.0,0,1
20201213,1035,20,13,33.0,0,1
20201213,1035,839,12,62.0,0,1
20201213,1035,815,4,125.0,1,1
20201213,1035,1,1,347.0,11,1
20201213,1035,832,6,105.0,0,1
20201213,1035,453,10,75.0,1,1
20201213,1035,154,19,2.0,0,1
20201213,1035,849,23,0.0,0,1
20201213,1035,841,17,4.0,0,1
20201213,1035,840,11,75.0,0,1
20201213,1035,845,9,97.0,0,1
20201213,1035,8,16,4.0,0,1
20201213,1035,847,7,105.0,0,1
20201213,1035,848,21,0.0,0,1
20201213,1035,843,8,98.0,0,1
20201213,1035,822,2,223.0,2,1
20211121,1055,9,20,0.0,0,0
20211121,1055,852,21,0.0,0,0
20211121,1055,4,10,77.0,0,0
20211121,1055,848,17,7.0,0,0
20211121,1055,453,9,92.0,0,0
20211121,1055,853,19,0.0,0,0
20211121,1055,20,12,43.0,0,0
20211121,1055,846,15,16.0,0,0
20211121,1055,839,11,60.0,1,0
20211121,1055,841,18,1.0,0,0
20211121,1055,8,16,10.0,0,0
20211121,1055,840,13,34.0,0,0
20211121,1055,851,14,20.0,0,0
20211121,1055,832,7,145.5,0,0
20211121,1055,817,8,105.0,1,0
20211121,1055,843,6,152.0,0,0
20211121,1055,815,4,190.0,1,0
20211121,1055,845,5,153.0,0,0
20211121,1055,822,3,203.0,1,0
20211121,1055,830,1,351.5,9,0
20211121,1055,1,2,343.5,7,0
20210328,1036,1,1,25.0,1,0
20210328,1036,830,2,18.0,0,0
20210328,1036,822,3,16.0,0,0
20210328,1036,845,4,12.0,0,0
20210328,1036,815,5,10.0,0,0
20210328,1036,843,6,8.0,0,0
20210328,1036,817,7,6.0,0,0
20210328,1036,832,8,4.0,0,0
20210328,1036,851,9,2.0,0,0
20210328,1036,840,10,1.0,0,0
20210328,1036,8,11,0.0,0,0
20210328,1036,841,12,0.0,0,0
20210328,1036,839,13,0.0,0,0
20210328,1036,846,14,0.0,0,0
20210328,1036,20,15,0.0,0,0
20210328,1036,853,16,0.0,0,0
20210328,1036,453,17,0.0,0,0
20210328,1036,848,18,0.0,0,0
20210328,1036,4,19,0.0,0,0
20210328,1036,852,20,0.0,0,0
20210418,1037,840,10,5.0,0,0
20210418,1037,815,8,10.0,0,0
20210418,1037,852,19,0.0,0,0
20210418,1037,4,13,1.0,0,0
20210418,1037,848,20,0.0,0,0
20210418,1037,453,9,6.0,0,0
20210418,1037,832,6,14.0,0,0
20210418,1037,843,4,20.0,0,0
20210418,1037,830,2,43.0,1,0
20210418,1037,20,17,0.0,0,0
20210418,1037,846,16,0.0,0,0
20210418,1037,853,18,0.0,0,0
20210418,1037,839,12,2.0,0,0
20210418,1037,841,15,0.0,0,0
20210418,1037,8,14,0.0,0,0
20210418,1037,851,11,2.0,0,0
20210418,1037,817,7,14.0,0,0
20210418,1037,845,3,27.0,0,0
20210418,1037,822,5,16.0,0,0
20210418,1037,1,1,44.0,1,0
20210502,1038,1,1,69.0,2,0
20210502,1038,830,2,61.0,1,0
20210502,1038,822,4,32.0,0,0
20210502,1038,845,3,37.0,0,0
20210502,1038,815,6,22.0,0,0
20210502,1038,843,5,28.0,0,0
20210502,1038,817,7,16.0,0,0
20210502,1038,832,8,14.0,0,0
20210502,1038,851,13,2.0,0,0
20210502,1038,840,11,5.0,0,0
20210502,1038,8,14,0.0,0,0
20210502,1038,841,15,0.0,0,0
20210502,1038,839,9,8.0,0,0
20210502,1038,846,17,0.0,0,0
20210502,1038,20,16,0.0,0,0
20210502,1038,853,18,0.0,0,0
20210502,1038,453,10,7.0,0,0
20210502,1038,848,20,0.0,0,0
20210502,1038,4,12,5.0,0,0
20210502,1038,852,19,0.0,0,0
20210509,1039,1,1,94.0,3,0
20210509,1039,830,2,80.0,1,0
20210509,1039,822,3,47.0,0,0
20210509,1039,845,4,41.0,0,0
20210509,1039,815,6,32.0,0,0
20210509,1039,843,5,40.0,0,0
20210509,1039,817,7,24.0,0,0
20210509,1039,832,8,20.0,0,0
20210509,1039,851,13,2.0,0,0
20210509,1039,840,11,5.0,0,0
20210509,1039,8,14,0.0,0,0
20210509,1039,841,15,0.0,0,0
20210509,1039,839,9,10.0,0,0
20210509,1039,846,17,0.0,0,0
20210509,1039,20,16,0.0,0,0
20210509,1039,853,18,0.0,0,0
20210509,1039,453,10,8.0,0,0
20210509,1039,848,19,0.0,0,0
20210509,1039,4,12,5.0,0,0
20210509,1039,852,20,0.0,0,0
20210523,1040,1,2,101.0,3,0
20210523,1040,830,1,105.0,2,0
20210523,1040,822,4,47.0,0,0
20210523,1040,845,3,56.0,0,0
20210523,1040,815,5,44.0,0,0
20210523,1040,843,6,40.0,0,0
20210523,1040,817,8,24.0,0,0
20210523,1040,832,7,38.0,0,0
20210523,1040,851,14,2.0,0,0
20210523,1040,840,12,9.0,0,0
20210523,1040,8,16,0.0,0,0
20210523,1040,841,15,1.0,0,0
20210523,1040,839,10,12.0,0,0
20210523,1040,846,17,0.0,0,0
20210523,1040,20,11,10.0,0,0
20210523,1040,853,19,0.0,0,0
20210523,1040,453,9,16.0,0,0
20210523,1040,848,18,0.0,0,0
20210523,1040,4,13,5.0,0,0
20210523,1040,852,20,0.0,0,0
20210606,1041,1,2,101.0,3,0
20210606,1041,830,1,105.0,2,0
20210606,1041,822,6,47.0,0,0
20210606,1041,845,4,66.0,0,0
20210606,1041,815,3,69.0,1,0
20210606,1041,843,5,52.0,0,0
20210606,1041,817,10,26.0,0,0
20210606,1041,832,7,42.0,0,0
20210606,1041,851,14,8.0,0,0
20210606,1041,840,13,9.0,0,0
20210606,1041,8,15,1.0,0,0
20210606,1041,841,16,1.0,0,0
20210606,1041,839,12,12.0,0,0
20210606,1041,846,18,0.0,0,0
20210606,1041,20,9,28.0,0,0
20210606,1041,853,17,0.0,0,0
20210606,1041,453,8,31.0,0,0
20210606,1041,848,20,0.0,0,0
20210606,1041,4,11,13.0,0,0
20210606,1041,852,19,0.0,0,0
20210620,1042,1,2,119.0,3,0
20210620,1042,830,1,131.0,3,0
20210620,1042,822,5,59.0,0,0
20210620,1042,845,4,76.0,0,0
20210620,1042,815,3,84.0,1,0
20210620,1042,843,6,52.0,0,0
20210620,1042,817,9,34.0,0,0
20210620,1042,832,7,42.0,0,0
20210620,1042,851,14,8.0,0,0
20210620,1042,840,13,10.0,0,0
20210620,1042,8,15,1.0,0,0
20210620,1042,841,16,1.0,0,0
20210620,1042,839,12,12.0,0,0
20210620,1042,846,17,0.0,0,0
20210620,1042,20,10,30.0,0,0
20210620,1042,853,18,0.0,0,0
20210620,1042,453,8,37.0,0,0
20210620,1042,848,20,0.0,0,0
20210620,1042,4,11,17.0,0,0
20210620,1042,852,19,0.0,0,0
20210627,1043,1,2,138.0,3,0
20210627,1043,830,1,156.0,4,0
20210627,1043,822,5,74.0,0,0
20210627,1043,845,4,86.0,0,0
20210627,1043,815,3,96.0,1,0
20210627,1043,843,6,58.0,0,0
20210627,1043,817,9,34.0,0,0
20210627,1043,832,7,50.0,0,0
20210627,1043,851,14,9.0,0,0
20210627,1043,840,12,14.0,0,0
20210627,1043,8,15,1.0,0,0
20210627,1043,841,16,1.0,0,0
20210627,1043,839,13,12.0,0,0
20210627,1043,846,17,0.0,0,0
20210627,1043,20,10,30.0,0,0
20210627,1043,853,18,0.0,0,0
20210627,1043,453,8,37.0,0,0
20210627,1043,848,20,0.0,0,0
20210627,1043,4,11,19.0,0,0
20210627,1043,852,19,0.0,0,0
20210704,1044,848,20,0.0,0,0
20210704,1044,453,9,39.0,0,0
20210704,1044,20,10,30.0,0,0
20210704,1044,846,17,0.0,0,0
20210704,1044,8,15,1.0,0,0
20210704,1044,832,7,60.0,0,0
20210704,1044,843,6,62.0,0,0
20210704,1044,815,3,104.0,1,0
20210704,1044,845,4,101.0,0,0
20210704,1044,830,1,182.0,5,0
20210704,1044,852,19,0.0,0,0
20210704,1044,4,11,20.0,0,0
20210704,1044,853,18,0.0,0,0
20210704,1044,822,5,92.0,0,0
20210704,1044,840,12,14.0,0,0
20210704,1044,839,13,12.0,0,0
20210704,1044,841,16,1.0,0,0
20210704,1044,851,14,9.0,0,0
20210704,1044,817,8,40.0,0,0
20210704,1044,1,2,150.0,3,0
20210718,1045,1,2,177.0,4,0
20210718,1045,830,1,185.0,5,0
20210718,1045,822,4,108.0,0,0
20210718,1045,845,3,113.0,0,0
20210718,1045,815,5,104.0,1,0
20210718,1045,843,6,80.0,0,0
20210718,1045,817,8,50.0,0,0
20210718,1045,832,7,68.0,0,0
20210718,1045,851,14,10.0,0,0
20210718,1045,840,12,18.0,0,0
20210718,1045,8,15,1.0,0,0
20210718,1045,841,16,1.0,0,0
20210718,1045,839,13,14.0,0,0
20210718,1045,846,17,0.0,0,0
20210718,1045,20,10,30.0,0,0
20210718,1045,853,18,0.0,0,0
20210718,1045,453,9,39.0,0,0
20210718,1045,848,19,0.0,0,0
20210718,1045,4,11,26.0,0,0
20210718,1045,852,20,0.0,0,0
20210801,1046,848,15,6.0,0,0
20210801,1046,453,8,50.0,0,0
20210801,1046,20,12,30.0,0,0
20210801,1046,846,16,4.0,0,0
20210801,1046,839,10,39.0,1,0
20210801,1046,8,17,2.0,0,0
20210801,1046,840,14,18.0,0,0
20210801,1046,817,9,50.0,0,0
20210801,1046,815,5,104.0,1,0
20210801,1046,822,4,108.0,0,0
20210801,1046,852,20,0.0,0,0
20210801,1046,4,11,38.0,0,0
20210801,1046,853,19,0.0,0,0
20210801,1046,851,13,18.0,0,0
20210801,1046,843,7,80.0,0,0
20210801,1046,830,2,187.0,5,0
20210801,1046,845,3,113.0,0,0
20210801,1046,841,18,1.0,0,0
20210801,1046,832,6,83.0,0,0
20210801,1046,1,1,195.0,4,0
20210829,1047,1,1,202.5,4,0
20210829,1047,830,2,199.5,6,0
20210829,1047,822,4,108.0,0,0
20210829,1047,845,3,113.0,0,0
20210829,1047,815,5,104.0,1,0
20210829,1047,843,7,82.0,0,0
20210829,1047,817,8,56.0,0,0
20210829,1047,832,6,83.5,0,0
20210829,1047,851,13,18.0,0,0
20210829,1047,840,14,18.0,0,0
20210829,1047,8,17,2.0,0,0
20210829,1047,841,18,1.0,0,0
20210829,1047,839,10,42.0,1,0
20210829,1047,846,15,13.0,0,0
20210829,1047,20,12,35.0,0,0
20210829,1047,853,19,0.0,0,0
20210829,1047,453,9,54.0,0,0
20210829,1047,848,16,7.0,0,0
20210829,1047,4,11,38.0,0,0
20210829,1047,852,20,0.0,0,0
20210905,1048,1,2,221.5,4,0
20210905,1048,830,1,224.5,7,0
20210905,1048,822,3,123.0,0,0
20210905,1048,845,4,114.0,0,0
20210905,1048,815,5,108.0,1,0
20210905,1048,843,6,92.0,0,0
20210905,1048,817,9,56.0,0,0
20210905,1048,832,7,89.5,0,0
20210905,1048,851,13,18.0,0,0
20210905,1048,840,14,18.0,0,0
20210905,1048,8,17,2.0,0,0
20210905,1048,841,18,1.0,0,0
20210905,1048,839,11,44.0,1,0
20210905,1048,846,15,13.0,0,0
20210905,1048,20,12,35.0,0,0
20210905,1048,853,19,0.0,0,0
20210905,1048,453,8,66.0,0,0
20210905,1048,848,16,7.0,0,0
20210905,1048,4,10,46.0,0,0
20210905,1048,852,20,0.0,0,0
20210905,1048,9,21,0.0,0,0
20210912,1049,1,2,221.5,4,0
20210912,1049,830,1,226.5,7,0
20210912,1049,822,3,141.0,0,0
20210912,1049,845,4,132.0,0,0
20210912,1049,815,5,118.0,1,0
20210912,1049,843,6,104.0,0,0
20210912,1049,817,8,83.0,1,0
20210912,1049,832,7,97.5,0,0
20210912,1049,851,14,18.0,0,0
20210912,1049,840,13,24.0,0,0
20210912,1049,8,17,2.0,0,0
20210912,1049,841,18,1.0,0,0
20210912,1049,839,11,45.0,1,0
20210912,1049,846,15,15.0,0,0
20210912,1049,20,12,35.0,0,0
20210912,1049,853,19,0.0,0,0
20210912,1049,453,9,66.0,0,0
20210912,1049,848,16,7.0,0,0
20210912,1049,4,10,50.0,0,0
20210912,1049,852,21,0.0,0,0
20210912,1049,9,20,0.0,0,0
20210926,1050,1,1,246.5,5,0
20210926,1050,830,2,244.5,7,0
20210926,1050,822,3,151.0,0,0
20210926,1050,845,4,139.0,0,0
20210926,1050,815,5,120.0,1,0
20210926,1050,843,7,104.0,0,0
20210926,1050,817,8,95.0,1,0
20210926,1050,832,6,112.5,0,0
20210926,1050,851,14,18.0,0,0
20210926,1050,840,13,24.0,0,0
20210926,1050,8,17,6.0,0,0
20210926,1050,841,18,1.0,0,0
20210926,1050,839,11,45.0,1,0
20210926,1050,846,15,16.0,0,0
20210926,1050,20,12,35.0,0,0
20210926,1050,853,19,0.0,0,0
20210926,1050,453,9,66.0,0,0
20210926,1050,848,16,7.0,0,0
20210926,1050,4,10,58.0,0,0
20210926,1050,852,21,0.0,0,0
20210926,1050,9,20,0.0,0,0
20211010,1051,1,2,256.5,5,0
20211010,1051,830,1,262.5,7,0
20211010,1051,822,3,177.0,1,0
20211010,1051,845,4,145.0,0,0
20211010,1051,815,5,135.0,1,0
20211010,1051,843,7,116.0,0,0
20211010,1051,817,8,95.0,1,0
20211010,1051,832,6,116.5,0,0
20211010,1051,851,14,18.0,0,0
20211010,1051,840,13,26.0,0,0
20211010,1051,8,17,6.0,0,0
20211010,1051,841,18,1.0,0,0
20211010,1051,839,11,46.0,1,0
20211010,1051,846,15,16.0,0,0
20211010,1051,20,12,35.0,0,0
20211010,1051,853,19,0.0,0,0
20211010,1051,453,9,74.0,0,0
20211010,1051,848,16,7.0,0,0
20211010,1051,4,10,58.0,0,0
20211010,1051,852,21,0.0,0,0
20211010,1051,9,20,0.0,0,0
20211024,1052,1,2,275.5,5,0
20211024,1052,830,1,287.5,8,0
20211024,1052,822,3,185.0,1,0
20211024,1052,845,5,149.0,0,0
20211024,1052,815,4,150.0,1,0
20211024,1052,843,6,128.0,0,0
20211024,1052,817,8,105.0,1,0
20211024,1052,832,7,122.5,0,0
20211024,1052,851,14,20.0,0,0
20211024,1052,840,13,26.0,0,0
20211024,1052,8,17,6.0,0,0
20211024,1052,841,18,1.0,0,0
20211024,1052,839,11,46.0,1,0
20211024,1052,846,15,16.0,0,0
20211024,1052,20,12,36.0,0,0
20211024,1052,853,19,0.0,0,0
20211024,1052,453,9,74.0,0,0
20211024,1052,848,16,7.0,0,0
20211024,1052,4,10,58.0,0,0
20211024,1052,852,21,0.0,0,0
20211024,1052,9,20,0.0,0,0
20211107,1053,1,2,293.5,5,0
20211107,1053,830,1,312.5,9,0
20211107,1053,822,3,185.0,1,0
20211107,1053,845,5,150.0,0,0
20211107,1053,815,4,165.0,1,0
20211107,1053,843,6,138.0,0,0
20211107,1053,817,8,105.0,1,0
20211107,1053,832,7,130.5,0,0
20211107,1053,851,14,20.0,0,0
20211107,1053,840,13,26.0,0,0
20211107,1053,8,16,10.0,0,0
20211107,1053,841,18,1.0,0,0
20211107,1053,839,11,46.0,1,0
20211107,1053,846,15,16.0,0,0
20211107,1053,20,12,42.0,0,0
20211107,1053,853,19,0.0,0,0
20211107,1053,453,9,86.0,0,0
20211107,1053,848,17,7.0,0,0
20211107,1053,4,10,60.0,0,0
20211107,1053,852,21,0.0,0,0
20211107,1053,9,20,0.0,0,0
20211114,1054,1,2,318.5,6,0
20211114,1054,830,1,332.5,9,0
20211114,1054,822,3,203.0,1,0
20211114,1054,845,5,151.0,0,0
20211114,1054,815,4,178.0,1,0
20211114,1054,843,6,148.0,0,0
20211114,1054,817,8,105.0,1,0
20211114,1054,832,7,139.5,0,0
20211114,1054,851,14,20.0,0,0
20211114,1054,840,13,26.0,0,0
20211114,1054,8,16,10.0,0,0
20211114,1054,841,18,1.0,0,0
20211114,1054,839,11,50.0,1,0
20211114,1054,846,15,16.0,0,0
20211114,1054,20,12,42.0,0,0
20211114,1054,853,19,0.0,0,0
20211114,1054,453,9,92.0,0,0
20211114,1054,848,17,7.0,0,0
20211114,1054,4,10,62.0,0,0
20211114,1054,852,21,0.0,0,0
20211114,1054,9,20,0.0,0,0
20211205,1056,1,2,369.5,8,0
20211205,1056,830,1,369.5,9,0
20211205,1056,822,3,218.0,1,0
20211205,1056,845,6,154.0,0,0
20211205,1056,815,4,190.0,1,0
20211205,1056,843,5,158.0,0,0
20211205,1056,817,8,115.0,1,0
20211205,1056,832,7,149.5,0,0
20211205,1056,851,14,20.0,0,0
20211205,1056,840,13,34.0,0,0
20211205,1056,8,16,10.0,0,0
20211205,1056,841,18,3.0,0,0
20211205,1056,839,11,72.0,1,0
20211205,1056,846,15,16.0,0,0
20211205,1056,20,12,43.0,0,0
20211205,1056,853,19,0.0,0,0
20211205,1056,453,9,100.0,0,0
20211205,1056,848,17,7.0,0,0
20211205,1056,4,10,77.0,0,0
20211205,1056,852,21,0.0,0,0
20211205,1056,9,20,0.0,0,0
20211212,1057,1,2,387.5,8,1
20211212,1057,830,1,395.5,10,1
20211212,1057,822,3,226.0,1,1
20211212,1057,845,6,160.0,0,1
20211212,1057,815,4,190.0,1,1
20211212,1057,843,7,159.0,0,1
20211212,1057,817,8,115.0,1,1
20211212,1057,832,5,164.5,0,1
20211212,1057,851,14,32.0,0,1
20211212,1057,840,13,34.0,0,1
20211212,1057,8,16,10.0,0,1
20211212,1057,841,18,3.0,0,1
20211212,1057,839,11,74.0,1,1
20211212,1057,846,15,16.0,0,1
20211212,1057,20,12,43.0,0,1
20211212,1057,853,19,0.0,0,1
20211212,1057,453,9,110.0,0,1
20211212,1057,848,17,7.0,0,1
20211212,1057,4,10,81.0,0,1
20211212,1057,852,21,0.0,0,1
20211212,1057,9,20,0.0,0,1
20220320,1058,453,20,0.0,0,0
20220320,1058,830,19,0.0,0,0
20220320,1058,815,18,0.0,0,0
20220320,1058,808,17,0.0,0,0
20220320,1058,848,16,0.0,0,0
20220320,1058,845,15,0.0,0,0
20220320,1058,817,14,0.0,0,0
20220320,1058,847,13,0.0,0,0
20220320,1058,840,12,0.0,0,0
20220320,1058,853,11,0.0,0,0
20220320,1058,854,10,1.0,0,0
20220320,1058,4,9,2.0,0,0
20220320,1058,851,8,4.0,0,0
20220320,1058,839,7,6.0,0,0
20220320,1058,822,6,8.0,0,0
20050306,732,33,14,0.0,0,0
20050306,732,40,15,0.0,0,0
20050306,732,30,18,0.0,0,0
20050306,732,2,19,0.0,0,0
20050306,732,27,20,0.0,0,0
20050320,733,2,7,6.0,0,0
20050320,733,27,17,0.0,0,0
20050320,733,19,21,0.0,0,0
20050403,734,27,19,0.0,0,0
20050403,734,19,22,0.0,0,0
20050403,734,37,11,4.0,0,0
20050424,735,37,14,4.0,0,0
20050424,735,25,12,6.0,0,0
20050424,735,24,17,1.0,0,0
20050522,737,37,14,4.0,0,0
20050522,737,25,12,6.0,0,0
20050522,737,24,17,1.0,0,0
20050529,738,24,17,1.0,0,0
20050612,739,24,17,1.0,0,0
20050619,740,24,21,1.0,0,0
20050619,740,41,24,0.0,0,0
20050703,741,24,22,1.0,0,0
20050703,741,41,24,0.0,0,0
20050710,742,24,22,1.0,0,0
20050710,742,41,24,0.0,0,0
20050724,743,41,25,0.0,0,0
20050724,743,38,24,0.0,0,0
20050731,744,41,25,0.0,0,0
20050731,744,38,24,0.0,0,0
20050821,745,41,25,0.0,0,0
20050821,745,38,24,0.0,0,0
20050904,746,38,25,0.0,0,0
20050904,746,42,22,2.0,0,0
20050911,747,38,25,0.0,0,0
20050911,747,42,22,2.0,0,0
20050925,748,38,25,0.0,0,0
20050925,748,42,22,2.0,0,0
20051009,749,38,25,0.0,0,0
20051009,749,42,22,2.0,0,0
20051016,750,38,25,0.0,0,1
20051016,750,42,22,2.0,0,1
20220320,1058,843,1,26.0,1,0
20220320,1058,832,2,18.0,0,0
20220320,1058,1,3,15.0,0,0
20220320,1058,846,4,12.0,0,0
20220320,1058,825,5,10.0,0,0
20220327,1059,843,1,45.0,1,0
20220327,1059,832,2,33.0,0,0
20220327,1059,1,5,16.0,0,0
20220327,1059,846,4,22.0,0,0
20220327,1059,825,8,12.0,0,0
20220327,1059,822,9,8.0,0,0
20220327,1059,839,6,14.0,0,0
20220327,1059,851,11,4.0,0,0
20220327,1059,4,13,2.0,0,0
20220327,1059,854,14,1.0,0,0
20220327,1059,853,15,0.0,0,0
20220327,1059,840,16,0.0,0,0
20220327,1059,847,18,0.0,0,0
20220327,1059,817,19,0.0,0,0
20220327,1059,845,10,6.0,0,0
20220327,1059,848,20,0.0,0,0
20220327,1059,808,17,0.0,0,0
20220327,1059,815,7,12.0,0,0
20220327,1059,830,3,25.0,1,0
20220327,1059,453,12,4.0,0,0
20220410,1060,843,1,71.0,2,0
20220410,1060,832,3,33.0,0,0
20220410,1060,1,5,28.0,0,0
20220410,1060,846,2,37.0,0,0
20220410,1060,825,9,12.0,0,0
20220410,1060,822,10,12.0,0,0
20220410,1060,839,7,20.0,0,0
20220410,1060,851,13,4.0,0,0
20220410,1060,4,14,2.0,0,0
20220410,1060,854,15,1.0,0,0
20220410,1060,853,17,0.0,0,0
20220410,1060,840,18,0.0,0,0
20220410,1060,847,16,1.0,0,0
20220410,1060,817,11,8.0,0,0
20220410,1060,845,8,16.0,0,0
20220410,1060,848,20,0.0,0,0
20220410,1060,808,19,0.0,0,0
20220410,1060,815,4,30.0,0,0
20220410,1060,830,6,25.0,1,0
20220410,1060,453,12,6.0,0,0
20220410,1060,20,21,0.0,0,0
20220424,1061,843,1,86.0,2,0
20220424,1061,832,5,38.0,0,0
20220424,1061,1,7,28.0,0,0
20220424,1061,846,4,49.0,0,0
20220424,1061,825,10,15.0,0,0
20220424,1061,822,8,24.0,0,0
20220424,1061,839,9,20.0,0,0
20220424,1061,851,12,10.0,0,0
20220424,1061,4,15,2.0,0,0
20220424,1061,854,16,1.0,0,0
20220424,1061,853,19,0.0,0,0
20220424,1061,840,18,1.0,0,0
20220424,1061,847,17,1.0,0,0
20220424,1061,817,11,11.0,0,0
20220424,1061,845,6,35.0,0,0
20220424,1061,848,21,0.0,0,0
20220424,1061,808,20,0.0,0,0
20220424,1061,815,3,54.0,0,0
20220424,1061,830,2,59.0,2,0
20220424,1061,453,13,6.0,0,0
20220424,1061,20,14,4.0,0,0
20220508,1062,843,1,104.0,2,0
20220508,1062,832,5,53.0,0,0
20220508,1062,1,6,36.0,0,0
20220508,1062,846,4,59.0,0,0
20220508,1062,825,10,15.0,0,0
20220508,1062,822,8,30.0,0,0
20220508,1062,839,9,24.0,0,0
20220508,1062,851,12,10.0,0,0
20220508,1062,4,16,2.0,0,0
20220508,1062,854,18,1.0,0,0
20220508,1062,853,19,0.0,0,0
20220508,1062,840,17,2.0,0,0
20220508,1062,847,15,3.0,0,0
20220508,1062,817,11,11.0,0,0
20220508,1062,845,7,35.0,0,0
20220508,1062,848,21,0.0,0,0
20220508,1062,808,20,0.0,0,0
20220508,1062,815,3,66.0,0,0
20220508,1062,830,2,85.0,3,0
20220508,1062,453,13,6.0,0,0
20220508,1062,20,14,4.0,0,0
20220522,1063,843,2,104.0,2,0
20220522,1063,832,5,65.0,0,0
20220522,1063,1,6,46.0,0,0
20220522,1063,846,4,74.0,0,0
20220522,1063,825,10,15.0,0,0
20220522,1063,822,8,38.0,0,0
20220522,1063,839,9,30.0,0,0
20220522,1063,851,11,11.0,0,0
20220522,1063,4,15,4.0,0,0
20220522,1063,854,18,1.0,0,0
20220522,1063,853,19,0.0,0,0
20220522,1063,840,17,2.0,0,0
20220522,1063,847,16,3.0,0,0
20220522,1063,817,12,11.0,0,0
20220522,1063,845,7,39.0,0,0
20220522,1063,848,21,0.0,0,0
20220522,1063,808,20,0.0,0,0
20220522,1063,815,3,85.0,0,0
20220522,1063,830,1,110.0,4,0
20220522,1063,453,13,6.0,0,0
20220522,1063,20,14,4.0,0,0
20220529,1064,843,2,116.0,2,0
20220529,1064,832,5,83.0,0,0
20220529,1064,1,6,50.0,0,0
20220529,1064,846,4,84.0,0,0
20220529,1064,825,10,15.0,0,0
20220529,1064,822,8,40.0,0,0
20220529,1064,839,9,30.0,0,0
20220529,1064,851,12,11.0,0,0
20220529,1064,4,13,10.0,0,0
20220529,1064,854,18,1.0,0,0
20220529,1064,853,19,0.0,0,0
20220529,1064,840,17,2.0,0,0
20220529,1064,847,16,3.0,0,0
20220529,1064,817,11,11.0,0,0
20220529,1064,845,7,48.0,0,0
20220529,1064,848,21,0.0,0,0
20220529,1064,808,20,0.0,0,0
20220529,1064,815,3,110.0,1,0
20220529,1064,830,1,125.0,4,0
20220529,1064,453,14,6.0,0,0
20220529,1064,20,15,5.0,0,0
20220612,1065,843,3,116.0,2,0
20220612,1065,832,5,83.0,0,0
20220612,1065,1,6,62.0,0,0
20220612,1065,846,4,99.0,0,0
20220612,1065,825,12,15.0,0,0
20220612,1065,822,8,40.0,0,0
20220612,1065,839,9,31.0,0,0
20220612,1065,851,15,11.0,0,0
20220612,1065,4,11,16.0,0,0
20220612,1065,854,18,1.0,0,0
20220612,1065,853,19,0.0,0,0
20220612,1065,840,17,2.0,0,0
20220612,1065,847,16,3.0,0,0
20220612,1065,817,13,15.0,0,0
20220612,1065,845,7,50.0,0,0
20220612,1065,848,21,0.0,0,0
20220612,1065,808,20,0.0,0,0
20220612,1065,815,2,129.0,1,0
20220612,1065,830,1,150.0,5,0
20220612,1065,453,10,16.0,0,0
20220612,1065,20,14,13.0,0,0
20220619,1066,20,14,13.0,0,0
20220619,1066,830,1,175.0,6,0
20220619,1066,815,2,129.0,1,0
20220619,1066,808,20,0.0,0,0
20220619,1066,848,21,0.0,0,0
20220619,1066,847,17,3.0,0,0
20220619,1066,840,18,3.0,0,0
20220619,1066,854,16,5.0,0,0
20220619,1066,4,10,18.0,0,0
20220619,1066,851,15,11.0,0,0
20220619,1066,832,5,102.0,0,0
20220619,1066,1,6,77.0,0,0
20220619,1066,846,4,111.0,0,0
20220619,1066,825,12,15.0,0,0
20220619,1066,822,8,46.0,0,0
20220619,1066,453,11,16.0,0,0
20220619,1066,839,9,39.0,0,0
20220619,1066,817,13,15.0,0,0
20220619,1066,843,3,126.0,2,0
20220619,1066,845,7,50.0,0,0
20220619,1066,853,19,0.0,0,0
20220703,1067,843,3,138.0,2,0
20220703,1067,832,4,127.0,1,0
20220703,1067,1,6,93.0,0,0
20220703,1067,846,5,111.0,0,0
20220703,1067,825,12,16.0,0,0
20220703,1067,822,8,46.0,0,0
20220703,1067,839,9,39.0,0,0
20220703,1067,851,15,11.0,0,0
20220703,1067,4,10,28.0,0,0
20220703,1067,854,16,5.0,0,0
20220703,1067,853,17,4.0,0,0
20220703,1067,840,19,3.0,0,0
20220703,1067,847,18,3.0,0,0
20220703,1067,817,14,15.0,0,0
20220703,1067,845,7,58.0,0,0
20220703,1067,848,20,0.0,0,0
20220703,1067,808,21,0.0,0,0
20220703,1067,815,2,147.0,1,0
20220703,1067,830,1,181.0,6,0
20220703,1067,453,11,16.0,0,0
20220703,1067,20,13,15.0,0,0
20220710,1068,843,2,170.0,3,0
20220710,1068,832,4,133.0,1,0
20220710,1068,1,6,109.0,0,0
20220710,1068,846,5,128.0,0,0
20220710,1068,825,11,22.0,0,0
20220710,1068,822,9,46.0,0,0
20220710,1068,839,8,52.0,0,0
20220710,1068,851,16,11.0,0,0
20220710,1068,4,10,29.0,0,0
20220710,1068,854,17,5.0,0,0
20220710,1068,853,15,12.0,0,0
20220710,1068,840,19,3.0,0,0
20220710,1068,847,18,3.0,0,0
20220710,1068,817,12,17.0,0,0
20220710,1068,845,7,64.0,0,0
20220710,1068,848,20,0.0,0,0
20220710,1068,808,21,0.0,0,0
20220710,1068,815,3,151.0,1,0
20220710,1068,830,1,208.0,6,0
20220710,1068,453,13,16.0,0,0
20220710,1068,20,14,15.0,0,0
20220724,1069,843,2,170.0,3,0
20220724,1069,832,4,144.0,1,0
20220724,1069,1,6,127.0,0,0
20220724,1069,846,5,143.0,0,0
20220724,1069,825,11,22.0,0,0
20220724,1069,822,9,46.0,0,0
20220724,1069,839,8,56.0,0,0
20220724,1069,851,16,11.0,0,0
20220724,1069,4,10,37.0,0,0
20220724,1069,854,17,5.0,0,0
20220724,1069,853,15,12.0,0,0
20220724,1069,840,18,4.0,0,0
20220724,1069,847,19,3.0,0,0
20220724,1069,817,12,19.0,0,0
20220724,1069,845,7,70.0,0,0
20220724,1069,848,20,0.0,0,0
20220724,1069,808,21,0.0,0,0
20220724,1069,815,3,163.0,1,0
20220724,1069,830,1,233.0,7,0
20220724,1069,453,13,16.0,0,0
20220724,1069,20,14,15.0,0,0
20220731,1070,843,2,178.0,3,0
20220731,1070,832,5,156.0,1,0
20220731,1070,1,6,146.0,0,0
20220731,1070,846,4,158.0,0,0
20220731,1070,825,11,22.0,0,0
20220731,1070,822,9,46.0,0,0
20220731,1070,839,8,58.0,0,0
20220731,1070,851,16,11.0,0,0
20220731,1070,4,10,41.0,0,0
20220731,1070,854,17,5.0,0,0
20220731,1070,853,15,12.0,0,0
20220731,1070,840,18,4.0,0,0
20220731,1070,847,19,3.0,0,0
20220731,1070,817,12,19.0,0,0
20220731,1070,845,7,76.0,0,0
20220731,1070,848,20,0.0,0,0
20220731,1070,808,21,0.0,0,0
20220731,1070,815,3,173.0,1,0
20220731,1070,830,1,258.0,8,0
20220731,1070,453,13,16.0,0,0
20220731,1070,20,14,16.0,0,0
20220828,1071,843,3,186.0,3,0
20220828,1071,832,4,171.0,1,0
20220828,1071,1,6,146.0,0,0
20220828,1071,846,5,170.0,0,0
20220828,1071,825,11,22.0,0,0
20220828,1071,822,10,46.0,0,0
20220828,1071,839,8,64.0,0,0
20220828,1071,851,16,11.0,0,0
20220828,1071,4,9,51.0,0,0
20220828,1071,854,17,5.0,0,0
20220828,1071,853,15,12.0,0,0
20220828,1071,840,19,4.0,0,0
20220828,1071,847,18,4.0,0,0
20220828,1071,817,13,19.0,0,0
20220828,1071,845,7,76.0,0,0
20220828,1071,848,20,0.0,0,0
20220828,1071,808,21,0.0,0,0
20220828,1071,815,2,191.0,1,0
20220828,1071,830,1,284.0,9,0
20220828,1071,453,14,18.0,0,0
20220828,1071,20,12,20.0,0,0
20220904,1072,843,2,201.0,3,0
20220904,1072,832,5,175.0,1,0
20220904,1072,1,6,158.0,0,0
20220904,1072,846,4,188.0,0,0
20220904,1072,825,11,22.0,0,0
20220904,1072,822,10,46.0,0,0
20220904,1072,839,8,66.0,0,0
20220904,1072,851,16,11.0,0,0
20220904,1072,4,9,59.0,0,0
20220904,1072,854,17,5.0,0,0
20220904,1072,853,15,12.0,0,0
20220904,1072,840,18,5.0,0,0
20220904,1072,847,19,4.0,0,0
20220904,1072,817,13,19.0,0,0
20220904,1072,845,7,82.0,0,0
20220904,1072,848,20,0.0,0,0
20220904,1072,808,21,0.0,0,0
20220904,1072,815,3,201.0,1,0
20220904,1072,830,1,310.0,10,0
20220904,1072,453,14,18.0,0,0
20220904,1072,20,12,20.0,0,0
20220911,1073,843,2,219.0,3,0
20220911,1073,832,5,187.0,1,0
20220911,1073,1,6,168.0,0,0
20220911,1073,846,4,203.0,0,0
20220911,1073,825,12,22.0,0,0
20220911,1073,822,10,46.0,0,0
20220911,1073,839,8,66.0,0,0
20220911,1073,851,16,11.0,0,0
20220911,1073,4,9,59.0,0,0
20220911,1073,854,17,6.0,0,0
20220911,1073,853,15,12.0,0,0
20220911,1073,840,18,5.0,0,0
20220911,1073,847,19,4.0,0,0
20220911,1073,817,14,19.0,0,0
20220911,1073,845,7,88.0,0,0
20220911,1073,848,21,0.0,0,0
20220911,1073,808,22,0.0,0,0
20220911,1073,815,3,210.0,1,0
20220911,1073,830,1,335.0,11,0
20220911,1073,453,11,22.0,0,0
20220911,1073,20,13,20.0,0,0
20220911,1073,855,20,2.0,0,0
20221002,1074,843,2,237.0,3,0
20221002,1074,832,5,202.0,1,0
20221002,1074,1,6,170.0,0,0
20221002,1074,846,4,203.0,0,0
20221002,1074,825,14,22.0,0,0
20221002,1074,822,10,46.0,0,0
20221002,1074,839,8,66.0,0,0
20221002,1074,851,17,11.0,0,0
20221002,1074,4,9,59.0,0,0
20221002,1074,854,18,6.0,0,0
20221002,1074,853,16,12.0,0,0
20221002,1074,840,15,13.0,0,0
20221002,1074,847,19,4.0,0,0
20221002,1074,817,11,29.0,0,0
20221002,1074,845,7,100.0,0,0
20221002,1074,848,21,0.0,0,0
20221002,1074,808,22,0.0,0,0
20221002,1074,815,3,235.0,2,0
20221002,1074,830,1,341.0,11,0
20221002,1074,453,13,23.0,0,0
20221002,1074,20,12,24.0,0,0
20221002,1074,855,20,2.0,0,0
20221009,1075,855,21,2.0,0,0
20221009,1075,20,11,32.0,0,0
20221009,1075,453,13,23.0,0,0
20221009,1075,830,1,366.0,12,0
20221009,1075,815,2,253.0,2,0
20221009,1075,808,22,0.0,0,0
20221009,1075,848,20,2.0,0,0
20221009,1075,845,7,101.0,0,0
20221009,1075,817,12,29.0,0,0
20221009,1075,847,19,4.0,0,0
20221009,1075,832,5,202.0,1,0
20221009,1075,1,6,180.0,0,0
20221009,1075,846,4,207.0,0,0
20221009,1075,825,14,22.0,0,0
20221009,1075,822,10,46.0,0,0
20221009,1075,839,8,78.0,0,0
20221009,1075,851,17,11.0,0,0
20221009,1075,4,9,65.0,0,0
20221009,1075,854,18,6.0,0,0
20221009,1075,853,16,12.0,0,0
20221009,1075,840,15,13.0,0,0
20221009,1075,843,3,252.0,3,0
20221023,1076,855,21,2.0,0,0
20221023,1076,20,11,36.0,0,0
20221023,1076,830,1,391.0,13,0
20221023,1076,815,3,265.0,2,0
20221023,1076,848,20,2.0,0,0
20221023,1076,817,12,29.0,0,0
20221023,1076,847,19,4.0,0,0
20221023,1076,853,16,12.0,0,0
20221023,1076,854,18,6.0,0,0
20221023,1076,4,9,71.0,0,0
20221023,1076,839,8,78.0,0,0
20221023,1076,822,10,46.0,0,0
20221023,1076,846,4,218.0,0,0
20221023,1076,832,5,202.0,1,0
20221023,1076,851,17,12.0,0,0
20221023,1076,840,15,13.0,0,0
20221023,1076,453,14,23.0,0,0
20221023,1076,1,6,198.0,0,0
20221023,1076,825,13,24.0,0,0
20221023,1076,808,22,0.0,0,0
20221023,1076,845,7,109.0,0,0
20221023,1076,843,2,267.0,3,0
20221113,1078,843,2,290.0,3,0
20221030,1077,855,21,2.0,0,0
20221030,1077,20,11,36.0,0,0
20221030,1077,453,14,23.0,0,0
20221030,1077,830,1,416.0,14,0
20221030,1077,815,2,280.0,2,0
20221030,1077,808,22,0.0,0,0
20221030,1077,848,20,2.0,0,0
20221030,1077,845,7,111.0,0,0
20221030,1077,817,12,35.0,0,0
20221030,1077,847,19,4.0,0,0
20221030,1077,832,6,212.0,1,0
20221030,1077,1,5,216.0,0,0
20221030,1077,846,4,231.0,0,0
20221030,1077,825,13,24.0,0,0
20221030,1077,822,10,47.0,0,0
20221030,1077,839,8,82.0,0,0
20221030,1077,851,17,12.0,0,0
20221030,1077,4,9,71.0,0,0
20221030,1077,854,18,6.0,0,0
20221030,1077,853,16,12.0,0,0
20221030,1077,840,15,13.0,0,0
20221030,1077,843,3,275.0,3,0
20221113,1078,832,6,234.0,1,0
20221113,1078,1,5,240.0,0,0
20221113,1078,846,4,265.0,1,0
20221113,1078,825,13,25.0,0,0
20221113,1078,822,10,49.0,0,0
20221113,1078,839,8,86.0,0,0
20221113,1078,851,17,12.0,0,0
20221113,1078,4,9,81.0,0,0
20221113,1078,854,18,6.0,0,0
20221113,1078,853,16,12.0,0,0
20221113,1078,840,15,14.0,0,0
20221113,1078,847,19,4.0,0,0
20221113,1078,817,12,35.0,0,0
20221113,1078,845,7,113.0,0,0
20221113,1078,848,20,2.0,0,0
20221113,1078,808,22,0.0,0,0
20221113,1078,815,3,290.0,2,0
20221113,1078,830,1,429.0,14,0
20221113,1078,453,14,23.0,0,0
20221113,1078,20,11,36.0,0,0
20221113,1078,855,21,2.0,0,0
20221120,1079,843,2,308.0,3,1
20221120,1079,832,5,246.0,1,1
20221120,1079,1,6,240.0,0,1
20221120,1079,846,4,275.0,1,1
20221120,1079,825,13,25.0,0,1
20221120,1079,822,10,49.0,0,1
20221120,1079,839,8,92.0,0,1
20221120,1079,851,17,12.0,0,1
20221120,1079,4,9,81.0,0,1
20221120,1079,854,18,6.0,0,1
20221120,1079,853,16,12.0,0,1
20221120,1079,840,15,18.0,0,1
20221120,1079,847,19,4.0,0,1
20221120,1079,817,11,37.0,0,1
20221120,1079,845,7,122.0,0,1
20221120,1079,848,20,2.0,0,1
20221120,1079,808,22,0.0,0,1
20221120,1079,815,3,305.0,2,1
20221120,1079,830,1,454.0,15,1
20221120,1079,453,14,23.0,0,1
20221120,1079,20,12,37.0,0,1
20221120,1079,855,21,2.0,0,1
20230305,1080,856,20,0.0,0,0
20230305,1080,843,19,0.0,0,0
20230305,1080,839,18,0.0,0,0
20230305,1080,845,17,0.0,0,0
20230305,1080,854,16,0.0,0,0
20230305,1080,808,15,0.0,0,0
20230305,1080,855,14,0.0,0,0
20230305,1080,825,13,0.0,0,0
20230305,1080,857,12,0.0,0,0
20230305,1080,851,11,0.0,0,0
20230305,1080,847,10,1.0,0,0
20230305,1080,453,9,2.0,0,0
20230305,1080,822,8,4.0,0,0
20230305,1080,846,7,6.0,0,0
20230305,1080,840,6,8.0,0,0
20230305,1080,1,5,10.0,0,0
20230305,1080,832,4,12.0,0,0
20230305,1080,4,3,15.0,0,0
20230305,1080,815,2,18.0,0,0
20230305,1080,830,1,25.0,1,0
20230319,1081,839,10,4.0,0,0
20230319,1081,854,17,0.0,0,0
20230319,1081,808,15,0.0,0,0
20230319,1081,855,18,0.0,0,0
20230319,1081,857,16,0.0,0,0
20230319,1081,851,14,0.0,0,0
20230319,1081,453,11,4.0,0,0
20230319,1081,822,9,4.0,0,0
20230319,1081,846,6,18.0,0,0
20230319,1081,840,7,8.0,0,0
20230319,1081,832,4,20.0,0,0
20230319,1081,815,2,43.0,1,0
20230319,1081,845,20,0.0,0,0
20230319,1081,856,19,0.0,0,0
20230319,1081,843,8,6.0,0,0
20230319,1081,4,3,30.0,0,0
20230319,1081,1,5,20.0,0,0
20230319,1081,847,13,1.0,0,0
20230319,1081,825,12,1.0,0,0
20230319,1081,830,1,44.0,1,0
20230402,1082,830,1,69.0,2,0
20230402,1082,815,2,54.0,1,0
20230402,1082,4,3,45.0,0,0
20230402,1082,832,5,20.0,0,0
20230402,1082,1,4,38.0,0,0
20230402,1082,840,6,20.0,0,0
20230402,1082,846,7,18.0,0,0
20230402,1082,822,11,4.0,0,0
20230402,1082,453,14,4.0,0,0
20230402,1082,847,18,1.0,0,0
20230402,1082,851,16,1.0,0,0
20230402,1082,857,19,0.0,0,0
20230402,1082,825,17,1.0,0,0
20230402,1082,855,20,0.0,0,0
20230402,1082,808,9,6.0,0,0
20230402,1082,854,15,2.0,0,0
20230402,1082,845,8,8.0,0,0
20230402,1082,839,12,4.0,0,0
20230402,1082,843,10,6.0,0,0
20230402,1082,856,13,4.0,0,0
20230430,1083,830,1,93.0,2,0
20230430,1083,815,2,87.0,2,0
20230430,1083,4,3,60.0,0,0
20230430,1083,832,5,34.0,0,0
20230430,1083,1,4,48.0,0,0
20230430,1083,840,8,27.0,0,0
20230430,1083,846,7,28.0,0,0
20230430,1083,822,12,4.0,0,0
20230430,1083,453,14,4.0,0,0
20230430,1083,847,17,1.0,0,0
20230430,1083,851,16,2.0,0,0
20230430,1083,857,19,0.0,0,0
20230430,1083,825,18,1.0,0,0
20230430,1083,855,20,0.0,0,0
20230430,1083,808,10,6.0,0,0
20230430,1083,854,15,2.0,0,0
20230430,1083,845,9,10.0,0,0
20230430,1083,839,13,4.0,0,0
20230430,1083,843,6,28.0,0,0
20230430,1083,856,11,4.0,0,0
20230507,1084,830,1,119.0,3,0
20230507,1084,815,2,105.0,2,0
20230507,1084,4,3,75.0,0,0
20230507,1084,832,5,44.0,0,0
20230507,1084,1,4,56.0,0,0
20230507,1084,840,8,27.0,0,0
20230507,1084,846,6,40.0,0,0
20230507,1084,822,13,4.0,0,0
20230507,1084,453,10,8.0,0,0
20230507,1084,847,18,1.0,0,0
20230507,1084,851,16,2.0,0,0
20230507,1084,857,19,0.0,0,0
20230507,1084,825,17,2.0,0,0
20230507,1084,855,20,0.0,0,0
20230507,1084,808,11,6.0,0,0
20230507,1084,854,15,2.0,0,0
20230507,1084,845,9,10.0,0,0
20230507,1084,839,12,6.0,0,0
20230507,1084,843,7,34.0,0,0
20230507,1084,856,14,4.0,0,0
20230528,1085,830,1,144.0,4,0
20230528,1085,815,2,105.0,2,0
20230528,1085,4,3,93.0,0,0
20230528,1085,832,6,48.0,0,0
20230528,1085,1,4,69.0,0,0
20230528,1085,840,8,27.0,0,0
20230528,1085,846,5,50.0,0,0
20230528,1085,822,14,4.0,0,0
20230528,1085,453,10,14.0,0,0
20230528,1085,847,18,1.0,0,0
20230528,1085,851,16,2.0,0,0
20230528,1085,857,20,0.0,0,0
20230528,1085,825,17,2.0,0,0
20230528,1085,855,19,0.0,0,0
20230528,1085,808,12,6.0,0,0
20230528,1085,854,15,2.0,0,0
20230528,1085,845,11,12.0,0,0
20230528,1085,839,9,21.0,0,0
20230528,1085,843,7,42.0,0,0
20230528,1085,856,13,5.0,0,0
20230604,1086,830,1,170.0,5,0
20230604,1086,815,2,117.0,2,0
20230604,1086,4,3,99.0,0,0
20230604,1086,832,6,58.0,0,0
20230604,1086,1,4,87.0,0,0
20230604,1086,840,8,35.0,0,0
20230604,1086,846,5,65.0,0,0
20230604,1086,822,14,4.0,0,0
20230604,1086,453,10,15.0,0,0
20230604,1086,847,18,1.0,0,0
20230604,1086,851,16,2.0,0,0
20230604,1086,857,20,0.0,0,0
20230604,1086,825,17,2.0,0,0
20230604,1086,855,19,0.0,0,0
20230604,1086,808,12,6.0,0,0
20230604,1086,854,15,4.0,0,0
20230604,1086,845,11,12.0,0,0
20230604,1086,839,9,25.0,0,0
20230604,1086,843,7,42.0,0,0
20230604,1086,856,13,5.0,0,0
20230618,1087,839,9,29.0,0,0
20230618,1087,845,11,12.0,0,0
20230618,1087,854,16,4.0,0,0
20230618,1087,808,13,6.0,0,0
20230618,1087,855,19,0.0,0,0
20230618,1087,825,18,2.0,0,0
20230618,1087,857,20,0.0,0,0
20230618,1087,851,17,2.0,0,0
20230618,1087,847,12,7.0,0,0
20230618,1087,453,10,15.0,0,0
20230618,1087,822,15,5.0,0,0
20230618,1087,846,6,65.0,0,0
20230618,1087,840,8,37.0,0,0
20230618,1087,1,4,102.0,0,0
20230618,1087,832,5,68.0,0,0
20230618,1087,4,3,117.0,0,0
20230618,1087,815,2,126.0,2,0
20230618,1087,830,1,195.0,6,0
20230618,1087,843,7,54.0,0,0
20230618,1087,856,14,5.0,0,0
20230702,1088,856,14,5.0,0,0
20230702,1088,843,6,72.0,0,0
20230702,1088,839,9,31.0,0,0
20230702,1088,845,10,24.0,0,0
20230702,1088,854,16,4.0,0,0
20230702,1088,808,12,9.0,0,0
20230702,1088,855,20,0.0,0,0
20230702,1088,825,18,2.0,0,0
20230702,1088,851,17,2.0,0,0
20230702,1088,453,11,16.0,0,0
20230702,1088,846,7,72.0,0,0
20230702,1088,840,8,44.0,0,0
20230702,1088,832,5,82.0,0,0
20230702,1088,815,2,148.0,2,0
20230702,1088,4,3,131.0,0,0
20230702,1088,1,4,106.0,0,0
20230702,1088,847,13,7.0,0,0
20230702,1088,830,1,229.0,7,0
20230702,1088,822,15,5.0,0,0
20230702,1088,857,19,0.0,0,0
20230709,1089,830,1,255.0,8,0
20230709,1089,815,2,156.0,2,0
20230709,1089,4,3,137.0,0,0
20230709,1089,832,5,83.0,0,0
20230709,1089,1,4,121.0,0,0
20230709,1089,840,8,44.0,0,0
20230709,1089,846,6,82.0,0,0
20230709,1089,822,15,5.0,0,0
20230709,1089,453,12,16.0,0,0
20230709,1089,847,13,11.0,0,0
20230709,1089,851,17,2.0,0,0
20230709,1089,857,19,0.0,0,0
20230709,1089,825,18,2.0,0,0
20230709,1089,855,20,0.0,0,0
20230709,1089,808,14,9.0,0,0
20230709,1089,854,16,4.0,0,0
20230709,1089,845,9,42.0,0,0
20230709,1089,839,10,31.0,0,0
20230709,1089,843,7,74.0,0,0
20230709,1089,856,11,17.0,0,0
20230723,1090,830,1,281.0,9,0
20230723,1090,815,2,171.0,2,0
20230723,1090,4,3,139.0,0,0
20230723,1090,832,6,87.0,0,0
20230723,1090,1,4,133.0,0,0
20230723,1090,840,9,45.0,0,0
20230723,1090,846,5,90.0,0,0
20230723,1090,822,15,5.0,0,0
20230723,1090,453,12,16.0,0,0
20230723,1090,847,13,11.0,0,0
20230723,1090,851,17,2.0,0,0
20230723,1090,857,19,0.0,0,0
20230723,1090,825,18,2.0,0,0
20230723,1090,855,20,0.0,0,0
20230723,1090,808,14,9.0,0,0
20230723,1090,854,16,4.0,0,0
20230723,1090,845,8,60.0,0,0
20230723,1090,839,10,31.0,0,0
20230723,1090,843,7,80.0,0,0
20230723,1090,856,11,27.0,0,0
20230723,1090,817,21,0.0,0,0
20230730,1091,830,1,314.0,10,0
20230730,1091,815,2,189.0,2,0
20230730,1091,4,3,149.0,0,0
20230730,1091,832,7,92.0,0,0
20230730,1091,1,4,148.0,0,0
20230730,1091,840,9,47.0,0,0
20230730,1091,846,6,99.0,0,0
20230730,1091,822,15,5.0,0,0
20230730,1091,453,12,22.0,0,0
20230730,1091,847,13,11.0,0,0
20230730,1091,851,17,3.0,0,0
20230730,1091,857,19,0.0,0,0
20230730,1091,825,18,2.0,0,0
20230730,1091,855,20,0.0,0,0
20230730,1091,808,14,9.0,0,0
20230730,1091,854,16,4.0,0,0
20230730,1091,845,8,69.0,0,0
20230730,1091,839,10,35.0,0,0
20230730,1091,843,5,99.0,0,0
20230730,1091,856,11,34.0,0,0
20230730,1091,817,21,0.0,0,0
20230827,1092,830,1,339.0,11,0
20230827,1092,815,2,201.0,2,0
20230827,1092,4,3,168.0,0,0
20230827,1092,832,5,102.0,0,0
20230827,1092,1,4,156.0,0,0
20230827,1092,840,9,47.0,0,0
20230827,1092,846,7,99.0,0,0
20230827,1092,822,15,5.0,0,0
20230827,1092,453,10,37.0,0,0
20230827,1092,847,13,15.0,0,0
20230827,1092,851,17,3.0,0,0
20230827,1092,857,19,0.0,0,0
20230827,1092,825,18,2.0,0,0
20230827,1092,855,20,0.0,0,0
20230827,1092,808,14,9.0,0,0
20230827,1092,854,16,4.0,0,0
20230827,1092,845,8,75.0,0,0
20230827,1092,839,11,36.0,0,0
20230827,1092,843,6,99.0,0,0
20230827,1092,856,12,36.0,0,0
20230827,1092,817,21,0.0,0,0
20230827,1092,858,22,0.0,0,0
20230903,1093,843,6,111.0,0,0
20230903,1093,839,11,36.0,0,0
20230903,1093,845,8,79.0,0,0
20230903,1093,854,16,4.0,0,0
20230903,1093,808,14,9.0,0,0
20230903,1093,855,21,0.0,0,0
20230903,1093,825,18,2.0,0,0
20230903,1093,857,19,0.0,0,0
20230903,1093,851,17,3.0,0,0
20230903,1093,847,13,21.0,0,0
20230903,1093,453,10,37.0,0,0
20230903,1093,822,15,6.0,0,0
20230903,1093,846,7,109.0,0,0
20230903,1093,840,9,47.0,0,0
20230903,1093,1,4,164.0,0,0
20230903,1093,832,5,117.0,0,0
20230903,1093,4,3,170.0,0,0
20230903,1093,815,2,219.0,2,0
20230903,1093,830,1,364.0,12,0
20230903,1093,856,12,36.0,0,0
20230903,1093,817,22,0.0,0,0
20230903,1093,858,20,0.0,0,0
20230917,1094,843,6,123.0,0,0
20230917,1094,839,12,36.0,0,0
20230917,1094,845,8,97.0,0,0
20230917,1094,854,16,4.0,0,0
20230917,1094,808,14,9.0,0,0
20230917,1094,855,21,0.0,0,0
20230917,1094,825,18,3.0,0,0
20230917,1094,857,20,0.0,0,0
20230917,1094,851,17,3.0,0,0
20230917,1094,847,13,21.0,0,0
20230917,1094,453,10,45.0,0,0
20230917,1094,822,15,6.0,0,0
20230917,1094,846,7,109.0,0,0
20230917,1094,840,9,47.0,0,0
20230917,1094,1,3,180.0,0,0
20230917,1094,832,5,142.0,1,0
20230917,1094,4,4,170.0,0,0
20230917,1094,815,2,223.0,2,0
20230917,1094,830,1,374.0,12,0
20230917,1094,856,11,42.0,0,0
20230917,1094,817,22,0.0,0,0
20230917,1094,858,19,2.0,0,0
20230924,1095,830,1,400.0,13,0
20230924,1095,815,2,223.0,2,0
20230924,1095,4,4,174.0,0,0
20230924,1095,832,5,150.0,1,0
20230924,1095,1,3,190.0,0,0
20230924,1095,840,10,47.0,0,0
20230924,1095,846,8,115.0,0,0
20230924,1095,822,15,6.0,0,0
20230924,1095,453,11,46.0,0,0
20230924,1095,847,13,21.0,0,0
20230924,1095,851,17,3.0,0,0
20230924,1095,857,20,0.0,0,0
20230924,1095,825,18,3.0,0,0
20230924,1095,855,21,0.0,0,0
20230924,1095,808,14,9.0,0,0
20230924,1095,854,16,4.0,0,0
20230924,1095,845,7,115.0,0,0
20230924,1095,839,12,38.0,0,0
20230924,1095,843,6,135.0,0,0
20230924,1095,856,9,57.0,0,0
20230924,1095,817,22,0.0,0,0
20230924,1095,858,19,2.0,0,0
20231008,1096,858,19,2.0,0,0
20231008,1096,817,22,0.0,0,0
20231008,1096,856,9,83.0,0,0
20231008,1096,839,12,44.0,0,0
20231008,1096,845,7,136.0,0,0
20231008,1096,854,16,6.0,0,0
20231008,1096,808,15,9.0,0,0
20231008,1096,857,20,0.0,0,0
20231008,1096,847,13,23.0,0,0
20231008,1096,453,11,46.0,0,0
20231008,1096,846,8,132.0,0,0
20231008,1096,1,3,194.0,0,0
20231008,1096,815,2,224.0,2,0
20231008,1096,840,10,47.0,0,0
20231008,1096,832,5,153.0,1,0
20231008,1096,843,6,145.0,0,0
20231008,1096,822,14,10.0,0,0
20231008,1096,825,18,3.0,0,0
20231008,1096,851,17,3.0,0,0
20231008,1096,830,1,433.0,14,0
20231008,1096,855,21,0.0,0,0
20231008,1096,4,4,183.0,0,0
20231022,1097,858,19,2.0,0,0
20231022,1097,817,22,0.0,0,0
20231022,1097,856,9,83.0,0,0
20231022,1097,843,7,151.0,0,0
20231022,1097,839,12,44.0,0,0
20231022,1097,845,6,159.0,0,0
20231022,1097,854,17,6.0,0,0
20231022,1097,855,21,0.0,0,0
20231022,1097,857,20,1.0,0,0
20231022,1097,453,10,56.0,0,0
20231022,1097,846,8,143.0,0,0
20231022,1097,1,3,201.0,0,0
20231022,1097,815,2,240.0,2,0
20231022,1097,847,13,25.0,0,0
20231022,1097,840,11,53.0,0,0
20231022,1097,832,5,171.0,1,0
20231022,1097,822,14,10.0,0,0
20231022,1097,825,18,3.0,0,0
20231022,1097,851,16,8.0,0,0
20231022,1097,830,1,466.0,15,0
20231022,1097,808,15,9.0,0,0
20231022,1097,4,4,183.0,0,0
20231029,1098,830,1,491.0,16,0
20231029,1098,815,2,240.0,2,0
20231029,1098,4,5,183.0,0,0
20231029,1098,832,4,183.0,1,0
20231029,1098,1,3,220.0,0,0
20231029,1098,840,11,53.0,0,0
20231029,1098,846,8,151.0,0,0
20231029,1098,822,14,10.0,0,0
20231029,1098,453,10,56.0,0,0
20231029,1098,847,13,27.0,0,0
20231029,1098,851,16,8.0,0,0
20231029,1098,857,21,1.0,0,0
20231029,1098,825,19,3.0,0,0
20231029,1098,855,22,0.0,0,0
20231029,1098,808,15,9.0,0,0
20231029,1098,854,18,6.0,0,0
20231029,1098,845,6,169.0,0,0
20231029,1098,839,12,45.0,0,0
20231029,1098,843,7,166.0,0,0
20231029,1098,856,9,87.0,0,0
20231029,1098,817,17,6.0,0,0
20231029,1098,858,20,2.0,0,0
20231105,1099,830,1,524.0,17,0
20231105,1099,815,2,258.0,2,0
20231105,1099,4,4,198.0,0,0
20231105,1099,832,6,192.0,1,0
20231105,1099,1,3,226.0,0,0
20231105,1099,840,10,63.0,0,0
20231105,1099,846,8,156.0,0,0
20231105,1099,822,15,10.0,0,0
20231105,1099,453,11,62.0,0,0
20231105,1099,847,13,27.0,0,0
20231105,1099,851,14,13.0,0,0
20231105,1099,857,21,1.0,0,0
20231105,1099,825,19,3.0,0,0
20231105,1099,855,22,0.0,0,0
20231105,1099,808,16,9.0,0,0
20231105,1099,854,18,6.0,0,0
20231105,1099,845,5,195.0,0,0
20231105,1099,839,12,46.0,0,0
20231105,1099,843,7,170.0,0,0
20231105,1099,856,9,87.0,0,0
20231105,1099,817,17,6.0,0,0
20231105,1099,858,20,2.0,0,0
20231119,1100,817,17,6.0,0,0
20231119,1100,856,9,89.0,0,0
20231119,1100,843,7,188.0,0,0
20231119,1100,839,12,58.0,0,0
20231119,1100,845,6,195.0,0,0
20231119,1100,854,18,6.0,0,0
20231119,1100,808,16,9.0,0,0
20231119,1100,855,22,0.0,0,0
20231119,1100,825,19,3.0,0,0
20231119,1100,857,21,1.0,0,0
20231119,1100,851,14,13.0,0,0
20231119,1100,847,13,27.0,0,0
20231119,1100,453,11,62.0,0,0
20231119,1100,822,15,10.0,0,0
20231119,1100,846,8,160.0,0,0
20231119,1100,840,10,73.0,0,0
20231119,1100,1,3,232.0,0,0
20231119,1100,832,4,200.0,1,0
20231119,1100,4,5,200.0,0,0
20231119,1100,815,2,273.0,2,0
20231119,1100,830,1,549.0,18,0
20231119,1100,858,20,2.0,0,0
20231126,1101,830,1,575.0,19,1
20231126,1101,815,2,285.0,2,1
20231126,1101,4,4,206.0,0,1
20231126,1101,832,7,200.0,1,1
20231126,1101,1,3,234.0,0,1
20231126,1101,840,10,74.0,0,1
20231126,1101,846,8,175.0,0,1
20231126,1101,822,15,10.0,0,1
20231126,1101,453,11,62.0,0,1
20231126,1101,847,13,27.0,0,1
20231126,1101,851,14,17.0,0,1
20231126,1101,857,21,1.0,0,1
20231126,1101,825,19,3.0,0,1
20231126,1101,855,22,0.0,0,1
20231126,1101,808,16,9.0,0,1
20231126,1101,854,18,6.0,0,1
20231126,1101,845,6,205.0,0,1
20231126,1101,839,12,58.0,0,1
20231126,1101,843,5,206.0,0,1
20231126,1101,856,9,97.0,0,1
20231126,1101,817,17,6.0,0,1
20231126,1101,858,20,2.0,0,1
20240302,1102,839,17,0.0,0,0
20240302,1102,808,16,0.0,0,0
20240302,1102,847,15,0.0,0,0
20240302,1102,851,14,0.0,0,0
20240302,1102,817,13,0.0,0,0
20240302,1102,825,12,0.0,0,0
20240302,1102,854,11,0.0,0,0
20240302,1102,840,10,1.0,0,0
20240302,1102,4,9,2.0,0,0
20240302,1102,856,8,4.0,0,0
20240302,1102,1,7,6.0,0,0
20240302,1102,845,6,8.0,0,0
20240302,1102,846,5,10.0,0,0
20240302,1102,843,4,12.0,0,0
20240302,1102,832,3,15.0,0,0
20240302,1102,815,2,18.0,0,0
20240302,1102,830,1,26.0,1,0
20240302,1102,453,18,0.0,0,0
20240302,1102,822,19,0.0,0,0
20240302,1102,857,20,0.0,0,0
20240309,1103,830,1,51.0,2,0
20240309,1103,815,2,36.0,0,0
20240309,1103,832,6,15.0,0,0
20240309,1103,843,3,28.0,0,0
20240309,1103,846,4,18.0,0,0
20240309,1103,845,8,12.0,0,0
20240309,1103,1,9,8.0,0,0
20240309,1103,856,5,16.0,0,0
20240309,1103,4,7,12.0,0,0
20240309,1103,840,12,1.0,0,0
20240309,1103,854,14,0.0,0,0
20240309,1103,825,15,0.0,0,0
20240309,1103,817,16,0.0,0,0
20240309,1103,851,18,0.0,0,0
20240309,1103,847,13,0.0,0,0
20240309,1103,808,11,1.0,0,0
20240309,1103,839,17,0.0,0,0
20240309,1103,453,21,0.0,0,0
20240309,1103,822,20,0.0,0,0
20240309,1103,857,19,0.0,0,0
20240309,1103,859,10,6.0,0,0
20240324,1104,859,12,6.0,0,0
20240324,1104,822,20,0.0,0,0
20240324,1104,453,19,0.0,0,0
20240324,1104,839,18,0.0,0,0
20240324,1104,808,13,3.0,0,0
20240324,1104,847,15,0.0,0,0
20240324,1104,851,11,6.0,0,0
20240324,1104,817,17,0.0,0,0
20240324,1104,825,14,1.0,0,0
20240324,1104,854,16,0.0,0,0
20240324,1104,856,5,28.0,0,0
20240324,1104,1,10,8.0,0,0
20240324,1104,815,3,46.0,0,0
20240324,1104,4,8,16.0,0,0
20240324,1104,840,9,9.0,0,0
20240324,1104,830,1,51.0,2,0
20240324,1104,857,21,0.0,0,0
20240324,1104,845,6,27.0,0,0
20240324,1104,846,7,18.0,0,0
20240324,1104,843,2,47.0,0,0
20240324,1104,832,4,40.0,1,0
20240407,1105,830,1,77.0,3,0
20240407,1105,815,2,64.0,0,0
20240407,1105,832,4,55.0,1,0
20240407,1105,843,3,59.0,0,0
20240407,1105,846,7,24.0,0,0
20240407,1105,845,5,37.0,0,0
20240407,1105,1,9,10.0,0,0
20240407,1105,856,6,32.0,0,0
20240407,1105,4,8,24.0,0,0
20240407,1105,840,10,9.0,0,0
20240407,1105,854,16,0.0,0,0
20240407,1105,825,14,1.0,0,0
20240407,1105,817,17,0.0,0,0
20240407,1105,851,11,7.0,0,0
20240407,1105,847,15,0.0,0,0
20240407,1105,808,13,3.0,0,0
20240407,1105,839,18,0.0,0,0
20240407,1105,453,19,0.0,0,0
20240407,1105,822,20,0.0,0,0
20240407,1105,857,21,0.0,0,0
20240407,1105,859,12,6.0,0,0
20240421,1106,830,1,110.0,4,0
20240421,1106,815,2,85.0,0,0
20240421,1106,832,4,69.0,1,0
20240421,1106,843,3,76.0,0,0
20240421,1106,846,7,33.0,0,0
20240421,1106,845,5,58.0,0,0
20240421,1106,1,9,19.0,0,0
20240421,1106,856,6,38.0,0,0
20240421,1106,4,8,31.0,0,0
20240421,1106,840,10,9.0,0,0
20240421,1106,854,17,0.0,0,0
20240421,1106,825,14,1.0,0,0
20240421,1106,817,18,0.0,0,0
20240421,1106,851,11,7.0,0,0
20240421,1106,847,15,0.0,0,0
20240421,1106,808,13,4.0,0,0
20240421,1106,839,16,0.0,0,0
20240421,1106,453,19,0.0,0,0
20240421,1106,822,20,0.0,0,0
20240421,1106,857,21,0.0,0,0
20240421,1106,859,12,6.0,0,0
20240505,1107,830,1,136.0,4,0
20240505,1107,815,2,103.0,0,0
20240505,1107,832,5,83.0,1,0
20240505,1107,843,3,98.0,0,0
20240505,1107,846,7,37.0,0,0
20240505,1107,845,4,83.0,1,0
20240505,1107,1,9,27.0,0,0
20240505,1107,856,6,41.0,0,0
20240505,1107,4,8,33.0,0,0
20240505,1107,840,11,9.0,0,0
20240505,1107,854,18,0.0,0,0
20240505,1107,825,16,1.0,0,0
20240505,1107,817,14,5.0,0,0
20240505,1107,851,10,14.0,0,0
20240505,1107,847,17,0.0,0,0
20240505,1107,808,13,6.0,0,0
20240505,1107,839,15,1.0,0,0
20240505,1107,453,19,0.0,0,0
20240505,1107,822,20,0.0,0,0
20240505,1107,857,21,0.0,0,0
20240505,1107,859,12,6.0,0,0
20240519,1108,830,1,161.0,5,0
20240519,1108,815,3,107.0,0,0
20240519,1108,832,5,93.0,1,0
20240519,1108,843,2,113.0,0,0
20240519,1108,846,7,44.0,0,0
20240519,1108,845,4,101.0,1,0
20240519,1108,1,8,35.0,0,0
20240519,1108,856,6,53.0,0,0
20240519,1108,4,9,33.0,0,0
20240519,1108,840,11,11.0,0,0
20240519,1108,854,18,0.0,0,0
20240519,1108,825,16,1.0,0,0
20240519,1108,817,14,5.0,0,0
20240519,1108,851,10,15.0,0,0
20240519,1108,847,17,0.0,0,0
20240519,1108,808,13,6.0,0,0
20240519,1108,839,15,1.0,0,0
20240519,1108,453,19,0.0,0,0
20240519,1108,822,20,0.0,0,0
20240519,1108,857,21,0.0,0,0
20240519,1108,859,12,6.0,0,0
20240526,1109,857,21,0.0,0,0
20240526,1109,453,18,1.0,0,0
20240526,1109,847,15,2.0,0,0
20240526,1109,851,10,19.0,0,0
20240526,1109,817,14,5.0,0,0
20240526,1109,825,17,1.0,0,0
20240526,1109,4,9,33.0,0,0
20240526,1109,856,6,71.0,0,0
20240526,1109,845,3,113.0,1,0
20240526,1109,815,5,107.0,0,0
20240526,1109,859,12,6.0,0,0
20240526,1109,822,20,0.0,0,0
20240526,1109,839,16,1.0,0,0
20240526,1109,808,13,6.0,0,0
20240526,1109,854,19,0.0,0,0
20240526,1109,830,1,169.0,5,0
20240526,1109,840,11,11.0,0,0
20240526,1109,1,8,42.0,0,0
20240526,1109,846,7,54.0,0,0
20240526,1109,843,2,138.0,1,0
20240526,1109,832,4,108.0,1,0
20240609,1110,830,1,194.0,6,0
20240609,1110,815,5,107.0,0,0
20240609,1110,832,4,108.0,1,0
20240609,1110,843,2,138.0,1,0
20240609,1110,846,7,69.0,0,0
20240609,1110,845,3,131.0,1,0
20240609,1110,1,8,55.0,0,0
20240609,1110,856,6,81.0,0,0
20240609,1110,4,9,41.0,0,0
20240609,1110,840,11,17.0,0,0
20240609,1110,854,19,0.0,0,0
20240609,1110,825,18,1.0,0,0
20240609,1110,817,12,9.0,0,0
20240609,1110,851,10,19.0,0,0
20240609,1110,847,16,2.0,0,0
20240609,1110,808,14,6.0,0,0
20240609,1110,839,17,2.0,0,0
20240609,1110,453,15,3.0,0,0
20240609,1110,822,20,0.0,0,0
20240609,1110,857,21,0.0,0,0
20240609,1110,859,13,6.0,0,0
20240623,1111,830,1,219.0,7,0
20240623,1111,815,5,111.0,0,0
20240623,1111,832,4,116.0,1,0
20240623,1111,843,3,148.0,1,0
20240623,1111,846,7,81.0,0,0
20240623,1111,845,2,150.0,1,0
20240623,1111,1,8,70.0,0,0
20240623,1111,856,6,87.0,0,0
20240623,1111,4,9,41.0,0,0
20240623,1111,840,11,17.0,0,0
20240623,1111,854,19,0.0,0,0
20240623,1111,825,18,1.0,0,0
20240623,1111,817,12,9.0,0,0
20240623,1111,851,10,19.0,0,0
20240623,1111,847,17,2.0,0,0
20240623,1111,808,14,6.0,0,0
20240623,1111,839,16,3.0,0,0
20240623,1111,453,15,5.0,0,0
20240623,1111,822,20,0.0,0,0
20240623,1111,857,21,0.0,0,0
20240623,1111,859,13,6.0,0,0
20240630,1112,830,1,237.0,7,0
20240630,1112,815,5,118.0,0,0
20240630,1112,832,4,135.0,1,0
20240630,1112,843,3,150.0,1,0
20240630,1112,846,7,111.0,1,0
20240630,1112,845,2,156.0,1,0
20240630,1112,1,8,85.0,0,0
20240630,1112,856,6,112.0,0,0
20240630,1112,4,9,41.0,0,0
20240630,1112,840,11,17.0,0,0
20240630,1112,854,19,0.0,0,0
20240630,1112,825,16,5.0,0,0
20240630,1112,817,13,11.0,0,0
20240630,1112,851,10,19.0,0,0
20240630,1112,847,18,2.0,0,0
20240630,1112,808,12,14.0,0,0
20240630,1112,839,17,3.0,0,0
20240630,1112,453,15,6.0,0,0
20240630,1112,822,20,0.0,0,0
20240630,1112,857,21,0.0,0,0
20240630,1112,859,14,6.0,0,0
20240707,1113,830,1,255.0,7,0
20240707,1113,815,6,118.0,0,0
20240707,1113,832,4,146.0,1,0
20240707,1113,843,3,150.0,1,0
20240707,1113,846,7,111.0,1,0
20240707,1113,845,2,171.0,1,0
20240707,1113,1,8,110.0,1,0
20240707,1113,856,5,124.0,0,0
20240707,1113,4,9,45.0,0,0
20240707,1113,840,10,23.0,0,0
20240707,1113,854,19,0.0,0,0
20240707,1113,825,16,5.0,0,0
20240707,1113,817,13,11.0,0,0
20240707,1113,851,12,20.0,0,0
20240707,1113,847,17,4.0,0,0
20240707,1113,808,11,22.0,0,0
20240707,1113,839,18,3.0,0,0
20240707,1113,453,15,6.0,0,0
20240707,1113,822,21,0.0,0,0
20240707,1113,857,20,0.0,0,0
20240707,1113,859,14,6.0,0,0
20240721,1114,830,1,265.0,7,0
20240721,1114,815,7,124.0,0,0
20240721,1114,832,4,154.0,1,0
20240721,1114,843,3,162.0,1,0
20240721,1114,846,8,116.0,1,0
20240721,1114,845,2,189.0,1,0
20240721,1114,1,6,125.0,1,0
20240721,1114,856,5,149.0,1,0
20240721,1114,4,9,45.0,0,0
20240721,1114,840,10,24.0,0,0
20240721,1114,854,19,0.0,0,0
20240721,1114,825,16,5.0,0,0
20240721,1114,817,13,11.0,0,0
20240721,1114,851,12,22.0,0,0
20240721,1114,847,17,4.0,0,0
20240721,1114,808,11,22.0,0,0
20240721,1114,839,18,3.0,0,0
20240721,1114,453,15,6.0,0,0
20240721,1114,822,21,0.0,0,0
20240721,1114,857,20,0.0,0,0
20240721,1114,859,14,6.0,0,0
20240825,1116,830,1,295.0,7,0
20240728,1115,859,14,6.0,0,0
20240728,1115,857,20,0.0,0,0
20240728,1115,822,21,0.0,0,0
20240728,1115,453,15,6.0,0,0
20240728,1115,839,17,5.0,0,0
20240728,1115,808,11,22.0,0,0
20240728,1115,847,18,4.0,0,0
20240728,1115,851,12,22.0,0,0
20240728,1115,817,13,12.0,0,0
20240728,1115,825,16,5.0,0,0
20240728,1115,854,19,0.0,0,0
20240728,1115,830,1,277.0,7,0
20240728,1115,815,7,131.0,0,0
20240728,1115,832,5,162.0,1,0
20240728,1115,843,3,177.0,1,0
20240728,1115,846,8,116.0,1,0
20240728,1115,845,2,199.0,1,0
20240728,1115,1,6,150.0,2,0
20240728,1115,856,4,167.0,1,0
20240728,1115,4,9,49.0,0,0
20240728,1115,840,10,24.0,0,0
20240825,1116,815,7,139.0,0,0
20240825,1116,832,5,172.0,1,0
20240825,1116,843,3,192.0,1,0
20240825,1116,846,8,122.0,1,0
20240825,1116,845,2,225.0,2,0
20240825,1116,1,6,154.0,2,0
20240825,1116,856,4,179.0,1,0
20240825,1116,4,9,50.0,0,0
20240825,1116,840,10,24.0,0,0
20240825,1116,854,19,0.0,0,0
20240825,1116,825,16,5.0,0,0
20240825,1116,817,13,12.0,0,0
20240825,1116,851,12,22.0,0,0
20240825,1116,847,18,4.0,0,0
20240825,1116,808,11,22.0,0,0
20240825,1116,839,17,5.0,0,0
20240825,1116,453,14,8.0,0,0
20240825,1116,822,21,0.0,0,0
20240825,1116,857,20,0.0,0,0
20240825,1116,859,15,6.0,0,0
20240901,1117,822,22,0.0,0,0
20240901,1117,453,14,8.0,0,0
20240901,1117,839,18,5.0,0,0
20240901,1117,808,11,22.0,0,0
20240901,1117,847,17,6.0,0,0
20240901,1117,851,12,22.0,0,0
20240901,1117,817,13,12.0,0,0
20240901,1117,825,16,6.0,0,0
20240901,1117,854,19,0.0,0,0
20240901,1117,840,10,24.0,0,0
20240901,1117,4,9,50.0,0,0
20240901,1117,856,4,197.0,1,0
20240901,1117,1,6,164.0,2,0
20240901,1117,845,2,241.0,2,0
20240901,1117,846,8,128.0,1,0
20240901,1117,843,3,217.0,2,0
20240901,1117,832,5,184.0,1,0
20240901,1117,815,7,143.0,0,0
20240901,1117,830,1,303.0,7,0
20240901,1117,857,20,0.0,0,0
20240901,1117,859,15,6.0,0,0
20240901,1117,860,21,0.0,0,0
20240915,1118,830,1,313.0,7,0
20240915,1118,815,8,143.0,0,0
20240915,1118,832,5,184.0,1,0
20240915,1118,843,3,235.0,2,0
20240915,1118,846,7,143.0,1,0
20240915,1118,845,2,254.0,2,0
20240915,1118,1,6,166.0,2,0
20240915,1118,856,4,222.0,2,0
20240915,1118,4,9,58.0,0,0
20240915,1118,840,10,24.0,0,0
20240915,1118,854,20,0.0,0,0
20240915,1118,825,17,6.0,0,0
20240915,1118,817,14,12.0,0,0
20240915,1118,851,12,22.0,0,0
20240915,1118,847,13,12.0,0,0
20240915,1118,808,11,22.0,0,0
20240915,1118,839,18,5.0,0,0
20240915,1118,453,15,8.0,0,0
20240915,1118,822,22,0.0,0,0
20240915,1118,857,21,0.0,0,0
20240915,1118,859,16,7.0,0,0
20240915,1118,860,19,4.0,0,0
20240922,1119,830,1,331.0,7,0
20240922,1119,815,8,144.0,0,0
20240922,1119,832,5,190.0,1,0
20240922,1119,843,3,245.0,2,0
20240922,1119,846,7,155.0,1,0
20240922,1119,845,2,279.0,3,0
20240922,1119,1,6,174.0,2,0
20240922,1119,856,4,237.0,2,0
20240922,1119,4,9,62.0,0,0
20240922,1119,840,11,24.0,0,0
20240922,1119,854,20,0.0,0,0
20240922,1119,825,17,6.0,0,0
20240922,1119,817,14,12.0,0,0
20240922,1119,851,12,22.0,0,0
20240922,1119,847,13,12.0,0,0
20240922,1119,808,10,24.0,0,0
20240922,1119,839,18,5.0,0,0
20240922,1119,453,15,8.0,0,0
20240922,1119,822,22,0.0,0,0
20240922,1119,857,21,0.0,0,0
20240922,1119,859,16,7.0,0,0
20240922,1119,860,19,4.0,0,0
20241020,1120,830,1,354.0,7,0
20241020,1120,815,8,150.0,0,0
20241020,1120,832,5,215.0,1,0
20241020,1120,843,3,275.0,3,0
20241020,1120,846,7,167.0,1,0
20241020,1120,845,2,297.0,3,0
20241020,1120,1,6,177.0,2,0
20241020,1120,856,4,247.0,2,0
20241020,1120,4,9,62.0,0,0
20241020,1120,840,11,24.0,0,0
20241020,1120,854,21,0.0,0,0
20241020,1120,825,15,8.0,0,0
20241020,1120,817,14,12.0,0,0
20241020,1120,851,12,22.0,0,0
20241020,1120,847,13,12.0,0,0
20241020,1120,808,10,29.0,0,0
20241020,1120,839,19,5.0,0,0
20241020,1120,453,16,8.0,0,0
20241020,1120,822,23,0.0,0,0
20241020,1120,857,22,0.0,0,0
20241020,1120,859,17,7.0,0,0
20241020,1120,860,18,5.0,0,0
20241020,1120,858,20,2.0,0,0
20241027,1121,830,1,362.0,7,0
20241027,1121,815,8,150.0,0,0
20241027,1121,832,5,240.0,2,0
20241027,1121,843,3,291.0,3,0
20241027,1121,846,7,177.0,1,0
20241027,1121,845,2,315.0,3,0
20241027,1121,1,6,189.0,2,0
20241027,1121,856,4,251.0,2,0
20241027,1121,4,9,62.0,0,0
20241027,1121,840,11,24.0,0,0
20241027,1121,854,21,0.0,0,0
20241027,1121,825,13,14.0,0,0
20241027,1121,817,15,12.0,0,0
20241027,1121,851,12,22.0,0,0
20241027,1121,847,14,12.0,0,0
20241027,1121,808,10,31.0,0,0
20241027,1121,839,19,5.0,0,0
20241027,1121,453,16,9.0,0,0
20241027,1121,822,23,0.0,0,0
20241027,1121,857,22,0.0,0,0
20241027,1121,859,17,7.0,0,0
20241027,1121,860,18,5.0,0,0
20241027,1121,858,20,2.0,0,0
20241103,1122,859,18,7.0,0,0
20241103,1122,857,22,0.0,0,0
20241103,1122,822,23,0.0,0,0
20241103,1122,453,12,26.0,0,0
20241103,1122,839,14,23.0,0,0
20241103,1122,808,10,31.0,0,0
20241103,1122,847,16,12.0,0,0
20241103,1122,851,11,28.0,0,0
20241103,1122,817,17,12.0,0,0
20241103,1122,825,15,14.0,0,0
20241103,1122,854,21,0.0,0,0
20241103,1122,840,13,24.0,0,0
20241103,1122,4,9,62.0,0,0
20241103,1122,856,4,262.0,2,0
20241103,1122,1,7,190.0,2,0
20241103,1122,845,2,331.0,3,0
20241103,1122,846,6,192.0,1,0
20241103,1122,843,3,307.0,3,0
20241103,1122,832,5,244.0,2,0
20241103,1122,815,8,151.0,0,0
20241103,1122,830,1,393.0,8,0
20241103,1122,860,19,5.0,0,0
20241103,1122,858,20,4.0,0,0
20241123,1123,860,19,5.0,0,0
20241123,1123,857,22,0.0,0,0
20241123,1123,453,12,26.0,0,0
20241123,1123,839,14,23.0,0,0
20241123,1123,808,10,35.0,0,0
20241123,1123,847,16,12.0,0,0
20241123,1123,851,11,30.0,0,0
20241123,1123,825,15,14.0,0,0
20241123,1123,840,13,24.0,0,0
20241123,1123,856,4,268.0,2,0
20241123,1123,845,2,340.0,3,0
20241123,1123,815,8,152.0,0,0
20241123,1123,859,18,7.0,0,0
20241123,1123,858,20,4.0,0,0
20241123,1123,822,23,0.0,0,0
20241123,1123,854,21,0.0,0,0
20241123,1123,1,7,208.0,2,0
20241123,1123,4,9,62.0,0,0
20241123,1123,817,17,12.0,0,0
20241123,1123,843,3,319.0,3,0
20241123,1123,832,5,259.0,2,0
20241123,1123,830,1,403.0,8,0
20241123,1123,846,6,217.0,2,0
20241201,1124,830,1,429.0,9,0
20241201,1124,815,8,152.0,0,0
20241201,1124,832,5,272.0,2,0
20241201,1124,843,3,341.0,3,0
20241201,1124,846,6,235.0,2,0
20241201,1124,845,2,349.0,3,0
20241201,1124,1,7,211.0,2,0
20241201,1124,856,4,291.0,2,0
20241201,1124,4,9,68.0,0,0
20241201,1124,840,13,24.0,0,0
20241201,1124,854,20,4.0,0,0
20241201,1124,825,15,16.0,0,0
20241201,1124,817,17,12.0,0,0
20241201,1124,851,12,30.0,0,0
20241201,1124,847,16,12.0,0,0
20241201,1124,808,10,37.0,0,0
20241201,1124,839,14,23.0,0,0
20241201,1124,453,11,36.0,0,0
20241201,1124,822,22,0.0,0,0
20241201,1124,857,23,0.0,0,0
20241201,1124,859,18,7.0,0,0
20241201,1124,860,19,5.0,0,0
20241201,1124,858,21,4.0,0,0
20241208,1125,830,1,437.0,9,1
20241208,1125,815,8,152.0,0,1
20241208,1125,832,5,290.0,2,1
20241208,1125,843,3,356.0,3,1
20241208,1125,846,6,245.0,2,1
20241208,1125,845,2,374.0,4,1
20241208,1125,1,7,223.0,2,1
20241208,1125,856,4,292.0,2,1
20241208,1125,4,9,70.0,0,1
20241208,1125,840,13,24.0,0,1
20241208,1125,854,20,4.0,0,1
20241208,1125,825,15,16.0,0,1
20241208,1125,817,17,12.0,0,1
20241208,1125,851,12,30.0,0,1
20241208,1125,847,16,12.0,0,1
20241208,1125,808,11,41.0,0,1
20241208,1125,839,14,23.0,0,1
20241208,1125,453,10,42.0,0,1
20241208,1125,822,22,0.0,0,1
20241208,1125,857,23,0.0,0,1
20241208,1125,859,18,7.0,0,1
20241208,1125,860,19,5.0,0,1
20241208,1125,858,21,4.0,0,1
20241208,1125,861,24,0.0,0,1
