DateKey,RaceKey,ConstructorKey,StandingPosition,CumulativePoints,CumulativeWins,IsFinalStanding
20080316,786,1,1,14.0,1,0
20080316,786,2,3,8.0,0,0
20080316,786,3,2,9.0,0,0
20080316,786,4,4,5.0,0,0
20080316,786,5,5,2.0,0,0
20080316,786,6,6,1.0,0,0
20080323,787,1,1,24.0,1,0
20080323,787,2,2,19.0,0,0
20080323,787,3,4,9.0,0,0
20080323,787,4,5,6.0,0,0
20080323,787,5,8,2.0,0,0
20080323,787,6,3,11.0,1,0
20080323,787,7,6,5.0,0,0
20080323,787,9,7,2.0,0,0
20080323,787,11,9,0.0,0,0
20080323,787,10,10,0.0,0,0
20080323,787,8,11,0.0,0,0
20080406,788,1,3,28.0,1,0
20080406,788,2,1,30.0,0,0
20080406,788,3,4,10.0,0,0
20080406,788,4,6,6.0,0,0
20080406,788,5,8,2.0,0,0
20080406,788,6,2,29.0,2,0
20080406,788,7,5,8.0,0,0
20080406,788,9,7,4.0,0,0
20080406,788,11,9,0.0,0,0
20080406,788,10,10,0.0,0,0
20080406,788,8,11,0.0,0,0
20080427,789,1,3,34.0,1,0
20080427,789,2,2,35.0,0,0
20080427,789,3,4,12.0,0,0
20080427,789,4,7,6.0,0,0
20080427,789,5,9,2.0,0,0
20080427,789,6,1,47.0,3,0
20080427,789,7,5,9.0,0,0
20080427,789,9,6,8.0,0,0
20080427,789,11,8,3.0,0,0
20080427,789,10,10,0.0,0,0
20080427,789,8,11,0.0,0,0
20080511,790,1,3,42.0,1,0
20080511,790,2,2,44.0,0,0
20080511,790,3,4,13.0,0,0
20080511,790,4,7,9.0,0,0
20080511,790,5,9,2.0,0,0
20080511,790,6,1,63.0,4,0
20080511,790,7,6,9.0,0,0
20080511,790,9,5,10.0,0,0
20080511,790,11,8,3.0,0,0
20080511,790,10,10,0.0,0,0
20080511,790,8,11,0.0,0,0
20080525,791,1,2,53.0,2,0
20080525,791,2,3,52.0,0,0
20080525,791,3,4,15.0,0,0
20080525,791,4,7,9.0,0,0
20080525,791,5,8,6.0,0,0
20080525,791,6,1,69.0,4,0
20080525,791,7,6,9.0,0,0
20080525,791,9,5,15.0,0,0
20080525,791,11,9,6.0,0,0
20080525,791,10,10,0.0,0,0
20080525,791,8,11,0.0,0,0
20080608,792,1,3,53.0,2,0
20080608,792,2,2,70.0,1,0
20080608,792,3,6,15.0,0,0
20080608,792,4,7,9.0,0,0
20080608,792,5,9,7.0,0,0
20080608,792,6,1,73.0,4,0
20080608,792,7,5,17.0,0,0
20080608,792,9,4,21.0,0,0
20080608,792,11,8,8.0,0,0
20080608,792,10,10,0.0,0,0
20080608,792,8,11,0.0,0,0
20080622,793,1,3,58.0,2,0
20080622,793,2,2,74.0,1,0
20080622,793,3,6,15.0,0,0
20080622,793,4,7,12.0,0,0
20080622,793,5,9,7.0,0,0
20080622,793,6,1,91.0,5,0
20080622,793,7,5,23.0,0,0
20080622,793,9,4,24.0,0,0
20080622,793,11,8,8.0,0,0
20080622,793,10,10,0.0,0,0
20080622,793,8,11,0.0,0,0
20080706,794,1,3,72.0,3,0
20080706,794,2,2,82.0,1,0
20080706,794,3,6,16.0,0,0
20080706,794,4,7,15.0,0,0
20080706,794,5,9,7.0,0,0
20080706,794,6,1,96.0,5,0
20080706,794,7,4,25.0,0,0
20080706,794,9,5,24.0,0,0
20080706,794,11,8,14.0,0,0
20080706,794,10,10,0.0,0,0
20080706,794,8,11,0.0,0,0
20080720,795,1,3,86.0,4,0
20080720,795,2,2,89.0,1,0
20080720,795,3,7,16.0,0,0
20080720,795,4,6,23.0,0,0
20080720,795,5,9,8.0,0,0
20080720,795,6,1,105.0,5,0
20080720,795,7,4,25.0,0,0
20080720,795,9,5,24.0,0,0
20080720,795,11,8,14.0,0,0
20080720,795,10,10,0.0,0,0
20080720,795,8,11,0.0,0,0
20080803,796,1,2,100.0,5,0
20080803,796,2,3,90.0,1,0
20080803,796,3,7,16.0,0,0
20080803,796,4,5,31.0,0,0
20080803,796,5,9,8.0,0,0
20080803,796,6,1,111.0,5,0
20080803,796,7,4,35.0,0,0
20080803,796,9,6,24.0,0,0
20080803,796,11,8,14.0,0,0
20080803,796,10,10,0.0,0,0
20080803,796,8,11,0.0,0,0
20080824,797,1,2,113.0,5,0
20080824,797,2,3,96.0,1,0
20080824,797,3,7,17.0,0,0
20080824,797,4,5,31.0,0,0
20080824,797,5,9,11.0,0,0
20080824,797,6,1,121.0,6,0
20080824,797,7,4,41.0,0,0
20080824,797,9,6,24.0,0,0
20080824,797,11,8,14.0,0,0
20080824,797,10,10,0.0,0,0
20080824,797,8,11,0.0,0,0
20080907,798,1,2,119.0,5,0
20080907,798,2,3,107.0,1,0
20080907,798,3,7,17.0,0,0
20080907,798,4,5,36.0,0,0
20080907,798,5,8,17.0,0,0
20080907,798,6,1,131.0,7,0
20080907,798,7,4,41.0,0,0
20080907,798,9,6,25.0,0,0
20080907,798,11,9,14.0,0,0
20080907,798,10,10,0.0,0,0
20080907,798,8,11,0.0,0,0
20080914,799,1,2,129.0,5,0
20080914,799,2,3,117.0,1,0
20080914,799,3,8,17.0,0,0
20080914,799,4,5,41.0,0,0
20080914,799,5,6,27.0,1,0
20080914,799,6,1,134.0,7,0
20080914,799,7,4,41.0,0,0
20080914,799,9,7,26.0,0,0
20080914,799,11,9,14.0,0,0
20080914,799,10,10,0.0,0,0
20080914,799,8,11,0.0,0,0
20080928,800,1,1,135.0,5,0
20080928,800,2,3,120.0,1,0
20080928,800,3,8,26.0,0,0
20080928,800,4,4,51.0,1,0
20080928,800,5,6,31.0,1,0
20080928,800,6,2,134.0,7,0
20080928,800,7,5,46.0,0,0
20080928,800,9,7,28.0,0,0
20080928,800,11,9,14.0,0,0
20080928,800,10,10,0.0,0,0
20080928,800,8,11,0.0,0,0
20081012,801,1,2,135.0,5,0
20081012,801,2,3,128.0,1,0
20081012,801,3,8,26.0,0,0
20081012,801,4,4,66.0,2,0
20081012,801,5,6,34.0,1,0
20081012,801,6,1,142.0,7,0
20081012,801,7,5,50.0,0,0
20081012,801,9,7,29.0,0,0
20081012,801,11,9,14.0,0,0
20081012,801,10,10,0.0,0,0
20081012,801,8,11,0.0,0,0
20081019,802,8,11,0.0,0,0
20081019,802,10,10,0.0,0,0
20081019,802,11,9,14.0,0,0
20081019,802,9,7,29.0,0,0
20081019,802,7,5,52.0,0,0
20081019,802,6,1,156.0,7,0
20081019,802,5,6,34.0,1,0
20081019,802,4,4,72.0,2,0
20081019,802,3,8,26.0,0,0
20081019,802,2,3,135.0,1,0
20081019,802,1,2,145.0,6,0
20081102,803,1,2,151.0,6,1
20081102,803,2,3,135.0,1,1
20081102,803,3,8,26.0,0,1
20081102,803,4,4,80.0,2,1
20081102,803,5,6,39.0,1,1
20081102,803,6,1,172.0,8,1
20081102,803,7,5,56.0,0,1
20081102,803,9,7,29.0,0,1
20081102,803,11,9,14.0,0,1
20081102,803,10,10,0.0,0,1
20081102,803,8,11,0.0,0,1
20070318,769,5,9,0.0,0,0
20070318,769,9,8,0.0,0,0
20070318,769,8,7,0.0,0,0
20070318,769,11,6,0.0,0,0
20070318,769,7,5,1.0,0,0
20070318,769,3,4,2.0,0,0
20070318,769,4,3,4.0,0,0
20070318,769,2,2,5.0,0,0
20070408,770,5,9,0.0,0,0
20070408,770,9,6,0.0,0,0
20070408,770,8,8,0.0,0,0
20070408,770,11,7,0.0,0,0
20070408,770,7,4,3.0,0,0
20070408,770,3,5,2.0,0,0
20070408,770,4,3,8.0,0,0
20070408,770,2,2,10.0,0,0
20070415,771,5,9,0.0,0,0
20070415,771,9,6,0.0,0,0
20070415,771,8,8,0.0,0,0
20070415,771,11,7,0.0,0,0
20070415,771,7,4,5.0,0,0
20070415,771,3,5,2.0,0,0
20070415,771,4,3,9.0,0,0
20070415,771,2,2,18.0,0,0
20070415,771,1,11,44.0,1,0
20070415,771,6,1,39.0,2,0
20070513,772,5,10,0.0,0,0
20070513,772,9,6,4.0,0,0
20070513,772,8,7,1.0,0,0
20070513,772,11,8,0.0,0,0
20070513,772,7,5,5.0,0,0
20070513,772,3,4,5.0,0,0
20070513,772,4,3,11.0,0,0
20070513,772,2,2,23.0,0,0
20070513,772,1,11,58.0,1,0
20070527,773,5,8,0.0,0,0
20070527,773,9,6,4.0,0,0
20070527,773,8,7,1.0,0,0
20070527,773,11,9,0.0,0,0
20070527,773,7,5,5.0,0,0
20070527,773,3,4,7.0,0,0
20070527,773,4,3,16.0,0,0
20070527,773,2,2,30.0,0,0
20070527,773,1,11,76.0,2,0
20070610,774,5,8,0.0,0,0
20070610,774,9,6,4.0,0,0
20070610,774,8,7,4.0,0,0
20070610,774,11,9,0.0,0,0
20070610,774,7,5,6.0,0,0
20070610,774,3,4,13.0,0,0
20070610,774,4,3,21.0,0,0
20070610,774,2,2,38.0,0,0
20070610,774,1,11,88.0,3,0
20070617,775,5,8,0.0,0,0
20070617,775,9,6,6.0,0,0
20070617,775,8,7,4.0,0,0
20070617,775,11,9,0.0,0,0
20070617,775,7,5,9.0,0,0
20070617,775,3,4,13.0,0,0
20070617,775,4,3,25.0,0,0
20070617,775,2,2,39.0,0,0
20070617,775,1,11,106.0,4,0
20070701,776,5,9,0.0,0,0
20070701,776,9,6,6.0,0,0
20070701,776,8,7,4.0,0,0
20070701,776,11,8,1.0,0,0
20070701,776,7,5,9.0,0,0
20070701,776,3,4,13.0,0,0
20070701,776,4,3,28.0,0,0
20070701,776,2,2,48.0,0,0
20070701,776,1,11,114.0,4,0
20070708,777,5,9,0.0,0,0
20070708,777,9,6,6.0,0,0
20070708,777,8,7,4.0,0,0
20070708,777,11,8,1.0,0,0
20070708,777,7,5,9.0,0,0
20070708,777,3,4,13.0,0,0
20070708,777,4,3,31.0,0,0
20070708,777,2,2,56.0,0,0
20070708,777,1,11,128.0,5,0
20070722,778,5,9,0.0,0,0
20070722,778,9,5,16.0,0,0
20070722,778,8,7,4.0,0,0
20070722,778,11,8,1.0,0,0
20070722,778,7,6,9.0,0,0
20070722,778,3,4,18.0,0,0
20070722,778,4,3,32.0,0,0
20070722,778,2,2,61.0,0,0
20070722,778,1,11,138.0,5,0
20070805,779,5,9,0.0,0,0
20070805,779,9,5,16.0,0,0
20070805,779,8,7,4.0,0,0
20070805,779,11,8,1.0,0,0
20070805,779,7,6,12.0,0,0
20070805,779,3,4,20.0,0,0
20070805,779,4,3,33.0,0,0
20070805,779,2,2,71.0,0,0
20070805,779,1,11,138.0,6,0
20070826,780,5,9,0.0,0,0
20070826,780,9,5,16.0,0,0
20070826,780,8,7,4.0,0,0
20070826,780,11,8,1.0,0,0
20070826,780,7,6,12.0,0,0
20070826,780,3,4,22.0,0,0
20070826,780,4,3,36.0,0,0
20070826,780,2,2,77.0,0,0
20070826,780,1,11,148.0,6,0
20070909,781,5,9,0.0,0,0
20070909,781,9,5,16.0,0,0
20070909,781,8,7,4.0,0,0
20070909,781,11,8,2.0,0,0
20070909,781,7,6,12.0,0,0
20070909,781,3,4,25.0,0,0
20070909,781,4,3,38.0,0,0
20070909,781,2,2,86.0,0,0
20070909,781,1,11,166.0,7,0
20070916,782,5,9,0.0,0,0
20070916,782,9,5,18.0,0,0
20070916,782,8,7,4.0,0,0
20070916,782,11,8,2.0,0,0
20070916,782,7,6,12.0,0,0
20070916,782,3,4,28.0,0,0
20070916,782,4,3,39.0,0,0
20070916,782,2,2,90.0,0,0
20070916,782,1,11,192.0,7,0
20070930,783,5,10,0.0,0,0
20070930,783,9,5,23.0,0,0
20070930,783,8,7,4.0,0,0
20070930,783,11,8,2.0,0,0
20070930,783,7,6,12.0,0,0
20070930,783,3,4,28.0,0,0
20070930,783,4,3,51.0,0,0
20070930,783,2,2,92.0,0,0
20070930,783,1,11,202.0,8,0
20071007,784,5,7,8.0,0,0
20071007,784,9,5,24.0,0,0
20071007,784,8,9,4.0,0,0
20071007,784,11,8,6.0,0,0
20071007,784,7,6,12.0,0,0
20071007,784,3,4,28.0,0,0
20071007,784,4,3,51.0,0,0
20071007,784,2,2,94.0,0,0
20071007,784,1,11,210.0,8,0
20071021,785,5,7,8.0,0,1
20071021,785,9,5,24.0,0,1
20071021,785,8,9,4.0,0,1
20071021,785,11,8,6.0,0,1
20071021,785,7,6,13.0,0,1
20071021,785,3,4,33.0,0,1
20071021,785,4,3,51.0,0,1
20071021,785,2,2,101.0,0,1
20071021,785,1,11,218.0,8,1
20060312,751,8,11,0.0,0,0
20060312,751,13,10,0.0,0,0
20060312,751,7,9,0.0,0,0
20060312,751,2,8,0.0,0,0
20060312,751,5,7,0.0,0,0
20060312,751,9,6,1.0,0,0
20060312,751,3,5,5.0,0,0
20060312,751,11,4,5.0,0,0
20060312,751,1,2,10.0,0,0
20060312,751,6,3,8.0,0,0
20060312,751,4,1,10.0,1,0
20060319,752,8,11,0.0,0,0
20060319,752,13,10,0.0,0,0
20060319,752,7,7,1.0,0,0
20060319,752,2,6,2.0,0,0
20060319,752,5,9,0.0,0,0
20060319,752,9,8,1.0,0,0
20060319,752,3,5,5.0,0,0
20060319,752,11,4,11.0,0,0
20060319,752,1,3,15.0,0,0
20060319,752,6,2,15.0,0,0
20060319,752,4,1,28.0,2,0
20060402,753,8,11,0.0,0,0
20060402,753,13,10,0.0,0,0
20060402,753,7,6,7.0,0,0
20060402,753,2,5,10.0,0,0
20060402,753,5,9,0.0,0,0
20060402,753,9,8,2.0,0,0
20060402,753,3,7,5.0,0,0
20060402,753,11,4,13.0,0,0
20060402,753,1,2,23.0,0,0
20060402,753,6,3,15.0,0,0
20060402,753,4,1,42.0,3,0
20060423,754,8,11,0.0,0,0
20060423,754,13,10,0.0,0,0
20060423,754,7,7,7.0,0,0
20060423,754,2,5,10.0,0,0
20060423,754,5,9,0.0,0,0
20060423,754,9,8,2.0,0,0
20060423,754,3,6,8.0,0,0
20060423,754,11,4,15.0,0,0
20060423,754,1,2,33.0,0,0
20060423,754,6,3,30.0,1,0
20060423,754,4,1,51.0,3,0
20060507,755,8,11,0.0,0,0
20060507,755,13,10,0.0,0,0
20060507,755,7,7,7.0,0,0
20060507,755,2,5,11.0,0,0
20060507,755,5,9,0.0,0,0
20060507,755,9,8,2.0,0,0
20060507,755,3,6,10.0,0,0
20060507,755,11,4,19.0,0,0
20060507,755,1,3,38.0,0,0
20060507,755,6,2,46.0,2,0
20060507,755,4,1,62.0,3,0
20060514,756,8,11,0.0,0,0
20060514,756,13,10,0.0,0,0
20060514,756,7,7,7.0,0,0
20060514,756,2,5,12.0,0,0
20060514,756,5,9,0.0,0,0
20060514,756,9,8,2.0,0,0
20060514,756,3,6,10.0,0,0
20060514,756,11,4,24.0,0,0
20060514,756,1,3,42.0,0,0
20060514,756,6,2,59.0,2,0
20060514,756,4,1,78.0,4,0
20060528,757,8,11,0.0,0,0
20060528,757,13,10,0.0,0,0
20060528,757,7,7,8.0,0,0
20060528,757,2,5,14.0,0,0
20060528,757,5,9,0.0,0,0
20060528,757,9,8,8.0,0,0
20060528,757,3,6,10.0,0,0
20060528,757,11,4,29.0,0,0
20060528,757,1,3,50.0,0,0
20060528,757,6,2,63.0,2,0
20060528,757,4,1,91.0,5,0
20060611,758,8,11,0.0,0,0
20060611,758,13,10,0.0,0,0
20060611,758,7,7,8.0,0,0
20060611,758,2,5,17.0,0,0
20060611,758,5,9,0.0,0,0
20060611,758,9,8,8.0,0,0
20060611,758,3,6,10.0,0,0
20060611,758,11,4,29.0,0,0
20060611,758,1,3,59.0,0,0
20060611,758,6,2,75.0,2,0
20060611,758,4,1,106.0,6,0
20060625,759,8,11,0.0,0,0
20060625,759,13,10,0.0,0,0
20060625,759,7,6,11.0,0,0
20060625,759,2,5,19.0,0,0
20060625,759,5,9,0.0,0,0
20060625,759,9,8,9.0,0,0
20060625,759,3,7,10.0,0,0
20060625,759,11,4,29.0,0,0
20060625,759,1,3,65.0,0,0
20060625,759,6,2,87.0,2,0
20060625,759,4,1,121.0,7,0
20060702,760,8,11,0.0,0,0
20060702,760,13,10,0.0,0,0
20060702,760,7,6,16.0,0,0
20060702,760,2,5,19.0,0,0
20060702,760,5,9,1.0,0,0
20060702,760,9,7,11.0,0,0
20060702,760,3,8,10.0,0,0
20060702,760,11,4,32.0,0,0
20060702,760,1,3,65.0,0,0
20060702,760,6,2,105.0,3,0
20060702,760,4,1,131.0,7,0
20060716,761,8,11,0.0,0,0
20060716,761,13,10,0.0,0,0
20060716,761,7,5,21.0,0,0
20060716,761,2,6,20.0,0,0
20060716,761,5,9,1.0,0,0
20060716,761,9,7,11.0,0,0
20060716,761,3,8,10.0,0,0
20060716,761,11,4,32.0,0,0
20060716,761,1,3,71.0,0,0
20060716,761,6,2,121.0,4,0
20060716,761,4,1,142.0,7,0
20060730,762,8,11,0.0,0,0
20060730,762,13,10,0.0,0,0
20060730,762,7,5,23.0,0,0
20060730,762,2,6,20.0,0,0
20060730,762,5,9,1.0,0,0
20060730,762,9,7,12.0,0,0
20060730,762,3,8,10.0,0,0
20060730,762,11,4,37.0,0,0
20060730,762,1,3,77.0,0,0
20060730,762,6,2,139.0,5,0
20060730,762,4,1,149.0,7,0
20060806,763,8,11,0.0,0,0
20060806,763,13,10,0.0,0,0
20060806,763,7,5,26.0,0,0
20060806,763,2,6,26.0,0,0
20060806,763,5,9,1.0,0,0
20060806,763,9,7,16.0,0,0
20060806,763,3,8,10.0,0,0
20060806,763,11,4,52.0,1,0
20060806,763,1,3,85.0,0,0
20060806,763,6,2,142.0,5,0
20060806,763,4,1,149.0,7,0
20060827,764,8,11,0.0,0,0
20060827,764,13,10,0.0,0,0
20060827,764,7,5,28.0,0,0
20060827,764,2,6,26.0,0,0
20060827,764,5,9,1.0,0,0
20060827,764,9,7,16.0,0,0
20060827,764,3,8,10.0,0,0
20060827,764,11,4,58.0,1,0
20060827,764,1,3,89.0,0,0
20060827,764,6,2,158.0,6,0
20060827,764,4,1,160.0,7,0
20060910,765,14,12,0.0,0,0
20060910,765,8,11,0.0,0,0
20060910,765,13,10,0.0,0,0
20060910,765,7,6,30.0,0,0
20060910,765,2,5,33.0,0,0
20060910,765,5,9,1.0,0,0
20060910,765,9,7,16.0,0,0
20060910,765,3,8,10.0,0,0
20060910,765,11,4,65.0,1,0
20060910,765,1,3,97.0,0,0
20060910,765,6,1,168.0,7,0
20060910,765,4,2,165.0,7,0
20061001,766,14,12,0.0,0,0
20061001,766,8,11,0.0,0,0
20061001,766,13,10,0.0,0,0
20061001,766,7,6,30.0,0,0
20061001,766,2,5,35.0,0,0
20061001,766,5,9,1.0,0,0
20061001,766,9,7,16.0,0,0
20061001,766,3,8,11.0,0,0
20061001,766,11,4,73.0,1,0
20061001,766,1,3,101.0,0,0
20061001,766,6,2,178.0,8,0
20061001,766,4,1,179.0,7,0
20061008,767,14,12,0.0,0,0
20061008,767,8,11,0.0,0,0
20061008,767,13,10,0.0,0,0
20061008,767,7,6,35.0,0,0
20061008,767,2,5,36.0,0,0
20061008,767,5,9,1.0,0,0
20061008,767,9,7,16.0,0,0
20061008,767,3,8,11.0,0,0
20061008,767,11,4,78.0,1,0
20061008,767,1,3,105.0,0,0
20061008,767,6,2,186.0,8,0
20061008,767,4,1,195.0,8,0
20061022,768,14,12,0.0,0,1
20061022,768,8,11,0.0,0,1
20061022,768,13,10,0.0,0,1
20061022,768,7,6,35.0,0,1
20061022,768,2,5,36.0,0,1
20061022,768,5,9,1.0,0,1
20061022,768,9,7,16.0,0,1
20061022,768,3,8,11.0,0,1
20061022,768,11,4,86.0,1,1
20061022,768,1,3,110.0,0,1
20061022,768,6,2,201.0,9,1
20061022,768,4,1,206.0,8,1
20050306,732,17,8,0.0,0,0
20050306,732,16,10,0.0,0,0
20050306,732,15,7,0.0,0,0
20050306,732,7,6,0.0,0,0
20050306,732,1,5,4.0,0,0
20050306,732,3,4,4.0,0,0
20050306,732,9,3,7.0,0,0
20050306,732,6,2,8.0,0,0
20050306,732,4,1,16.0,1,0
20050320,733,17,8,0.0,0,0
20050320,733,16,10,0.0,0,0
20050320,733,15,7,0.0,0,0
20050320,733,7,2,12.0,0,0
20050320,733,1,6,9.0,0,0
20050320,733,3,5,10.0,0,0
20050320,733,9,3,11.0,0,0
20050320,733,6,4,10.0,0,0
20050320,733,4,1,26.0,2,0
20050403,734,17,8,0.0,0,0
20050403,734,16,10,0.0,0,0
20050403,734,15,7,2.0,0,0
20050403,734,7,2,25.0,0,0
20050403,734,1,3,19.0,0,0
20050403,734,3,4,13.0,0,0
20050403,734,9,5,12.0,0,0
20050403,734,6,6,10.0,0,0
20050403,734,4,1,36.0,3,0
20050424,735,17,8,0.0,0,0
20050424,735,16,10,0.0,0,0
20050424,735,15,7,7.0,0,0
20050424,735,7,2,29.0,0,0
20050424,735,1,3,25.0,0,0
20050424,735,3,5,18.0,0,0
20050424,735,9,6,13.0,0,0
20050424,735,6,4,18.0,0,0
20050508,736,18,9,0.0,0,0
20050508,736,17,8,0.0,0,0
20050508,736,16,10,0.0,0,0
20050508,736,15,7,7.0,0,0
20050508,736,7,2,40.0,0,0
20050508,736,1,3,37.0,1,0
20050508,736,3,4,21.0,0,0
20050508,736,9,6,14.0,0,0
20050508,736,6,5,18.0,0,0
20050522,737,17,8,0.0,0,0
20050522,737,16,10,0.0,0,0
20050522,737,15,7,7.0,0,0
20050522,737,7,3,43.0,0,0
20050522,737,1,2,51.0,2,0
20050522,737,3,4,35.0,0,0
20050522,737,9,6,14.0,0,0
20050522,737,6,5,21.0,0,0
20050522,737,4,1,63.0,4,0
20050529,738,18,10,0.0,0,0
20050529,738,17,8,0.0,0,0
20050529,738,16,9,0.0,0,0
20050529,738,15,7,7.0,0,0
20050529,738,7,3,44.0,0,0
20050529,738,1,2,53.0,2,0
20050529,738,3,4,43.0,0,0
20050529,738,9,6,19.0,0,0
20050529,738,6,5,31.0,0,0
20050529,738,4,1,76.0,5,0
20050612,739,18,10,0.0,0,0
20050612,739,17,8,0.0,0,0
20050612,739,16,9,0.0,0,0
20050612,739,15,7,12.0,0,0
20050612,739,7,4,47.0,0,0
20050612,739,1,2,63.0,3,0
20050612,739,3,3,47.0,0,0
20050612,739,9,6,22.0,0,0
20050612,739,6,5,45.0,0,0
20050612,739,4,1,76.0,5,0
20050619,740,18,9,7.0,0,0
20050619,740,17,8,11.0,0,0
20050619,740,16,10,0.0,0,0
20050619,740,15,7,12.0,0,0
20050619,740,7,5,47.0,0,0
20050619,740,1,2,63.0,3,0
20050619,740,3,4,47.0,0,0
20050619,740,9,6,22.0,0,0
20050619,740,6,3,63.0,1,0
20050619,740,4,1,76.0,5,0
20050703,741,18,9,7.0,0,0
20050703,741,17,8,11.0,0,0
20050703,741,16,10,5.0,0,0
20050703,741,15,7,13.0,0,0
20050703,741,7,4,53.0,0,0
20050703,741,1,2,71.0,3,0
20050703,741,3,5,47.0,0,0
20050703,741,9,6,22.0,0,0
20050703,741,6,3,69.0,1,0
20050703,741,4,1,89.0,6,0
20050710,742,18,10,7.0,0,0
20050710,742,17,8,11.0,0,0
20050710,742,16,9,9.0,0,0
20050710,742,15,7,13.0,0,0
20050710,742,7,4,54.0,0,0
20050710,742,1,2,87.0,4,0
20050710,742,3,5,47.0,0,0
20050710,742,9,6,22.0,0,0
20050710,742,6,3,74.0,1,0
20050710,742,4,1,102.0,6,0
20050724,743,18,10,7.0,0,0
20050724,743,17,9,11.0,0,0
20050724,743,16,7,15.0,0,0
20050724,743,15,8,14.0,0,0
20050724,743,7,4,57.0,0,0
20050724,743,1,2,95.0,4,0
20050724,743,3,5,47.0,0,0
20050724,743,9,6,24.0,0,0
20050724,743,6,3,78.0,1,0
20050724,743,4,1,117.0,7,0
20050731,744,18,10,7.0,0,0
20050731,744,17,9,11.0,0,0
20050731,744,16,7,20.0,0,0
20050731,744,15,8,14.0,0,0
20050731,744,7,4,68.0,0,0
20050731,744,1,2,105.0,5,0
20050731,744,3,5,52.0,0,0
20050731,744,9,6,24.0,0,0
20050731,744,6,3,86.0,1,0
20050731,744,4,1,117.0,7,0
20050821,745,18,10,7.0,0,0
20050821,745,17,9,11.0,0,0
20050821,745,16,7,24.0,0,0
20050821,745,15,8,14.0,0,0
20050821,745,7,4,71.0,0,0
20050821,745,1,2,121.0,6,0
20050821,745,3,5,52.0,0,0
20050821,745,9,6,27.0,0,0
20050821,745,6,3,86.0,1,0
20050821,745,4,1,130.0,7,0
20050904,746,18,10,7.0,0,0
20050904,746,17,9,11.0,0,0
20050904,746,16,7,25.0,0,0
20050904,746,15,8,14.0,0,0
20050904,746,7,4,78.0,0,0
20050904,746,1,2,136.0,7,0
20050904,746,3,5,54.0,0,0
20050904,746,9,6,27.0,0,0
20050904,746,6,3,86.0,1,0
20050904,746,4,1,144.0,7,0
20050911,747,18,10,7.0,0,0
20050911,747,17,9,12.0,0,0
20050911,747,16,6,31.0,0,0
20050911,747,15,8,17.0,0,0
20050911,747,7,4,80.0,0,0
20050911,747,1,2,146.0,8,0
20050911,747,3,5,59.0,0,0
20050911,747,9,7,27.0,0,0
20050911,747,6,3,90.0,1,0
20050911,747,4,1,152.0,7,0
20050925,748,18,10,7.0,0,0
20050925,748,17,9,12.0,0,0
20050925,748,16,6,33.0,0,0
20050925,748,15,8,17.0,0,0
20050925,748,7,4,81.0,0,0
20050925,748,1,1,164.0,9,0
20050925,748,3,5,59.0,0,0
20050925,748,9,7,27.0,0,0
20050925,748,6,3,98.0,1,0
20050925,748,4,2,162.0,7,0
20051009,749,18,10,7.0,0,0
20051009,749,17,9,12.0,0,0
20051009,749,16,6,37.0,0,0
20051009,749,15,8,17.0,0,0
20051009,749,7,4,82.0,0,0
20051009,749,1,2,174.0,10,0
20051009,749,3,5,64.0,0,0
20051009,749,9,7,30.0,0,0
20051009,749,6,3,100.0,1,0
20051009,749,4,1,176.0,7,0
20051016,750,18,10,7.0,0,1
20051016,750,17,9,12.0,0,1
20051016,750,16,6,38.0,0,1
20051016,750,15,8,20.0,0,1
20051016,750,7,4,88.0,0,1
20051016,750,1,2,182.0,10,1
20051016,750,3,5,66.0,0,1
20051016,750,9,7,34.0,0,1
20051016,750,6,3,100.0,1,1
20051016,750,4,1,191.0,8,1
20040307,714,17,9,0.0,0,0
20040307,714,7,8,0.0,0,0
20040307,714,19,7,0.0,0,0
20040307,714,15,6,0.0,0,0
20040307,714,1,5,1.0,0,0
20040307,714,16,4,3.0,0,0
20040307,714,3,2,9.0,0,0
20040307,714,4,3,8.0,0,0
20040307,714,6,1,18.0,1,0
20040321,715,18,10,0.0,0,0
20040321,715,17,9,0.0,0,0
20040321,715,7,7,0.0,0,0
20040321,715,19,8,0.0,0,0
20040321,715,15,6,1.0,0,0
20040321,715,1,5,4.0,0,0
20040321,715,16,4,9.0,0,0
20040321,715,3,2,17.0,0,0
20040321,715,4,3,14.0,0,0
20040321,715,6,1,33.0,2,0
20040404,716,18,10,0.0,0,0
20040404,716,17,9,0.0,0,0
20040404,716,7,8,0.0,0,0
20040404,716,19,7,1.0,0,0
20040404,716,15,6,1.0,0,0
20040404,716,1,5,4.0,0,0
20040404,716,16,4,19.0,0,0
20040404,716,3,3,19.0,0,0
20040404,716,4,2,22.0,0,0
20040404,716,6,1,51.0,3,0
20040425,717,18,10,0.0,0,0
20040425,717,17,9,0.0,0,0
20040425,717,7,8,0.0,0,0
20040425,717,19,7,1.0,0,0
20040425,717,15,6,1.0,0,0
20040425,717,1,5,5.0,0,0
20040425,717,16,3,27.0,0,0
20040425,717,3,4,27.0,0,0
20040425,717,4,2,31.0,0,0
20040425,717,6,1,64.0,4,0
20040509,718,18,10,0.0,0,0
20040509,718,17,9,0.0,0,0
20040509,718,7,8,0.0,0,0
20040509,718,19,7,1.0,0,0
20040509,718,15,6,3.0,0,0
20040509,718,1,5,5.0,0,0
20040509,718,16,3,32.0,0,0
20040509,718,3,4,30.0,0,0
20040509,718,4,2,42.0,0,0
20040509,718,6,1,82.0,5,0
20040523,719,18,10,0.0,0,0
20040523,719,17,8,2.0,0,0
20040523,719,7,7,4.0,0,0
20040523,719,19,9,1.0,0,0
20040523,719,15,5,7.0,0,0
20040523,719,1,6,5.0,0,0
20040523,719,16,3,40.0,0,0
20040523,719,3,4,35.0,0,0
20040523,719,4,2,52.0,1,0
20040523,719,6,1,88.0,5,0
20040530,720,18,10,0.0,0,0
20040530,720,17,9,2.0,0,0
20040530,720,7,7,4.0,0,0
20040530,720,19,8,3.0,0,0
20040530,720,15,5,10.0,0,0
20040530,720,1,6,5.0,0,0
20040530,720,16,3,46.0,0,0
20040530,720,3,4,36.0,0,0
20040530,720,4,2,61.0,1,0
20040530,720,6,1,106.0,6,0
20040613,721,18,10,0.0,0,0
20040613,721,17,7,5.0,0,0
20040613,721,7,8,4.0,0,0
20040613,721,19,9,3.0,0,0
20040613,721,15,5,15.0,0,0
20040613,721,1,6,12.0,0,0
20040613,721,16,3,52.0,0,0
20040613,721,3,4,36.0,0,0
20040613,721,4,2,61.0,1,0
20040613,721,6,1,124.0,7,0
20040620,722,18,10,1.0,0,0
20040620,722,17,8,5.0,0,0
20040620,722,7,7,8.0,0,0
20040620,722,19,9,3.0,0,0
20040620,722,15,6,15.0,0,0
20040620,722,1,5,17.0,0,0
20040620,722,16,3,58.0,0,0
20040620,722,3,4,36.0,0,0
20040620,722,4,2,66.0,1,0
20040620,722,6,1,142.0,8,0
20040704,723,18,10,1.0,0,0
20040704,723,17,8,5.0,0,0
20040704,723,7,7,8.0,0,0
20040704,723,19,9,3.0,0,0
20040704,723,15,6,15.0,0,0
20040704,723,1,5,22.0,0,0
20040704,723,16,3,62.0,0,0
20040704,723,3,4,37.0,0,0
20040704,723,4,2,79.0,1,0
20040704,723,6,1,158.0,9,0
20040711,724,18,10,1.0,0,0
20040711,724,17,8,5.0,0,0
20040711,724,7,7,8.0,0,0
20040711,724,19,9,4.0,0,0
20040711,724,15,6,18.0,0,0
20040711,724,1,5,32.0,0,0
20040711,724,16,3,67.0,0,0
20040711,724,3,4,41.0,0,0
20040711,724,4,2,79.0,1,0
20040711,724,6,1,174.0,10,0
20040725,725,18,10,1.0,0,0
20040725,725,17,9,5.0,0,0
20040725,725,7,7,8.0,0,0
20040725,725,19,8,7.0,0,0
20040725,725,15,6,18.0,0,0
20040725,725,1,5,37.0,0,0
20040725,725,16,3,76.0,0,0
20040725,725,3,4,47.0,0,0
20040725,725,4,2,85.0,1,0
20040725,725,6,1,184.0,11,0
20040815,726,18,10,1.0,0,0
20040815,726,17,9,5.0,0,0
20040815,726,7,7,8.0,0,0
20040815,726,19,8,7.0,0,0
20040815,726,15,6,19.0,0,0
20040815,726,1,5,37.0,0,0
20040815,726,16,3,83.0,0,0
20040815,726,3,4,54.0,0,0
20040815,726,4,2,91.0,1,0
20040815,726,6,1,202.0,12,0
20040829,727,18,10,1.0,0,0
20040829,727,17,9,5.0,0,0
20040829,727,7,8,9.0,0,0
20040829,727,19,7,10.0,0,0
20040829,727,15,6,28.0,0,0
20040829,727,1,5,49.0,1,0
20040829,727,16,3,83.0,0,0
20040829,727,3,4,54.0,0,0
20040829,727,4,2,91.0,1,0
20040829,727,6,1,216.0,12,0
20040912,728,18,10,1.0,0,0
20040912,728,17,9,5.0,0,0
20040912,728,7,8,9.0,0,0
20040912,728,19,7,10.0,0,0
20040912,728,15,6,29.0,0,0
20040912,728,1,5,52.0,1,0
20040912,728,16,2,94.0,0,0
20040912,728,3,4,60.0,0,0
20040912,728,4,3,91.0,1,0
20040912,728,6,1,234.0,13,0
20040926,729,18,10,1.0,0,0
20040926,729,17,9,5.0,0,0
20040926,729,7,8,9.0,0,0
20040926,729,19,7,10.0,0,0
20040926,729,15,6,32.0,0,0
20040926,729,1,5,58.0,1,0
20040926,729,16,2,105.0,0,0
20040926,729,3,4,64.0,0,0
20040926,729,4,3,96.0,1,0
20040926,729,6,1,244.0,14,0
20041010,730,18,10,1.0,0,0
20041010,730,17,9,5.0,0,0
20041010,730,7,8,9.0,0,0
20041010,730,19,7,10.0,0,0
20041010,730,15,6,33.0,0,0
20041010,730,1,5,61.0,1,0
20041010,730,16,2,116.0,0,0
20041010,730,3,4,74.0,0,0
20041010,730,4,3,100.0,1,0
20041010,730,6,1,254.0,15,0
20041024,731,18,10,1.0,0,1
20041024,731,17,9,5.0,0,1
20041024,731,7,8,9.0,0,1
20041024,731,19,7,10.0,0,1
20041024,731,15,6,34.0,0,1
20041024,731,1,5,69.0,1,1
20041024,731,16,2,119.0,0,1
20041024,731,3,4,88.0,1,1
20041024,731,4,3,105.0,1,1
20041024,731,6,1,262.0,15,1
20030309,698,18,7,0.0,0,0
20030309,698,16,6,0.0,0,0
20030309,698,15,5,3.0,0,0
20030309,698,4,3,6.0,0,0
20030309,698,6,4,5.0,0,0
20030309,698,3,2,9.0,0,0
20030309,698,1,1,16.0,1,0
20030323,699,7,9,0.0,0,0
20030323,699,17,7,0.0,0,0
20030323,699,18,8,0.0,0,0
20030323,699,16,6,2.0,0,0
20030323,699,15,5,4.0,0,0
20030323,699,4,3,16.0,0,0
20030323,699,6,2,16.0,0,0
20030323,699,3,4,14.0,0,0
20030323,699,1,1,26.0,2,0
20030406,700,19,8,0.0,0,0
20030406,700,7,9,0.0,0,0
20030406,700,17,5,10.0,1,0
20030406,700,18,10,0.0,0,0
20030406,700,16,7,5.0,0,0
20030406,700,15,6,8.0,0,0
20030406,700,4,2,23.0,0,0
20030406,700,6,3,16.0,0,0
20030406,700,3,4,16.0,0,0
20030406,700,1,1,39.0,2,0
20030420,701,19,9,0.0,0,0
20030420,701,7,8,0.0,0,0
20030420,701,17,5,10.0,1,0
20030420,701,18,10,0.0,0,0
20030420,701,16,7,6.0,0,0
20030420,701,15,6,8.0,0,0
20030420,701,4,3,26.0,0,0
20030420,701,6,2,32.0,1,0
20030420,701,3,4,23.0,0,0
20030420,701,1,1,51.0,2,0
20030504,702,19,9,2.0,0,0
20030504,702,7,8,3.0,0,0
20030504,702,17,5,11.0,1,0
20030504,702,18,10,0.0,0,0
20030504,702,16,7,6.0,0,0
20030504,702,15,6,8.0,0,0
20030504,702,4,3,34.0,0,0
20030504,702,6,2,48.0,2,0
20030504,702,3,4,32.0,0,0
20030504,702,1,1,51.0,2,0
20030518,703,19,8,4.0,0,0
20030518,703,7,9,3.0,0,0
20030518,703,17,5,11.0,1,0
20030518,703,18,10,0.0,0,0
20030518,703,16,6,11.0,0,0
20030518,703,15,7,8.0,0,0
20030518,703,4,3,35.0,0,0
20030518,703,6,1,64.0,3,0
20030518,703,3,4,35.0,0,0
20030518,703,1,2,63.0,2,0
20030601,704,19,8,4.0,0,0
20030601,704,7,9,3.0,0,0
20030601,704,17,5,11.0,1,0
20030601,704,18,10,0.0,0,0
20030601,704,16,6,11.0,0,0
20030601,704,15,7,8.0,0,0
20030601,704,4,4,42.0,0,0
20030601,704,6,2,71.0,3,0
20030601,704,3,3,50.0,1,0
20030601,704,1,1,73.0,2,0
20030615,705,19,8,6.0,0,0
20030615,705,7,9,4.0,0,0
20030615,705,17,5,11.0,1,0
20030615,705,18,10,0.0,0,0
20030615,705,16,6,11.0,0,0
20030615,705,15,7,8.0,0,0
20030615,705,4,4,47.0,0,0
20030615,705,6,1,85.0,4,0
20030615,705,3,3,64.0,1,0
20030615,705,1,2,76.0,2,0
20030629,706,19,8,9.0,0,0
20030629,706,7,9,4.0,0,0
20030629,706,17,6,11.0,1,0
20030629,706,18,10,0.0,0,0
20030629,706,16,5,13.0,0,0
20030629,706,15,7,9.0,0,0
20030629,706,4,4,52.0,0,0
20030629,706,6,1,95.0,4,0
20030629,706,3,2,82.0,2,0
20030629,706,1,3,76.0,2,0
20030706,707,19,6,12.0,0,0
20030706,707,7,9,5.0,0,0
20030706,707,17,7,11.0,1,0
20030706,707,18,10,0.0,0,0
20030706,707,16,5,13.0,0,0
20030706,707,15,8,9.0,0,0
20030706,707,4,4,52.0,0,0
20030706,707,6,1,103.0,4,0
20030706,707,3,2,100.0,3,0
20030706,707,1,3,85.0,2,0
20030720,708,19,6,12.0,0,0
20030720,708,7,9,7.0,0,0
20030720,708,17,7,11.0,1,0
20030720,708,18,10,0.0,0,0
20030720,708,16,5,14.0,0,0
20030720,708,15,8,9.0,0,0
20030720,708,4,4,55.0,0,0
20030720,708,6,1,118.0,5,0
20030720,708,3,2,108.0,3,0
20030720,708,1,3,95.0,2,0
20030803,709,19,7,12.0,0,0
20030803,709,7,6,14.0,0,0
20030803,709,17,8,11.0,1,0
20030803,709,18,10,0.0,0,0
20030803,709,16,5,15.0,0,0
20030803,709,15,9,9.0,0,0
20030803,709,4,4,66.0,0,0
20030803,709,6,1,120.0,5,0
20030803,709,3,2,118.0,4,0
20030803,709,1,3,103.0,2,0
20030824,710,19,6,15.0,0,0
20030824,710,7,7,14.0,0,0
20030824,710,17,8,11.0,1,0
20030824,710,18,10,0.0,0,0
20030824,710,16,5,15.0,0,0
20030824,710,15,9,9.0,0,0
20030824,710,4,4,78.0,1,0
20030824,710,6,2,121.0,5,0
20030824,710,3,1,129.0,4,0
20030824,710,1,3,115.0,2,0
20030914,711,19,6,17.0,0,0
20030914,711,7,7,14.0,0,0
20030914,711,17,8,11.0,1,0
20030914,711,18,10,0.0,0,0
20030914,711,16,5,18.0,0,0
20030914,711,15,9,9.0,0,0
20030914,711,4,4,79.0,1,0
20030914,711,6,2,137.0,6,0
20030914,711,3,1,141.0,4,0
20030914,711,1,3,120.0,2,0
20030928,712,19,7,18.0,0,0
20030928,712,7,8,14.0,0,0
20030928,712,17,9,13.0,1,0
20030928,712,18,10,0.0,0,0
20030928,712,16,6,18.0,0,0
20030928,712,15,5,19.0,0,0
20030928,712,4,4,84.0,1,0
20030928,712,6,1,147.0,7,0
20030928,712,3,2,144.0,4,0
20030928,712,1,3,128.0,2,0
20031012,713,19,7,18.0,0,1
20031012,713,7,8,16.0,0,1
20031012,713,17,9,13.0,1,1
20031012,713,18,10,0.0,0,1
20031012,713,16,5,26.0,0,1
20031012,713,15,6,19.0,0,1
20031012,713,4,4,88.0,1,1
20031012,713,6,1,158.0,8,1
20031012,713,3,2,144.0,4,1
20031012,713,1,3,142.0,2,1
20020303,681,7,6,1.0,0,0
20020303,681,18,5,2.0,0,0
20020303,681,19,4,3.0,0,0
20020303,681,1,3,4.0,0,0
20020303,681,3,2,6.0,0,0
20020303,681,6,1,10.0,1,0
20020317,682,21,11,0.0,0,0
20020317,682,17,10,0.0,0,0
20020317,682,16,9,0.0,0,0
20020317,682,15,6,3.0,0,0
20020317,682,4,5,3.0,0,0
20020317,682,7,8,1.0,0,0
20020317,682,18,7,2.0,0,0
20020317,682,19,4,3.0,0,0
20020317,682,1,3,4.0,0,0
20020317,682,3,1,22.0,1,0
20020317,682,6,2,14.0,1,0
20020331,683,21,11,0.0,0,0
20020331,683,17,10,0.0,0,0
20020331,683,16,9,0.0,0,0
20020331,683,15,6,3.0,0,0
20020331,683,4,4,6.0,0,0
20020331,683,7,8,2.0,0,0
20020331,683,18,7,2.0,0,0
20020331,683,19,5,3.0,0,0
20020331,683,1,3,8.0,0,0
20020331,683,3,1,30.0,1,0
20020331,683,6,2,24.0,2,0
20020414,684,21,11,0.0,0,0
20020414,684,17,10,0.0,0,0
20020414,684,16,9,0.0,0,0
20020414,684,15,6,3.0,0,0
20020414,684,4,4,8.0,0,0
20020414,684,7,8,2.0,0,0
20020414,684,18,7,2.0,0,0
20020414,684,19,5,3.0,0,0
20020414,684,1,3,9.0,0,0
20020414,684,3,2,37.0,1,0
20020414,684,6,1,40.0,3,0
20020428,685,21,9,1.0,0,0
20020428,685,17,11,0.0,0,0
20020428,685,16,10,0.0,0,0
20020428,685,15,5,8.0,0,0
20020428,685,4,4,8.0,0,0
20020428,685,7,8,2.0,0,0
20020428,685,18,7,2.0,0,0
20020428,685,19,6,3.0,0,0
20020428,685,1,3,13.0,0,0
20020428,685,3,2,43.0,1,0
20020428,685,6,1,50.0,4,0
20020512,686,21,10,1.0,0,0
20020512,686,17,8,2.0,0,0
20020512,686,16,11,0.0,0,0
20020512,686,15,5,8.0,0,0
20020512,686,4,4,8.0,0,0
20020512,686,7,9,2.0,0,0
20020512,686,18,7,2.0,0,0
20020512,686,19,6,3.0,0,0
20020512,686,1,3,14.0,0,0
20020512,686,3,2,50.0,1,0
20020512,686,6,1,66.0,5,0
20020526,687,21,10,2.0,0,0
20020526,687,17,6,4.0,0,0
20020526,687,16,11,0.0,0,0
20020526,687,15,5,8.0,0,0
20020526,687,4,4,11.0,0,0
20020526,687,7,9,2.0,0,0
20020526,687,18,8,2.0,0,0
20020526,687,19,7,3.0,0,0
20020526,687,1,3,24.0,1,0
20020526,687,3,2,54.0,1,0
20020526,687,6,1,72.0,5,0
20020609,688,21,10,2.0,0,0
20020609,688,17,6,6.0,0,0
20020609,688,16,11,0.0,0,0
20020609,688,15,5,8.0,0,0
20020609,688,4,4,12.0,0,0
20020609,688,7,9,2.0,0,0
20020609,688,18,8,2.0,0,0
20020609,688,19,7,3.0,0,0
20020609,688,1,3,33.0,1,0
20020609,688,3,2,54.0,1,0
20020609,688,6,1,86.0,6,0
20020623,689,21,10,2.0,0,0
20020623,689,17,6,6.0,0,0
20020623,689,16,11,0.0,0,0
20020623,689,15,5,9.0,0,0
20020623,689,4,4,14.0,0,0
20020623,689,7,9,2.0,0,0
20020623,689,18,8,2.0,0,0
20020623,689,19,7,3.0,0,0
20020623,689,1,3,37.0,1,0
20020623,689,3,2,57.0,1,0
20020623,689,6,1,102.0,7,0
20020707,690,21,11,2.0,0,0
20020707,690,17,6,6.0,0,0
20020707,690,16,7,5.0,0,0
20020707,690,15,5,10.0,0,0
20020707,690,4,4,14.0,0,0
20020707,690,7,10,2.0,0,0
20020707,690,18,9,2.0,0,0
20020707,690,19,8,3.0,0,0
20020707,690,1,3,37.0,1,0
20020707,690,3,2,61.0,1,0
20020707,690,6,1,118.0,8,0
20020721,691,21,11,2.0,0,0
20020721,691,17,6,6.0,0,0
20020721,691,16,7,5.0,0,0
20020721,691,15,5,10.0,0,0
20020721,691,4,4,15.0,0,0
20020721,691,7,10,2.0,0,0
20020721,691,18,9,2.0,0,0
20020721,691,19,8,3.0,0,0
20020721,691,1,3,47.0,1,0
20020721,691,3,2,66.0,1,0
20020721,691,6,1,128.0,9,0
20020728,692,21,11,2.0,0,0
20020728,692,17,6,6.0,0,0
20020728,692,16,7,5.0,0,0
20020728,692,15,5,11.0,0,0
20020728,692,4,4,15.0,0,0
20020728,692,7,10,2.0,0,0
20020728,692,18,9,2.0,0,0
20020728,692,19,8,3.0,0,0
20020728,692,1,3,49.0,1,0
20020728,692,3,2,76.0,1,0
20020728,692,6,1,141.0,10,0
20020818,693,21,11,2.0,0,0
20020818,693,17,6,7.0,0,0
20020818,693,16,7,5.0,0,0
20020818,693,15,5,11.0,0,0
20020818,693,4,4,15.0,0,0
20020818,693,7,10,2.0,0,0
20020818,693,18,9,2.0,0,0
20020818,693,19,8,3.0,0,0
20020818,693,1,3,54.0,1,0
20020818,693,3,2,80.0,1,0
20020818,693,6,1,157.0,11,0
20020901,694,21,11,2.0,0,0
20020901,694,17,6,7.0,0,0
20020901,694,16,7,5.0,0,0
20020901,694,15,5,11.0,0,0
20020901,694,4,4,15.0,0,0
20020901,694,7,10,2.0,0,0
20020901,694,18,9,2.0,0,0
20020901,694,19,8,4.0,0,0
20020901,694,1,3,57.0,1,0
20020901,694,3,2,86.0,1,0
20020901,694,6,1,173.0,12,0
20020915,695,21,11,2.0,0,0
20020915,695,17,7,7.0,0,0
20020915,695,16,8,6.0,0,0
20020915,695,15,5,11.0,0,0
20020915,695,4,4,20.0,0,0
20020915,695,7,10,2.0,0,0
20020915,695,18,9,2.0,0,0
20020915,695,19,6,8.0,0,0
20020915,695,1,3,57.0,1,0
20020915,695,3,2,86.0,1,0
20020915,695,6,1,189.0,13,0
20020929,696,21,11,2.0,0,0
20020929,696,17,8,7.0,0,0
20020929,696,16,7,7.0,0,0
20020929,696,15,5,11.0,0,0
20020929,696,4,4,22.0,0,0
20020929,696,7,10,2.0,0,0
20020929,696,18,9,2.0,0,0
20020929,696,19,6,8.0,0,0
20020929,696,1,3,61.0,1,0
20020929,696,3,2,89.0,1,0
20020929,696,6,1,205.0,14,0
20021013,697,21,11,2.0,0,1
20021013,697,17,6,9.0,0,1
20021013,697,16,8,7.0,0,1
20021013,697,15,5,11.0,0,1
20021013,697,4,4,23.0,0,1
20021013,697,7,10,2.0,0,1
20021013,697,18,9,2.0,0,1
20021013,697,19,7,8.0,0,1
20021013,697,1,3,65.0,1,1
20021013,697,3,2,92.0,1,1
20021013,697,6,1,221.0,15,1
20010304,664,22,10,0.0,0,0
20010304,664,18,9,0.0,0,0
20010304,664,21,8,0.0,0,0
20010304,664,20,7,0.0,0,0
20010304,664,19,6,0.0,0,0
20010304,664,16,5,0.0,0,0
20010304,664,17,4,2.0,0,0
20010304,664,15,3,4.0,0,0
20010304,664,1,2,6.0,0,0
20010304,664,6,1,14.0,1,0
20010318,665,3,5,2.0,0,0
20010318,665,22,10,0.0,0,0
20010318,665,18,11,0.0,0,0
20010318,665,21,6,0.0,0,0
20010318,665,20,9,0.0,0,0
20010318,665,19,8,0.0,0,0
20010318,665,16,7,0.0,0,0
20010318,665,17,3,5.0,0,0
20010318,665,15,4,4.0,0,0
20010318,665,1,2,11.0,0,0
20010318,665,6,1,30.0,2,0
20010401,666,3,6,2.0,0,0
20010401,666,22,7,1.0,0,0
20010401,666,18,11,0.0,0,0
20010401,666,21,8,0.0,0,0
20010401,666,20,9,0.0,0,0
20010401,666,19,10,0.0,0,0
20010401,666,16,5,3.0,0,0
20010401,666,17,4,7.0,0,0
20010401,666,15,3,8.0,0,0
20010401,666,1,2,21.0,1,0
20010401,666,6,1,36.0,2,0
20010415,667,3,3,12.0,1,0
20010415,667,22,7,1.0,0,0
20010415,667,18,11,0.0,0,0
20010415,667,21,8,0.0,0,0
20010415,667,20,9,0.0,0,0
20010415,667,19,10,0.0,0,0
20010415,667,16,6,3.0,0,0
20010415,667,17,4,10.0,0,0
20010415,667,15,5,8.0,0,0
20010415,667,1,2,30.0,1,0
20010415,667,6,1,40.0,2,0
20010429,668,3,3,18.0,1,0
20010429,668,22,7,1.0,0,0
20010429,668,18,11,0.0,0,0
20010429,668,21,8,0.0,0,0
20010429,668,20,9,0.0,0,0
20010429,668,19,10,0.0,0,0
20010429,668,16,6,7.0,0,0
20010429,668,17,4,13.0,0,0
20010429,668,15,5,9.0,0,0
20010429,668,1,2,32.0,1,0
20010429,668,6,1,50.0,3,0
20010513,669,3,3,18.0,1,0
20010513,669,22,8,1.0,0,0
20010513,669,18,11,0.0,0,0
20010513,669,21,7,1.0,0,0
20010513,669,20,10,0.0,0,0
20010513,669,19,9,0.0,0,0
20010513,669,16,6,9.0,0,0
20010513,669,17,4,13.0,0,0
20010513,669,15,5,12.0,0,0
20010513,669,1,2,42.0,2,0
20010513,669,6,1,60.0,3,0
20010527,670,3,3,18.0,1,0
20010527,670,22,9,1.0,0,0
20010527,670,18,11,0.0,0,0
20010527,670,21,8,1.0,0,0
20010527,670,20,10,1.0,0,0
20010527,670,19,7,4.0,0,0
20010527,670,16,5,12.0,0,0
20010527,670,17,4,13.0,0,0
20010527,670,15,6,12.0,0,0
20010527,670,1,2,44.0,2,0
20010527,670,6,1,76.0,4,0
20010610,671,3,3,28.0,2,0
20010610,671,22,10,1.0,0,0
20010610,671,18,11,0.0,0,0
20010610,671,21,9,1.0,0,0
20010610,671,20,8,3.0,0,0
20010610,671,19,7,5.0,0,0
20010610,671,16,6,12.0,0,0
20010610,671,17,5,13.0,0,0
20010610,671,15,4,15.0,0,0
20010610,671,1,2,48.0,2,0
20010610,671,6,1,82.0,4,0
20010624,672,3,3,37.0,2,0
20010624,672,22,10,1.0,0,0
20010624,672,18,11,0.0,0,0
20010624,672,21,9,1.0,0,0
20010624,672,20,8,3.0,0,0
20010624,672,19,7,5.0,0,0
20010624,672,16,6,12.0,0,0
20010624,672,17,5,13.0,0,0
20010624,672,15,4,15.0,0,0
20010624,672,1,2,53.0,2,0
20010624,672,6,1,94.0,5,0
20010701,673,3,3,43.0,2,0
20010701,673,22,10,1.0,0,0
20010701,673,18,11,0.0,0,0
20010701,673,21,9,1.0,0,0
20010701,673,20,8,3.0,0,0
20010701,673,19,7,5.0,0,0
20010701,673,16,6,12.0,0,0
20010701,673,17,5,15.0,0,0
20010701,673,15,4,16.0,0,0
20010701,673,1,2,56.0,2,0
20010701,673,6,1,108.0,6,0
20010715,674,3,3,46.0,2,0
20010715,674,22,10,1.0,0,0
20010715,674,18,11,0.0,0,0
20010715,674,21,9,1.0,0,0
20010715,674,20,8,3.0,0,0
20010715,674,19,7,5.0,0,0
20010715,674,16,6,12.0,0,0
20010715,674,17,5,15.0,0,0
20010715,674,15,4,19.0,0,0
20010715,674,1,2,66.0,3,0
20010715,674,6,1,118.0,6,0
20010729,675,3,3,56.0,3,0
20010729,675,22,7,6.0,0,0
20010729,675,18,11,0.0,0,0
20010729,675,21,10,1.0,0,0
20010729,675,20,9,4.0,0,0
20010729,675,19,8,5.0,0,0
20010729,675,16,5,16.0,0,0
20010729,675,17,6,15.0,0,0
20010729,675,15,4,19.0,0,0
20010729,675,1,2,66.0,3,0
20010729,675,6,1,124.0,6,0
20010819,676,3,3,59.0,3,0
20010819,676,22,7,6.0,0,0
20010819,676,18,11,0.0,0,0
20010819,676,21,10,1.0,0,0
20010819,676,20,9,4.0,0,0
20010819,676,19,8,5.0,0,0
20010819,676,16,5,16.0,0,0
20010819,676,17,6,15.0,0,0
20010819,676,15,4,20.0,0,0
20010819,676,1,2,72.0,3,0
20010819,676,6,1,140.0,7,0
20010902,677,3,3,59.0,3,0
20010902,677,22,7,10.0,0,0
20010902,677,18,11,0.0,0,0
20010902,677,21,10,1.0,0,0
20010902,677,20,9,4.0,0,0
20010902,677,19,8,5.0,0,0
20010902,677,16,5,16.0,0,0
20010902,677,17,6,16.0,0,0
20010902,677,15,4,20.0,0,0
20010902,677,1,2,81.0,3,0
20010902,677,6,1,152.0,8,0
20010916,678,3,3,73.0,4,0
20010916,678,22,7,10.0,0,0
20010916,678,18,11,0.0,0,0
20010916,678,21,10,1.0,0,0
20010916,678,20,9,4.0,0,0
20010916,678,19,8,7.0,0,0
20010916,678,16,5,17.0,0,0
20010916,678,17,6,16.0,0,0
20010916,678,15,4,20.0,0,0
20010916,678,1,2,81.0,3,0
20010916,678,6,1,161.0,8,0
20010930,679,3,3,73.0,4,0
20010930,679,22,7,10.0,0,0
20010930,679,18,11,0.0,0,0
20010930,679,21,10,1.0,0,0
20010930,679,20,9,4.0,0,0
20010930,679,19,8,9.0,0,0
20010930,679,16,6,17.0,0,0
20010930,679,17,5,19.0,0,0
20010930,679,15,4,21.0,0,0
20010930,679,1,2,95.0,4,0
20010930,679,6,1,167.0,8,0
20011014,680,3,3,80.0,4,1
20011014,680,22,7,10.0,0,1
20011014,680,18,11,0.0,0,1
20011014,680,21,10,1.0,0,1
20011014,680,20,9,4.0,0,1
20011014,680,19,8,9.0,0,1
20011014,680,16,6,17.0,0,1
20011014,680,17,5,19.0,0,1
20011014,680,15,4,21.0,0,1
20011014,680,1,2,102.0,4,1
20011014,680,6,1,179.0,9,1
20000312,647,6,1,16.0,1,0
20000312,647,3,2,4.0,0,0
20000312,647,16,3,4.0,0,0
20000312,647,22,4,2.0,0,0
20000312,647,18,5,0.0,0,0
20000312,647,20,6,0.0,0,0
20000326,648,6,1,26.0,2,0
20000326,648,3,4,7.0,0,0
20000326,648,16,5,4.0,0,0
20000326,648,22,2,8.0,0,0
20000326,648,18,7,0.0,0,0
20000326,648,20,8,0.0,0,0
20000326,648,17,3,7.0,0,0
20000326,648,21,6,0.0,0,0
20000409,649,6,1,39.0,3,0
20000409,649,3,5,7.0,0,0
20000409,649,16,6,6.0,0,0
20000409,649,22,3,8.0,0,0
20000409,649,18,10,0.0,0,0
20000409,649,20,11,0.0,0,0
20000409,649,17,4,7.0,0,0
20000409,649,21,8,0.0,0,0
20000409,649,1,2,10.0,0,0
20000409,649,15,7,1.0,0,0
20000409,649,19,9,0.0,0,0
20000423,650,6,1,43.0,3,0
20000423,650,3,3,12.0,0,0
20000423,650,16,6,6.0,0,0
20000423,650,22,4,8.0,0,0
20000423,650,18,10,0.0,0,0
20000423,650,20,11,0.0,0,0
20000423,650,17,5,8.0,0,0
20000423,650,21,8,0.0,0,0
20000423,650,1,2,26.0,1,0
20000423,650,15,7,1.0,0,0
20000423,650,19,9,0.0,0,0
20000507,651,6,1,49.0,3,0
20000507,651,3,3,15.0,0,0
20000507,651,16,6,6.0,0,0
20000507,651,22,5,8.0,0,0
20000507,651,18,10,0.0,0,0
20000507,651,20,11,0.0,0,0
20000507,651,17,4,9.0,0,0
20000507,651,21,8,0.0,0,0
20000507,651,1,2,42.0,2,0
20000507,651,15,7,1.0,0,0
20000507,651,19,9,0.0,0,0
20000521,652,6,1,62.0,4,0
20000521,652,3,3,15.0,0,0
20000521,652,16,6,6.0,0,0
20000521,652,22,4,10.0,0,0
20000521,652,18,10,0.0,0,0
20000521,652,20,11,0.0,0,0
20000521,652,17,5,9.0,0,0
20000521,652,21,8,1.0,0,0
20000521,652,1,2,52.0,2,0
20000521,652,15,7,1.0,0,0
20000521,652,19,9,0.0,0,0
20000604,653,6,1,68.0,4,0
20000604,653,3,3,15.0,0,0
20000604,653,16,6,6.0,0,0
20000604,653,22,4,14.0,0,0
20000604,653,18,10,0.0,0,0
20000604,653,20,11,0.0,0,0
20000604,653,17,5,9.0,0,0
20000604,653,21,9,1.0,0,0
20000604,653,1,2,63.0,3,0
20000604,653,15,8,3.0,0,0
20000604,653,19,7,3.0,0,0
20000618,654,6,1,84.0,5,0
20000618,654,3,4,15.0,0,0
20000618,654,16,6,6.0,0,0
20000618,654,22,3,18.0,0,0
20000618,654,18,10,0.0,0,0
20000618,654,20,11,0.0,0,0
20000618,654,17,5,10.0,0,0
20000618,654,21,9,3.0,0,0
20000618,654,1,2,66.0,3,0
20000618,654,15,8,3.0,0,0
20000618,654,19,7,3.0,0,0
20000702,655,6,1,88.0,5,0
20000702,655,3,4,17.0,0,0
20000702,655,16,6,9.0,0,0
20000702,655,22,3,18.0,0,0
20000702,655,18,10,0.0,0,0
20000702,655,20,11,0.0,0,0
20000702,655,17,5,11.0,0,0
20000702,655,21,9,3.0,0,0
20000702,655,1,2,82.0,4,0
20000702,655,15,8,3.0,0,0
20000702,655,19,7,3.0,0,0
20000716,656,6,2,92.0,5,0
20000716,656,3,3,19.0,0,0
20000716,656,16,5,12.0,0,0
20000716,656,22,4,18.0,0,0
20000716,656,18,10,0.0,0,0
20000716,656,20,11,0.0,0,0
20000716,656,17,6,11.0,0,0
20000716,656,21,9,3.0,0,0
20000716,656,1,1,98.0,5,0
20000716,656,15,7,4.0,0,0
20000716,656,19,8,3.0,0,0
20000730,657,6,2,102.0,6,0
20000730,657,3,3,22.0,0,0
20000730,657,16,5,12.0,0,0
20000730,657,22,4,18.0,0,0
20000730,657,18,10,0.0,0,0
20000730,657,20,11,0.0,0,0
20000730,657,17,6,11.0,0,0
20000730,657,21,8,4.0,0,0
20000730,657,1,1,108.0,5,0
20000730,657,15,7,6.0,0,0
20000730,657,19,9,3.0,0,0
20000813,658,6,2,111.0,6,0
20000813,658,3,3,24.0,0,0
20000813,658,16,6,12.0,0,0
20000813,658,22,4,18.0,0,0
20000813,658,18,10,0.0,0,0
20000813,658,20,11,0.0,0,0
20000813,658,17,5,12.0,0,0
20000813,658,21,8,4.0,0,0
20000813,658,1,1,122.0,6,0
20000813,658,15,7,6.0,0,0
20000813,658,19,9,3.0,0,0
20000827,659,6,2,117.0,6,0
20000827,659,3,3,30.0,0,0
20000827,659,16,6,12.0,0,0
20000827,659,22,4,18.0,0,0
20000827,659,18,10,0.0,0,0
20000827,659,20,11,0.0,0,0
20000827,659,17,5,13.0,0,0
20000827,659,21,8,4.0,0,0
20000827,659,1,1,135.0,7,0
20000827,659,15,7,6.0,0,0
20000827,659,19,9,3.0,0,0
20000910,660,6,2,127.0,7,0
20000910,660,3,3,34.0,0,0
20000910,660,16,6,13.0,0,0
20000910,660,22,4,20.0,0,0
20000910,660,18,10,0.0,0,0
20000910,660,20,11,0.0,0,0
20000910,660,17,5,13.0,0,0
20000910,660,21,7,7.0,0,0
20000910,660,1,1,141.0,7,0
20000910,660,15,8,6.0,0,0
20000910,660,19,9,3.0,0,0
20000924,661,6,1,143.0,8,0
20000924,661,3,3,34.0,0,0
20000924,661,16,6,17.0,0,0
20000924,661,22,4,20.0,0,0
20000924,661,18,10,0.0,0,0
20000924,661,20,11,0.0,0,0
20000924,661,17,5,17.0,0,0
20000924,661,21,7,7.0,0,0
20000924,661,1,2,143.0,7,0
20000924,661,15,8,6.0,0,0
20000924,661,19,9,3.0,0,0
20001008,662,6,1,156.0,9,0
20001008,662,3,3,36.0,0,0
20001008,662,16,5,18.0,0,0
20001008,662,22,4,20.0,0,0
20001008,662,18,10,0.0,0,0
20001008,662,20,11,0.0,0,0
20001008,662,17,6,17.0,0,0
20001008,662,21,7,7.0,0,0
20001008,662,1,2,153.0,7,0
20001008,662,15,8,6.0,0,0
20001008,662,19,9,3.0,0,0
20001022,663,6,1,170.0,10,1
20001022,663,3,3,36.0,0,1
20001022,663,16,5,20.0,0,1
20001022,663,22,4,20.0,0,1
20001022,663,18,10,0.0,0,1
20001022,663,20,11,0.0,0,1
20001022,663,17,6,17.0,0,1
20001022,663,21,7,7.0,0,1
20001022,663,1,2,162.0,7,1
20001022,663,15,8,6.0,0,1
20001022,663,19,9,4.0,0,1
20050424,735,4,1,46.0,4,0
19990307,631,21,6,1.0,0,0
19990307,631,24,5,2.0,0,0
19990307,631,22,4,3.0,0,0
19990307,631,3,3,4.0,0,0
19990307,631,17,2,6.0,0,0
19990307,631,6,1,10.0,1,0
19990502,633,16,10,0.0,0,0
19990411,632,18,9,0.0,0,0
19990411,632,20,8,1.0,0,0
19990411,632,1,2,10.0,1,0
19990411,632,21,7,1.0,0,0
19990411,632,24,6,2.0,0,0
19990411,632,22,5,3.0,0,0
19990411,632,3,4,7.0,0,0
19990411,632,17,3,10.0,0,0
19990502,633,15,9,1.0,0,0
19990502,633,18,11,0.0,0,0
19990502,633,20,8,1.0,0,0
19990502,633,1,2,16.0,1,0
19990502,633,21,7,1.0,0,0
19990502,633,24,5,6.0,0,0
19990502,633,22,6,5.0,0,0
19990502,633,3,4,7.0,0,0
19990502,633,17,3,13.0,0,0
19990502,633,6,1,28.0,2,0
19990411,632,6,1,18.0,1,0
19990516,634,16,10,0.0,0,0
19990516,634,15,9,1.0,0,0
19990516,634,18,11,0.0,0,0
19990516,634,20,8,1.0,0,0
19990516,634,1,2,20.0,1,0
19990516,634,21,7,1.0,0,0
19990516,634,24,6,6.0,0,0
19990516,634,22,4,8.0,0,0
19990516,634,3,5,7.0,0,0
19990516,634,17,3,16.0,0,0
19990516,634,6,1,44.0,3,0
19990530,635,16,10,0.0,0,0
19990530,635,15,9,1.0,0,0
19990530,635,18,11,0.0,0,0
19990530,635,20,7,2.0,0,0
19990530,635,1,2,36.0,2,0
19990530,635,21,8,1.0,0,0
19990530,635,24,6,6.0,0,0
19990530,635,22,5,8.0,0,0
19990530,635,3,4,9.0,0,0
19990530,635,17,3,16.0,0,0
19990530,635,6,1,51.0,3,0
19990613,636,16,10,0.0,0,0
19990613,636,15,8,2.0,0,0
19990613,636,18,11,0.0,0,0
19990613,636,20,7,2.0,0,0
19990613,636,1,2,46.0,3,0
19990613,636,21,9,1.0,0,0
19990613,636,24,6,8.0,0,0
19990613,636,22,4,14.0,0,0
19990613,636,3,5,12.0,0,0
19990613,636,17,3,16.0,0,0
19990613,636,6,1,55.0,3,0
19990627,637,16,10,0.0,0,0
19990627,637,15,8,2.0,0,0
19990627,637,18,11,0.0,0,0
19990627,637,20,7,2.0,0,0
19990627,637,1,2,52.0,3,0
19990627,637,21,9,1.0,0,0
19990627,637,24,6,12.0,0,0
19990627,637,22,5,14.0,0,0
19990627,637,3,4,15.0,0,0
19990627,637,17,3,26.0,1,0
19990627,637,6,1,58.0,3,0
19990711,638,16,10,0.0,0,0
19990711,638,15,7,3.0,0,0
19990711,638,18,11,0.0,0,0
19990711,638,20,8,2.0,0,0
19990711,638,1,2,62.0,4,0
19990711,638,21,9,1.0,0,0
19990711,638,24,6,12.0,0,0
19990711,638,22,5,14.0,0,0
19990711,638,3,4,19.0,0,0
19990711,638,17,3,31.0,1,0
19990711,638,6,1,64.0,3,0
19990725,639,16,10,0.0,0,0
19990725,639,15,7,4.0,0,0
19990725,639,18,11,0.0,0,0
19990725,639,20,8,2.0,0,0
19990725,639,1,2,72.0,4,0
19990725,639,21,9,1.0,0,0
19990725,639,24,6,12.0,0,0
19990725,639,22,5,16.0,0,0
19990725,639,3,4,19.0,0,0
19990725,639,17,3,34.0,1,0
19990725,639,6,1,74.0,4,0
19990801,640,16,10,0.0,0,0
19990801,640,15,7,4.0,0,0
19990801,640,18,11,0.0,0,0
19990801,640,20,8,3.0,0,0
19990801,640,1,2,74.0,4,0
19990801,640,21,9,1.0,0,0
19990801,640,24,6,12.0,0,0
19990801,640,22,5,16.0,0,0
19990801,640,3,4,22.0,0,0
19990801,640,17,3,38.0,1,0
19990801,640,6,1,90.0,5,0
19990815,641,16,10,0.0,0,0
19990815,641,15,7,4.0,0,0
19990815,641,18,11,0.0,0,0
19990815,641,20,8,3.0,0,0
19990815,641,1,2,90.0,5,0
19990815,641,21,9,1.0,0,0
19990815,641,24,6,14.0,0,0
19990815,641,22,5,16.0,0,0
19990815,641,3,4,22.0,0,0
19990815,641,17,3,42.0,1,0
19990815,641,6,1,94.0,5,0
19990829,642,16,10,0.0,0,0
19990829,642,15,7,4.0,0,0
19990829,642,18,11,0.0,0,0
19990829,642,20,8,3.0,0,0
19990829,642,1,1,106.0,6,0
19990829,642,21,9,1.0,0,0
19990829,642,24,6,14.0,0,0
19990829,642,22,5,16.0,0,0
19990829,642,3,4,24.0,0,0
19990829,642,17,3,47.0,1,0
19990829,642,6,2,97.0,5,0
19990912,643,16,10,0.0,0,0
19990912,643,15,7,4.0,0,0
19990912,643,18,11,0.0,0,0
19990912,643,20,8,3.0,0,0
19990912,643,1,1,108.0,6,0
19990912,643,21,9,1.0,0,0
19990912,643,24,5,17.0,0,0
19990912,643,22,6,16.0,0,0
19990912,643,3,4,30.0,0,0
19990912,643,17,3,57.0,2,0
19990912,643,6,2,102.0,5,0
19990926,644,16,11,0.0,0,0
19990926,644,15,8,4.0,0,0
19990926,644,18,10,1.0,0,0
19990926,644,20,7,9.0,0,0
19990926,644,1,1,110.0,6,0
19990926,644,21,9,1.0,0,0
19990926,644,24,5,31.0,1,0
19990926,644,22,6,16.0,0,0
19990926,644,3,4,33.0,0,0
19990926,644,17,3,57.0,2,0
19990926,644,6,2,102.0,5,0
19991017,645,16,11,0.0,0,0
19991017,645,15,8,4.0,0,0
19991017,645,18,10,1.0,0,0
19991017,645,20,7,9.0,0,0
19991017,645,1,2,114.0,6,0
19991017,645,21,9,1.0,0,0
19991017,645,24,4,36.0,1,0
19991017,645,22,6,16.0,0,0
19991017,645,3,5,33.0,0,0
19991017,645,17,3,58.0,2,0
19991017,645,6,1,118.0,6,0
19991031,646,16,11,0.0,0,1
19991031,646,15,8,5.0,0,1
19991031,646,18,10,1.0,0,1
19991031,646,20,7,9.0,0,1
19991031,646,1,2,124.0,7,1
19991031,646,21,9,1.0,0,1
19991031,646,24,4,36.0,1,1
19991031,646,22,6,16.0,0,1
19991031,646,3,5,35.0,0,1
19991031,646,17,3,61.0,2,1
19991031,646,6,1,128.0,6,1
19980308,615,1,1,16.0,1,0
19980308,615,3,2,6.0,0,0
19980308,615,6,3,3.0,0,0
19980308,615,15,4,1.0,0,0
19980308,615,22,5,0.0,0,0
19980308,615,17,6,0.0,0,0
19980308,615,20,7,0.0,0,0
19980329,616,1,1,32.0,2,0
19980329,616,3,2,8.0,0,0
19980329,616,6,3,7.0,0,0
19980329,616,15,5,1.0,0,0
19980329,616,22,4,4.0,0,0
19980329,616,17,6,0.0,0,0
19980329,616,20,7,0.0,0,0
19980329,616,24,8,0.0,0,0
19980412,617,1,1,39.0,2,0
19980412,617,3,3,8.0,0,0
19980412,617,6,2,21.0,1,0
19980412,617,15,5,3.0,0,0
19980412,617,22,4,7.0,0,0
19980412,617,17,6,0.0,0,0
19980412,617,20,7,0.0,0,0
19980412,617,24,8,0.0,0,0
19980412,617,25,9,0.0,0,0
19980412,617,18,10,0.0,0,0
19980426,618,1,1,49.0,3,0
19980426,618,3,3,13.0,0,0
19980426,618,6,2,31.0,1,0
19980426,618,15,5,4.0,0,0
19980426,618,22,4,7.0,0,0
19980426,618,17,6,0.0,0,0
19980426,618,20,8,0.0,0,0
19980426,618,24,10,0.0,0,0
19980426,618,25,11,0.0,0,0
19980426,618,18,7,0.0,0,0
19980426,618,21,9,0.0,0,0
19980510,619,1,1,65.0,4,0
19980510,619,3,3,14.0,0,0
19980510,619,6,2,35.0,1,0
19980510,619,15,5,4.0,0,0
19980510,619,22,4,10.0,0,0
19980510,619,17,7,0.0,0,0
19980510,619,20,9,0.0,0,0
19980510,619,24,6,2.0,0,0
19980510,619,25,11,0.0,0,0
19980510,619,18,8,0.0,0,0
19980510,619,21,10,0.0,0,0
19980524,620,1,1,75.0,5,0
19980524,620,3,4,16.0,0,0
19980524,620,6,2,39.0,1,0
19980524,620,15,6,4.0,0,0
19980524,620,22,3,16.0,0,0
19980524,620,17,8,0.0,0,0
19980524,620,20,10,0.0,0,0
19980524,620,24,7,2.0,0,0
19980524,620,25,11,0.0,0,0
19980524,620,18,9,0.0,0,0
19980524,620,21,5,4.0,0,0
19980607,621,1,1,75.0,5,0
19980607,621,3,4,16.0,0,0
19980607,621,6,2,53.0,2,0
19980607,621,15,7,4.0,0,0
19980607,621,22,3,25.0,0,0
19980607,621,17,8,0.0,0,0
19980607,621,20,11,0.0,0,0
19980607,621,24,5,5.0,0,0
19980607,621,25,10,0.0,0,0
19980607,621,18,9,0.0,0,0
19980607,621,21,6,4.0,0,0
19980628,622,1,1,80.0,5,0
19980628,622,3,4,19.0,0,0
19980628,622,6,2,69.0,3,0
19980628,622,15,7,4.0,0,0
19980628,622,22,3,27.0,0,0
19980628,622,17,8,0.0,0,0
19980628,622,20,11,0.0,0,0
19980628,622,24,5,5.0,0,0
19980628,622,25,10,0.0,0,0
19980628,622,18,9,0.0,0,0
19980628,622,21,6,4.0,0,0
19980712,623,1,1,86.0,5,0
19980712,623,3,4,19.0,0,0
19980712,623,6,2,83.0,4,0
19980712,623,15,7,4.0,0,0
19980712,623,22,3,32.0,0,0
19980712,623,17,8,1.0,0,0
19980712,623,20,11,0.0,0,0
19980712,623,24,5,5.0,0,0
19980712,623,25,10,0.0,0,0
19980712,623,18,9,0.0,0,0
19980712,623,21,6,4.0,0,0
19980726,624,1,1,102.0,6,0
19980726,624,3,4,20.0,0,0
19980726,624,6,2,90.0,4,0
19980726,624,15,7,4.0,0,0
19980726,624,22,3,32.0,0,0
19980726,624,17,8,3.0,0,0
19980726,624,20,11,0.0,0,0
19980726,624,24,5,5.0,0,0
19980726,624,25,10,0.0,0,0
19980726,624,18,9,0.0,0,0
19980726,624,21,6,4.0,0,0
19980802,625,1,1,118.0,7,0
19980802,625,3,4,24.0,0,0
19980802,625,6,2,92.0,4,0
19980802,625,15,8,4.0,0,0
19980802,625,22,3,32.0,0,0
19980802,625,17,5,7.0,0,0
19980802,625,20,11,0.0,0,0
19980802,625,24,6,5.0,0,0
19980802,625,25,10,0.0,0,0
19980802,625,18,9,0.0,0,0
19980802,625,21,7,4.0,0,0
19980816,626,1,1,125.0,7,0
19980816,626,3,4,30.0,0,0
19980816,626,6,2,102.0,5,0
19980816,626,15,8,4.0,0,0
19980816,626,22,3,32.0,0,0
19980816,626,17,5,10.0,0,0
19980816,626,20,11,0.0,0,0
19980816,626,24,6,5.0,0,0
19980816,626,25,10,0.0,0,0
19980816,626,18,9,0.0,0,0
19980816,626,21,7,4.0,0,0
19980830,627,1,1,125.0,7,0
19980830,627,3,3,33.0,0,0
19980830,627,6,2,102.0,5,0
19980830,627,15,6,8.0,0,0
19980830,627,22,4,32.0,0,0
19980830,627,17,5,26.0,1,0
19980830,627,20,9,1.0,0,0
19980830,627,24,8,5.0,0,0
19980830,627,25,11,0.0,0,0
19980830,627,18,10,0.0,0,0
19980830,627,21,7,6.0,0,0
19980913,628,1,1,128.0,7,0
19980913,628,3,3,33.0,0,0
19980913,628,6,2,118.0,6,0
19980913,628,15,6,10.0,0,0
19980913,628,22,4,32.0,0,0
19980913,628,17,5,31.0,1,0
19980913,628,20,9,1.0,0,0
19980913,628,24,8,5.0,0,0
19980913,628,25,11,0.0,0,0
19980913,628,18,10,0.0,0,0
19980913,628,21,7,6.0,0,0
19980927,629,1,1,142.0,8,0
19980927,629,3,3,35.0,0,0
19980927,629,6,2,127.0,6,0
19980927,629,15,6,10.0,0,0
19980927,629,22,4,33.0,0,0
19980927,629,17,5,31.0,1,0
19980927,629,20,9,1.0,0,0
19980927,629,24,8,5.0,0,0
19980927,629,25,11,0.0,0,0
19980927,629,18,10,0.0,0,0
19980927,629,21,7,6.0,0,0
19981101,630,1,1,156.0,9,1
19981101,630,3,3,38.0,0,1
19981101,630,6,2,133.0,6,1
19981101,630,15,6,10.0,0,1
19981101,630,22,5,33.0,0,1
19981101,630,17,4,34.0,1,1
19981101,630,20,9,1.0,0,1
19981101,630,24,8,5.0,0,1
19981101,630,25,11,0.0,0,1
19981101,630,18,10,0.0,0,1
19981101,630,21,7,6.0,0,1
19970309,598,21,8,0.0,0,0
19970309,598,18,7,0.0,0,0
19970309,598,3,6,0.0,0,0
19970309,598,15,5,1.0,0,0
19970309,598,20,4,2.0,0,0
19970309,598,22,3,3.0,0,0
19970309,598,6,2,6.0,0,0
19970309,598,1,1,14.0,1,0
19970330,599,25,10,0.0,0,0
19970330,599,17,7,0.0,0,0
19970330,599,21,9,0.0,0,0
19970330,599,18,8,0.0,0,0
19970330,599,3,2,10.0,1,0
19970330,599,15,6,1.0,0,0
19970330,599,20,5,6.0,0,0
19970330,599,22,3,10.0,0,0
19970330,599,6,4,8.0,0,0
19970330,599,1,1,17.0,1,0
19970413,600,24,11,0.0,0,0
19970413,600,25,8,0.0,0,0
19970413,600,17,6,4.0,0,0
19970413,600,21,10,0.0,0,0
19970413,600,18,9,0.0,0,0
19970413,600,3,1,20.0,2,0
19970413,600,15,7,4.0,0,0
19970413,600,20,5,6.0,0,0
19970413,600,22,4,11.0,0,0
19970413,600,6,3,14.0,0,0
19970413,600,1,2,19.0,1,0
19970427,601,24,11,0.0,0,0
19970427,601,25,8,0.0,0,0
19970427,601,17,5,7.0,0,0
19970427,601,21,10,0.0,0,0
19970427,601,18,9,0.0,0,0
19970427,601,3,1,30.0,3,0
19970427,601,15,7,4.0,0,0
19970427,601,20,6,6.0,0,0
19970427,601,22,4,13.0,0,0
19970427,601,6,2,24.0,0,0
19970427,601,1,3,20.0,1,0
19970511,602,24,7,6.0,0,0
19970511,602,25,9,2.0,0,0
19970511,602,17,6,8.0,0,0
19970511,602,21,11,0.0,0,0
19970511,602,18,10,0.0,0,0
19970511,602,3,2,30.0,3,0
19970511,602,15,8,4.0,0,0
19970511,602,20,5,9.0,0,0
19970511,602,22,4,13.0,0,0
19970511,602,6,1,38.0,1,0
19970511,602,1,3,20.0,1,0
19970525,603,26,12,0.0,0,0
19970525,603,17,6,8.0,0,0
19970525,603,25,9,2.0,0,0
19970525,603,24,7,6.0,0,0
19970525,603,21,11,0.0,0,0
19970525,603,18,10,0.0,0,0
19970525,603,3,2,40.0,4,0
19970525,603,15,8,6.0,0,0
19970525,603,20,5,15.0,0,0
19970525,603,22,4,17.0,0,0
19970525,603,6,1,41.0,1,0
19970525,603,1,3,21.0,1,0
19970615,604,26,12,0.0,0,0
19970615,604,17,6,12.0,0,0
19970615,604,25,9,2.0,0,0
19970615,604,24,8,6.0,0,0
19970615,604,21,10,0.0,0,0
19970615,604,18,11,0.0,0,0
19970615,604,3,2,43.0,4,0
19970615,604,15,7,8.0,0,0
19970615,604,20,5,16.0,0,0
19970615,604,22,3,23.0,0,0
19970615,604,6,1,51.0,2,0
19970615,604,1,4,21.0,1,0
19970629,605,26,12,0.0,0,0
19970629,605,17,6,13.0,0,0
19970629,605,25,9,2.0,0,0
19970629,605,24,8,6.0,0,0
19970629,605,21,10,0.0,0,0
19970629,605,18,11,0.0,0,0
19970629,605,3,2,52.0,4,0
19970629,605,15,7,8.0,0,0
19970629,605,20,5,16.0,0,0
19970629,605,22,3,25.0,0,0
19970629,605,6,1,65.0,3,0
19970629,605,1,4,21.0,1,0
19970713,606,26,12,0.0,0,0
19970713,606,17,6,15.0,0,0
19970713,606,25,9,2.0,0,0
19970713,606,24,8,6.0,0,0
19970713,606,21,10,1.0,0,0
19970713,606,18,11,0.0,0,0
19970713,606,3,2,62.0,5,0
19970713,606,15,7,8.0,0,0
19970713,606,20,5,16.0,0,0
19970713,606,22,3,35.0,0,0
19970713,606,6,1,65.0,3,0
19970713,606,1,4,24.0,1,0
19970727,607,26,12,0.0,0,0
19970727,607,17,6,17.0,0,0
19970727,607,25,9,2.0,0,0
19970727,607,24,8,6.0,0,0
19970727,607,21,10,1.0,0,0
19970727,607,18,11,0.0,0,0
19970727,607,3,2,62.0,5,0
19970727,607,15,7,8.0,0,0
19970727,607,20,5,19.0,0,0
19970727,607,22,3,46.0,1,0
19970727,607,6,1,71.0,3,0
19970727,607,1,4,28.0,1,0
19970810,608,26,12,0.0,0,0
19970810,608,17,6,19.0,0,0
19970810,608,25,10,2.0,0,0
19970810,608,24,9,6.0,0,0
19970810,608,21,8,7.0,0,0
19970810,608,18,11,0.0,0,0
19970810,608,3,2,72.0,6,0
19970810,608,15,7,12.0,0,0
19970810,608,20,5,20.0,0,0
19970810,608,22,3,46.0,1,0
19970810,608,6,1,74.0,3,0
19970810,608,1,4,28.0,1,0
19970824,609,26,12,0.0,0,0
19970824,609,17,5,25.0,0,0
19970824,609,25,10,2.0,0,0
19970824,609,24,9,6.0,0,0
19970824,609,21,8,7.0,0,0
19970824,609,18,11,0.0,0,0
19970824,609,3,2,78.0,6,0
19970824,609,15,7,15.0,0,0
19970824,609,20,6,20.0,0,0
19970824,609,22,3,47.0,1,0
19970824,609,6,1,84.0,4,0
19970824,609,1,4,28.0,1,0
19970907,610,26,12,0.0,0,0
19970907,610,17,5,28.0,0,0
19970907,610,25,10,2.0,0,0
19970907,610,24,9,6.0,0,0
19970907,610,21,8,7.0,0,0
19970907,610,18,11,0.0,0,0
19970907,610,3,2,84.0,6,0
19970907,610,15,7,15.0,0,0
19970907,610,20,6,20.0,0,0
19970907,610,22,3,53.0,1,0
19970907,610,6,1,85.0,4,0
19970907,610,1,4,38.0,2,0
19970921,611,26,12,0.0,0,0
19970921,611,17,5,33.0,0,0
19970921,611,25,10,2.0,0,0
19970921,611,24,9,6.0,0,0
19970921,611,21,8,7.0,0,0
19970921,611,18,11,0.0,0,0
19970921,611,3,1,98.0,7,0
19970921,611,15,7,15.0,0,0
19970921,611,20,6,20.0,0,0
19970921,611,22,3,53.0,1,0
19970921,611,6,2,86.0,4,0
19970921,611,1,4,44.0,2,0
19970928,612,26,12,0.0,0,0
19970928,612,17,5,33.0,0,0
19970928,612,25,10,2.0,0,0
19970928,612,24,9,6.0,0,0
19970928,612,21,8,9.0,0,0
19970928,612,18,11,0.0,0,0
19970928,612,3,1,112.0,8,0
19970928,612,15,7,15.0,0,0
19970928,612,20,6,21.0,0,0
19970928,612,22,3,62.0,1,0
19970928,612,6,2,86.0,4,0
19970928,612,1,4,44.0,2,0
19971012,613,26,12,0.0,0,0
19971012,613,17,5,33.0,0,0
19971012,613,25,10,2.0,0,0
19971012,613,24,9,6.0,0,0
19971012,613,21,8,9.0,0,0
19971012,613,18,11,0.0,0,0
19971012,613,3,1,118.0,8,0
19971012,613,15,7,16.0,0,0
19971012,613,20,6,21.0,0,0
19971012,613,22,3,64.0,1,0
19971012,613,6,2,100.0,5,0
19971012,613,1,4,47.0,2,0
19971026,614,26,12,0.0,0,1
19971026,614,17,5,33.0,0,1
19971026,614,25,10,2.0,0,1
19971026,614,24,9,6.0,0,1
19971026,614,21,8,9.0,0,1
19971026,614,18,11,0.0,0,1
19971026,614,3,1,123.0,8,1
19971026,614,15,7,16.0,0,1
19971026,614,20,6,21.0,0,1
19971026,614,22,3,67.0,1,1
19971026,614,6,2,102.0,5,1
19971026,614,1,4,63.0,3,1
19960310,582,3,1,16.0,1,0
19960310,582,6,2,4.0,0,0
19960310,582,22,3,3.0,0,0
19960310,582,1,4,2.0,0,0
19960310,582,25,5,1.0,0,0
19960310,582,27,6,0.0,0,0
19960310,582,15,7,0.0,0,0
19960310,582,29,8,0.0,0,0
19960331,583,3,1,26.0,2,0
19960331,583,6,3,8.0,0,0
19960331,583,22,2,9.0,0,0
19960331,583,1,4,5.0,0,0
19960331,583,25,5,3.0,0,0
19960331,583,27,6,1.0,0,0
19960331,583,15,7,0.0,0,0
19960331,583,29,8,0.0,0,0
19960331,583,18,9,0.0,0,0
19960331,583,28,10,0.0,0,0
19960331,583,17,11,0.0,0,0
19960407,584,3,1,42.0,3,0
19960407,584,6,3,10.0,0,0
19960407,584,22,2,13.0,0,0
19960407,584,1,4,5.0,0,0
19960407,584,25,6,3.0,0,0
19960407,584,27,7,1.0,0,0
19960407,584,15,9,0.0,0,0
19960407,584,29,8,1.0,0,0
19960407,584,18,11,0.0,0,0
19960407,584,28,10,0.0,0,0
19960407,584,17,5,3.0,0,0
19960428,585,3,1,55.0,4,0
19960428,585,6,2,16.0,0,0
19960428,585,22,3,13.0,0,0
19960428,585,1,4,9.0,0,0
19960428,585,25,6,3.0,0,0
19960428,585,27,7,1.0,0,0
19960428,585,15,9,0.0,0,0
19960428,585,29,8,1.0,0,0
19960428,585,18,11,0.0,0,0
19960428,585,28,10,0.0,0,0
19960428,585,17,5,6.0,0,0
19960505,586,3,1,65.0,5,0
19960505,586,6,2,25.0,0,0
19960505,586,22,3,18.0,0,0
19960505,586,1,4,9.0,0,0
19960505,586,25,6,3.0,0,0
19960505,586,27,7,1.0,0,0
19960505,586,15,9,0.0,0,0
19960505,586,29,8,1.0,0,0
19960505,586,18,10,0.0,0,0
19960505,586,28,11,0.0,0,0
19960505,586,17,5,8.0,0,0
19960519,587,3,1,65.0,5,0
19960519,587,6,2,25.0,0,0
19960519,587,22,3,18.0,0,0
19960519,587,1,4,16.0,0,0
19960519,587,25,8,5.0,0,0
19960519,587,27,5,11.0,1,0
19960519,587,15,7,7.0,0,0
19960519,587,29,9,1.0,0,0
19960519,587,18,10,0.0,0,0
19960519,587,28,11,0.0,0,0
19960519,587,17,6,8.0,0,0
19960602,588,3,1,69.0,5,0
19960602,588,6,2,35.0,1,0
19960602,588,22,3,24.0,0,0
19960602,588,1,4,18.0,0,0
19960602,588,25,8,5.0,0,0
19960602,588,27,5,12.0,1,0
19960602,588,15,6,10.0,0,0
19960602,588,29,9,1.0,0,0
19960602,588,18,10,0.0,0,0
19960602,588,28,11,0.0,0,0
19960602,588,17,7,8.0,0,0
19960616,589,3,1,85.0,6,0
19960616,589,6,2,35.0,1,0
19960616,589,22,3,28.0,0,0
19960616,589,1,4,23.0,0,0
19960616,589,25,8,5.0,0,0
19960616,589,27,5,12.0,1,0
19960616,589,15,6,10.0,0,0
19960616,589,29,9,1.0,0,0
19960616,589,18,10,0.0,0,0
19960616,589,28,11,0.0,0,0
19960616,589,17,7,9.0,0,0
19960630,590,3,1,101.0,7,0
19960630,590,6,2,35.0,1,0
19960630,590,22,3,35.0,0,0
19960630,590,1,4,26.0,0,0
19960630,590,25,8,5.0,0,0
19960630,590,27,5,12.0,1,0
19960630,590,15,6,10.0,0,0
19960630,590,29,9,1.0,0,0
19960630,590,18,10,0.0,0,0
19960630,590,28,11,0.0,0,0
19960630,590,17,7,9.0,0,0
19960714,591,3,1,111.0,8,0
19960714,591,6,3,35.0,1,0
19960714,591,22,2,41.0,0,0
19960714,591,1,4,32.0,0,0
19960714,591,25,8,5.0,0,0
19960714,591,27,6,12.0,1,0
19960714,591,15,7,10.0,0,0
19960714,591,29,9,1.0,0,0
19960714,591,18,10,0.0,0,0
19960714,591,28,11,0.0,0,0
19960714,591,17,5,13.0,0,0
19960728,592,3,1,125.0,9,0
19960728,592,6,3,38.0,1,0
19960728,592,22,2,47.0,0,0
19960728,592,1,4,34.0,0,0
19960728,592,25,8,5.0,0,0
19960728,592,27,6,12.0,1,0
19960728,592,15,7,10.0,0,0
19960728,592,29,9,1.0,0,0
19960728,592,18,10,0.0,0,0
19960728,592,28,11,0.0,0,0
19960728,592,17,5,14.0,0,0
19960811,593,3,1,141.0,10,0
19960811,593,6,3,38.0,1,0
19960811,593,22,2,51.0,0,0
19960811,593,1,4,37.0,0,0
19960811,593,25,8,5.0,0,0
19960811,593,27,6,14.0,1,0
19960811,593,15,7,10.0,0,0
19960811,593,29,9,1.0,0,0
19960811,593,18,10,0.0,0,0
19960811,593,28,11,0.0,0,0
19960811,593,17,5,15.0,0,0
19960825,594,3,1,149.0,10,0
19960825,594,6,3,48.0,2,0
19960825,594,22,2,55.0,0,0
19960825,594,1,4,41.0,0,0
19960825,594,25,8,5.0,0,0
19960825,594,27,6,14.0,1,0
19960825,594,15,7,10.0,0,0
19960825,594,29,9,1.0,0,0
19960825,594,18,10,0.0,0,0
19960825,594,28,11,0.0,0,0
19960825,594,17,5,15.0,0,0
19960908,595,3,1,149.0,10,0
19960908,595,6,3,58.0,3,0
19960908,595,22,2,61.0,0,0
19960908,595,1,4,45.0,0,0
19960908,595,25,8,5.0,0,0
19960908,595,27,6,15.0,1,0
19960908,595,15,7,10.0,0,0
19960908,595,29,9,1.0,0,0
19960908,595,18,10,0.0,0,0
19960908,595,28,11,0.0,0,0
19960908,595,17,5,20.0,0,0
19960922,596,3,1,165.0,11,0
19960922,596,6,3,64.0,3,0
19960922,596,22,2,65.0,0,0
19960922,596,1,4,45.0,0,0
19960922,596,25,8,5.0,0,0
19960922,596,27,6,15.0,1,0
19960922,596,15,7,10.0,0,0
19960922,596,29,9,1.0,0,0
19960922,596,18,10,0.0,0,0
19960922,596,28,11,0.0,0,0
19960922,596,17,5,20.0,0,0
19961013,597,3,1,175.0,12,1
19961013,597,6,2,70.0,3,1
19961013,597,22,3,68.0,0,1
19961013,597,1,4,49.0,0,1
19961013,597,25,8,5.0,0,1
19961013,597,27,6,15.0,1,1
19961013,597,15,7,11.0,0,1
19961013,597,29,9,1.0,0,1
19961013,597,18,10,0.0,0,1
19961013,597,28,11,0.0,0,1
19961013,597,17,5,22.0,0,1
19950326,565,28,8,0.0,0,0
19950326,565,30,7,0.0,0,0
19950326,565,27,6,0.0,0,0
19950326,565,25,5,0.0,0,0
19950326,565,1,4,4.0,0,0
19950326,565,6,3,6.0,0,0
19950326,565,3,2,6.0,0,0
19950326,565,22,1,10.0,1,0
19950409,566,31,9,0.0,0,0
19950409,566,15,5,2.0,0,0
19950409,566,28,10,0.0,0,0
19950409,566,30,8,0.0,0,0
19950409,566,27,6,0.0,0,0
19950409,566,25,7,0.0,0,0
19950409,566,1,4,4.0,0,0
19950409,566,6,3,13.0,0,0
19950409,566,3,2,16.0,1,0
19950409,566,22,1,17.0,1,0
19950430,567,29,13,0.0,0,0
19950430,567,18,12,0.0,0,0
19950430,567,17,8,0.0,0,0
19950430,567,31,10,0.0,0,0
19950430,567,15,5,3.0,0,0
19950430,567,28,11,0.0,0,0
19950430,567,30,9,0.0,0,0
19950430,567,27,6,0.0,0,0
19950430,567,25,7,0.0,0,0
19950430,567,1,4,6.0,0,0
19950430,567,6,2,23.0,0,0
19950430,567,3,1,29.0,2,0
19950430,567,22,3,17.0,1,0
19950514,568,29,12,0.0,0,0
19950514,568,18,13,0.0,0,0
19950514,568,17,6,2.0,0,0
19950514,568,31,9,0.0,0,0
19950514,568,15,5,3.0,0,0
19950514,568,28,11,0.0,0,0
19950514,568,30,10,0.0,0,0
19950514,568,27,7,1.0,0,0
19950514,568,25,8,0.0,0,0
19950514,568,1,4,6.0,0,0
19950514,568,6,3,27.0,0,0
19950514,568,3,2,32.0,2,0
19950514,568,22,1,33.0,2,0
19950611,570,29,8,1.0,0,0
19950528,569,29,10,0.0,0,0
19950528,569,18,9,0.0,0,0
19950528,569,17,6,2.0,0,0
19950528,569,31,11,0.0,0,0
19950528,569,15,5,4.0,0,0
19950528,569,28,13,0.0,0,0
19950528,569,30,12,0.0,0,0
19950528,569,27,7,1.0,0,0
19950611,570,18,10,0.0,0,0
19950528,569,25,8,0.0,0,0
19950528,569,1,4,8.0,0,0
19950528,569,6,3,31.0,0,0
19950528,569,3,2,38.0,2,0
19950528,569,22,1,46.0,3,0
19950611,570,17,4,12.0,0,0
19950611,570,31,11,0.0,0,0
19950611,570,15,7,4.0,0,0
19950611,570,28,13,0.0,0,0
19950611,570,30,12,0.0,0,0
19950611,570,27,6,4.0,0,0
19950611,570,25,9,0.0,0,0
19950611,570,1,5,8.0,0,0
19950611,570,6,2,41.0,1,0
19950611,570,3,3,38.0,2,0
19950611,570,22,1,48.0,3,0
19950702,571,29,8,1.0,0,0
19950702,571,18,10,0.0,0,0
19950702,571,17,4,13.0,0,0
19950702,571,31,11,0.0,0,0
19950702,571,15,7,4.0,0,0
19950702,571,28,13,0.0,0,0
19950702,571,30,12,0.0,0,0
19950702,571,27,6,7.0,0,0
19950702,571,25,9,0.0,0,0
19950702,571,1,5,8.0,0,0
19950702,571,6,3,43.0,1,0
19950702,571,3,2,48.0,2,0
19950702,571,22,1,58.0,4,0
19950716,572,29,8,1.0,0,0
19950716,572,18,10,0.0,0,0
19950716,572,17,4,13.0,0,0
19950716,572,31,11,0.0,0,0
19950716,572,15,7,5.0,0,0
19950716,572,28,13,0.0,0,0
19950716,572,30,12,0.0,0,0
19950716,572,27,5,10.0,0,0
19950716,572,25,9,0.0,0,0
19950716,572,1,6,10.0,0,0
19950716,572,6,3,49.0,1,0
19950716,572,3,2,52.0,2,0
19950716,572,22,1,68.0,5,0
19950730,573,29,8,1.0,0,0
19950730,573,18,10,0.0,0,0
19950730,573,17,4,13.0,0,0
19950730,573,31,12,0.0,0,0
19950730,573,15,7,7.0,0,0
19950730,573,28,13,0.0,0,0
19950730,573,30,11,0.0,0,0
19950730,573,27,5,11.0,0,0
19950730,573,25,9,0.0,0,0
19950730,573,1,6,10.0,0,0
19950730,573,6,3,53.0,1,0
19950730,573,3,2,58.0,2,0
19950730,573,22,1,81.0,6,0
19950813,574,29,8,1.0,0,0
19950813,574,18,10,0.0,0,0
19950813,574,17,4,13.0,0,0
19950813,574,31,12,0.0,0,0
19950813,574,15,7,9.0,0,0
19950813,574,28,13,0.0,0,0
19950813,574,30,11,0.0,0,0
19950813,574,27,5,12.0,0,0
19950813,574,25,9,0.0,0,0
19950813,574,1,6,10.0,0,0
19950813,574,6,3,57.0,1,0
19950813,574,3,2,74.0,3,0
19950813,574,22,1,84.0,6,0
19950827,575,29,8,1.0,0,0
19950827,575,18,10,0.0,0,0
19950827,575,17,5,14.0,0,0
19950827,575,31,12,0.0,0,0
19950827,575,15,7,12.0,0,0
19950827,575,28,13,0.0,0,0
19950827,575,30,11,0.0,0,0
19950827,575,27,4,16.0,0,0
19950827,575,25,9,0.0,0,0
19950827,575,1,6,12.0,0,0
19950827,575,6,3,57.0,1,0
19950827,575,3,2,80.0,3,0
19950827,575,22,1,94.0,7,0
19950910,576,29,9,1.0,0,0
19950910,576,18,10,0.0,0,0
19950910,576,17,7,14.0,0,0
19950910,576,31,13,0.0,0,0
19950910,576,15,5,17.0,0,0
19950910,576,28,12,0.0,0,0
19950910,576,30,11,0.0,0,0
19950910,576,27,6,16.0,0,0
19950910,576,25,8,2.0,0,0
19950910,576,1,4,21.0,0,0
19950910,576,6,3,57.0,1,0
19950910,576,3,2,80.0,3,0
19950910,576,22,1,104.0,8,0
19950924,577,29,9,1.0,0,0
19950924,577,18,10,0.0,0,0
19950924,577,17,7,14.0,0,0
19950924,577,31,13,0.0,0,0
19950924,577,15,5,18.0,0,0
19950924,577,28,12,0.0,0,0
19950924,577,30,11,0.0,0,0
19950924,577,27,6,16.0,0,0
19950924,577,25,8,2.0,0,0
19950924,577,1,4,21.0,0,0
19950924,577,6,3,62.0,1,0
19950924,577,3,2,94.0,4,0
19950924,577,22,1,110.0,8,0
19951001,578,29,9,1.0,0,0
19951001,578,18,10,0.0,0,0
19951001,578,17,5,18.0,0,0
19951001,578,31,13,0.0,0,0
19951001,578,15,6,18.0,0,0
19951001,578,28,12,0.0,0,0
19951001,578,30,11,0.0,0,0
19951001,578,27,7,16.0,0,0
19951001,578,25,8,2.0,0,0
19951001,578,1,4,21.0,0,0
19951001,578,6,3,68.0,1,0
19951001,578,3,2,98.0,4,0
19951001,578,22,1,122.0,9,0
19951022,579,29,9,1.0,0,0
19951022,579,18,10,0.0,0,0
19951022,579,17,5,18.0,0,0
19951022,579,31,13,0.0,0,0
19951022,579,15,6,18.0,0,0
19951022,579,28,12,0.0,0,0
19951022,579,30,11,0.0,0,0
19951022,579,27,7,16.0,0,0
19951022,579,25,8,2.0,0,0
19951022,579,1,4,21.0,0,0
19951022,579,6,3,73.0,1,0
19951022,579,3,2,108.0,4,0
19951022,579,22,1,133.0,10,0
19951029,580,29,9,1.0,0,0
19951029,580,18,10,0.0,0,0
19951029,580,17,5,21.0,0,0
19951029,580,31,13,0.0,0,0
19951029,580,15,7,18.0,0,0
19951029,580,28,12,0.0,0,0
19951029,580,30,11,0.0,0,0
19951029,580,27,6,18.0,0,0
19951029,580,25,8,3.0,0,0
19951029,580,1,4,27.0,0,0
19951029,580,6,3,73.0,1,0
19951029,580,3,2,108.0,4,0
19951029,580,22,1,147.0,11,0
19951112,581,29,8,5.0,0,1
19951112,581,18,10,1.0,0,1
19951112,581,17,6,21.0,0,1
19951112,581,31,13,0.0,0,1
19951112,581,15,7,18.0,0,1
19951112,581,28,11,0.0,0,1
19951112,581,30,12,0.0,0,1
19951112,581,27,5,24.0,0,1
19951112,581,25,9,5.0,0,1
19951112,581,1,4,30.0,0,1
19951112,581,6,3,73.0,1,1
19951112,581,3,2,118.0,5,1
19951112,581,22,1,147.0,11,1
19940327,549,31,11,0.0,0,0
19940327,549,27,10,0.0,0,0
19940327,549,33,9,0.0,0,0
19940327,549,18,8,0.0,0,0
19940327,549,32,7,0.0,0,0
19940327,549,15,6,1.0,0,0
19940327,549,25,5,2.0,0,0
19940327,549,17,4,3.0,0,0
19940327,549,6,3,4.0,0,0
19940327,549,3,2,6.0,0,0
19940327,549,22,1,10.0,1,0
19940417,550,1,13,0.0,0,0
19940417,550,31,12,0.0,0,0
19940417,550,27,11,0.0,0,0
19940417,550,33,8,1.0,0,0
19940417,550,18,10,0.0,0,0
19940417,550,32,9,0.0,0,0
19940417,550,15,6,3.0,0,0
19940417,550,25,7,2.0,0,0
19940417,550,17,3,7.0,0,0
19940417,550,6,2,10.0,0,0
19940417,550,3,4,6.0,0,0
19940417,550,22,1,20.0,2,0
19940501,551,29,8,3.0,0,0
19940501,551,1,6,4.0,0,0
19940501,551,31,13,0.0,0,0
19940501,551,27,12,0.0,0,0
19940501,551,33,9,1.0,0,0
19940501,551,18,11,0.0,0,0
19940501,551,32,10,0.0,0,0
19940501,551,15,5,6.0,0,0
19940501,551,25,7,4.0,0,0
19940501,551,17,4,7.0,0,0
19940501,551,6,2,16.0,0,0
19940501,551,3,3,7.0,0,0
19940501,551,22,1,30.0,3,0
19940515,552,29,8,3.0,0,0
19940515,552,1,3,10.0,0,0
19940515,552,31,13,0.0,0,0
19940515,552,27,12,0.0,0,0
19940515,552,33,9,1.0,0,0
19940515,552,18,10,1.0,0,0
19940515,552,32,11,0.0,0,0
19940515,552,15,6,6.0,0,0
19940515,552,25,7,4.0,0,0
19940515,552,17,4,10.0,0,0
19940515,552,6,2,22.0,0,0
19940515,552,3,5,7.0,0,0
19940515,552,22,1,40.0,4,0
19940529,553,29,8,3.0,0,0
19940529,553,1,5,10.0,0,0
19940529,553,31,13,0.0,0,0
19940529,553,27,12,0.0,0,0
19940529,553,33,10,1.0,0,0
19940529,553,18,9,3.0,0,0
19940529,553,32,11,0.0,0,0
19940529,553,15,7,6.0,0,0
19940529,553,25,6,8.0,0,0
19940529,553,17,4,11.0,0,0
19940529,553,6,2,25.0,0,0
19940529,553,3,3,17.0,1,0
19940529,553,22,1,46.0,4,0
19940612,554,29,8,3.0,0,0
19940612,554,1,5,10.0,0,0
19940612,554,31,13,0.0,0,0
19940612,554,27,12,0.0,0,0
19940612,554,33,10,1.0,0,0
19940612,554,18,9,3.0,0,0
19940612,554,32,11,0.0,0,0
19940612,554,15,7,6.0,0,0
19940612,554,25,6,8.0,0,0
19940612,554,17,4,11.0,0,0
19940612,554,6,2,32.0,0,0
19940612,554,3,3,25.0,1,0
19940612,554,22,1,57.0,5,0
19940703,555,29,9,3.0,0,0
19940703,555,1,5,10.0,0,0
19940703,555,31,13,0.0,0,0
19940703,555,27,12,0.0,0,0
19940703,555,33,10,1.0,0,0
19940703,555,18,8,5.0,0,0
19940703,555,32,11,0.0,0,0
19940703,555,15,6,10.0,0,0
19940703,555,25,7,8.0,0,0
19940703,555,17,4,11.0,0,0
19940703,555,6,2,36.0,0,0
19940703,555,3,3,31.0,1,0
19940703,555,22,1,67.0,6,0
19940710,556,29,9,3.0,0,0
19940710,556,1,4,14.0,0,0
19940710,556,31,13,0.0,0,0
19940710,556,27,12,0.0,0,0
19940710,556,33,10,1.0,0,0
19940710,556,18,8,5.0,0,0
19940710,556,32,11,0.0,0,0
19940710,556,15,6,10.0,0,0
19940710,556,25,7,9.0,0,0
19940710,556,17,5,14.0,0,0
19940710,556,6,3,42.0,0,0
19940710,556,3,2,43.0,2,0
19940710,556,22,1,67.0,6,0
19940731,557,29,9,8.0,0,0
19940731,557,1,4,14.0,0,0
19940731,557,31,13,0.0,0,0
19940731,557,27,6,10.0,0,0
19940731,557,33,11,2.0,0,0
19940731,557,18,10,5.0,0,0
19940731,557,32,12,0.0,0,0
19940731,557,15,7,10.0,0,0
19940731,557,25,8,9.0,0,0
19940731,557,17,5,14.0,0,0
19940731,557,6,2,52.0,1,0
19940731,557,3,3,43.0,2,0
19940731,557,22,1,67.0,6,0
19940814,558,29,9,8.0,0,0
19940814,558,1,4,17.0,0,0
19940814,558,31,13,0.0,0,0
19940814,558,27,6,11.0,0,0
19940814,558,33,11,2.0,0,0
19940814,558,18,10,5.0,0,0
19940814,558,32,12,0.0,0,0
19940814,558,15,8,10.0,0,0
19940814,558,25,7,11.0,0,0
19940814,558,17,5,14.0,0,0
19940814,558,6,2,52.0,1,0
19940814,558,3,3,49.0,2,0
19940814,558,22,1,81.0,7,0
19940828,559,29,9,9.0,0,0
19940828,559,1,4,23.0,0,0
19940828,559,31,13,0.0,0,0
19940828,559,27,7,11.0,0,0
19940828,559,33,11,2.0,0,0
19940828,559,18,10,5.0,0,0
19940828,559,32,12,0.0,0,0
19940828,559,15,8,10.0,0,0
19940828,559,25,6,13.0,0,0
19940828,559,17,5,14.0,0,0
19940828,559,6,3,52.0,1,0
19940828,559,3,2,62.0,3,0
19940828,559,22,1,85.0,7,0
19940911,560,29,9,9.0,0,0
19940911,560,1,4,29.0,0,0
19940911,560,31,13,0.0,0,0
19940911,560,27,7,11.0,0,0
19940911,560,33,11,2.0,0,0
19940911,560,18,10,5.0,0,0
19940911,560,32,12,0.0,0,0
19940911,560,15,8,10.0,0,0
19940911,560,25,6,13.0,0,0
19940911,560,17,5,17.0,0,0
19940911,560,6,3,58.0,1,0
19940911,560,3,2,73.0,4,0
19940911,560,22,1,85.0,7,0
19940925,561,29,9,9.0,0,0
19940925,561,1,4,34.0,0,0
19940925,561,31,13,0.0,0,0
19940925,561,27,7,11.0,0,0
19940925,561,33,11,2.0,0,0
19940925,561,18,10,5.0,0,0
19940925,561,32,12,0.0,0,0
19940925,561,15,8,10.0,0,0
19940925,561,25,6,13.0,0,0
19940925,561,17,5,20.0,0,0
19940925,561,6,3,58.0,1,0
19940925,561,3,1,89.0,5,0
19940925,561,22,2,87.0,7,0
19941016,562,29,9,9.0,0,0
19941016,562,1,4,38.0,0,0
19941016,562,31,13,0.0,0,0
19941016,562,27,7,11.0,0,0
19941016,562,33,11,2.0,0,0
19941016,562,18,10,5.0,0,0
19941016,562,32,12,0.0,0,0
19941016,562,15,8,11.0,0,0
19941016,562,25,6,13.0,0,0
19941016,562,17,5,23.0,0,0
19941016,562,6,3,60.0,1,0
19941016,562,3,2,95.0,5,0
19941016,562,22,1,97.0,8,0
19941106,563,29,9,9.0,0,0
19941106,563,1,4,38.0,0,0
19941106,563,31,13,0.0,0,0
19941106,563,27,8,11.0,0,0
19941106,563,33,11,2.0,0,0
19941106,563,18,10,5.0,0,0
19941106,563,32,12,0.0,0,0
19941106,563,15,7,12.0,0,0
19941106,563,25,6,13.0,0,0
19941106,563,17,5,25.0,0,0
19941106,563,6,3,64.0,1,0
19941106,563,3,1,108.0,6,0
19941106,563,22,2,103.0,8,0
19941113,564,29,9,9.0,0,1
19941113,564,1,4,42.0,0,1
19941113,564,31,13,0.0,0,1
19941113,564,27,6,13.0,0,1
19941113,564,33,11,2.0,0,1
19941113,564,18,10,5.0,0,1
19941113,564,32,12,0.0,0,1
19941113,564,15,8,12.0,0,1
19941113,564,25,7,13.0,0,1
19941113,564,17,5,28.0,0,1
19941113,564,6,3,71.0,1,1
19941113,564,3,1,118.0,7,1
19941113,564,22,2,103.0,8,1
19930314,533,29,7,0.0,0,0
19930314,533,6,6,1.0,0,0
19930314,533,15,5,2.0,0,0
19930314,533,18,4,3.0,0,0
19930314,533,27,3,4.0,0,0
19930314,533,1,2,6.0,0,0
19930314,533,3,1,10.0,1,0
19930328,534,26,11,0.0,0,0
19930328,534,33,10,0.0,0,0
19930328,534,32,5,4.0,0,0
19930328,534,22,4,4.0,0,0
19930328,534,29,9,0.0,0,0
19930328,534,6,8,1.0,0,0
19930328,534,15,7,2.0,0,0
19930328,534,18,6,3.0,0,0
19930328,534,27,3,6.0,0,0
19930328,534,1,1,16.0,1,0
19930328,534,3,2,16.0,1,0
19930411,535,17,11,0.0,0,0
19930411,535,26,12,0.0,0,0
19930411,535,33,9,0.0,0,0
19930411,535,32,3,7.0,0,0
19930411,535,22,4,6.0,0,0
19930411,535,29,10,0.0,0,0
19930411,535,6,8,1.0,0,0
19930411,535,15,7,2.0,0,0
19930411,535,18,6,4.0,0,0
19930411,535,27,5,6.0,0,0
19930411,535,1,1,26.0,2,0
19930411,535,3,2,26.0,1,0
19930425,536,17,12,0.0,0,0
19930425,536,26,11,0.0,0,0
19930425,536,33,8,2.0,0,0
19930425,536,32,5,7.0,0,0
19930425,536,22,3,12.0,0,0
19930425,536,29,10,0.0,0,0
19930425,536,6,9,1.0,0,0
19930425,536,15,6,5.0,0,0
19930425,536,18,7,5.0,0,0
19930425,536,27,4,10.0,0,0
19930425,536,1,2,26.0,2,0
19930425,536,3,1,36.0,2,0
19930509,537,17,12,0.0,0,0
19930509,537,26,11,0.0,0,0
19930509,537,33,8,2.0,0,0
19930509,537,32,5,7.0,0,0
19930509,537,22,3,19.0,0,0
19930509,537,29,10,0.0,0,0
19930509,537,6,9,2.0,0,0
19930509,537,15,6,5.0,0,0
19930509,537,18,7,5.0,0,0
19930509,537,27,4,10.0,0,0
19930509,537,1,2,34.0,2,0
19930509,537,3,1,46.0,3,0
19930523,538,25,13,0.0,0,0
19930523,538,17,12,0.0,0,0
19930523,538,26,11,0.0,0,0
19930523,538,33,9,2.0,0,0
19930523,538,32,5,7.0,0,0
19930523,538,22,3,19.0,0,0
19930523,538,29,10,0.0,0,0
19930523,538,6,7,6.0,0,0
19930523,538,15,8,5.0,0,0
19930523,538,18,6,7.0,0,0
19930523,538,27,4,11.0,0,0
19930523,538,1,2,44.0,3,0
19930523,538,3,1,55.0,3,0
19930704,540,25,13,0.0,0,0
19930704,540,17,11,0.0,0,0
19930613,539,25,13,0.0,0,0
19930613,539,17,12,0.0,0,0
19930613,539,26,11,0.0,0,0
19930613,539,33,9,2.0,0,0
19930613,539,32,6,7.0,0,0
19930613,539,22,3,25.0,0,0
19930613,539,29,10,0.0,0,0
19930613,539,6,5,9.0,0,0
19930613,539,15,8,6.0,0,0
19930613,539,18,7,7.0,0,0
19930613,539,27,4,13.0,0,0
19930613,539,1,2,44.0,3,0
19930613,539,3,1,69.0,4,0
19930704,540,26,12,0.0,0,0
19930704,540,33,9,2.0,0,0
19930704,540,32,6,7.0,0,0
19930704,540,22,3,29.0,0,0
19930704,540,29,10,0.0,0,0
19930704,540,6,5,9.0,0,0
19930704,540,15,8,6.0,0,0
19930704,540,18,7,7.0,0,0
19930704,540,27,4,15.0,0,0
19930704,540,1,2,48.0,3,0
19930704,540,3,1,85.0,5,0
19930711,541,25,13,0.0,0,0
19930711,541,17,11,0.0,0,0
19930711,541,26,12,0.0,0,0
19930711,541,33,9,2.0,0,0
19930711,541,32,5,10.0,0,0
19930711,541,22,3,39.0,0,0
19930711,541,29,10,1.0,0,0
19930711,541,6,6,9.0,0,0
19930711,541,15,8,6.0,0,0
19930711,541,18,7,7.0,0,0
19930711,541,27,4,15.0,0,0
19930711,541,1,2,50.0,3,0
19930711,541,3,1,95.0,6,0
19930725,542,25,13,0.0,0,0
19930725,542,17,11,0.0,0,0
19930725,542,26,12,0.0,0,0
19930725,542,33,9,2.0,0,0
19930725,542,32,6,10.0,0,0
19930725,542,22,3,47.0,0,0
19930725,542,29,10,1.0,0,0
19930725,542,6,5,10.0,0,0
19930725,542,15,8,6.0,0,0
19930725,542,18,7,7.0,0,0
19930725,542,27,4,19.0,0,0
19930725,542,1,2,53.0,3,0
19930725,542,3,1,105.0,7,0
19930815,543,25,13,0.0,0,0
19930815,543,17,11,0.0,0,0
19930815,543,26,12,0.0,0,0
19930815,543,33,10,2.0,0,0
19930815,543,32,6,10.0,0,0
19930815,543,22,3,53.0,0,0
19930815,543,29,9,4.0,0,0
19930815,543,6,5,14.0,0,0
19930815,543,15,8,7.0,0,0
19930815,543,18,7,7.0,0,0
19930815,543,27,4,21.0,0,0
19930815,543,1,2,53.0,3,0
19930815,543,3,1,115.0,8,0
19930829,544,25,13,0.0,0,0
19930829,544,17,11,0.0,0,0
19930829,544,26,12,0.0,0,0
19930829,544,33,10,2.0,0,0
19930829,544,32,6,12.0,0,0
19930829,544,22,2,60.0,0,0
19930829,544,29,9,4.0,0,0
19930829,544,6,5,14.0,0,0
19930829,544,15,8,7.0,0,0
19930829,544,18,7,7.0,0,0
19930829,544,27,4,21.0,0,0
19930829,544,1,3,56.0,3,0
19930829,544,3,1,129.0,9,0
19930912,545,25,13,0.0,0,0
19930912,545,17,11,0.0,0,0
19930912,545,26,12,0.0,0,0
19930912,545,33,10,3.0,0,0
19930912,545,32,6,12.0,0,0
19930912,545,22,2,62.0,0,0
19930912,545,29,9,4.0,0,0
19930912,545,6,5,20.0,0,0
19930912,545,15,7,10.0,0,0
19930912,545,18,8,7.0,0,0
19930912,545,27,4,21.0,0,0
19930912,545,1,3,60.0,3,0
19930912,545,3,1,139.0,10,0
19930926,546,25,13,0.0,0,0
19930926,546,17,11,0.0,0,0
19930926,546,26,12,0.0,0,0
19930926,546,33,10,3.0,0,0
19930926,546,32,6,12.0,0,0
19930926,546,22,2,72.0,1,0
19930926,546,29,9,4.0,0,0
19930926,546,6,4,23.0,0,0
19930926,546,15,7,12.0,0,0
19930926,546,18,8,7.0,0,0
19930926,546,27,5,22.0,0,0
19930926,546,1,3,60.0,3,0
19930926,546,3,1,149.0,10,0
19931024,547,25,13,0.0,0,0
19931024,547,17,11,3.0,0,0
19931024,547,26,12,0.0,0,0
19931024,547,33,10,3.0,0,0
19931024,547,32,6,12.0,0,0
19931024,547,22,3,72.0,1,0
19931024,547,29,9,4.0,0,0
19931024,547,6,4,23.0,0,0
19931024,547,15,7,12.0,0,0
19931024,547,18,8,7.0,0,0
19931024,547,27,5,22.0,0,0
19931024,547,1,2,74.0,4,0
19931024,547,3,1,158.0,10,0
19931107,548,25,13,0.0,0,1
19931107,548,17,11,3.0,0,1
19931107,548,26,12,0.0,0,1
19931107,548,33,10,3.0,0,1
19931107,548,32,6,12.0,0,1
19931107,548,22,3,72.0,1,1
19931107,548,29,9,4.0,0,1
19931107,548,6,4,28.0,0,1
19931107,548,15,7,12.0,0,1
19931107,548,18,8,7.0,0,1
19931107,548,27,5,23.0,0,1
19931107,548,1,2,84.0,5,1
19931107,548,3,1,168.0,10,1
19920301,517,33,8,0.0,0,0
19920301,517,29,6,0.0,0,0
19920301,517,34,9,0.0,0,0
19920301,517,17,7,0.0,0,0
19920301,517,27,5,0.0,0,0
19920301,517,32,4,1.0,0,0
19920301,517,22,3,3.0,0,0
19920301,517,1,2,6.0,0,0
19920301,517,3,1,16.0,1,0
19920322,518,3,1,32.0,2,0
19920322,518,1,2,9.0,0,0
19920322,518,22,3,7.0,0,0
19920322,518,32,5,2.0,0,0
19920322,518,27,6,0.0,0,0
19920322,518,29,7,0.0,0,0
19920322,518,17,10,0.0,0,0
19920322,518,33,9,0.0,0,0
19920322,518,34,11,0.0,0,0
19920322,518,25,4,2.0,0,0
19920322,518,35,8,0.0,0,0
19920405,519,3,1,48.0,3,0
19920405,519,1,3,9.0,0,0
19920405,519,22,2,11.0,0,0
19920405,519,32,6,2.0,0,0
19920405,519,27,8,0.0,0,0
19920405,519,29,7,1.0,0,0
19920405,519,17,12,0.0,0,0
19920405,519,33,11,0.0,0,0
19920405,519,34,13,0.0,0,0
19920405,519,25,5,2.0,0,0
19920405,519,35,10,0.0,0,0
19920405,519,6,4,5.0,0,0
19920405,519,18,9,0.0,0,0
19920517,521,3,1,74.0,5,0
19920503,520,37,11,0.0,0,0
19920503,520,18,10,0.0,0,0
19920503,520,6,4,9.0,0,0
19920503,520,35,8,1.0,0,0
19920503,520,25,6,2.0,0,0
19920503,520,22,2,17.0,0,0
19920503,520,32,7,2.0,0,0
19920503,520,27,9,0.0,0,0
19920503,520,29,5,3.0,0,0
19920503,520,17,13,0.0,0,0
19920503,520,33,12,0.0,0,0
19920503,520,34,14,0.0,0,0
19920503,520,1,3,12.0,0,0
19920503,520,3,1,58.0,4,0
19920517,521,1,3,16.0,0,0
19920517,521,22,2,20.0,0,0
19920517,521,32,7,2.0,0,0
19920517,521,27,9,0.0,0,0
19920517,521,29,5,5.0,0,0
19920517,521,17,10,0.0,0,0
19920517,521,33,13,0.0,0,0
19920517,521,34,14,0.0,0,0
19920517,521,25,6,2.0,0,0
19920517,521,35,8,2.0,0,0
19920517,521,6,4,9.0,0,0
19920517,521,18,11,0.0,0,0
19920517,521,37,12,0.0,0,0
19920531,522,3,1,84.0,5,0
19920531,522,1,2,26.0,1,0
19920531,522,22,3,25.0,0,0
19920531,522,32,7,2.0,0,0
19920531,522,27,11,0.0,0,0
19920531,522,29,5,5.0,0,0
19920531,522,17,12,0.0,0,0
19920531,522,33,9,1.0,0,0
19920531,522,34,14,0.0,0,0
19920531,522,25,6,2.0,0,0
19920531,522,35,8,2.0,0,0
19920531,522,6,4,9.0,0,0
19920531,522,18,10,0.0,0,0
19920531,522,37,13,0.0,0,0
19920614,523,3,1,84.0,5,0
19920614,523,1,2,36.0,2,0
19920614,523,22,3,31.0,0,0
19920614,523,32,8,2.0,0,0
19920614,523,27,10,1.0,0,0
19920614,523,29,5,5.0,0,0
19920614,523,17,13,0.0,0,0
19920614,523,33,11,1.0,0,0
19920614,523,34,14,0.0,0,0
19920614,523,25,6,4.0,0,0
19920614,523,35,9,2.0,0,0
19920614,523,6,4,13.0,0,0
19920614,523,18,12,0.0,0,0
19920614,523,37,7,3.0,0,0
19920705,524,3,1,100.0,6,0
19920705,524,1,2,36.0,2,0
19920705,524,22,3,35.0,0,0
19920705,524,32,5,6.0,0,0
19920705,524,27,9,3.0,0,0
19920705,524,29,6,5.0,0,0
19920705,524,17,13,0.0,0,0
19920705,524,33,11,1.0,0,0
19920705,524,34,14,0.0,0,0
19920705,524,25,7,4.0,0,0
19920705,524,35,10,2.0,0,0
19920705,524,6,4,13.0,0,0
19920705,524,18,12,0.0,0,0
19920705,524,37,8,3.0,0,0
19920712,525,3,1,116.0,7,0
19920712,525,1,3,38.0,2,0
19920712,525,22,2,42.0,0,0
19920712,525,32,5,7.0,0,0
19920712,525,27,9,3.0,0,0
19920712,525,29,6,5.0,0,0
19920712,525,17,13,0.0,0,0
19920712,525,33,11,1.0,0,0
19920712,525,34,14,0.0,0,0
19920712,525,25,7,4.0,0,0
19920712,525,35,10,2.0,0,0
19920712,525,6,4,13.0,0,0
19920712,525,18,12,0.0,0,0
19920712,525,37,8,3.0,0,0
19920712,525,36,15,0.0,0,0
19920726,526,3,1,126.0,8,0
19920726,526,1,3,44.0,2,0
19920726,526,22,2,49.0,0,0
19920726,526,32,5,7.0,0,0
19920726,526,27,8,4.0,0,0
19920726,526,29,6,5.0,0,0
19920726,526,17,13,0.0,0,0
19920726,526,33,11,1.0,0,0
19920726,526,34,14,0.0,0,0
19920726,526,25,7,4.0,0,0
19920726,526,35,10,2.0,0,0
19920726,526,6,4,15.0,0,0
19920726,526,18,12,0.0,0,0
19920726,526,37,9,3.0,0,0
19920726,526,36,15,0.0,0,0
19920816,527,3,1,132.0,8,0
19920816,527,1,2,58.0,3,0
19920816,527,22,3,51.0,0,0
19920816,527,32,5,10.0,0,0
19920816,527,27,8,4.0,0,0
19920816,527,29,6,5.0,0,0
19920816,527,17,13,0.0,0,0
19920816,527,33,11,1.0,0,0
19920816,527,34,14,0.0,0,0
19920816,527,25,7,4.0,0,0
19920816,527,35,10,2.0,0,0
19920816,527,6,4,16.0,0,0
19920816,527,18,12,0.0,0,0
19920816,527,37,9,3.0,0,0
19920816,527,36,15,0.0,0,0
19920830,528,3,1,142.0,8,0
19920830,528,1,3,60.0,3,0
19920830,528,22,2,64.0,1,0
19920830,528,32,5,11.0,0,0
19920830,528,27,8,4.0,0,0
19920830,528,29,6,5.0,0,0
19920830,528,17,13,0.0,0,0
19920830,528,33,11,1.0,0,0
19920830,528,34,15,0.0,0,0
19920830,528,25,7,4.0,0,0
19920830,528,35,10,2.0,0,0
19920830,528,6,4,16.0,0,0
19920830,528,18,12,0.0,0,0
19920830,528,37,9,3.0,0,0
19920830,528,36,14,0.0,0,0
19920913,529,3,1,144.0,8,0
19920913,529,1,3,73.0,4,0
19920913,529,22,2,74.0,1,0
19920913,529,32,5,11.0,0,0
19920913,529,27,8,4.0,0,0
19920913,529,29,6,5.0,0,0
19920913,529,17,13,0.0,0,0
19920913,529,33,11,1.0,0,0
19920913,529,34,15,0.0,0,0
19920913,529,25,7,5.0,0,0
19920913,529,35,10,2.0,0,0
19920913,529,6,4,16.0,0,0
19920913,529,18,12,0.0,0,0
19920913,529,37,9,3.0,0,0
19920913,529,36,14,0.0,0,0
19920927,530,3,1,154.0,9,0
19920927,530,1,2,83.0,4,0
19920927,530,22,3,77.0,1,0
19920927,530,32,5,13.0,0,0
19920927,530,27,8,4.0,0,0
19920927,530,29,6,6.0,0,0
19920927,530,17,13,0.0,0,0
19920927,530,33,11,1.0,0,0
19920927,530,34,15,0.0,0,0
19920927,530,25,7,5.0,0,0
19920927,530,35,10,2.0,0,0
19920927,530,6,4,16.0,0,0
19920927,530,18,12,0.0,0,0
19920927,530,37,9,3.0,0,0
19920927,530,36,14,0.0,0,0
19921025,531,3,1,164.0,10,0
19921025,531,1,2,89.0,4,0
19921025,531,22,3,81.0,1,0
19921025,531,32,5,13.0,0,0
19921025,531,27,8,4.0,0,0
19921025,531,29,7,6.0,0,0
19921025,531,17,13,0.0,0,0
19921025,531,33,12,1.0,0,0
19921025,531,34,15,0.0,0,0
19921025,531,25,6,8.0,0,0
19921025,531,35,10,2.0,0,0
19921025,531,6,4,18.0,0,0
19921025,531,18,11,1.0,0,0
19921025,531,37,9,3.0,0,0
19921025,531,36,14,0.0,0,0
19921108,532,3,1,164.0,10,1
19921108,532,1,2,99.0,5,1
19921108,532,22,3,91.0,1,1
19921108,532,32,5,13.0,0,1
19921108,532,27,8,6.0,0,1
19921108,532,29,7,6.0,0,1
19921108,532,17,11,1.0,0,1
19921108,532,33,13,1.0,0,1
19921108,532,34,15,0.0,0,1
19921108,532,25,6,8.0,0,1
19921108,532,35,10,2.0,0,1
19921108,532,6,4,21.0,0,1
19921108,532,18,12,1.0,0,1
19921108,532,37,9,3.0,0,1
19921108,532,36,14,0.0,0,1
19910310,501,36,18,0.0,0,0
19910310,501,42,17,0.0,0,0
19910310,501,35,16,0.0,0,0
19910310,501,27,15,0.0,0,0
19910310,501,41,14,0.0,0,0
19910310,501,29,13,0.0,0,0
19910310,501,3,12,0.0,0,0
19910310,501,32,11,0.0,0,0
19910310,501,34,10,0.0,0,0
19910310,501,17,9,0.0,0,0
19910324,502,36,17,0.0,0,0
19910324,502,42,18,0.0,0,0
19910324,502,35,14,0.0,0,0
19910324,502,27,12,0.0,0,0
19910324,502,41,16,0.0,0,0
19910324,502,29,15,0.0,0,0
19910324,502,3,3,6.0,0,0
19910324,502,32,10,0.0,0,0
19910324,502,34,13,0.0,0,0
19910324,502,17,11,0.0,0,0
19910324,502,18,8,0.0,0,0
19910324,502,39,9,0.0,0,0
19910324,502,40,7,0.0,0,0
19910324,502,33,6,1.0,0,0
19910428,503,26,17,0.0,0,0
19910428,503,36,18,0.0,0,0
19910428,503,42,19,0.0,0,0
19910428,503,35,6,4.0,0,0
19910428,503,27,11,0.0,0,0
19910428,503,41,15,0.0,0,0
19910428,503,29,16,0.0,0,0
19910428,503,3,3,6.0,0,0
19910428,503,32,8,3.0,0,0
19910428,503,34,12,0.0,0,0
19910428,503,17,14,0.0,0,0
19910428,503,18,7,3.0,0,0
19910428,503,39,13,0.0,0,0
19910428,503,40,10,0.0,0,0
19910428,503,33,9,1.0,0,0
19910512,504,26,15,0.0,0,0
19910512,504,36,18,0.0,0,0
19910512,504,42,19,0.0,0,0
19910512,504,35,5,5.0,0,0
19910512,504,27,10,0.0,0,0
19910512,504,41,16,0.0,0,0
19910512,504,29,17,0.0,0,0
19910512,504,3,3,12.0,0,0
19910512,504,32,8,3.0,0,0
19910512,504,34,13,0.0,0,0
19910512,504,17,12,0.0,0,0
19910512,504,18,7,3.0,0,0
19910512,504,39,14,0.0,0,0
19910512,504,40,11,0.0,0,0
19910512,504,33,9,1.0,0,0
19910512,504,25,6,5.0,0,0
19910602,505,26,15,0.0,0,0
19910602,505,36,18,0.0,0,0
19910602,505,42,19,0.0,0,0
19910602,505,35,6,5.0,0,0
19910602,505,27,11,0.0,0,0
19910602,505,41,16,0.0,0,0
19910602,505,29,17,0.0,0,0
19910602,505,3,3,17.0,0,0
19910602,505,32,9,3.0,0,0
19910602,505,34,13,0.0,0,0
19910602,505,17,7,5.0,0,0
19910602,505,18,8,3.0,0,0
19910602,505,39,14,0.0,0,0
19910602,505,40,12,0.0,0,0
19910602,505,33,10,1.0,0,0
19910602,505,25,5,11.0,0,0
19910616,506,26,10,1.0,0,0
19910616,506,36,18,0.0,0,0
19910616,506,42,19,0.0,0,0
19910616,506,35,7,5.0,0,0
19910616,506,27,12,0.0,0,0
19910616,506,41,16,0.0,0,0
19910616,506,29,17,0.0,0,0
19910616,506,3,2,33.0,1,0
19910616,506,32,9,3.0,0,0
19910616,506,34,14,0.0,0,0
19910616,506,17,6,8.0,0,0
19910616,506,18,8,3.0,0,0
19910616,506,39,15,0.0,0,0
19910616,506,40,13,0.0,0,0
19910616,506,33,11,1.0,0,0
19910616,506,25,5,11.0,0,0
19910707,507,26,10,1.0,0,0
19910707,507,36,18,0.0,0,0
19910707,507,42,19,0.0,0,0
19910707,507,35,7,5.0,0,0
19910707,507,27,12,0.0,0,0
19910707,507,41,14,0.0,0,0
19910707,507,29,17,0.0,0,0
19910707,507,3,2,45.0,2,0
19910707,507,32,9,3.0,0,0
19910707,507,34,15,0.0,0,0
19910707,507,17,6,9.0,0,0
19910707,507,18,8,3.0,0,0
19910707,507,39,16,0.0,0,0
19910707,507,40,13,0.0,0,0
19910707,507,33,11,1.0,0,0
19910707,507,25,5,11.0,0,0
19910714,508,26,10,1.0,0,0
19910714,508,36,18,0.0,0,0
19910714,508,42,19,0.0,0,0
19910714,508,35,7,5.0,0,0
19910714,508,27,12,0.0,0,0
19910714,508,41,14,0.0,0,0
19910714,508,29,17,0.0,0,0
19910714,508,3,2,55.0,3,0
19910714,508,32,9,3.0,0,0
19910714,508,34,15,0.0,0,0
19910714,508,17,6,10.0,0,0
19910714,508,18,8,3.0,0,0
19910714,508,39,16,0.0,0,0
19910714,508,40,13,0.0,0,0
19910714,508,33,11,1.0,0,0
19910714,508,25,5,11.0,0,0
19910728,509,26,10,1.0,0,0
19910728,509,36,18,0.0,0,0
19910728,509,42,19,0.0,0,0
19910728,509,35,7,5.0,0,0
19910728,509,27,12,0.0,0,0
19910728,509,41,14,0.0,0,0
19910728,509,29,17,0.0,0,0
19910728,509,3,1,71.0,4,0
19910728,509,32,9,3.0,0,0
19910728,509,34,15,0.0,0,0
19910728,509,17,5,13.0,0,0
19910728,509,18,8,3.0,0,0
19910728,509,39,16,0.0,0,0
19910728,509,40,13,0.0,0,0
19910728,509,33,11,1.0,0,0
19910728,509,25,6,11.0,0,0
19910811,510,26,11,1.0,0,0
19910811,510,36,18,0.0,0,0
19910811,510,42,19,0.0,0,0
19910811,510,35,7,5.0,0,0
19910811,510,27,13,0.0,0,0
19910811,510,41,10,1.0,0,0
19910811,510,29,17,0.0,0,0
19910811,510,3,2,81.0,4,0
19910811,510,32,9,3.0,0,0
19910811,510,34,15,0.0,0,0
19910811,510,17,5,13.0,0,0
19910811,510,18,8,3.0,0,0
19910811,510,39,16,0.0,0,0
19910811,510,40,14,0.0,0,0
19910811,510,33,12,1.0,0,0
19910811,510,25,6,11.0,0,0
19910825,511,36,17,0.0,0,0
19910825,511,42,19,0.0,0,0
19910825,511,35,7,5.0,0,0
19910825,511,27,14,0.0,0,0
19910825,511,41,10,1.0,0,0
19910825,511,29,18,0.0,0,0
19910825,511,3,2,83.0,4,0
19910825,511,32,9,3.0,0,0
19910825,511,34,11,1.0,0,0
19910825,511,17,5,13.0,0,0
19910825,511,18,8,3.0,0,0
19910825,511,39,16,0.0,0,0
19910825,511,40,15,0.0,0,0
19910825,511,33,13,1.0,0,0
19910825,511,25,6,11.0,0,0
19910825,511,22,4,30.0,1,0
19910908,512,36,17,0.0,0,0
19910908,512,42,19,0.0,0,0
19910908,512,35,7,5.0,0,0
19910908,512,27,14,0.0,0,0
19910908,512,41,10,1.0,0,0
19910908,512,29,18,0.0,0,0
19910908,512,3,2,93.0,5,0
19910908,512,32,9,3.0,0,0
19910908,512,34,11,1.0,0,0
19910908,512,17,5,13.0,0,0
19910908,512,18,8,3.0,0,0
19910908,512,39,16,0.0,0,0
19910908,512,40,15,0.0,0,0
19910908,512,33,13,1.0,0,0
19910908,512,25,6,11.0,0,0
19910908,512,22,4,33.0,1,0
19910922,513,26,12,1.0,0,0
19910922,513,36,17,0.0,0,0
19910922,513,42,19,0.0,0,0
19910922,513,35,8,5.0,0,0
19910922,513,27,14,0.0,0,0
19910922,513,41,10,1.0,0,0
19910922,513,29,18,0.0,0,0
19910922,513,3,2,103.0,6,0
19910922,513,32,9,3.0,0,0
19910922,513,34,11,1.0,0,0
19910922,513,17,5,13.0,0,0
19910922,513,18,7,6.0,0,0
19910922,513,39,16,0.0,0,0
19910922,513,40,15,0.0,0,0
19910922,513,33,13,1.0,0,0
19910922,513,25,6,11.0,0,0
19910922,513,22,4,36.0,1,0
19910922,513,6,3,43.0,0,0
19910929,514,26,12,1.0,0,0
19910929,514,36,17,0.0,0,0
19910929,514,42,19,0.0,0,0
19910929,514,35,8,5.0,0,0
19910929,514,27,14,0.0,0,0
19910929,514,41,10,1.0,0,0
19910929,514,29,18,0.0,0,0
19910929,514,3,1,117.0,7,0
19910929,514,32,9,3.0,0,0
19910929,514,34,11,1.0,0,0
19910929,514,17,5,13.0,0,0
19910929,514,18,7,6.0,0,0
19910929,514,39,16,0.0,0,0
19910929,514,40,15,0.0,0,0
19910929,514,33,13,1.0,0,0
19910929,514,25,6,11.0,0,0
19910929,514,22,4,37.0,1,0
19910929,514,6,3,52.0,0,0
19911020,515,26,12,1.0,0,0
19911020,515,36,17,0.0,0,0
19911020,515,42,19,0.0,0,0
19911020,515,35,8,5.0,0,0
19911020,515,27,14,0.0,0,0
19911020,515,41,11,1.0,0,0
19911020,515,29,18,0.0,0,0
19911020,515,3,2,121.0,7,0
19911020,515,32,9,3.0,0,0
19911020,515,34,10,3.0,0,0
19911020,515,17,5,13.0,0,0
19911020,515,18,7,6.0,0,0
19911020,515,39,16,0.0,0,0
19911020,515,40,15,0.0,0,0
19911020,515,33,13,1.0,0,0
19911020,515,25,6,12.0,0,0
19911020,515,22,4,37.0,1,0
19911020,515,6,3,55.0,0,0
19911103,516,26,12,1.0,0,1
19911103,516,36,17,0.0,0,1
19911103,516,42,19,0.0,0,1
19911103,516,35,8,5.0,0,1
19911103,516,27,14,0.0,0,1
19911103,516,41,11,1.0,0,1
19911103,516,29,18,0.0,0,1
19911103,516,3,2,125.0,7,1
19911103,516,32,9,3.0,0,1
19911103,516,34,10,3.0,0,1
19911103,516,17,5,13.0,0,1
19911103,516,18,7,6.0,0,1
19911103,516,39,16,0.0,0,1
19911103,516,40,15,0.0,0,1
19911103,516,33,13,1.0,0,1
19911103,516,25,6,12.0,0,1
19911103,516,22,4,38.5,1,1
19911103,516,6,3,55.5,0,1
19900311,485,41,10,0.0,0,0
19900311,485,43,9,0.0,0,0
19900311,485,21,8,0.0,0,0
19900311,485,33,7,0.0,0,0
19900311,485,18,6,0.0,0,0
19900311,485,34,5,2.0,0,0
19900311,485,22,4,3.0,0,0
19900311,485,3,3,4.0,0,0
19900311,485,25,2,7.0,0,0
19900311,485,1,1,9.0,1,0
19900325,486,35,12,0.0,0,0
19900325,486,44,16,0.0,0,0
19900325,486,6,2,12.0,1,0
19900325,486,41,13,0.0,0,0
19900325,486,43,11,0.0,0,0
19900325,486,21,9,0.0,0,0
19900325,486,33,8,0.0,0,0
19900325,486,18,7,0.0,0,0
19900325,486,34,6,2.0,0,0
19900325,486,22,5,4.0,0,0
19900325,486,3,4,6.0,0,0
19900325,486,25,3,7.0,0,0
19900325,486,1,1,19.0,1,0
19900513,487,27,10,0.0,0,0
19900513,487,32,7,0.0,0,0
19900513,487,35,14,0.0,0,0
19900513,487,44,16,0.0,0,0
19900513,487,6,3,15.0,1,0
19900513,487,41,15,0.0,0,0
19900513,487,43,13,0.0,0,0
19900513,487,21,11,0.0,0,0
19900513,487,33,9,0.0,0,0
19900513,487,18,8,0.0,0,0
19900513,487,34,6,2.0,0,0
19900513,487,22,4,10.0,0,0
19900513,487,3,2,15.0,1,0
19900513,487,25,5,8.0,0,0
19900513,487,1,1,25.0,1,0
19900527,488,27,12,0.0,0,0
19900527,488,32,9,0.0,0,0
19900527,488,35,14,0.0,0,0
19900527,488,44,16,0.0,0,0
19900527,488,6,3,15.0,1,0
19900527,488,41,15,0.0,0,0
19900527,488,43,13,0.0,0,0
19900527,488,21,6,2.0,0,0
19900527,488,33,8,1.0,0,0
19900527,488,18,10,0.0,0,0
19900527,488,34,7,2.0,0,0
19900527,488,22,5,10.0,0,0
19900527,488,3,2,18.0,1,0
19900527,488,25,4,14.0,0,0
19900527,488,1,1,38.0,2,0
19900610,489,45,11,0.0,0,0
19900610,489,27,12,0.0,0,0
19900610,489,32,8,1.0,0,0
19900610,489,35,16,0.0,0,0
19900610,489,44,14,0.0,0,0
19900610,489,6,2,21.0,1,0
19900610,489,41,13,0.0,0,0
19900610,489,43,15,0.0,0,0
19900610,489,21,7,2.0,0,0
19900610,489,33,9,1.0,0,0
19900610,489,18,10,0.0,0,0
19900610,489,34,6,2.0,0,0
19900610,489,22,4,16.0,0,0
19900610,489,3,3,18.0,1,0
19900610,489,25,5,14.0,0,0
19900610,489,1,1,50.0,3,0
19900624,490,45,11,0.0,0,0
19900624,490,27,12,0.0,0,0
19900624,490,32,8,1.0,0,0
19900624,490,35,14,0.0,0,0
19900624,490,44,15,0.0,0,0
19900624,490,6,2,36.0,2,0
19900624,490,41,13,0.0,0,0
19900624,490,43,16,0.0,0,0
19900624,490,21,7,2.0,0,0
19900624,490,33,9,1.0,0,0
19900624,490,18,10,0.0,0,0
19900624,490,34,6,2.0,0,0
19900624,490,22,4,20.0,0,0
19900624,490,3,3,20.0,1,0
19900624,490,25,5,14.0,0,0
19900624,490,1,1,54.0,3,0
19900708,491,39,17,0.0,0,0
19900708,491,45,12,0.0,0,0
19900708,491,27,13,0.0,0,0
19900708,491,32,10,1.0,0,0
19900708,491,35,14,0.0,0,0
19900708,491,44,15,0.0,0,0
19900708,491,6,2,45.0,3,0
19900708,491,41,6,6.0,0,0
19900708,491,43,16,0.0,0,0
19900708,491,21,8,2.0,0,0
19900708,491,33,9,1.0,0,0
19900708,491,18,11,0.0,0,0
19900708,491,34,7,2.0,0,0
19900708,491,22,3,23.0,0,0
19900708,491,3,4,21.0,1,0
19900708,491,25,5,14.0,0,0
19900708,491,1,1,60.0,3,0
19900715,492,39,17,0.0,0,0
19900715,492,45,12,0.0,0,0
19900715,492,27,13,0.0,0,0
19900715,492,32,10,1.0,0,0
19900715,492,35,14,0.0,0,0
19900715,492,44,15,0.0,0,0
19900715,492,6,2,54.0,4,0
19900715,492,41,6,6.0,0,0
19900715,492,43,16,0.0,0,0
19900715,492,21,8,2.0,0,0
19900715,492,33,7,5.0,0,0
19900715,492,18,11,0.0,0,0
19900715,492,34,9,2.0,0,0
19900715,492,22,4,25.0,0,0
19900715,492,3,3,27.0,1,0
19900715,492,25,5,14.0,0,0
19900715,492,1,1,64.0,3,0
19900729,493,39,17,0.0,0,0
19900729,493,45,12,0.0,0,0
19900729,493,27,13,0.0,0,0
19900729,493,32,10,1.0,0,0
19900729,493,35,14,0.0,0,0
19900729,493,44,15,0.0,0,0
19900729,493,6,2,57.0,4,0
19900729,493,41,6,6.0,0,0
19900729,493,43,16,0.0,0,0
19900729,493,21,8,2.0,0,0
19900729,493,33,7,5.0,0,0
19900729,493,18,11,0.0,0,0
19900729,493,34,9,2.0,0,0
19900729,493,22,3,31.0,0,0
19900729,493,3,4,30.0,1,0
19900729,493,25,5,14.0,0,0
19900729,493,1,1,77.0,4,0
19900812,494,39,15,0.0,0,0
19900812,494,45,12,0.0,0,0
19900812,494,27,13,0.0,0,0
19900812,494,32,8,3.0,0,0
19900812,494,35,14,0.0,0,0
19900812,494,44,16,0.0,0,0
19900812,494,6,2,57.0,4,0
19900812,494,41,6,6.0,0,0
19900812,494,43,17,0.0,0,0
19900812,494,21,9,2.0,0,0
19900812,494,33,7,6.0,0,0
19900812,494,18,11,0.0,0,0
19900812,494,34,10,2.0,0,0
19900812,494,22,4,35.0,0,0
19900812,494,3,3,42.0,2,0
19900812,494,25,5,14.0,0,0
19900812,494,1,1,83.0,4,0
19900826,495,39,16,0.0,0,0
19900826,495,45,12,0.0,0,0
19900826,495,27,13,0.0,0,0
19900826,495,32,8,3.0,0,0
19900826,495,35,14,0.0,0,0
19900826,495,44,15,0.0,0,0
19900826,495,6,2,63.0,4,0
19900826,495,41,6,7.0,0,0
19900826,495,43,17,0.0,0,0
19900826,495,21,9,2.0,0,0
19900826,495,33,7,6.0,0,0
19900826,495,18,11,0.0,0,0
19900826,495,34,10,2.0,0,0
19900826,495,22,4,40.0,0,0
19900826,495,3,3,42.0,2,0
19900826,495,25,5,14.0,0,0
19900826,495,1,1,96.0,5,0
19900909,496,39,16,0.0,0,0
19900909,496,45,12,0.0,0,0
19900909,496,27,13,0.0,0,0
19900909,496,32,8,3.0,0,0
19900909,496,35,14,0.0,0,0
19900909,496,44,15,0.0,0,0
19900909,496,6,2,72.0,4,0
19900909,496,41,6,7.0,0,0
19900909,496,43,17,0.0,0,0
19900909,496,21,9,2.0,0,0
19900909,496,33,7,6.0,0,0
19900909,496,18,11,0.0,0,0
19900909,496,34,10,2.0,0,0
19900909,496,22,4,40.0,0,0
19900909,496,3,3,44.0,2,0
19900909,496,25,5,15.0,0,0
19900909,496,1,1,109.0,6,0
19900923,497,39,16,0.0,0,0
19900923,497,45,12,0.0,0,0
19900923,497,27,13,0.0,0,0
19900923,497,32,8,3.0,0,0
19900923,497,35,14,0.0,0,0
19900923,497,44,15,0.0,0,0
19900923,497,6,2,85.0,5,0
19900923,497,41,6,7.0,0,0
19900923,497,43,17,0.0,0,0
19900923,497,21,9,2.0,0,0
19900923,497,33,7,6.0,0,0
19900923,497,18,11,0.0,0,0
19900923,497,34,10,2.0,0,0
19900923,497,22,4,43.0,0,0
19900923,497,3,3,44.0,2,0
19900923,497,25,5,15.0,0,0
19900923,497,1,1,118.0,6,0
19900930,498,39,14,0.0,0,0
19900930,498,45,13,0.0,0,0
19900930,498,27,11,0.0,0,0
19900930,498,32,8,3.0,0,0
19900930,498,35,15,0.0,0,0
19900930,498,44,16,0.0,0,0
19900930,498,6,2,100.0,6,0
19900930,498,41,6,7.0,0,0
19900930,498,43,17,0.0,0,0
19900930,498,21,9,2.0,0,0
19900930,498,33,7,7.0,0,0
19900930,498,18,12,0.0,0,0
19900930,498,34,10,2.0,0,0
19900930,498,22,4,47.0,0,0
19900930,498,3,3,49.0,2,0
19900930,498,25,5,15.0,0,0
19900930,498,1,1,118.0,6,0
19901021,499,39,14,0.0,0,0
19901021,499,45,13,0.0,0,0
19901021,499,27,11,0.0,0,0
19901021,499,32,8,3.0,0,0
19901021,499,35,15,0.0,0,0
19901021,499,44,16,0.0,0,0
19901021,499,6,2,100.0,6,0
19901021,499,41,7,7.0,0,0
19901021,499,43,17,0.0,0,0
19901021,499,21,9,2.0,0,0
19901021,499,33,6,11.0,0,0
19901021,499,18,12,0.0,0,0
19901021,499,34,10,2.0,0,0
19901021,499,22,3,62.0,1,0
19901021,499,3,4,54.0,2,0
19901021,499,25,5,16.0,0,0
19901021,499,1,1,118.0,6,0
19901104,500,39,14,0.0,0,1
19901104,500,45,13,0.0,0,1
19901104,500,27,11,0.0,0,1
19901104,500,32,8,3.0,0,1
19901104,500,35,15,0.0,0,1
19901104,500,44,16,0.0,0,1
19901104,500,6,2,110.0,6,1
19901104,500,41,7,7.0,0,1
19901104,500,43,17,0.0,0,1
19901104,500,21,9,2.0,0,1
19901104,500,33,6,11.0,0,1
19901104,500,18,12,0.0,0,1
19901104,500,34,10,2.0,0,1
19901104,500,22,3,71.0,2,1
19901104,500,3,4,57.0,2,1
19901104,500,25,5,16.0,0,1
19901104,500,1,1,121.0,6,1
20090329,804,6,9,0.0,0,0
20090329,804,2,7,0.0,0,0
20090329,804,9,8,0.0,0,0
20090329,804,10,6,0.0,0,0
20090329,804,5,5,3.0,0,0
20090329,804,3,4,3.0,0,0
20090329,804,4,3,4.0,0,0
20090329,804,7,2,11.0,0,0
20090329,804,23,1,18.0,1,0
20090405,805,6,10,0.0,0,0
20090405,805,9,7,1.5,0,0
20090405,805,2,3,4.0,0,0
20090405,805,10,9,0.0,0,0
20090405,805,5,6,3.0,0,0
20090405,805,3,5,3.5,0,0
20090405,805,4,4,4.0,0,0
20090405,805,7,2,16.5,0,0
20090405,805,1,8,1.0,0,0
20090405,805,23,1,25.0,2,0
20070318,769,1,11,14.0,0,0
20070408,770,1,11,32.0,1,0
20070408,770,6,1,23.0,1,0
20070513,772,6,1,49.0,3,0
20070527,773,6,1,56.0,3,0
20070610,774,6,1,60.0,3,0
20070617,775,6,1,71.0,3,0
20070701,776,6,1,89.0,4,0
20070708,777,6,1,103.0,5,0
20070722,778,6,1,111.0,5,0
20070805,779,6,1,119.0,5,0
20070826,780,6,1,137.0,6,0
20070909,781,6,1,143.0,6,0
20070916,782,6,1,161.0,7,0
20070930,783,6,1,170.0,7,0
20071007,784,6,1,186.0,8,0
20071021,785,6,1,204.0,9,1
19900311,485,6,11,0.0,0,0
19900311,485,44,12,0.0,0,0
19900311,485,35,13,0.0,0,0
19900311,485,32,14,0.0,0,0
19900311,485,27,15,0.0,0,0
19900311,485,45,16,0.0,0,0
19900311,485,39,17,0.0,0,0
19900311,485,46,18,0.0,0,0
19900311,485,42,19,0.0,0,0
19900325,486,32,14,0.0,0,0
19900325,486,27,10,0.0,0,0
19900325,486,45,17,0.0,0,0
19900325,486,39,15,0.0,0,0
19900325,486,46,19,0.0,0,0
19900325,486,42,18,0.0,0,0
19900513,487,45,12,0.0,0,0
19900513,487,39,17,0.0,0,0
19900513,487,46,19,0.0,0,0
19900513,487,42,18,0.0,0,0
19900527,488,45,11,0.0,0,0
19900527,488,39,17,0.0,0,0
19900527,488,46,19,0.0,0,0
19900527,488,42,18,0.0,0,0
19900610,489,39,17,0.0,0,0
19900610,489,46,19,0.0,0,0
19900610,489,42,18,0.0,0,0
19900624,490,39,17,0.0,0,0
19900624,490,46,19,0.0,0,0
19900624,490,42,18,0.0,0,0
19900708,491,46,19,0.0,0,0
19900708,491,42,18,0.0,0,0
19900715,492,46,19,0.0,0,0
19900715,492,42,18,0.0,0,0
19900729,493,46,19,0.0,0,0
19900729,493,42,18,0.0,0,0
19900812,494,46,19,0.0,0,0
19900812,494,42,18,0.0,0,0
19900826,495,46,19,0.0,0,0
19900826,495,42,18,0.0,0,0
19900909,496,46,19,0.0,0,0
19900909,496,42,18,0.0,0,0
19900923,497,46,19,0.0,0,0
19900923,497,42,18,0.0,0,0
19900930,498,46,19,0.0,0,0
19900930,498,42,18,0.0,0,0
19901021,499,46,19,0.0,0,0
19901021,499,42,18,0.0,0,0
19901104,500,46,19,0.0,0,1
19901104,500,42,18,0.0,0,1
19910310,501,18,8,0.0,0,0
19910310,501,39,7,0.0,0,0
19910310,501,40,6,0.0,0,0
19910310,501,33,5,1.0,0,0
19910310,501,25,3,5.0,0,0
19910310,501,22,4,4.0,0,0
19910310,501,6,2,6.0,0,0
19910310,501,1,1,10.0,1,0
19910324,502,25,5,5.0,0,0
19910324,502,22,4,6.0,0,0
19910324,502,6,2,10.0,0,0
19910324,502,1,1,24.0,2,0
19910428,503,25,5,5.0,0,0
19910428,503,22,4,6.0,0,0
19910428,503,6,2,10.0,0,0
19910428,503,1,1,40.0,3,0
19910512,504,22,4,9.0,0,0
19910512,504,6,2,16.0,0,0
19910512,504,1,1,50.0,4,0
19910602,505,22,2,19.0,1,0
19910602,505,6,4,16.0,0,0
19910602,505,1,1,50.0,4,0
19910616,506,22,3,21.0,1,0
19910616,506,1,1,54.0,4,0
19910616,506,6,4,16.0,0,0
19910707,507,22,4,21.0,1,0
19910707,507,1,1,58.0,4,0
19910707,507,6,3,25.0,0,0
19910714,508,22,4,23.0,1,0
19910714,508,1,1,67.0,4,0
19910714,508,6,3,29.0,0,0
19910728,509,22,4,23.0,1,0
19910728,509,1,2,70.0,4,0
19910728,509,6,3,33.0,0,0
19910811,510,22,4,23.0,1,0
19910811,510,1,1,83.0,5,0
19910811,510,6,3,35.0,0,0
19910825,511,6,3,35.0,0,0
19910825,511,1,1,99.0,6,0
19910908,512,6,3,39.0,0,0
19910908,512,1,1,108.0,6,0
19910922,513,1,1,114.0,6,0
19910929,514,1,2,116.0,6,0
19911020,515,1,1,132.0,7,0
19911103,516,1,1,139.0,8,1
19910825,511,26,12,1.0,0,0
19910908,512,26,12,1.0,0,0
20090419,806,9,2,19.5,1,0
20090419,806,5,7,4.0,0,0
20090419,806,10,10,0.0,0,0
20090419,806,6,9,0.0,0,0
20090419,806,2,5,4.0,0,0
20090419,806,3,8,3.5,0,0
20090419,806,4,6,4.0,0,0
20090419,806,7,3,18.5,0,0
20090419,806,1,4,8.0,0,0
20090419,806,23,1,36.0,2,0
20090426,807,9,2,27.5,1,0
20090426,807,2,6,4.0,0,0
20090426,807,10,10,0.0,0,0
20090426,807,5,7,4.0,0,0
20090426,807,4,5,5.0,0,0
20090426,807,1,4,13.0,0,0
20090426,807,7,3,26.5,0,0
20090426,807,6,9,3.0,0,0
20090426,807,3,8,3.5,0,0
20090426,807,23,1,50.0,3,0
20090510,808,23,1,68.0,4,0
20090510,808,1,4,13.0,0,0
20090510,808,7,3,26.5,0,0
20090510,808,4,5,9.0,0,0
20090510,808,3,8,4.5,0,0
20090510,808,5,9,4.0,0,0
20090510,808,10,10,0.0,0,0
20090510,808,2,6,6.0,0,0
20090510,808,9,2,38.5,1,0
20090510,808,6,7,6.0,0,0
20090524,809,10,10,0.0,0,0
20090524,809,2,8,6.0,0,0
20090524,809,7,3,26.5,0,0
20090524,809,6,4,17.0,0,0
20090524,809,9,2,42.5,1,0
20090524,809,5,9,5.0,0,0
20090524,809,3,7,7.5,0,0
20090524,809,4,6,11.0,0,0
20090524,809,1,5,13.0,0,0
20090524,809,23,1,86.0,5,0
20090607,810,6,4,20.0,0,0
20090607,810,2,8,8.0,0,0
20090607,810,5,9,5.0,0,0
20090607,810,4,7,11.0,0,0
20090607,810,1,5,13.0,0,0
20090607,810,7,3,32.5,0,0
20090607,810,23,1,96.0,6,0
20090607,810,9,2,56.5,1,0
20090607,810,3,6,11.5,0,0
20090607,810,10,10,0.0,0,0
20090621,811,6,4,26.0,0,0
20090621,811,2,8,8.0,0,0
20090621,811,5,9,5.0,0,0
20090621,811,4,7,11.0,0,0
20090621,811,1,6,13.0,0,0
20090621,811,7,3,34.5,0,0
20090621,811,23,1,105.0,6,0
20090621,811,9,2,74.5,2,0
20090621,811,3,5,15.5,0,0
20090621,811,10,10,0.0,0,0
20090712,812,23,1,112.0,6,0
20090712,812,1,6,14.0,0,0
20090712,812,7,3,34.5,0,0
20090712,812,4,7,13.0,0,0
20090712,812,3,5,20.5,0,0
20090712,812,5,9,5.0,0,0
20090712,812,10,10,0.0,0,0
20090712,812,2,8,8.0,0,0
20090712,812,9,2,92.5,3,0
20090712,812,6,4,32.0,0,0
20090726,813,23,1,114.0,6,0
20090726,813,1,5,28.0,1,0
20090726,813,7,4,38.5,0,0
20090726,813,4,7,13.0,0,0
20090726,813,3,6,25.5,0,0
20090726,813,5,9,5.0,0,0
20090726,813,10,10,0.0,0,0
20090726,813,2,8,8.0,0,0
20090726,813,9,2,98.5,3,0
20090726,813,6,3,40.0,0,0
20090823,814,23,1,126.0,7,0
20090823,814,1,4,41.0,1,0
20090823,814,7,5,38.5,0,0
20090823,814,4,7,16.0,0,0
20090823,814,3,6,29.5,0,0
20090823,814,5,9,5.0,0,0
20090823,814,10,10,0.0,0,0
20090823,814,2,8,9.0,0,0
20090823,814,9,2,98.5,3,0
20090823,814,6,3,46.0,0,0
20090830,815,23,1,128.0,7,0
20090830,815,1,4,44.0,1,0
20090830,815,7,5,38.5,0,0
20090830,815,4,8,16.0,0,0
20090830,815,3,6,30.5,0,0
20090830,815,5,10,5.0,0,0
20090830,815,10,9,8.0,0,0
20090830,815,2,7,18.0,0,0
20090830,815,9,2,104.5,3,0
20090830,815,6,3,56.0,1,0
20090913,816,23,1,146.0,8,0
20090913,816,1,4,47.0,1,0
20090913,816,7,5,38.5,0,0
20090913,816,4,8,20.0,0,0
20090913,816,3,6,30.5,0,0
20090913,816,5,10,5.0,0,0
20090913,816,10,9,13.0,0,0
20090913,816,2,7,20.0,0,0
20090913,816,9,2,105.5,3,0
20090913,816,6,3,62.0,1,0
20090927,817,23,1,153.0,8,0
20090927,817,1,4,59.0,2,0
20090927,817,7,5,46.5,0,0
20090927,817,4,7,26.0,0,0
20090927,817,3,6,30.5,0,0
20090927,817,5,10,5.0,0,0
20090927,817,10,9,13.0,0,0
20090927,817,2,8,21.0,0,0
20090927,817,9,2,110.5,3,0
20090927,817,6,3,62.0,1,0
20091004,818,6,3,67.0,1,0
20091004,818,9,2,120.5,4,0
20091004,818,10,9,13.0,0,0
20091004,818,5,10,5.0,0,0
20091004,818,3,6,34.5,0,0
20091004,818,1,4,65.0,2,0
20091004,818,7,5,54.5,0,0
20091004,818,23,1,156.0,8,0
20091004,818,2,8,24.0,0,0
20091004,818,4,7,26.0,0,0
20091018,819,23,1,161.0,8,0
20091018,819,1,3,71.0,2,0
20091018,819,7,5,54.5,0,0
20091018,819,4,8,26.0,0,0
20091018,819,3,6,34.5,0,0
20091018,819,5,10,7.0,0,0
20091018,819,10,9,13.0,0,0
20091018,819,2,7,32.0,0,0
20091018,819,9,2,135.5,5,0
20091018,819,6,4,70.0,1,0
19890326,469,6,1,9.0,1,0
19890326,469,1,2,6.0,0,0
19890326,469,37,3,4.0,0,0
19890326,469,22,4,4.0,0,0
19890326,469,21,5,2.0,0,0
19890326,469,25,6,0.0,0,0
19890326,469,32,7,0.0,0,0
19890326,469,27,8,0.0,0,0
19890326,469,33,9,0.0,0,0
19890326,469,35,10,0.0,0,0
19890326,469,47,11,0.0,0,0
19890326,469,3,12,0.0,0,0
19890326,469,48,13,0.0,0,0
19890326,469,34,14,0.0,0,0
19890326,469,44,18,0.0,0,0
19890326,469,18,15,0.0,0,0
19890326,469,43,16,0.0,0,0
19890326,469,42,17,0.0,0,0
19890326,469,39,19,0.0,0,0
19890326,469,45,20,0.0,0,0
19890423,470,6,2,9.0,1,0
19890423,470,1,1,21.0,1,0
19890423,470,37,4,4.0,0,0
19890423,470,22,3,8.0,0,0
19890423,470,21,5,4.0,0,0
19890423,470,25,7,1.0,0,0
19890423,470,32,9,0.0,0,0
19890423,470,27,11,0.0,0,0
19890423,470,33,12,0.0,0,0
19890423,470,35,8,0.0,0,0
19890423,470,47,14,0.0,0,0
19890423,470,3,6,3.0,0,0
19890423,470,48,17,0.0,0,0
19890423,470,34,15,0.0,0,0
19890423,470,44,13,0.0,0,0
19890423,470,18,16,0.0,0,0
19890423,470,43,18,0.0,0,0
19890423,470,42,19,0.0,0,0
19890423,470,39,10,0.0,0,0
19890423,470,45,20,0.0,0,0
19890507,471,6,2,9.0,1,0
19890507,471,1,1,36.0,2,0
19890507,471,37,5,4.0,0,0
19890507,471,22,3,8.0,0,0
19890507,471,21,6,4.0,0,0
19890507,471,25,9,3.0,0,0
19890507,471,32,10,0.0,0,0
19890507,471,27,12,0.0,0,0
19890507,471,33,13,0.0,0,0
19890507,471,35,7,3.0,0,0
19890507,471,47,15,0.0,0,0
19890507,471,3,8,3.0,0,0
19890507,471,48,17,0.0,0,0
19890507,471,34,4,5.0,0,0
19890507,471,44,14,0.0,0,0
19890507,471,18,16,0.0,0,0
19890507,471,43,19,0.0,0,0
19890507,471,42,18,0.0,0,0
19890507,471,39,11,0.0,0,0
19890507,471,45,20,0.0,0,0
19890528,472,6,3,9.0,1,0
19890528,472,1,1,47.0,3,0
19890528,472,37,7,4.0,0,0
19890528,472,22,2,11.0,0,0
19890528,472,21,8,4.0,0,0
19890528,472,25,5,7.0,0,0
19890528,472,32,12,0.0,0,0
19890528,472,27,11,0.0,0,0
19890528,472,33,14,0.0,0,0
19890528,472,35,9,3.0,0,0
19890528,472,47,13,0.0,0,0
19890528,472,3,4,9.0,0,0
19890528,472,48,17,0.0,0,0
19890528,472,34,6,5.0,0,0
19890528,472,44,15,0.0,0,0
19890528,472,18,16,0.0,0,0
19890528,472,43,20,0.0,0,0
19890528,472,42,18,0.0,0,0
19890528,472,39,10,1.0,0,0
19890528,472,45,19,0.0,0,0
19890604,473,6,4,9.0,1,0
19890604,473,1,1,56.0,4,0
19890604,473,37,8,4.0,0,0
19890604,473,22,3,13.0,0,0
19890604,473,21,5,8.0,0,0
19890604,473,25,6,7.0,0,0
19890604,473,32,13,0.0,0,0
19890604,473,27,12,0.0,0,0
19890604,473,33,14,0.0,0,0
19890604,473,35,9,3.0,0,0
19890604,473,47,10,3.0,0,0
19890604,473,3,2,16.0,0,0
19890604,473,48,18,0.0,0,0
19890604,473,34,7,5.0,0,0
19890604,473,44,15,0.0,0,0
19890604,473,18,17,0.0,0,0
19890604,473,43,20,0.0,0,0
19890604,473,42,19,0.0,0,0
19890604,473,39,11,1.0,0,0
19890604,473,45,16,0.0,0,0
19890618,474,6,4,9.0,1,0
19890618,474,1,1,56.0,4,0
19890618,474,37,9,4.0,0,0
19890618,474,22,3,13.0,0,0
19890618,474,21,6,8.0,0,0
19890618,474,25,7,7.0,0,0
19890618,474,32,10,3.0,0,0
19890618,474,27,12,2.0,0,0
19890618,474,33,15,0.0,0,0
19890618,474,35,5,8.0,0,0
19890618,474,47,11,3.0,0,0
19890618,474,3,2,31.0,1,0
19890618,474,48,19,0.0,0,0
19890618,474,34,8,5.0,0,0
19890618,474,44,14,0.0,0,0
19890618,474,18,18,0.0,0,0
19890618,474,43,20,0.0,0,0
19890618,474,42,16,0.0,0,0
19890618,474,39,13,1.0,0,0
19890618,474,45,17,0.0,0,0
19890709,475,6,3,15.0,1,0
19890709,475,1,1,65.0,5,0
19890709,475,37,9,4.0,0,0
19890709,475,22,4,13.0,0,0
19890709,475,21,7,8.0,0,0
19890709,475,25,5,10.0,0,0
19890709,475,32,10,3.0,0,0
19890709,475,27,12,3.0,0,0
19890709,475,33,15,0.0,0,0
19890709,475,35,6,8.0,0,0
19890709,475,47,11,3.0,0,0
19890709,475,3,2,35.0,1,0
19890709,475,48,19,0.0,0,0
19890709,475,34,8,5.0,0,0
19890709,475,44,16,0.0,0,0
19890709,475,18,18,0.0,0,0
19890709,475,43,20,0.0,0,0
19890709,475,42,17,0.0,0,0
19890709,475,39,14,1.0,0,0
19890709,475,45,13,2.0,0,0
19890716,476,6,3,21.0,1,0
19890716,476,1,1,74.0,6,0
19890716,476,37,10,4.0,0,0
19890716,476,22,4,17.0,0,0
19890716,476,21,7,8.0,0,0
19890716,476,25,5,10.0,0,0
19890716,476,32,8,6.0,0,0
19890716,476,27,12,3.0,0,0
19890716,476,33,16,0.0,0,0
19890716,476,35,6,8.0,0,0
19890716,476,47,11,3.0,0,0
19890716,476,3,2,35.0,1,0
19890716,476,48,19,0.0,0,0
19890716,476,34,9,5.0,0,0
19890716,476,44,17,0.0,0,0
19890716,476,18,13,3.0,0,0
19890716,476,43,20,0.0,0,0
19890716,476,42,18,0.0,0,0
19890716,476,39,15,1.0,0,0
19890716,476,45,14,2.0,0,0
19890730,477,6,3,25.0,1,0
19890730,477,1,1,89.0,7,0
19890730,477,37,10,4.0,0,0
19890730,477,22,4,17.0,0,0
19890730,477,21,6,9.0,0,0
19890730,477,25,5,10.0,0,0
19890730,477,32,8,8.0,0,0
19890730,477,27,12,3.0,0,0
19890730,477,33,16,0.0,0,0
19890730,477,35,7,8.0,0,0
19890730,477,47,11,3.0,0,0
19890730,477,3,2,38.0,1,0
19890730,477,48,19,0.0,0,0
19890730,477,34,9,5.0,0,0
19890730,477,44,17,0.0,0,0
19890730,477,18,13,3.0,0,0
19890730,477,43,20,0.0,0,0
19890730,477,42,18,0.0,0,0
19890730,477,39,15,1.0,0,0
19890730,477,45,14,2.0,0,0
19890813,478,6,3,34.0,2,0
19890813,478,1,1,98.0,7,0
19890813,478,37,10,4.0,0,0
19890813,478,22,4,17.0,0,0
19890813,478,21,5,11.0,0,0
19890813,478,25,6,10.0,0,0
19890813,478,32,7,9.0,0,0
19890813,478,27,12,3.0,0,0
19890813,478,33,16,0.0,0,0
19890813,478,35,8,8.0,0,0
19890813,478,47,11,3.0,0,0
19890813,478,3,2,42.0,1,0
19890813,478,48,19,0.0,0,0
19890813,478,34,9,5.0,0,0
19890813,478,44,17,0.0,0,0
19890813,478,18,13,3.0,0,0
19890813,478,43,20,0.0,0,0
19890813,478,42,18,0.0,0,0
19890813,478,39,15,1.0,0,0
19890813,478,45,14,2.0,0,0
19890827,479,6,3,38.0,2,0
19890827,479,1,1,113.0,8,0
19890827,479,37,10,4.0,0,0
19890827,479,22,4,19.0,0,0
19890827,479,21,5,12.0,0,0
19890827,479,25,6,10.0,0,0
19890827,479,32,7,9.0,0,0
19890827,479,27,12,3.0,0,0
19890827,479,33,16,0.0,0,0
19890827,479,35,8,8.0,0,0
19890827,479,47,11,3.0,0,0
19890827,479,3,2,45.0,1,0
19890827,479,48,19,0.0,0,0
19890827,479,34,9,5.0,0,0
19890827,479,44,17,0.0,0,0
19890827,479,18,13,3.0,0,0
19890827,479,43,20,0.0,0,0
19890827,479,42,18,0.0,0,0
19890827,479,39,15,1.0,0,0
19890827,479,45,14,2.0,0,0
19890910,480,6,3,44.0,2,0
19890910,480,1,1,122.0,9,0
19890910,480,37,10,4.0,0,0
19890910,480,22,4,19.0,0,0
19890910,480,21,6,12.0,0,0
19890910,480,25,5,12.0,0,0
19890910,480,32,7,9.0,0,0
19890910,480,27,12,3.0,0,0
19890910,480,33,16,0.0,0,0
19890910,480,35,8,8.0,0,0
19890910,480,47,11,3.0,0,0
19890910,480,3,2,52.0,1,0
19890910,480,48,19,0.0,0,0
19890910,480,34,9,6.0,0,0
19890910,480,44,17,0.0,0,0
19890910,480,18,13,3.0,0,0
19890910,480,43,20,0.0,0,0
19890910,480,42,18,0.0,0,0
19890910,480,39,15,1.0,0,0
19890910,480,45,14,2.0,0,0
19890924,481,6,2,53.0,3,0
19890924,481,1,1,128.0,9,0
19890924,481,37,12,4.0,0,0
19890924,481,22,4,22.0,0,0
19890924,481,21,6,12.0,0,0
19890924,481,25,5,13.0,0,0
19890924,481,32,7,9.0,0,0
19890924,481,27,14,3.0,0,0
19890924,481,33,16,0.0,0,0
19890924,481,35,8,8.0,0,0
19890924,481,47,13,3.0,0,0
19890924,481,3,3,52.0,1,0
19890924,481,48,19,0.0,0,0
19890924,481,34,10,6.0,0,0
19890924,481,44,17,0.0,0,0
19890924,481,18,11,5.0,0,0
19890924,481,43,20,0.0,0,0
19890924,481,42,18,0.0,0,0
19890924,481,39,15,1.0,0,0
19890924,481,45,9,6.0,0,0
19891001,482,6,2,59.0,3,0
19891001,482,1,1,141.0,10,0
19891001,482,37,12,4.0,0,0
19891001,482,22,4,22.0,0,0
19891001,482,21,6,12.0,0,0
19891001,482,25,5,16.0,0,0
19891001,482,32,7,9.0,0,0
19891001,482,27,14,3.0,0,0
19891001,482,33,16,1.0,0,0
19891001,482,35,8,8.0,0,0
19891001,482,47,13,3.0,0,0
19891001,482,3,3,54.0,1,0
19891001,482,48,19,0.0,0,0
19891001,482,34,10,6.0,0,0
19891001,482,44,17,0.0,0,0
19891001,482,18,11,5.0,0,0
19891001,482,43,20,0.0,0,0
19891001,482,42,18,0.0,0,0
19891001,482,39,15,1.0,0,0
19891001,482,45,9,6.0,0,0
19891022,483,42,18,0.0,0,0
19891105,484,1,1,141.0,10,1
19891105,484,6,3,59.0,3,1
19891022,483,45,10,6.0,0,0
19891022,483,25,5,16.0,0,0
19891022,483,32,7,12.0,0,0
19891022,483,27,14,3.0,0,0
19891022,483,33,16,1.0,0,0
19891022,483,35,8,8.0,0,0
19891022,483,47,13,3.0,0,0
19891022,483,3,2,64.0,1,0
19891022,483,48,19,0.0,0,0
19891022,483,34,9,8.0,0,0
19891022,483,44,17,0.0,0,0
19891022,483,18,11,5.0,0,0
19891022,483,43,20,0.0,0,0
19891022,483,21,6,13.0,0,0
19891022,483,22,4,31.0,1,0
19891022,483,37,12,4.0,0,0
19891022,483,6,3,59.0,3,0
19891022,483,1,1,141.0,10,0
19891022,483,39,15,1.0,0,0
19891105,484,37,12,4.0,0,1
19891105,484,22,4,39.0,1,1
19891105,484,21,7,13.0,0,1
19891105,484,25,5,16.0,0,1
19891105,484,32,6,15.0,0,1
19891105,484,27,14,3.0,0,1
19891105,484,33,16,1.0,0,1
19891105,484,35,8,8.0,0,1
19891105,484,47,13,3.0,0,1
19891105,484,3,2,77.0,2,1
19891105,484,48,19,0.0,0,1
19891105,484,34,9,8.0,0,1
19891105,484,44,17,0.0,0,1
19891105,484,18,11,6.0,0,1
19891105,484,43,20,0.0,0,1
19891105,484,42,18,0.0,0,1
19891105,484,39,15,1.0,0,1
19891105,484,45,10,6.0,0,1
19880403,453,1,1,9.0,1,0
19880403,453,6,2,8.0,0,0
19880403,453,32,3,5.0,0,0
19880403,453,21,4,3.0,0,0
19880403,453,22,5,0.0,0,0
19880403,453,27,6,0.0,0,0
19880403,453,47,7,0.0,0,0
19880403,453,25,8,0.0,0,0
19880403,453,18,9,0.0,0,0
19880403,453,33,10,0.0,0,0
19880403,453,42,11,0.0,0,0
19880403,453,39,12,0.0,0,0
19880403,453,43,13,0.0,0,0
19880403,453,3,14,0.0,0,0
19880403,453,37,15,0.0,0,0
19880403,453,48,16,0.0,0,0
19880403,453,44,17,0.0,0,0
19880403,453,35,18,0.0,0,0
19880501,454,1,1,24.0,2,0
19880501,454,6,2,10.0,0,0
19880501,454,32,3,9.0,0,0
19880501,454,21,5,3.0,0,0
19880501,454,22,4,4.0,0,0
19880501,454,27,6,0.0,0,0
19880501,454,47,13,0.0,0,0
19880501,454,25,11,0.0,0,0
19880501,454,18,8,0.0,0,0
19880501,454,33,9,0.0,0,0
19880501,454,42,14,0.0,0,0
19880501,454,39,7,0.0,0,0
19880501,454,43,15,0.0,0,0
19880501,454,3,10,0.0,0,0
19880501,454,37,12,0.0,0,0
19880501,454,48,17,0.0,0,0
19880501,454,44,18,0.0,0,0
19880501,454,35,16,0.0,0,0
19880515,455,1,1,33.0,3,0
19880515,455,6,2,20.0,0,0
19880515,455,32,3,9.0,0,0
19880515,455,21,4,6.0,0,0
19880515,455,22,5,4.0,0,0
19880515,455,27,9,0.0,0,0
19880515,455,47,14,0.0,0,0
19880515,455,25,6,2.0,0,0
19880515,455,18,13,0.0,0,0
19880515,455,33,8,0.0,0,0
19880515,455,42,15,0.0,0,0
19880515,455,39,12,0.0,0,0
19880515,455,43,17,0.0,0,0
19880515,455,3,7,1.0,0,0
19880515,455,37,11,0.0,0,0
19880515,455,48,16,0.0,0,0
19880515,455,44,10,0.0,0,0
19880515,455,35,18,0.0,0,0
19880529,456,1,1,48.0,4,0
19880529,456,6,2,27.0,0,0
19880529,456,32,3,9.0,0,0
19880529,456,21,4,9.0,0,0
19880529,456,22,5,4.0,0,0
19880529,456,27,9,0.0,0,0
19880529,456,47,17,0.0,0,0
19880529,456,25,6,2.0,0,0
19880529,456,18,13,0.0,0,0
19880529,456,33,8,0.0,0,0
19880529,456,42,15,0.0,0,0
19880529,456,39,11,0.0,0,0
19880529,456,43,14,0.0,0,0
19880529,456,3,7,1.0,0,0
19880529,456,37,12,0.0,0,0
19880529,456,48,16,0.0,0,0
19880529,456,44,10,0.0,0,0
19880529,456,35,18,0.0,0,0
19880612,457,1,1,63.0,5,0
19880612,457,6,2,27.0,0,0
19880612,457,32,3,12.0,0,0
19880612,457,21,4,9.0,0,0
19880612,457,22,5,8.0,0,0
19880612,457,27,11,0.0,0,0
19880612,457,47,12,0.0,0,0
19880612,457,25,6,3.0,0,0
19880612,457,18,15,0.0,0,0
19880612,457,33,9,0.0,0,0
19880612,457,42,10,0.0,0,0
19880612,457,39,14,0.0,0,0
19880612,457,43,16,0.0,0,0
19880612,457,3,8,1.0,0,0
19880612,457,37,7,2.0,0,0
19880612,457,48,17,0.0,0,0
19880612,457,44,13,0.0,0,0
19880612,457,35,18,0.0,0,0
19880619,458,1,1,78.0,6,0
19880619,458,6,2,27.0,0,0
19880619,458,32,4,12.0,0,0
19880619,458,21,5,9.0,0,0
19880619,458,22,3,12.0,0,0
19880619,458,27,14,0.0,0,0
19880619,458,47,7,3.0,0,0
19880619,458,25,6,5.0,0,0
19880619,458,18,9,1.0,0,0
19880619,458,33,11,0.0,0,0
19880619,458,42,12,0.0,0,0
19880619,458,39,16,0.0,0,0
19880619,458,43,17,0.0,0,0
19880619,458,3,10,1.0,0,0
19880619,458,37,8,2.0,0,0
19880619,458,48,18,0.0,0,0
19880619,458,44,15,0.0,0,0
19880619,458,35,13,0.0,0,0
19880703,459,1,1,93.0,7,0
19880703,459,6,2,34.0,0,0
19880703,459,32,3,14.0,0,0
19880703,459,21,5,9.0,0,0
19880703,459,22,4,13.0,0,0
19880703,459,27,14,0.0,0,0
19880703,459,47,7,3.0,0,0
19880703,459,25,6,5.0,0,0
19880703,459,18,9,1.0,0,0
19880703,459,33,11,0.0,0,0
19880703,459,42,13,0.0,0,0
19880703,459,39,16,0.0,0,0
19880703,459,43,17,0.0,0,0
19880703,459,3,10,1.0,0,0
19880703,459,37,8,2.0,0,0
19880703,459,48,18,0.0,0,0
19880703,459,44,15,0.0,0,0
19880703,459,35,12,0.0,0,0
19880710,460,1,1,102.0,8,0
19880710,460,6,2,34.0,0,0
19880710,460,32,4,16.0,0,0
19880710,460,21,5,10.0,0,0
19880710,460,22,3,17.0,0,0
19880710,460,27,14,0.0,0,0
19880710,460,47,9,3.0,0,0
19880710,460,25,8,5.0,0,0
19880710,460,18,10,1.0,0,0
19880710,460,33,11,0.0,0,0
19880710,460,42,13,0.0,0,0
19880710,460,39,16,0.0,0,0
19880710,460,43,17,0.0,0,0
19880710,460,3,6,7.0,0,0
19880710,460,37,7,5.0,0,0
19880710,460,48,18,0.0,0,0
19880710,460,44,15,0.0,0,0
19880710,460,35,12,0.0,0,0
19880724,461,1,1,117.0,9,0
19880724,461,6,2,41.0,0,0
19880724,461,32,4,16.0,0,0
19880724,461,21,5,10.0,0,0
19880724,461,22,3,18.0,0,0
19880724,461,27,14,0.0,0,0
19880724,461,47,9,3.0,0,0
19880724,461,25,8,5.0,0,0
19880724,461,18,10,1.0,0,0
19880724,461,33,11,0.0,0,0
19880724,461,42,13,0.0,0,0
19880724,461,39,16,0.0,0,0
19880724,461,43,17,0.0,0,0
19880724,461,3,6,7.0,0,0
19880724,461,37,7,7.0,0,0
19880724,461,48,18,0.0,0,0
19880724,461,44,15,0.0,0,0
19880724,461,35,12,0.0,0,0
19880807,462,1,1,132.0,10,0
19880807,462,6,2,44.0,0,0
19880807,462,32,4,16.0,0,0
19880807,462,21,5,10.0,0,0
19880807,462,22,3,22.0,0,0
19880807,462,27,14,0.0,0,0
19880807,462,47,9,3.0,0,0
19880807,462,25,8,5.0,0,0
19880807,462,18,10,1.0,0,0
19880807,462,33,11,0.0,0,0
19880807,462,42,13,0.0,0,0
19880807,462,39,16,0.0,0,0
19880807,462,43,17,0.0,0,0
19880807,462,3,7,8.0,0,0
19880807,462,37,6,9.0,0,0
19880807,462,48,18,0.0,0,0
19880807,462,44,15,0.0,0,0
19880807,462,35,12,0.0,0,0
19880828,463,1,1,147.0,11,0
19880828,463,6,2,44.0,0,0
19880828,463,32,4,19.0,0,0
19880828,463,21,6,13.0,0,0
19880828,463,22,3,22.0,0,0
19880828,463,27,14,0.0,0,0
19880828,463,47,9,3.0,0,0
19880828,463,25,8,5.0,0,0
19880828,463,18,10,1.0,0,0
19880828,463,33,11,0.0,0,0
19880828,463,42,13,0.0,0,0
19880828,463,39,16,0.0,0,0
19880828,463,43,17,0.0,0,0
19880828,463,3,7,8.0,0,0
19880828,463,37,5,13.0,0,0
19880828,463,48,18,0.0,0,0
19880828,463,44,15,0.0,0,0
19880828,463,35,12,0.0,0,0
19880911,464,1,1,147.0,11,0
19880911,464,6,2,59.0,1,0
19880911,464,32,5,19.0,0,0
19880911,464,21,4,20.0,0,0
19880911,464,22,3,23.0,0,0
19880911,464,27,14,0.0,0,0
19880911,464,47,9,3.0,0,0
19880911,464,25,8,5.0,0,0
19880911,464,18,10,1.0,0,0
19880911,464,33,11,0.0,0,0
19880911,464,42,13,0.0,0,0
19880911,464,39,16,0.0,0,0
19880911,464,43,17,0.0,0,0
19880911,464,3,7,8.0,0,0
19880911,464,37,6,15.0,0,0
19880911,464,48,18,0.0,0,0
19880911,464,44,15,0.0,0,0
19880911,464,35,12,0.0,0,0
19880925,465,1,1,157.0,12,0
19880925,465,6,2,61.0,1,0
19880925,465,32,6,19.0,0,0
19880925,465,21,4,23.0,0,0
19880925,465,22,3,27.0,0,0
19880925,465,27,14,0.0,0,0
19880925,465,47,9,3.0,0,0
19880925,465,25,8,5.0,0,0
19880925,465,18,10,1.0,0,0
19880925,465,33,11,0.0,0,0
19880925,465,42,13,0.0,0,0
19880925,465,39,15,0.0,0,0
19880925,465,43,17,0.0,0,0
19880925,465,3,7,8.0,0,0
19880925,465,37,5,21.0,0,0
19880925,465,48,18,0.0,0,0
19880925,465,44,16,0.0,0,0
19880925,465,35,12,0.0,0,0
19881002,466,1,1,169.0,13,0
19881002,466,6,2,62.0,1,0
19881002,466,32,6,19.0,0,0
19881002,466,21,4,23.0,0,0
19881002,466,22,3,31.0,0,0
19881002,466,27,14,0.0,0,0
19881002,466,47,9,3.0,0,0
19881002,466,25,8,5.0,0,0
19881002,466,18,10,1.0,0,0
19881002,466,33,11,0.0,0,0
19881002,466,42,13,0.0,0,0
19881002,466,39,15,0.0,0,0
19881002,466,43,17,0.0,0,0
19881002,466,3,7,16.0,0,0
19881002,466,37,5,21.0,0,0
19881002,466,48,18,0.0,0,0
19881002,466,44,16,0.0,0,0
19881002,466,35,12,0.0,0,0
19881030,467,1,1,184.0,14,0
19881030,467,6,2,65.0,1,0
19881030,467,32,6,19.0,0,0
19881030,467,21,4,23.0,0,0
19881030,467,22,3,37.0,0,0
19881030,467,27,15,0.0,0,0
19881030,467,47,9,3.0,0,0
19881030,467,25,8,5.0,0,0
19881030,467,18,10,1.0,0,0
19881030,467,33,11,0.0,0,0
19881030,467,42,14,0.0,0,0
19881030,467,39,13,0.0,0,0
19881030,467,43,17,0.0,0,0
19881030,467,3,7,17.0,0,0
19881030,467,37,5,21.0,0,0
19881030,467,48,18,0.0,0,0
19881030,467,44,16,0.0,0,0
19881030,467,35,12,0.0,0,0
19881113,468,1,1,199.0,15,1
19881113,468,6,2,65.0,1,1
19881113,468,32,4,23.0,0,1
19881113,468,21,5,23.0,0,1
19881113,468,22,3,39.0,0,1
19881113,468,27,15,0.0,0,1
19881113,468,47,9,3.0,0,1
19881113,468,25,8,5.0,0,1
19881113,468,18,10,1.0,0,1
19881113,468,33,11,0.0,0,1
19881113,468,42,14,0.0,0,1
19881113,468,39,13,0.0,0,1
19881113,468,43,17,0.0,0,1
19881113,468,3,7,20.0,0,1
19881113,468,37,6,22.0,0,1
19881113,468,48,18,0.0,0,1
19881113,468,44,16,0.0,0,1
19881113,468,35,12,0.0,0,1
19870412,437,1,1,13.0,1,0
19870412,437,3,2,7.0,0,0
19870412,437,6,3,3.0,0,0
19870412,437,22,4,2.0,0,0
19870412,437,32,5,0.0,0,0
19870412,437,48,6,0.0,0,0
19870412,437,25,7,0.0,0,0
19870412,437,39,8,0.0,0,0
19870412,437,21,9,0.0,0,0
19870412,437,34,10,0.0,0,0
19870412,437,44,11,0.0,0,0
19870412,437,18,12,0.0,0,0
19870412,437,37,13,0.0,0,0
19870503,438,1,2,16.0,1,0
19870503,438,3,1,16.0,1,0
19870503,438,6,4,7.0,0,0
19870503,438,22,6,2.0,0,0
19870503,438,32,3,7.0,0,0
19870503,438,48,5,2.0,0,0
19870503,438,25,7,0.0,0,0
19870503,438,39,11,0.0,0,0
19870503,438,21,10,0.0,0,0
19870503,438,34,8,0.0,0,0
19870503,438,44,12,0.0,0,0
19870503,438,18,13,0.0,0,0
19870503,438,37,14,0.0,0,0
19870503,438,33,9,0.0,0,0
19870503,438,27,15,0.0,0,0
19870517,439,1,1,31.0,2,0
19870517,439,3,2,16.0,1,0
19870517,439,6,4,7.0,0,0
19870517,439,22,8,2.0,0,0
19870517,439,32,3,9.0,0,0
19870517,439,48,7,2.0,0,0
19870517,439,25,10,0.0,0,0
19870517,439,39,12,0.0,0,0
19870517,439,21,6,3.0,0,0
19870517,439,34,5,4.0,0,0
19870517,439,44,13,0.0,0,0
19870517,439,18,15,0.0,0,0
19870517,439,37,14,0.0,0,0
19870517,439,33,11,0.0,0,0
19870517,439,27,9,1.0,0,0
19870531,440,1,1,31.0,2,0
19870531,440,3,2,22.0,1,0
19870531,440,6,4,14.0,0,0
19870531,440,22,9,2.0,0,0
19870531,440,32,3,18.0,1,0
19870531,440,48,7,2.0,0,0
19870531,440,25,8,2.0,0,0
19870531,440,39,13,0.0,0,0
19870531,440,21,6,3.0,0,0
19870531,440,34,5,4.0,0,0
19870531,440,44,14,0.0,0,0
19870531,440,18,15,0.0,0,0
19870531,440,37,11,1.0,0,0
19870531,440,33,12,0.0,0,0
19870531,440,27,10,1.0,0,0
19870621,441,1,1,35.0,2,0
19870621,441,3,2,30.0,1,0
19870621,441,6,4,17.0,0,0
19870621,441,22,9,2.0,0,0
19870621,441,32,3,27.0,2,0
19870621,441,48,7,2.0,0,0
19870621,441,25,8,2.0,0,0
19870621,441,39,13,0.0,0,0
19870621,441,21,6,4.0,0,0
19870621,441,34,5,4.0,0,0
19870621,441,44,14,0.0,0,0
19870621,441,18,15,0.0,0,0
19870621,441,37,11,1.0,0,0
19870621,441,33,12,0.0,0,0
19870621,441,27,10,1.0,0,0
19870705,442,1,2,39.0,2,0
19870705,442,3,1,45.0,2,0
19870705,442,6,4,17.0,0,0
19870705,442,22,7,4.0,0,0
19870705,442,32,3,30.0,2,0
19870705,442,48,9,2.0,0,0
19870705,442,25,8,3.0,0,0
19870705,442,39,13,0.0,0,0
19870705,442,21,6,4.0,0,0
19870705,442,34,5,4.0,0,0
19870705,442,44,14,0.0,0,0
19870705,442,18,15,0.0,0,0
19870705,442,37,11,1.0,0,0
19870705,442,33,12,0.0,0,0
19870705,442,27,10,1.0,0,0
19870712,443,1,2,39.0,2,0
19870712,443,3,1,60.0,3,0
19870712,443,6,4,17.0,0,0
19870712,443,22,6,5.0,0,0
19870712,443,32,3,37.0,2,0
19870712,443,48,9,2.0,0,0
19870712,443,25,8,3.0,0,0
19870712,443,39,13,0.0,0,0
19870712,443,21,5,6.0,0,0
19870712,443,34,7,4.0,0,0
19870712,443,44,14,0.0,0,0
19870712,443,18,15,0.0,0,0
19870712,443,37,11,1.0,0,0
19870712,443,33,12,0.0,0,0
19870712,443,27,10,1.0,0,0
19870726,444,1,2,45.0,2,0
19870726,444,3,1,69.0,4,0
19870726,444,6,4,17.0,0,0
19870726,444,22,7,5.0,0,0
19870726,444,32,3,41.0,2,0
19870726,444,48,9,2.0,0,0
19870726,444,25,5,8.0,0,0
19870726,444,39,13,0.0,0,0
19870726,444,21,6,6.0,0,0
19870726,444,34,8,4.0,0,0
19870726,444,44,14,0.0,0,0
19870726,444,18,15,0.0,0,0
19870726,444,37,12,1.0,0,0
19870726,444,33,11,1.0,0,0
19870726,444,27,10,1.0,0,0
19870809,445,1,2,49.0,2,0
19870809,445,3,1,78.0,5,0
19870809,445,6,4,17.0,0,0
19870809,445,22,6,8.0,0,0
19870809,445,32,3,47.0,2,0
19870809,445,48,9,2.0,0,0
19870809,445,25,5,8.0,0,0
19870809,445,39,13,0.0,0,0
19870809,445,21,7,7.0,0,0
19870809,445,34,8,6.0,0,0
19870809,445,44,15,0.0,0,0
19870809,445,18,14,0.0,0,0
19870809,445,37,12,1.0,0,0
19870809,445,33,11,1.0,0,0
19870809,445,27,10,1.0,0,0
19870816,446,1,2,50.0,2,0
19870816,446,3,1,93.0,6,0
19870816,446,6,4,17.0,0,0
19870816,446,22,5,15.0,0,0
19870816,446,32,3,49.0,2,0
19870816,446,48,9,2.0,0,0
19870816,446,25,6,8.0,0,0
19870816,446,39,13,0.0,0,0
19870816,446,21,7,7.0,0,0
19870816,446,34,8,6.0,0,0
19870816,446,44,15,0.0,0,0
19870816,446,18,14,0.0,0,0
19870816,446,37,12,1.0,0,0
19870816,446,33,11,1.0,0,0
19870816,446,27,10,1.0,0,0
19870906,447,1,3,51.0,2,0
19870906,447,3,1,106.0,7,0
19870906,447,6,4,20.0,0,0
19870906,447,22,5,17.0,0,0
19870906,447,32,2,55.0,2,0
19870906,447,48,9,2.0,0,0
19870906,447,25,6,8.0,0,0
19870906,447,39,13,0.0,0,0
19870906,447,21,7,7.0,0,0
19870906,447,34,8,6.0,0,0
19870906,447,44,15,0.0,0,0
19870906,447,18,14,0.0,0,0
19870906,447,37,12,1.0,0,0
19870906,447,33,11,1.0,0,0
19870906,447,27,10,1.0,0,0
19870906,447,42,16,0.0,0,0
19870920,448,1,2,62.0,3,0
19870920,448,3,1,110.0,7,0
19870920,448,6,4,26.0,0,0
19870920,448,22,5,20.0,0,0
19870920,448,32,3,55.0,2,0
19870920,448,48,9,2.0,0,0
19870920,448,25,6,8.0,0,0
19870920,448,39,13,0.0,0,0
19870920,448,21,7,8.0,0,0
19870920,448,34,8,6.0,0,0
19870920,448,44,15,0.0,0,0
19870920,448,18,14,0.0,0,0
19870920,448,37,12,1.0,0,0
19870920,448,33,11,1.0,0,0
19870920,448,27,10,1.0,0,0
19870920,448,42,16,0.0,0,0
19870927,449,1,2,72.0,3,0
19870927,449,3,1,122.0,8,0
19870927,449,6,4,26.0,0,0
19870927,449,22,5,20.0,0,0
19870927,449,32,3,57.0,2,0
19870927,449,48,9,2.0,0,0
19870927,449,25,6,8.0,0,0
19870927,449,39,13,0.0,0,0
19870927,449,21,7,8.0,0,0
19870927,449,34,8,6.0,0,0
19870927,449,44,15,0.0,0,0
19870927,449,18,14,0.0,0,0
19870927,449,37,12,1.0,0,0
19870927,449,33,10,2.0,0,0
19870927,449,27,11,1.0,0,0
19870927,449,42,16,0.0,0,0
19871018,450,1,2,72.0,3,0
19871018,450,3,1,137.0,9,0
19871018,450,6,4,26.0,0,0
19871018,450,22,5,22.0,0,0
19871018,450,32,3,57.0,2,0
19871018,450,48,10,2.0,0,0
19871018,450,25,8,8.0,0,0
19871018,450,39,13,0.0,0,0
19871018,450,21,6,11.0,0,0
19871018,450,34,7,10.0,0,0
19871018,450,44,15,0.0,0,0
19871018,450,18,14,0.0,0,0
19871018,450,37,12,1.0,0,0
19871018,450,33,9,3.0,0,0
19871018,450,27,11,1.0,0,0
19871018,450,42,16,0.0,0,0
19871101,451,1,2,76.0,3,0
19871101,451,3,1,137.0,9,0
19871101,451,6,4,38.0,1,0
19871101,451,22,5,24.0,0,0
19871101,451,32,3,64.0,2,0
19871101,451,48,10,2.0,0,0
19871101,451,25,8,8.0,0,0
19871101,451,39,13,0.0,0,0
19871101,451,21,6,11.0,0,0
19871101,451,34,7,10.0,0,0
19871101,451,44,15,0.0,0,0
19871101,451,18,14,0.0,0,0
19871101,451,37,12,1.0,0,0
19871101,451,33,9,3.0,0,0
19871101,451,27,11,1.0,0,0
19871101,451,42,16,0.0,0,0
19871115,452,1,2,76.0,3,1
19871115,452,3,1,137.0,9,1
19871115,452,6,4,53.0,2,1
19871115,452,22,5,28.0,0,1
19871115,452,32,3,64.0,2,1
19871115,452,48,10,2.0,0,1
19871115,452,25,6,11.0,0,1
19871115,452,39,12,1.0,0,1
19871115,452,21,7,11.0,0,1
19871115,452,34,8,10.0,0,1
19871115,452,44,15,0.0,0,1
19871115,452,18,14,0.0,0,1
19871115,452,37,13,1.0,0,1
19871115,452,33,9,3.0,0,1
19871115,452,27,11,1.0,0,1
19871115,452,42,16,0.0,0,1
19860323,421,3,1,9.0,1,0
19860323,421,32,3,6.0,0,0
19860323,421,27,2,7.0,0,0
19860323,421,25,4,2.0,0,0
19860323,421,22,5,1.0,0,0
19860323,421,34,6,0.0,0,0
19860323,421,21,7,0.0,0,0
19860323,421,6,8,0.0,0,0
19860323,421,1,9,0.0,0,0
19860323,421,44,10,0.0,0,0
19860323,421,26,11,0.0,0,0
19860323,421,48,12,0.0,0,0
19860323,421,18,13,0.0,0,0
19860413,422,3,2,15.0,1,0
19860413,422,32,1,15.0,1,0
19860413,422,27,3,7.0,0,0
19860413,422,25,6,2.0,0,0
19860413,422,22,5,4.0,0,0
19860413,422,34,8,0.0,0,0
19860413,422,21,7,0.0,0,0
19860413,422,6,10,0.0,0,0
19860413,422,1,4,7.0,0,0
19860413,422,44,11,0.0,0,0
19860413,422,26,9,0.0,0,0
19860413,422,48,12,0.0,0,0
19860413,422,18,13,0.0,0,0
19860427,423,3,1,21.0,1,0
19860427,423,32,3,15.0,1,0
19860427,423,27,5,7.0,0,0
19860427,423,25,7,2.0,0,0
19860427,423,22,4,8.0,0,0
19860427,423,34,8,1.0,0,0
19860427,423,21,9,0.0,0,0
19860427,423,6,6,3.0,0,0
19860427,423,1,2,18.0,1,0
19860427,423,44,11,0.0,0,0
19860427,423,26,10,0.0,0,0
19860427,423,48,12,0.0,0,0
19860427,423,18,13,0.0,0,0
19860511,424,3,2,24.0,1,0
19860511,424,32,3,19.0,1,0
19860511,424,27,4,10.0,0,0
19860511,424,25,7,2.0,0,0
19860511,424,22,5,8.0,0,0
19860511,424,34,8,1.0,0,0
19860511,424,21,9,0.0,0,0
19860511,424,6,6,3.0,0,0
19860511,424,1,1,33.0,2,0
19860511,424,44,12,0.0,0,0
19860511,424,26,10,0.0,0,0
19860511,424,48,11,0.0,0,0
19860511,424,18,13,0.0,0,0
19860525,425,3,2,33.0,2,0
19860525,425,32,3,25.0,1,0
19860525,425,27,4,12.0,0,0
19860525,425,25,7,2.0,0,0
19860525,425,22,6,8.0,0,0
19860525,425,34,8,1.0,0,0
19860525,425,21,9,0.0,0,0
19860525,425,6,5,10.0,0,0
19860525,425,1,1,34.0,2,0
19860525,425,44,12,0.0,0,0
19860525,425,26,10,0.0,0,0
19860525,425,48,11,0.0,0,0
19860525,425,18,13,0.0,0,0
19860615,426,3,1,46.0,3,0
19860615,426,32,3,27.0,1,0
19860615,426,27,4,13.0,0,0
19860615,426,25,7,2.0,0,0
19860615,426,22,6,8.0,0,0
19860615,426,34,8,1.0,0,0
19860615,426,21,9,0.0,0,0
19860615,426,6,5,10.0,0,0
19860615,426,1,2,43.0,2,0
19860615,426,44,12,0.0,0,0
19860615,426,26,10,0.0,0,0
19860615,426,48,11,0.0,0,0
19860615,426,18,13,0.0,0,0
19860706,428,3,1,61.0,4,0
19860622,427,18,13,0.0,0,0
19860622,427,48,11,0.0,0,0
19860622,427,26,10,0.0,0,0
19860622,427,6,5,13.0,0,0
19860622,427,34,8,2.0,0,0
19860622,427,25,7,2.0,0,0
19860622,427,27,4,19.0,0,0
19860622,427,22,6,8.0,0,0
19860622,427,21,9,0.0,0,0
19860622,427,44,12,0.0,0,0
19860622,427,1,2,47.0,2,0
19860622,427,32,3,36.0,2,0
19860622,427,3,1,48.0,3,0
19860706,428,32,3,36.0,2,0
19860706,428,27,4,22.0,0,0
19860706,428,25,7,2.0,0,0
19860706,428,22,6,8.0,0,0
19860706,428,34,8,2.0,0,0
19860706,428,21,9,0.0,0,0
19860706,428,6,5,13.0,0,0
19860706,428,1,2,56.0,2,0
19860706,428,44,12,0.0,0,0
19860706,428,26,10,0.0,0,0
19860706,428,48,11,0.0,0,0
19860706,428,18,13,0.0,0,0
19860713,429,3,1,76.0,5,0
19860713,429,32,3,36.0,2,0
19860713,429,27,4,25.0,0,0
19860713,429,25,7,5.0,0,0
19860713,429,22,6,8.0,0,0
19860713,429,34,8,2.0,0,0
19860713,429,21,9,0.0,0,0
19860713,429,6,5,13.0,0,0
19860713,429,1,2,60.0,2,0
19860713,429,44,12,0.0,0,0
19860713,429,26,11,0.0,0,0
19860713,429,48,10,0.0,0,0
19860713,429,18,13,0.0,0,0
19860727,430,3,1,89.0,6,0
19860727,430,32,3,42.0,2,0
19860727,430,27,4,28.0,0,0
19860727,430,25,7,5.0,0,0
19860727,430,22,6,8.0,0,0
19860727,430,34,8,2.0,0,0
19860727,430,21,9,0.0,0,0
19860727,430,6,5,13.0,0,0
19860727,430,1,2,63.0,2,0
19860727,430,44,12,0.0,0,0
19860727,430,26,10,0.0,0,0
19860727,430,48,11,0.0,0,0
19860727,430,18,13,0.0,0,0
19860810,431,3,1,102.0,7,0
19860810,431,32,3,50.0,2,0
19860810,431,27,4,28.0,0,0
19860810,431,25,7,6.0,0,0
19860810,431,22,6,8.0,0,0
19860810,431,34,8,2.0,0,0
19860810,431,21,9,0.0,0,0
19860810,431,6,5,16.0,0,0
19860810,431,1,2,63.0,2,0
19860810,431,44,12,0.0,0,0
19860810,431,26,10,0.0,0,0
19860810,431,48,11,0.0,0,0
19860810,431,18,13,0.0,0,0
19860817,432,3,1,102.0,7,0
19860817,432,32,3,50.0,2,0
19860817,432,27,4,28.0,0,0
19860817,432,25,7,6.0,0,0
19860817,432,22,6,8.0,0,0
19860817,432,34,9,2.0,0,0
19860817,432,21,10,1.0,0,0
19860817,432,6,5,26.0,0,0
19860817,432,1,2,72.0,3,0
19860817,432,44,12,0.0,0,0
19860817,432,26,8,5.0,0,0
19860817,432,48,11,0.0,0,0
19860817,432,18,13,0.0,0,0
19860907,433,3,1,117.0,8,0
19860907,433,32,3,50.0,2,0
19860907,433,27,5,28.0,0,0
19860907,433,25,8,6.0,0,0
19860907,433,22,6,10.0,0,0
19860907,433,34,9,2.0,0,0
19860907,433,21,10,1.0,0,0
19860907,433,6,4,30.0,0,0
19860907,433,1,2,75.0,3,0
19860907,433,44,12,0.0,0,0
19860907,433,26,7,6.0,0,0
19860907,433,48,11,0.0,0,0
19860907,433,18,13,0.0,0,0
19860907,433,39,14,0.0,0,0
19860921,434,3,1,130.0,9,0
19860921,434,32,3,53.0,2,0
19860921,434,27,5,28.0,0,0
19860921,434,25,8,6.0,0,0
19860921,434,22,6,10.0,0,0
19860921,434,34,9,2.0,0,0
19860921,434,21,10,1.0,0,0
19860921,434,6,4,33.0,0,0
19860921,434,1,2,81.0,3,0
19860921,434,44,12,0.0,0,0
19860921,434,26,7,6.0,0,0
19860921,434,48,11,0.0,0,0
19860921,434,18,13,0.0,0,0
19860921,434,39,14,0.0,0,0
19861012,435,3,1,135.0,9,0
19861012,435,32,3,57.0,2,0
19861012,435,27,5,29.0,0,0
19861012,435,25,8,6.0,0,0
19861012,435,22,6,19.0,1,0
19861012,435,34,9,2.0,0,0
19861012,435,21,10,1.0,0,0
19861012,435,6,4,33.0,0,0
19861012,435,1,2,87.0,3,0
19861012,435,44,13,0.0,0,0
19861012,435,26,7,6.0,0,0
19861012,435,48,11,0.0,0,0
19861012,435,18,12,0.0,0,0
19861012,435,39,14,0.0,0,0
19861026,436,3,1,141.0,9,1
19861026,436,32,3,58.0,2,1
19861026,436,27,5,29.0,0,1
19861026,436,25,7,11.0,0,1
19861026,436,22,6,19.0,1,1
19861026,436,34,9,2.0,0,1
19861026,436,21,10,1.0,0,1
19861026,436,6,4,37.0,0,1
19861026,436,1,2,96.0,4,1
19861026,436,44,13,0.0,0,1
19861026,436,26,8,6.0,0,1
19861026,436,48,11,0.0,0,1
19861026,436,18,12,0.0,0,1
19861026,436,39,14,0.0,0,1
19850407,405,1,1,9.0,1,0
19850407,405,6,2,9.0,0,0
19850407,405,32,3,4.0,0,0
19850407,405,4,4,2.0,0,0
19850407,405,27,5,1.0,0,0
19850407,405,25,6,0.0,0,0
19850407,405,49,7,0.0,0,0
19850407,405,21,8,0.0,0,0
19850407,405,44,9,0.0,0,0
19850407,405,50,10,0.0,0,0
19850407,405,18,11,0.0,0,0
19850407,405,3,12,0.0,0,0
19850407,405,34,13,0.0,0,0
19850407,405,51,14,0.0,0,0
19850421,406,1,3,9.0,1,0
19850421,406,6,2,15.0,0,0
19850421,406,32,1,16.0,1,0
19850421,406,4,4,6.0,0,0
19850421,406,27,7,1.0,0,0
19850421,406,25,6,1.0,0,0
19850421,406,49,9,0.0,0,0
19850421,406,21,10,0.0,0,0
19850421,406,44,8,0.0,0,0
19850421,406,50,11,0.0,0,0
19850421,406,18,13,0.0,0,0
19850421,406,3,5,2.0,0,0
19850421,406,34,12,0.0,0,0
19850421,406,51,14,0.0,0,0
19850421,406,48,15,0.0,0,0
19850505,407,1,3,12.0,1,0
19850505,407,6,2,16.0,0,0
19850505,407,32,1,25.0,2,0
19850505,407,4,4,10.0,0,0
19850505,407,27,8,1.0,0,0
19850505,407,25,7,1.0,0,0
19850505,407,49,11,0.0,0,0
19850505,407,21,5,6.0,0,0
19850505,407,44,10,0.0,0,0
19850505,407,50,12,0.0,0,0
19850505,407,18,13,0.0,0,0
19850505,407,3,6,4.0,0,0
19850505,407,34,9,0.0,0,0
19850505,407,51,14,0.0,0,0
19850505,407,48,15,0.0,0,0
19850519,408,1,3,21.0,2,0
19850519,408,6,2,22.0,0,0
19850519,408,32,1,29.0,2,0
19850519,408,4,4,12.0,0,0
19850519,408,27,6,5.0,0,0
19850519,408,25,8,1.0,0,0
19850519,408,49,11,0.0,0,0
19850519,408,21,5,6.0,0,0
19850519,408,44,10,0.0,0,0
19850519,408,50,13,0.0,0,0
19850519,408,18,15,0.0,0,0
19850519,408,3,7,4.0,0,0
19850519,408,34,9,0.0,0,0
19850519,408,51,16,0.0,0,0
19850519,408,48,12,0.0,0,0
19850519,408,52,14,0.0,0,0
19850616,409,1,3,25.0,2,0
19850616,409,6,1,37.0,1,0
19850616,409,32,2,31.0,2,0
19850616,409,4,4,12.0,0,0
19850616,409,27,7,5.0,0,0
19850616,409,25,8,1.0,0,0
19850616,409,49,11,0.0,0,0
19850616,409,21,6,6.0,0,0
19850616,409,44,10,0.0,0,0
19850616,409,50,12,0.0,0,0
19850616,409,18,15,0.0,0,0
19850616,409,3,5,8.0,0,0
19850616,409,34,9,0.0,0,0
19850616,409,51,16,0.0,0,0
19850616,409,48,13,0.0,0,0
19850616,409,52,14,0.0,0,0
19850623,410,48,13,0.0,0,0
19850623,410,34,9,1.0,0,0
19850623,410,32,2,33.0,2,0
19850623,410,52,14,0.0,0,0
19850623,410,51,16,0.0,0,0
19850623,410,3,4,17.0,1,0
19850623,410,18,15,0.0,0,0
19850623,410,4,5,12.0,0,0
19850623,410,49,12,0.0,0,0
19850623,410,21,6,6.0,0,0
19850623,410,44,11,0.0,0,0
19850623,410,50,10,0.0,0,0
19850623,410,25,8,4.0,0,0
19850623,410,27,7,5.0,0,0
19850623,410,6,1,47.0,1,0
19850623,410,1,3,25.0,2,0
19850707,411,52,14,0.0,0,0
19850707,411,51,16,0.0,0,0
19850707,411,34,6,10.0,1,0
19850707,411,18,15,0.0,0,0
19850707,411,44,12,0.0,0,0
19850707,411,21,7,6.0,0,0
19850707,411,25,9,4.0,0,0
19850707,411,6,1,50.0,1,0
19850707,411,49,11,0.0,0,0
19850707,411,27,8,5.0,0,0
19850707,411,48,13,0.0,0,0
19850707,411,50,10,0.0,0,0
19850707,411,3,4,23.0,1,0
19850707,411,32,2,35.0,2,0
19850707,411,1,3,29.0,2,0
19850707,411,4,5,13.0,0,0
19850721,412,1,2,38.0,3,0
19850721,412,6,1,56.0,1,0
19850721,412,32,3,35.0,2,0
19850721,412,4,5,15.0,0,0
19850721,412,27,7,9.0,0,0
19850721,412,25,9,4.0,0,0
19850721,412,49,11,0.0,0,0
19850721,412,21,8,6.0,0,0
19850721,412,44,12,0.0,0,0
19850721,412,50,10,0.0,0,0
19850721,412,18,15,0.0,0,0
19850721,412,3,4,23.0,1,0
19850721,412,34,6,14.0,1,0
19850721,412,51,16,0.0,0,0
19850721,412,48,13,0.0,0,0
19850721,412,52,14,0.0,0,0
19850804,413,1,2,46.0,3,0
19850804,413,6,1,65.0,2,0
19850804,413,32,3,35.0,2,0
19850804,413,4,5,15.0,0,0
19850804,413,27,7,13.0,0,0
19850804,413,25,9,4.0,0,0
19850804,413,49,11,0.0,0,0
19850804,413,21,8,9.0,0,0
19850804,413,44,12,0.0,0,0
19850804,413,50,10,0.0,0,0
19850804,413,18,13,0.0,0,0
19850804,413,3,4,24.0,1,0
19850804,413,34,6,14.0,1,0
19850804,413,51,16,0.0,0,0
19850804,413,48,14,0.0,0,0
19850804,413,52,15,0.0,0,0
19850818,414,1,2,55.0,4,0
19850818,414,6,1,72.0,2,0
19850818,414,32,3,43.0,2,0
19850818,414,4,6,15.0,0,0
19850818,414,27,7,13.0,0,0
19850818,414,25,9,4.0,0,0
19850818,414,49,12,0.0,0,0
19850818,414,21,8,9.0,0,0
19850818,414,44,11,0.0,0,0
19850818,414,50,10,0.0,0,0
19850818,414,18,13,0.0,0,0
19850818,414,3,4,24.0,1,0
19850818,414,34,5,15.0,1,0
19850818,414,51,16,0.0,0,0
19850818,414,48,14,0.0,0,0
19850818,414,52,15,0.0,0,0
19850825,415,1,2,70.0,5,0
19850825,415,6,1,75.0,2,0
19850825,415,32,3,49.0,2,0
19850825,415,4,6,15.0,0,0
19850825,415,27,7,13.0,0,0
19850825,415,25,9,4.0,0,0
19850825,415,49,12,0.0,0,0
19850825,415,21,8,9.0,0,0
19850825,415,44,11,0.0,0,0
19850825,415,50,10,0.0,0,0
19850825,415,18,13,0.0,0,0
19850825,415,3,4,25.0,1,0
19850825,415,34,5,15.0,1,0
19850825,415,51,16,0.0,0,0
19850825,415,48,14,0.0,0,0
19850825,415,52,15,0.0,0,0
19850908,416,1,1,79.0,6,0
19850908,416,6,2,77.0,2,0
19850908,416,32,3,54.0,2,0
19850908,416,4,6,15.0,0,0
19850908,416,27,7,13.0,0,0
19850908,416,25,9,4.0,0,0
19850908,416,49,12,0.0,0,0
19850908,416,21,8,9.0,0,0
19850908,416,44,11,0.0,0,0
19850908,416,50,10,0.0,0,0
19850908,416,18,13,0.0,0,0
19850908,416,3,4,25.0,1,0
19850908,416,34,5,24.0,1,0
19850908,416,51,16,0.0,0,0
19850908,416,48,14,0.0,0,0
19850908,416,52,15,0.0,0,0
19850908,416,26,17,0.0,0,0
19850915,417,1,1,83.0,6,0
19850915,417,6,2,77.0,2,0
19850915,417,32,3,63.0,3,0
19850915,417,4,6,16.0,0,0
19850915,417,27,7,13.0,0,0
19850915,417,25,9,4.0,0,0
19850915,417,49,12,0.0,0,0
19850915,417,21,8,9.0,0,0
19850915,417,44,11,0.0,0,0
19850915,417,50,10,0.0,0,0
19850915,417,18,13,0.0,0,0
19850915,417,3,4,34.0,1,0
19850915,417,34,5,26.0,1,0
19850915,417,51,16,0.0,0,0
19850915,417,48,14,0.0,0,0
19850915,417,52,15,0.0,0,0
19850915,417,26,17,0.0,0,0
19851006,418,1,1,86.0,6,0
19851006,418,6,2,77.0,2,0
19851006,418,32,3,71.0,3,0
19851006,418,4,6,16.0,0,0
19851006,418,27,7,13.0,0,0
19851006,418,25,9,4.0,0,0
19851006,418,49,12,0.0,0,0
19851006,418,21,8,10.0,0,0
19851006,418,44,11,0.0,0,0
19851006,418,50,10,0.0,0,0
19851006,418,18,13,0.0,0,0
19851006,418,3,4,47.0,2,0
19851006,418,34,5,26.0,1,0
19851006,418,51,16,0.0,0,0
19851006,418,48,14,0.0,0,0
19851006,418,52,15,0.0,0,0
19851006,418,26,17,0.0,0,0
19851019,419,1,1,90.0,6,0
19851019,419,6,2,80.0,2,0
19851019,419,32,3,71.0,3,0
19851019,419,4,6,16.0,0,0
19851019,419,27,8,13.0,0,0
19851019,419,25,9,4.0,0,0
19851019,419,49,12,0.0,0,0
19851019,419,21,7,13.0,0,0
19851019,419,44,11,0.0,0,0
19851019,419,50,10,0.0,0,0
19851019,419,18,13,0.0,0,0
19851019,419,3,4,62.0,3,0
19851019,419,34,5,26.0,1,0
19851019,419,51,16,0.0,0,0
19851019,419,48,14,0.0,0,0
19851019,419,52,15,0.0,0,0
19851019,419,26,17,0.0,0,0
19851103,420,1,1,90.0,6,1
19851103,420,6,2,82.0,2,1
19851103,420,32,4,71.0,3,1
19851103,420,4,7,16.0,0,1
19851103,420,27,6,23.0,0,1
19851103,420,25,9,7.0,0,1
19851103,420,49,13,0.0,0,1
19851103,420,21,8,14.0,0,1
19851103,420,44,10,0.0,0,1
19851103,420,50,12,0.0,0,1
19851103,420,18,11,0.0,0,1
19851103,420,3,3,71.0,4,1
19851103,420,34,5,26.0,1,1
19851103,420,51,16,0.0,0,1
19851103,420,48,14,0.0,0,1
19851103,420,52,15,0.0,0,1
19851103,420,26,17,0.0,0,1
19840325,389,1,1,9.0,1,0
19840325,389,3,2,6.0,0,0
19840325,389,32,3,4.0,0,0
19840325,389,50,4,3.0,0,0
19840325,389,4,5,2.0,0,0
19840325,389,21,6,1.0,0,0
19840325,389,49,7,0.0,0,0
19840325,389,27,8,0.0,0,0
19840325,389,34,9,0.0,0,0
19840325,389,6,10,0.0,0,0
19840325,389,44,11,0.0,0,0
19840325,389,52,12,0.0,0,0
19840325,389,51,13,0.0,0,0
19840407,390,1,1,24.0,2,0
19840407,390,3,2,6.0,0,0
19840407,390,32,5,4.0,0,0
19840407,390,50,4,6.0,0,0
19840407,390,4,3,6.0,0,0
19840407,390,21,7,1.0,0,0
19840407,390,49,9,0.0,0,0
19840407,390,27,6,2.0,0,0
19840407,390,34,13,0.0,0,0
19840407,390,6,11,0.0,0,0
19840407,390,44,15,0.0,0,0
19840407,390,52,8,1.0,0,0
19840407,390,51,10,0.0,0,0
19840407,390,25,12,0.0,0,0
19840407,390,53,14,0.0,0,0
19840429,391,1,1,24.0,2,0
19840429,391,3,4,9.0,0,0
19840429,391,32,5,6.0,0,0
19840429,391,50,6,6.0,0,0
19840429,391,4,3,12.0,0,0
19840429,391,21,9,1.0,0,0
19840429,391,49,10,0.0,0,0
19840429,391,27,7,2.0,0,0
19840429,391,34,12,0.0,0,0
19840429,391,6,2,13.0,1,0
19840429,391,44,15,0.0,0,0
19840429,391,52,8,2.0,0,0
19840429,391,51,11,0.0,0,0
19840429,391,25,13,0.0,0,0
19840429,391,53,14,0.0,0,0
19840520,393,3,5,10.0,0,0
19840520,393,1,1,42.0,4,0
19840506,392,53,14,0.0,0,0
19840506,392,25,13,0.0,0,0
19840506,392,44,15,0.0,0,0
19840506,392,49,11,0.0,0,0
19840506,392,21,7,3.0,0,0
19840506,392,4,3,15.0,0,0
19840506,392,3,5,9.0,0,0
19840506,392,27,8,3.0,0,0
19840506,392,34,12,0.0,0,0
19840506,392,6,2,19.0,1,0
19840506,392,51,10,0.0,0,0
19840506,392,50,6,6.0,0,0
19840506,392,52,9,2.0,0,0
19840506,392,32,4,10.0,0,0
19840506,392,1,1,33.0,3,0
19840520,393,32,4,16.0,0,0
19840520,393,50,6,6.0,0,0
19840520,393,4,3,21.0,0,0
19840520,393,21,7,3.0,0,0
19840520,393,49,11,0.0,0,0
19840520,393,27,8,3.0,0,0
19840520,393,34,12,0.0,0,0
19840520,393,6,2,22.0,1,0
19840520,393,44,13,0.0,0,0
19840520,393,52,9,2.0,0,0
19840520,393,51,10,0.0,0,0
19840520,393,25,14,0.0,0,0
19840520,393,53,15,0.0,0,0
19840603,394,1,1,46.5,5,0
19840603,394,3,5,11.5,0,0
19840603,394,32,4,17.0,0,0
19840603,394,50,6,6.0,0,0
19840603,394,4,3,21.0,0,0
19840603,394,21,8,3.0,0,0
19840603,394,49,12,0.0,0,0
19840603,394,27,9,3.0,0,0
19840603,394,34,13,0.0,0,0
19840603,394,6,2,24.5,1,0
19840603,394,44,10,0.0,0,0
19840603,394,52,7,5.0,0,0
19840603,394,51,11,0.0,0,0
19840603,394,25,15,0.0,0,0
19840603,394,53,14,0.0,0,0
19840617,395,1,1,56.5,5,0
19840617,395,3,5,11.5,0,0
19840617,395,32,4,21.0,0,0
19840617,395,50,7,6.0,0,0
19840617,395,4,3,21.0,0,0
19840617,395,21,9,3.0,0,0
19840617,395,49,13,0.0,0,0
19840617,395,27,10,3.0,0,0
19840617,395,34,6,9.0,1,0
19840617,395,6,2,26.5,1,0
19840617,395,44,11,0.0,0,0
19840617,395,52,8,5.0,0,0
19840617,395,51,12,0.0,0,0
19840617,395,25,15,0.0,0,0
19840617,395,53,14,0.0,0,0
19840624,396,1,1,59.5,5,0
19840624,396,3,6,13.5,0,0
19840624,396,32,2,27.0,0,0
19840624,396,50,7,6.0,0,0
19840624,396,4,5,21.0,0,0
19840624,396,21,9,3.0,0,0
19840624,396,49,13,0.0,0,0
19840624,396,27,10,3.0,0,0
19840624,396,34,4,22.0,2,0
19840624,396,6,3,26.5,1,0
19840624,396,44,11,0.0,0,0
19840624,396,52,8,5.0,0,0
19840624,396,51,12,0.0,0,0
19840624,396,25,15,0.0,0,0
19840624,396,53,14,0.0,0,0
19840708,397,1,1,59.5,5,0
19840708,397,3,4,25.5,1,0
19840708,397,32,3,32.0,0,0
19840708,397,50,7,6.0,0,0
19840708,397,4,6,21.0,0,0
19840708,397,21,9,3.0,0,0
19840708,397,49,14,0.0,0,0
19840708,397,27,10,3.0,0,0
19840708,397,34,5,22.0,2,0
19840708,397,6,2,32.5,1,0
19840708,397,44,11,2.0,0,0
19840708,397,52,8,5.0,0,0
19840708,397,51,12,0.0,0,0
19840708,397,25,15,0.0,0,0
19840708,397,53,13,0.0,0,0
19840722,398,1,1,68.5,6,0
19840722,398,3,5,25.5,1,0
19840722,398,32,3,35.0,0,0
19840722,398,50,8,6.0,0,0
19840722,398,4,4,27.0,0,0
19840722,398,21,9,3.0,0,0
19840722,398,49,14,0.0,0,0
19840722,398,27,10,3.0,0,0
19840722,398,34,6,22.0,2,0
19840722,398,6,2,35.5,1,0
19840722,398,44,11,2.0,0,0
19840722,398,52,7,9.0,0,0
19840722,398,51,12,0.0,0,0
19840722,398,25,15,0.0,0,0
19840722,398,53,13,0.0,0,0
19840805,399,1,1,83.5,7,0
19840805,399,3,5,25.5,1,0
19840805,399,32,2,38.0,0,0
19840805,399,50,8,6.0,0,0
19840805,399,4,4,33.0,0,0
19840805,399,21,9,3.0,0,0
19840805,399,49,14,0.0,0,0
19840805,399,27,10,3.0,0,0
19840805,399,34,6,22.0,2,0
19840805,399,6,3,36.5,1,0
19840805,399,44,11,2.0,0,0
19840805,399,52,7,9.0,0,0
19840805,399,51,12,0.0,0,0
19840805,399,25,15,0.0,0,0
19840805,399,53,13,0.0,0,0
19840819,400,1,1,92.5,8,0
19840819,400,3,6,25.5,1,0
19840819,400,32,3,38.0,0,0
19840819,400,50,8,6.0,0,0
19840819,400,4,4,33.0,0,0
19840819,400,21,9,6.0,0,0
19840819,400,49,14,0.0,0,0
19840819,400,27,10,3.0,0,0
19840819,400,34,5,31.0,2,0
19840819,400,6,2,40.5,1,0
19840819,400,44,11,2.0,0,0
19840819,400,52,7,9.0,0,0
19840819,400,51,12,0.0,0,0
19840819,400,25,15,0.0,0,0
19840819,400,53,13,0.0,0,0
19840826,401,1,1,107.5,9,0
19840826,401,3,6,25.5,1,0
19840826,401,32,2,45.0,0,0
19840826,401,50,8,6.0,0,0
19840826,401,4,4,34.0,0,0
19840826,401,21,9,6.0,0,0
19840826,401,49,14,0.0,0,0
19840826,401,27,10,3.0,0,0
19840826,401,34,5,33.0,2,0
19840826,401,6,3,40.5,1,0
19840826,401,44,11,2.0,0,0
19840826,401,52,7,9.0,0,0
19840826,401,51,12,0.0,0,0
19840826,401,25,15,0.0,0,0
19840826,401,53,13,0.0,0,0
19841007,403,1,1,128.5,11,0
19840909,402,53,12,0.0,0,0
19840909,402,51,13,0.0,0,0
19840909,402,52,7,12.0,0,0
19840909,402,6,2,46.5,1,0
19840909,402,27,10,3.0,0,0
19840909,402,4,4,34.0,0,0
19840909,402,50,8,10.0,0,0
19840909,402,3,6,25.5,1,0
19840909,402,49,14,0.0,0,0
19840909,402,25,15,0.0,0,0
19840909,402,34,5,33.0,2,0
19840909,402,44,11,2.0,0,0
19840909,402,21,9,6.0,0,0
19840909,402,1,1,116.5,10,0
19840909,402,32,3,45.0,0,0
19841007,403,3,6,25.5,1,0
19841007,403,32,3,45.0,0,0
19841007,403,50,8,11.0,0,0
19841007,403,4,5,34.0,0,0
19841007,403,21,9,6.0,0,0
19841007,403,49,14,0.0,0,0
19841007,403,27,10,3.0,0,0
19841007,403,34,4,37.0,2,0
19841007,403,6,2,54.5,1,0
19841007,403,44,11,2.0,0,0
19841007,403,52,7,12.0,0,0
19841007,403,51,13,0.0,0,0
19841007,403,25,15,0.0,0,0
19841007,403,53,12,0.0,0,0
19841021,404,1,1,143.5,12,1
19841021,404,3,6,25.5,1,1
19841021,404,32,3,47.0,0,1
19841021,404,50,8,11.0,0,1
19841021,404,4,5,34.0,0,1
19841021,404,21,9,6.0,0,1
19841021,404,49,14,0.0,0,1
19841021,404,27,10,3.0,0,1
19841021,404,34,4,38.0,2,1
19841021,404,6,2,57.5,1,1
19841021,404,44,11,2.0,0,1
19841021,404,52,7,16.0,0,1
19841021,404,51,13,0.0,0,1
19841021,404,25,15,0.0,0,1
19841021,404,53,12,0.0,0,1
19830313,374,34,1,9.0,1,0
19830313,374,1,2,4.0,0,0
19830313,374,3,3,3.0,0,0
19830313,374,6,4,2.0,0,0
19830313,374,21,5,1.0,0,0
19830313,374,4,6,0.0,0,0
19830313,374,52,7,0.0,0,0
19830313,374,25,8,0.0,0,0
19830313,374,32,9,0.0,0,0
19830313,374,54,10,0.0,0,0
19830313,374,49,11,0.0,0,0
19830313,374,53,12,0.0,0,0
19830313,374,27,13,0.0,0,0
19830313,374,50,14,0.0,0,0
19830313,374,44,15,0.0,0,0
19830327,375,34,2,9.0,1,0
19830327,375,1,1,19.0,1,0
19830327,375,3,4,6.0,0,0
19830327,375,6,3,6.0,0,0
19830327,375,21,5,3.0,0,0
19830327,375,4,7,0.0,0,0
19830327,375,52,10,0.0,0,0
19830327,375,25,9,0.0,0,0
19830327,375,32,11,0.0,0,0
19830327,375,54,6,1.0,0,0
19830327,375,49,12,0.0,0,0
19830327,375,53,13,0.0,0,0
19830327,375,27,8,0.0,0,0
19830327,375,50,14,0.0,0,0
19830327,375,44,15,0.0,0,0
19830417,376,34,2,15.0,1,0
19830417,376,1,1,19.0,1,0
19830417,376,3,5,9.0,0,0
19830417,376,6,4,9.0,0,0
19830417,376,21,6,3.0,0,0
19830417,376,4,3,13.0,1,0
19830417,376,52,10,0.0,0,0
19830417,376,25,9,0.0,0,0
19830417,376,32,11,0.0,0,0
19830417,376,54,7,1.0,0,0
19830417,376,49,13,0.0,0,0
19830417,376,53,14,0.0,0,0
19830417,376,27,8,0.0,0,0
19830417,376,50,12,0.0,0,0
19830417,376,44,15,0.0,0,0
19830501,377,34,4,15.0,1,0
19830501,377,1,2,21.0,1,0
19830501,377,3,5,12.0,0,0
19830501,377,6,1,22.0,1,0
19830501,377,21,6,4.0,0,0
19830501,377,4,3,19.0,1,0
19830501,377,52,10,0.0,0,0
19830501,377,25,9,0.0,0,0
19830501,377,32,13,0.0,0,0
19830501,377,54,7,1.0,0,0
19830501,377,49,14,0.0,0,0
19830501,377,53,12,0.0,0,0
19830501,377,27,8,0.0,0,0
19830501,377,50,11,0.0,0,0
19830501,377,44,15,0.0,0,0
19830515,378,34,3,21.0,1,0
19830515,378,1,4,21.0,1,0
19830515,378,3,5,21.0,1,0
19830515,378,6,1,25.0,1,0
19830515,378,21,6,4.0,0,0
19830515,378,4,2,23.0,1,0
19830515,378,52,11,0.0,0,0
19830515,378,25,7,2.0,0,0
19830515,378,32,13,0.0,0,0
19830515,378,54,9,1.0,0,0
19830515,378,49,14,0.0,0,0
19830515,378,53,12,0.0,0,0
19830515,378,27,10,0.0,0,0
19830515,378,50,8,1.0,0,0
19830515,378,44,15,0.0,0,0
19830522,379,34,3,24.0,1,0
19830522,379,1,5,21.0,1,0
19830522,379,3,4,24.0,1,0
19830522,379,6,2,31.0,1,0
19830522,379,21,6,4.0,0,0
19830522,379,4,1,36.0,2,0
19830522,379,52,10,0.0,0,0
19830522,379,25,7,2.0,0,0
19830522,379,32,12,0.0,0,0
19830522,379,54,8,1.0,0,0
19830522,379,49,14,0.0,0,0
19830522,379,53,13,0.0,0,0
19830522,379,27,11,0.0,0,0
19830522,379,50,9,1.0,0,0
19830522,379,44,15,0.0,0,0
19830605,380,34,4,27.0,1,0
19830605,380,1,5,25.0,1,0
19830605,380,3,2,32.0,1,0
19830605,380,6,3,31.0,1,0
19830605,380,21,7,4.0,0,0
19830605,380,4,1,36.0,2,0
19830605,380,52,11,0.0,0,0
19830605,380,25,6,11.0,1,0
19830605,380,32,8,1.0,0,0
19830605,380,54,9,1.0,0,0
19830605,380,49,14,0.0,0,0
19830605,380,53,13,0.0,0,0
19830605,380,27,12,0.0,0,0
19830605,380,50,10,1.0,0,0
19830605,380,44,15,0.0,0,0
19830612,381,34,4,27.0,1,0
19830612,381,1,5,26.0,1,0
19830612,381,3,3,35.0,1,0
19830612,381,6,2,44.0,2,0
19830612,381,21,7,4.0,0,0
19830612,381,4,1,44.0,2,0
19830612,381,52,11,0.0,0,0
19830612,381,25,6,11.0,1,0
19830612,381,32,8,1.0,0,0
19830612,381,54,10,1.0,0,0
19830612,381,49,14,0.0,0,0
19830612,381,53,13,0.0,0,0
19830612,381,27,12,0.0,0,0
19830612,381,50,9,1.0,0,0
19830612,381,44,15,0.0,0,0
19830716,382,34,4,33.0,1,0
19830716,382,1,5,27.0,1,0
19830716,382,3,3,35.0,1,0
19830716,382,6,2,50.0,2,0
19830716,382,21,8,4.0,0,0
19830716,382,4,1,53.0,3,0
19830716,382,52,11,0.0,0,0
19830716,382,25,6,11.0,1,0
19830716,382,32,7,4.0,0,0
19830716,382,54,10,1.0,0,0
19830716,382,49,14,0.0,0,0
19830716,382,53,13,0.0,0,0
19830716,382,27,12,0.0,0,0
19830716,382,50,9,1.0,0,0
19830716,382,44,15,0.0,0,0
19830716,382,51,16,0.0,0,0
19830807,383,34,3,37.0,1,0
19830807,383,1,5,29.0,1,0
19830807,383,3,4,36.0,1,0
19830807,383,6,1,59.0,3,0
19830807,383,21,9,4.0,0,0
19830807,383,4,2,56.0,3,0
19830807,383,52,11,0.0,0,0
19830807,383,25,6,11.0,1,0
19830807,383,32,8,4.0,0,0
19830807,383,54,10,1.0,0,0
19830807,383,49,14,0.0,0,0
19830807,383,53,13,0.0,0,0
19830807,383,27,12,0.0,0,0
19830807,383,50,7,7.0,0,0
19830807,383,44,15,0.0,0,0
19830807,383,51,16,0.0,0,0
19830814,384,34,3,41.0,1,0
19830814,384,1,5,30.0,1,0
19830814,384,3,4,36.0,1,0
19830814,384,6,2,65.0,3,0
19830814,384,21,9,4.0,0,0
19830814,384,4,1,68.0,4,0
19830814,384,52,12,0.0,0,0
19830814,384,25,6,11.0,1,0
19830814,384,32,8,6.0,0,0
19830814,384,54,10,1.0,0,0
19830814,384,49,16,0.0,0,0
19830814,384,53,13,0.0,0,0
19830814,384,27,11,0.0,0,0
19830814,384,50,7,7.0,0,0
19830814,384,44,14,0.0,0,0
19830814,384,51,15,0.0,0,0
19830828,385,34,3,41.0,1,0
19830828,385,1,5,34.0,1,0
19830828,385,3,4,36.0,1,0
19830828,385,6,1,80.0,4,0
19830828,385,21,9,4.0,0,0
19830828,385,4,2,68.0,4,0
19830828,385,52,10,3.0,0,0
19830828,385,25,6,12.0,1,0
19830828,385,32,8,6.0,0,0
19830828,385,54,11,1.0,0,0
19830828,385,49,16,0.0,0,0
19830828,385,53,14,0.0,0,0
19830828,385,27,12,0.0,0,0
19830828,385,50,7,9.0,0,0
19830828,385,44,15,0.0,0,0
19830828,385,51,13,0.0,0,0
19830911,386,34,3,50.0,2,0
19830911,386,1,5,34.0,1,0
19830911,386,3,4,36.0,1,0
19830911,386,6,1,89.0,4,0
19830911,386,21,10,4.0,0,0
19830911,386,4,2,72.0,4,0
19830911,386,52,9,4.0,0,0
19830911,386,25,6,12.0,1,0
19830911,386,32,8,8.0,0,0
19830911,386,54,11,1.0,0,0
19830911,386,49,16,0.0,0,0
19830911,386,53,14,0.0,0,0
19830911,386,27,12,0.0,0,0
19830911,386,50,7,9.0,0,0
19830911,386,44,15,0.0,0,0
19830911,386,51,13,0.0,0,0
19831015,388,34,3,72.0,4,1
19830925,387,51,13,0.0,0,0
19830925,387,44,15,0.0,0,0
19830925,387,27,12,0.0,0,0
19830925,387,53,14,0.0,0,0
19830925,387,54,11,1.0,0,0
19830925,387,32,8,12.0,0,0
19830925,387,25,6,12.0,1,0
19830925,387,52,9,7.0,0,0
19830925,387,6,1,89.0,4,0
19830925,387,1,5,34.0,1,0
19830925,387,50,7,12.0,0,0
19830925,387,49,16,0.0,0,0
19830925,387,21,10,4.0,0,0
19830925,387,4,2,78.0,4,0
19830925,387,34,3,59.0,3,0
19830925,387,3,4,36.0,1,0
19831015,388,1,5,34.0,1,1
19831015,388,3,4,38.0,1,1
19831015,388,6,1,89.0,4,1
19831015,388,21,10,4.0,0,1
19831015,388,4,2,79.0,4,1
19831015,388,52,9,10.0,0,1
19831015,388,25,7,12.0,1,1
19831015,388,32,8,12.0,0,1
19831015,388,54,11,1.0,0,1
19831015,388,49,16,0.0,0,1
19831015,388,53,14,0.0,0,1
19831015,388,27,12,0.0,0,1
19831015,388,50,6,18.0,0,1
19831015,388,44,15,0.0,0,1
19831015,388,51,13,0.0,0,1
19820123,358,4,1,13.0,1,0
19820123,358,3,2,8.0,0,0
19820123,358,1,3,4.0,0,0
19820123,358,25,4,0.0,0,0
19820123,358,32,5,0.0,0,0
19820123,358,53,6,0.0,0,0
19820123,358,50,7,0.0,0,0
19820123,358,37,8,0.0,0,0
19820123,358,54,9,0.0,0,0
19820123,358,55,10,0.0,0,0
19820123,358,6,11,0.0,0,0
19820123,358,27,12,0.0,0,0
19820123,358,52,13,0.0,0,0
19820123,358,34,14,0.0,0,0
19820123,358,44,15,0.0,0,0
19820123,358,21,16,0.0,0,0
19820123,358,56,17,0.0,0,0
19820321,359,4,1,22.0,2,0
19820321,359,3,3,8.0,0,0
19820321,359,1,2,10.0,0,0
19820321,359,25,5,3.0,0,0
19820321,359,32,4,4.0,0,0
19820321,359,53,6,2.0,0,0
19820321,359,50,11,0.0,0,0
19820321,359,37,8,0.0,0,0
19820321,359,54,12,0.0,0,0
19820321,359,55,13,0.0,0,0
19820321,359,6,7,1.0,0,0
19820321,359,27,15,0.0,0,0
19820321,359,52,16,0.0,0,0
19820321,359,34,14,0.0,0,0
19820321,359,44,9,0.0,0,0
19820321,359,21,10,0.0,0,0
19820321,359,56,17,0.0,0,0
19820404,360,4,1,22.0,2,0
19820404,360,3,3,14.0,0,0
19820404,360,1,2,20.0,1,0
19820404,360,25,5,6.0,0,0
19820404,360,32,4,6.0,0,0
19820404,360,53,7,2.0,0,0
19820404,360,50,12,0.0,0,0
19820404,360,37,9,0.0,0,0
19820404,360,54,13,0.0,0,0
19820404,360,55,14,0.0,0,0
19820404,360,6,8,1.0,0,0
19820404,360,27,15,0.0,0,0
19820404,360,52,17,0.0,0,0
19820404,360,34,6,4.0,0,0
19820404,360,44,10,0.0,0,0
19820404,360,21,11,0.0,0,0
19820404,360,56,16,0.0,0,0
19820425,361,4,1,22.0,2,0
19820425,361,3,4,14.0,0,0
19820425,361,1,2,20.0,1,0
19820425,361,25,5,10.0,0,0
19820425,361,32,6,6.0,0,0
19820425,361,53,8,4.0,0,0
19820425,361,50,12,0.0,0,0
19820425,361,37,10,0.0,0,0
19820425,361,54,13,0.0,0,0
19820425,361,55,14,0.0,0,0
19820425,361,6,3,16.0,1,0
19820425,361,27,16,0.0,0,0
19820425,361,52,15,0.0,0,0
19820425,361,34,7,4.0,0,0
19820425,361,44,9,3.0,0,0
19820425,361,21,11,0.0,0,0
19820425,361,56,17,0.0,0,0
19820509,362,4,2,22.0,2,0
19820509,362,3,3,20.0,0,0
19820509,362,1,1,29.0,2,0
19820509,362,25,5,10.0,0,0
19820509,362,32,6,9.0,0,0
19820509,362,53,9,4.0,0,0
19820509,362,50,14,0.0,0,0
19820509,362,37,13,0.0,0,0
19820509,362,54,15,0.0,0,0
19820509,362,55,11,1.0,0,0
19820509,362,6,4,16.0,1,0
19820509,362,27,8,4.0,0,0
19820509,362,52,16,0.0,0,0
19820509,362,34,7,6.0,0,0
19820509,362,44,10,3.0,0,0
19820509,362,21,12,0.0,0,0
19820509,362,56,17,0.0,0,0
19820523,363,4,2,22.0,2,0
19820523,363,3,4,21.0,0,0
19820523,363,1,1,29.0,2,0
19820523,363,25,7,10.0,0,0
19820523,363,32,6,14.0,0,0
19820523,363,53,10,4.0,0,0
19820523,363,50,9,4.0,0,0
19820523,363,37,14,0.0,0,0
19820523,363,54,15,0.0,0,0
19820523,363,55,12,1.0,0,0
19820523,363,6,3,22.0,1,0
19820523,363,27,8,4.0,0,0
19820523,363,52,16,0.0,0,0
19820523,363,34,5,15.0,1,0
19820523,363,44,11,3.0,0,0
19820523,363,21,13,0.0,0,0
19820523,363,56,17,0.0,0,0
19820606,364,4,4,22.0,2,0
19820606,364,3,3,26.0,0,0
19820606,364,1,1,38.0,3,0
19820606,364,25,8,10.0,0,0
19820606,364,32,6,14.0,0,0
19820606,364,53,10,4.0,0,0
19820606,364,50,9,4.0,0,0
19820606,364,37,13,0.0,0,0
19820606,364,54,15,0.0,0,0
19820606,364,55,12,1.0,0,0
19820606,364,6,2,26.0,1,0
19820606,364,27,7,11.0,0,0
19820606,364,52,16,0.0,0,0
19820606,364,34,5,15.0,1,0
19820606,364,44,11,3.0,0,0
19820606,364,21,14,0.0,0,0
19820606,364,56,17,0.0,0,0
19820613,365,4,5,22.0,2,0
19820613,365,3,4,26.0,0,0
19820613,365,1,1,42.0,3,0
19820613,365,25,8,10.0,0,0
19820613,365,32,6,17.0,0,0
19820613,365,53,10,4.0,0,0
19820613,365,50,9,5.0,0,0
19820613,365,37,14,0.0,0,0
19820613,365,54,15,0.0,0,0
19820613,365,55,13,1.0,0,0
19820613,365,6,3,26.0,1,0
19820613,365,27,7,11.0,0,0
19820613,365,52,16,0.0,0,0
19820613,365,34,2,30.0,2,0
19820613,365,44,11,3.0,0,0
19820613,365,21,12,2.0,0,0
19820613,365,56,17,0.0,0,0
19820703,366,4,5,22.0,2,0
19820703,366,3,4,32.0,0,0
19820703,366,1,1,45.0,3,0
19820703,366,25,8,10.0,0,0
19820703,366,32,6,17.0,0,0
19820703,366,53,10,4.0,0,0
19820703,366,50,9,5.0,0,0
19820703,366,37,14,0.0,0,0
19820703,366,54,15,0.0,0,0
19820703,366,55,13,1.0,0,0
19820703,366,6,3,35.0,2,0
19820703,366,27,7,11.0,0,0
19820703,366,52,16,0.0,0,0
19820703,366,34,2,36.0,2,0
19820703,366,44,11,3.0,0,0
19820703,366,21,12,3.0,0,0
19820703,366,56,17,0.0,0,0
19820718,367,4,5,23.0,2,0
19820718,367,3,4,34.0,0,0
19820718,367,1,1,54.0,4,0
19820718,367,25,8,10.0,0,0
19820718,367,32,6,20.0,0,0
19820718,367,53,10,4.0,0,0
19820718,367,50,9,5.0,0,0
19820718,367,37,14,0.0,0,0
19820718,367,54,15,0.0,0,0
19820718,367,55,13,1.0,0,0
19820718,367,6,2,45.0,2,0
19820718,367,27,7,11.0,0,0
19820718,367,52,16,0.0,0,0
19820718,367,34,3,36.0,2,0
19820718,367,44,11,3.0,0,0
19820718,367,21,12,3.0,0,0
19820718,367,56,17,0.0,0,0
19820725,368,4,3,38.0,3,0
19820725,368,3,5,36.0,0,0
19820725,368,1,1,54.0,4,0
19820725,368,25,8,11.0,0,0
19820725,368,32,6,20.0,0,0
19820725,368,53,10,4.0,0,0
19820725,368,50,9,5.0,0,0
19820725,368,37,14,0.0,0,0
19820725,368,54,15,0.0,0,0
19820725,368,55,13,1.0,0,0
19820725,368,6,2,52.0,2,0
19820725,368,27,7,11.0,0,0
19820725,368,52,16,0.0,0,0
19820725,368,34,4,36.0,2,0
19820725,368,44,11,3.0,0,0
19820725,368,21,12,3.0,0,0
19820725,368,56,17,0.0,0,0
19820808,369,4,3,44.0,3,0
19820808,369,3,4,40.0,0,0
19820808,369,1,2,54.0,4,0
19820808,369,25,7,14.0,0,0
19820808,369,32,6,20.0,0,0
19820808,369,53,10,4.0,0,0
19820808,369,50,9,7.0,0,0
19820808,369,37,14,0.0,0,0
19820808,369,54,17,0.0,0,0
19820808,369,55,13,1.0,0,0
19820808,369,6,1,61.0,3,0
19820808,369,27,8,11.0,0,0
19820808,369,52,16,0.0,0,0
19820808,369,34,5,36.0,2,0
19820808,369,44,12,3.0,0,0
19820808,369,21,11,4.0,0,0
19820808,369,56,15,0.0,0,0
19820815,370,4,4,44.0,3,0
19820815,370,3,3,46.0,0,0
19820815,370,1,2,56.0,4,0
19820815,370,25,8,14.0,0,0
19820815,370,32,6,29.0,1,0
19820815,370,53,11,4.0,0,0
19820815,370,50,9,7.0,0,0
19820815,370,37,14,0.0,0,0
19820815,370,54,17,0.0,0,0
19820815,370,55,13,1.0,0,0
19820815,370,6,1,64.0,3,0
19820815,370,27,7,15.0,0,0
19820815,370,52,16,0.0,0,0
19820815,370,34,5,36.0,2,0
19820815,370,44,12,3.0,0,0
19820815,370,21,10,5.0,0,0
19820815,370,56,15,0.0,0,0
19820829,371,4,4,50.0,3,0
19820829,371,3,3,55.0,1,0
19820829,371,1,2,60.0,4,0
19820829,371,25,8,14.0,0,0
19820829,371,32,6,30.0,1,0
19820829,371,53,11,4.0,0,0
19820829,371,50,9,7.0,0,0
19820829,371,37,14,0.0,0,0
19820829,371,54,17,0.0,0,0
19820829,371,55,13,1.0,0,0
19820829,371,6,1,64.0,3,0
19820829,371,27,7,15.0,0,0
19820829,371,52,16,0.0,0,0
19820829,371,34,5,41.0,2,0
19820829,371,44,12,3.0,0,0
19820829,371,21,10,5.0,0,0
19820829,371,56,15,0.0,0,0
19820912,372,4,3,59.0,4,0
19820912,372,3,4,55.0,1,0
19820912,372,1,2,63.0,4,0
19820912,372,25,8,16.0,0,0
19820912,372,32,6,30.0,1,0
19820912,372,53,11,4.0,0,0
19820912,372,50,9,7.0,0,0
19820912,372,37,14,0.0,0,0
19820912,372,54,17,0.0,0,0
19820912,372,55,13,1.0,0,0
19820912,372,6,1,74.0,3,0
19820912,372,27,7,16.0,0,0
19820912,372,52,16,0.0,0,0
19820912,372,34,5,41.0,2,0
19820912,372,44,12,3.0,0,0
19820912,372,21,10,5.0,0,0
19820912,372,56,15,0.0,0,0
19820925,373,56,15,0.0,0,1
19820925,373,6,1,74.0,3,1
19810315,343,34,2,4.0,0,0
19810315,343,3,1,15.0,1,0
19820925,373,21,10,5.0,0,1
19820925,373,44,12,3.0,0,1
19820925,373,34,5,41.0,2,1
19820925,373,52,16,0.0,0,1
19820925,373,27,8,20.0,0,1
19820925,373,55,13,1.0,0,1
19820925,373,37,14,0.0,0,1
19820925,373,54,17,0.0,0,1
19820925,373,53,11,4.0,0,1
19820925,373,50,9,7.0,0,1
19820925,373,32,6,30.0,1,1
19820925,373,25,7,25.0,1,1
19820925,373,4,3,62.0,4,1
19820925,373,3,4,58.0,1,1
19820925,373,1,2,69.0,4,1
19810315,343,50,3,3.0,0,0
19810315,343,25,4,2.0,0,0
19810315,343,54,5,1.0,0,0
19810315,343,55,6,0.0,0,0
19810315,343,4,7,0.0,0,0
19810315,343,56,8,0.0,0,0
19810315,343,6,9,0.0,0,0
19810315,343,27,10,0.0,0,0
19810315,343,53,11,0.0,0,0
19810315,343,21,12,0.0,0,0
19810315,343,44,13,0.0,0,0
19810315,343,32,14,0.0,0,0
19810315,343,1,15,0.0,0,0
19810315,343,37,16,0.0,0,0
19810329,344,3,1,30.0,2,0
19810329,344,34,2,4.0,0,0
19810329,344,50,5,3.0,0,0
19810329,344,25,7,2.0,0,0
19810329,344,54,9,1.0,0,0
19810329,344,55,10,0.0,0,0
19810329,344,4,11,0.0,0,0
19810329,344,56,4,3.0,0,0
19810329,344,6,13,0.0,0,0
19810329,344,27,8,1.0,0,0
19810329,344,53,14,0.0,0,0
19810329,344,21,3,4.0,0,0
19810329,344,44,15,0.0,0,0
19810329,344,32,6,2.0,0,0
19810329,344,1,12,0.0,0,0
19810329,344,37,16,0.0,0,0
19810412,345,3,1,39.0,2,0
19810412,345,34,2,13.0,1,0
19810412,345,50,5,3.0,0,0
19810412,345,25,8,2.0,0,0
19810412,345,54,10,1.0,0,0
19810412,345,55,11,0.0,0,0
19810412,345,4,3,6.0,0,0
19810412,345,56,6,3.0,0,0
19810412,345,6,14,0.0,0,0
19810412,345,27,9,1.0,0,0
19810412,345,53,13,0.0,0,0
19810412,345,21,4,4.0,0,0
19810412,345,44,15,0.0,0,0
19810412,345,32,7,3.0,0,0
19810412,345,1,12,0.0,0,0
19810412,345,37,16,0.0,0,0
19810503,346,3,1,43.0,2,0
19810503,346,34,2,25.0,2,0
19810503,346,50,5,3.0,0,0
19810503,346,25,9,2.0,0,0
19810503,346,54,12,1.0,0,0
19810503,346,55,13,0.0,0,0
19810503,346,4,4,6.0,0,0
19810503,346,56,6,3.0,0,0
19810503,346,6,8,2.0,0,0
19810503,346,27,10,1.0,0,0
19810503,346,53,14,0.0,0,0
19810503,346,21,3,10.0,0,0
19810503,346,44,16,0.0,0,0
19810503,346,32,7,3.0,0,0
19810503,346,1,11,1.0,0,0
19810503,346,37,15,0.0,0,0
19810503,346,52,17,0.0,0,0
19810517,347,3,1,52.0,3,0
19810517,347,34,2,25.0,2,0
19810517,347,50,8,3.0,0,0
19810517,347,25,10,3.0,0,0
19810517,347,54,12,1.0,0,0
19810517,347,55,13,0.0,0,0
19810517,347,4,6,6.0,0,0
19810517,347,56,9,3.0,0,0
19810517,347,6,7,5.0,0,0
19810517,347,27,5,7.0,0,0
19810517,347,53,14,0.0,0,0
19810517,347,21,3,10.0,0,0
19810517,347,44,15,0.0,0,0
19810517,347,32,4,9.0,0,0
19810517,347,1,11,1.0,0,0
19810517,347,37,16,0.0,0,0
19810517,347,52,17,0.0,0,0
19810531,348,3,1,58.0,3,0
19810531,348,34,2,25.0,2,0
19810531,348,50,10,3.0,0,0
19810531,348,25,8,5.0,0,0
19810531,348,54,12,1.0,0,0
19810531,348,55,13,0.0,0,0
19810531,348,4,7,6.0,0,0
19810531,348,56,9,4.0,0,0
19810531,348,6,3,17.0,1,0
19810531,348,27,4,11.0,0,0
19810531,348,53,14,0.0,0,0
19810531,348,21,5,10.0,0,0
19810531,348,44,15,0.0,0,0
19810531,348,32,6,9.0,0,0
19810531,348,1,11,1.0,0,0
19810531,348,37,16,0.0,0,0
19810531,348,52,17,0.0,0,0
19810621,349,3,1,61.0,3,0
19810621,349,34,3,25.0,2,0
19810621,349,50,11,3.0,0,0
19810621,349,25,9,5.0,0,0
19810621,349,54,12,1.0,0,0
19810621,349,55,13,0.0,0,0
19810621,349,4,7,6.0,0,0
19810621,349,56,10,4.0,0,0
19810621,349,6,2,26.0,2,0
19810621,349,27,4,17.0,0,0
19810621,349,53,14,0.0,0,0
19810621,349,21,6,10.0,0,0
19810621,349,44,15,0.0,0,0
19810621,349,32,5,12.0,0,0
19810621,349,1,8,5.0,0,0
19810621,349,37,16,0.0,0,0
19810621,349,52,17,0.0,0,0
19810705,350,3,1,61.0,3,0
19810705,350,34,2,29.0,2,0
19810705,350,50,11,3.0,0,0
19810705,350,25,9,5.0,0,0
19810705,350,54,12,1.0,0,0
19810705,350,55,13,0.0,0,0
19810705,350,4,4,18.0,1,0
19810705,350,56,10,4.0,0,0
19810705,350,6,3,28.0,2,0
19810705,350,27,5,17.0,0,0
19810705,350,53,14,0.0,0,0
19810705,350,21,8,10.0,0,0
19810705,350,44,15,0.0,0,0
19810705,350,32,6,13.0,0,0
19810705,350,1,7,11.0,0,0
19810705,350,37,16,0.0,0,0
19810705,350,52,17,0.0,0,0
19810718,351,3,1,67.0,3,0
19810718,351,34,2,31.0,2,0
19810718,351,50,11,3.0,0,0
19810718,351,25,9,8.0,0,0
19810718,351,54,12,1.0,0,0
19810718,351,55,14,0.0,0,0
19810718,351,4,6,18.0,1,0
19810718,351,56,10,4.0,0,0
19810718,351,6,3,28.0,2,0
19810718,351,27,4,21.0,0,0
19810718,351,53,13,1.0,0,0
19810718,351,21,8,10.0,0,0
19810718,351,44,16,0.0,0,0
19810718,351,32,7,13.0,0,0
19810718,351,1,5,20.0,1,0
19810718,351,37,15,0.0,0,0
19810718,351,52,17,0.0,0,0
19810816,353,3,1,72.0,3,0
19810802,352,52,17,0.0,0,0
19810802,352,37,15,0.0,0,0
19810802,352,1,6,21.0,1,0
19810802,352,44,16,0.0,0,0
19810802,352,53,13,1.0,0,0
19810802,352,27,4,25.0,0,0
19810802,352,6,3,28.0,2,0
19810802,352,56,10,4.0,0,0
19810802,352,50,11,3.0,0,0
19810802,352,32,7,13.0,0,0
19810802,352,21,8,10.0,0,0
19810802,352,25,9,10.0,0,0
19810802,352,54,12,1.0,0,0
19810802,352,55,14,0.0,0,0
19810802,352,4,5,24.0,1,0
19810802,352,34,2,43.0,3,0
19810802,352,3,1,67.0,3,0
19810816,353,34,2,47.0,3,0
19810816,353,50,11,3.0,0,0
19810816,353,25,9,10.0,0,0
19810816,353,54,12,1.0,0,0
19810816,353,55,14,0.0,0,0
19810816,353,4,4,30.0,1,0
19810816,353,56,10,4.0,0,0
19810816,353,6,5,28.0,2,0
19810816,353,27,3,34.0,1,0
19810816,353,53,13,1.0,0,0
19810816,353,21,8,10.0,0,0
19810816,353,44,16,0.0,0,0
19810816,353,32,7,13.0,0,0
19810816,353,1,6,22.0,1,0
19810816,353,37,15,0.0,0,0
19810816,353,52,17,0.0,0,0
19810830,354,3,1,76.0,3,0
19810830,354,34,2,56.0,3,0
19810830,354,50,11,3.0,0,0
19810830,354,25,9,10.0,0,0
19810830,354,54,12,1.0,0,0
19810830,354,55,14,0.0,0,0
19810830,354,4,3,39.0,2,0
19810830,354,56,10,5.0,0,0
19810830,354,6,5,28.0,2,0
19810830,354,27,4,34.0,1,0
19810830,354,53,13,1.0,0,0
19810830,354,21,8,10.0,0,0
19810830,354,44,16,0.0,0,0
19810830,354,32,7,15.0,0,0
19810830,354,1,6,22.0,1,0
19810830,354,37,15,0.0,0,0
19810830,354,52,17,0.0,0,0
19810913,355,3,1,86.0,3,0
19810913,355,34,2,57.0,3,0
19810913,355,50,11,3.0,0,0
19810913,355,25,9,10.0,0,0
19810913,355,54,12,1.0,0,0
19810913,355,55,14,0.0,0,0
19810913,355,4,3,48.0,3,0
19810913,355,56,10,5.0,0,0
19810913,355,6,5,30.0,2,0
19810913,355,27,4,34.0,1,0
19810913,355,53,13,1.0,0,0
19810913,355,21,8,10.0,0,0
19810913,355,44,16,0.0,0,0
19810913,355,32,7,18.0,0,0
19810913,355,1,6,22.0,1,0
19810913,355,37,15,0.0,0,0
19810913,355,52,17,0.0,0,0
19810927,356,3,1,86.0,3,0
19810927,356,34,2,59.0,3,0
19810927,356,50,10,6.0,0,0
19810927,356,25,9,10.0,0,0
19810927,356,54,12,1.0,0,0
19810927,356,55,15,0.0,0,0
19810927,356,4,3,48.0,3,0
19810927,356,56,11,5.0,0,0
19810927,356,6,5,34.0,2,0
19810927,356,27,4,43.0,2,0
19810927,356,53,13,1.0,0,0
19810927,356,21,8,10.0,0,0
19810927,356,44,16,0.0,0,0
19810927,356,32,7,19.0,0,0
19810927,356,1,6,28.0,1,0
19810927,356,37,14,0.0,0,0
19810927,356,52,17,0.0,0,0
19811017,357,3,1,95.0,4,1
19811017,357,34,2,61.0,3,1
19811017,357,50,9,10.0,0,1
19811017,357,25,10,10.0,0,1
19811017,357,54,12,1.0,0,1
19811017,357,55,15,0.0,0,1
19811017,357,4,3,54.0,3,1
19811017,357,56,11,5.0,0,1
19811017,357,6,5,34.0,2,1
19811017,357,27,4,44.0,2,1
19811017,357,53,13,1.0,0,1
19811017,357,21,8,10.0,0,1
19811017,357,44,16,0.0,0,1
19811017,357,32,7,22.0,0,1
19811017,357,1,6,28.0,1,1
19811017,357,37,14,0.0,0,1
19811017,357,52,17,0.0,0,1
19800113,329,3,1,9.0,1,0
19800113,329,34,2,6.0,0,0
19800113,329,55,3,4.0,0,0
19800113,329,25,4,3.0,0,0
19800113,329,50,5,2.0,0,0
19800113,329,1,6,1.0,0,0
19800113,329,6,7,0.0,0,0
19800113,329,56,8,0.0,0,0
19800113,329,27,9,0.0,0,0
19800113,329,21,10,0.0,0,0
19800113,329,53,11,0.0,0,0
19800113,329,32,12,0.0,0,0
19800113,329,4,13,0.0,0,0
19800113,329,57,14,0.0,0,0
19800113,329,44,15,0.0,0,0
19800127,330,3,1,13.0,1,0
19800127,330,34,3,6.0,0,0
19800127,330,55,5,4.0,0,0
19800127,330,25,6,3.0,0,0
19800127,330,50,9,2.0,0,0
19800127,330,1,8,3.0,0,0
19800127,330,6,12,0.0,0,0
19800127,330,56,13,0.0,0,0
19800127,330,27,7,3.0,0,0
19800127,330,21,10,1.0,0,0
19800127,330,53,11,0.0,0,0
19800127,330,32,4,6.0,0,0
19800127,330,4,2,9.0,1,0
19800127,330,57,14,0.0,0,0
19800127,330,44,15,0.0,0,0
19800301,331,3,2,15.0,1,0
19800301,331,34,4,9.0,0,0
19800301,331,55,6,4.0,0,0
19800301,331,25,7,3.0,0,0
19800301,331,50,9,2.0,0,0
19800301,331,1,8,3.0,0,0
19800301,331,6,14,0.0,0,0
19800301,331,56,12,0.0,0,0
19800301,331,27,3,13.0,0,0
19800301,331,21,10,2.0,0,0
19800301,331,53,11,0.0,0,0
19800301,331,32,5,6.0,0,0
19800301,331,4,1,18.0,2,0
19800301,331,57,13,0.0,0,0
19800301,331,44,15,0.0,0,0
19800330,332,3,3,15.0,1,0
19800330,332,34,2,18.0,1,0
19800330,332,55,6,8.0,0,0
19800330,332,25,9,3.0,0,0
19800330,332,50,10,2.0,0,0
19800330,332,1,8,6.0,0,0
19800330,332,6,11,2.0,0,0
19800330,332,56,13,0.0,0,0
19800330,332,27,4,14.0,0,0
19800330,332,21,5,8.0,0,0
19800330,332,53,12,0.0,0,0
19800330,332,32,7,6.0,0,0
19800330,332,4,1,18.0,2,0
19800330,332,57,14,0.0,0,0
19800330,332,44,15,0.0,0,0
19800504,333,3,1,25.0,1,0
19800504,333,34,4,18.0,1,0
19800504,333,55,6,8.0,0,0
19800504,333,25,9,5.0,0,0
19800504,333,50,11,2.0,0,0
19800504,333,1,8,6.0,0,0
19800504,333,6,10,3.0,0,0
19800504,333,56,13,0.0,0,0
19800504,333,27,2,23.0,1,0
19800504,333,21,5,8.0,0,0
19800504,333,53,12,0.0,0,0
19800504,333,32,7,6.0,0,0
19800504,333,4,3,21.0,2,0
19800504,333,57,14,0.0,0,0
19800504,333,44,15,0.0,0,0
19800518,334,3,1,34.0,2,0
19800518,334,34,3,22.0,1,0
19800518,334,55,6,9.0,0,0
19800518,334,25,9,5.0,0,0
19800518,334,50,11,2.0,0,0
19800518,334,1,8,6.0,0,0
19800518,334,6,10,5.0,0,0
19800518,334,56,13,0.0,0,0
19800518,334,27,2,29.0,1,0
19800518,334,21,5,11.0,0,0
19800518,334,53,12,0.0,0,0
19800518,334,32,7,6.0,0,0
19800518,334,4,4,21.0,2,0
19800518,334,57,14,0.0,0,0
19800518,334,44,15,0.0,0,0
19800629,335,3,1,44.0,3,0
19800629,335,34,3,25.0,1,0
19800629,335,55,6,9.0,0,0
19800629,335,25,9,5.0,0,0
19800629,335,50,11,2.0,0,0
19800629,335,1,8,6.0,0,0
19800629,335,6,10,5.0,0,0
19800629,335,56,13,0.0,0,0
19800629,335,27,2,39.0,1,0
19800629,335,21,5,11.0,0,0
19800629,335,53,12,0.0,0,0
19800629,335,32,7,6.0,0,0
19800629,335,4,4,23.0,2,0
19800629,335,57,14,0.0,0,0
19800629,335,44,15,0.0,0,0
19800713,336,3,1,57.0,4,0
19800713,336,34,3,31.0,1,0
19800713,336,55,7,9.0,0,0
19800713,336,25,6,10.0,0,0
19800713,336,50,11,2.0,0,0
19800713,336,1,8,7.0,0,0
19800713,336,6,10,5.0,0,0
19800713,336,56,13,0.0,0,0
19800713,336,27,2,39.0,1,0
19800713,336,21,5,11.0,0,0
19800713,336,53,12,0.0,0,0
19800713,336,32,9,6.0,0,0
19800713,336,4,4,23.0,2,0
19800713,336,57,14,0.0,0,0
19800713,336,44,15,0.0,0,0
19800810,337,3,1,67.0,4,0
19800810,337,34,3,34.0,1,0
19800810,337,55,7,9.0,0,0
19800810,337,25,6,10.0,0,0
19800810,337,50,11,4.0,0,0
19800810,337,1,8,7.0,0,0
19800810,337,6,10,6.0,0,0
19800810,337,56,13,0.0,0,0
19800810,337,27,2,48.0,2,0
19800810,337,21,5,11.0,0,0
19800810,337,53,12,0.0,0,0
19800810,337,32,9,6.0,0,0
19800810,337,4,4,23.0,2,0
19800810,337,57,14,0.0,0,0
19800810,337,44,15,0.0,0,0
19800817,338,3,1,77.0,4,0
19800817,338,34,3,36.0,1,0
19800817,338,55,7,9.0,0,0
19800817,338,25,6,10.0,0,0
19800817,338,50,11,4.0,0,0
19800817,338,1,9,7.0,0,0
19800817,338,6,10,6.0,0,0
19800817,338,56,13,0.0,0,0
19800817,338,27,2,51.0,2,0
19800817,338,21,5,11.0,0,0
19800817,338,53,12,0.0,0,0
19800817,338,32,8,7.0,0,0
19800817,338,4,4,32.0,3,0
19800817,338,57,14,0.0,0,0
19800817,338,44,15,0.0,0,0
19800831,339,3,1,80.0,4,0
19800831,339,34,3,45.0,2,0
19800831,339,55,7,9.0,0,0
19800831,339,25,5,12.0,0,0
19800831,339,50,11,4.0,0,0
19800831,339,1,8,8.0,0,0
19800831,339,6,10,6.0,0,0
19800831,339,56,13,0.0,0,0
19800831,339,27,2,55.0,2,0
19800831,339,21,6,11.0,0,0
19800831,339,53,12,0.0,0,0
19800831,339,32,9,7.0,0,0
19800831,339,4,4,38.0,3,0
19800831,339,57,14,0.0,0,0
19800831,339,44,15,0.0,0,0
19800914,340,3,1,90.0,4,0
19800914,340,34,3,54.0,3,0
19800914,340,55,7,11.0,0,0
19800914,340,25,5,12.0,0,0
19800914,340,50,11,4.0,0,0
19800914,340,1,9,8.0,0,0
19800914,340,6,10,6.0,0,0
19800914,340,56,13,0.0,0,0
19800914,340,27,2,56.0,2,0
19800914,340,21,6,11.0,0,0
19800914,340,53,12,0.0,0,0
19800914,340,32,8,10.0,0,0
19800914,340,4,4,38.0,3,0
19800914,340,57,15,0.0,0,0
19800914,340,44,14,0.0,0,0
19800928,341,3,1,105.0,5,0
19800928,341,34,3,55.0,3,0
19800928,341,55,7,11.0,0,0
19800928,341,25,5,12.0,0,0
19800928,341,50,11,4.0,0,0
19800928,341,1,8,11.0,0,0
19800928,341,6,10,8.0,0,0
19800928,341,56,13,0.0,0,0
19800928,341,27,2,60.0,2,0
19800928,341,21,6,11.0,0,0
19800928,341,53,12,0.0,0,0
19800928,341,32,9,10.0,0,0
19800928,341,4,4,38.0,3,0
19800928,341,57,15,0.0,0,0
19800928,341,44,14,0.0,0,0
19801005,342,3,1,120.0,6,1
19801005,342,34,3,55.0,3,1
19801005,342,55,8,11.0,0,1
19801005,342,25,6,12.0,0,1
19801005,342,50,11,4.0,0,1
19801005,342,1,9,11.0,0,1
19801005,342,6,10,8.0,0,1
19801005,342,56,13,0.0,0,1
19801005,342,27,2,66.0,2,1
19801005,342,21,7,11.0,0,1
19801005,342,53,12,0.0,0,1
19801005,342,32,5,14.0,0,1
19801005,342,4,4,38.0,3,1
19801005,342,57,15,0.0,0,1
19801005,342,44,14,0.0,0,1
19790121,314,3,7,0.0,0,0
19790121,314,6,9,0.0,0,0
19790121,314,25,11,0.0,0,0
19790121,314,53,15,0.0,0,0
19790121,314,59,14,0.0,0,0
19790121,314,27,1,12.0,1,0
19790121,314,32,2,8.0,0,0
19790121,314,1,3,4.0,0,0
19790121,314,55,4,1.0,0,0
19790121,314,57,5,0.0,0,0
19790204,315,59,15,0.0,0,0
19790204,315,53,13,0.0,0,0
19790204,315,27,1,27.0,2,0
19790204,315,57,8,0.0,0,0
19790204,315,21,7,0.0,0,0
19790204,315,3,9,0.0,0,0
19790204,315,56,11,0.0,0,0
19790204,315,6,5,3.0,0,0
19790204,315,58,12,0.0,0,0
19790204,315,25,4,3.0,0,0
19790204,315,4,10,0.0,0,0
19790303,316,59,15,0.0,0,0
19790303,316,53,14,0.0,0,0
19790303,316,27,1,27.0,2,0
19790303,316,32,3,17.0,0,0
19790303,316,1,5,4.0,0,0
19790303,316,55,7,1.0,0,0
19790303,316,57,9,0.0,0,0
19790303,316,21,8,0.0,0,0
19790303,316,3,11,0.0,0,0
19790303,316,56,13,0.0,0,0
19790303,316,6,2,18.0,1,0
19790303,316,58,10,0.0,0,0
19790303,316,25,4,7.0,0,0
19790303,316,4,12,0.0,0,0
19790303,316,202,6,1.0,0,0
19790408,317,59,15,0.0,0,0
19790408,317,53,14,0.0,0,0
19790408,317,27,2,29.0,2,0
19790408,317,55,8,1.0,0,0
19790408,317,57,9,0.0,0,0
19790408,317,21,10,0.0,0,0
19790408,317,3,6,4.0,0,0
19790408,317,56,13,0.0,0,0
19790408,317,58,11,0.0,0,0
19790408,317,25,4,8.0,0,0
19790408,317,4,12,0.0,0,0
19790408,317,202,7,1.0,0,0
19790429,318,59,15,0.0,0,0
19790429,318,53,14,0.0,0,0
19790429,318,27,1,38.0,3,0
19790429,318,32,3,30.0,0,0
19790429,318,1,5,4.0,0,0
19790429,318,55,8,1.0,0,0
19790429,318,21,10,0.0,0,0
19790429,318,3,6,4.0,0,0
19790429,318,6,2,36.0,2,0
19790429,318,58,11,0.0,0,0
19790429,318,4,12,0.0,0,0
19790429,318,202,7,1.0,0,0
19790513,319,50,15,0.0,0,0
19790513,319,60,17,0.0,0,0
19790513,319,59,16,0.0,0,0
19790513,319,53,11,0.0,0,0
19790513,319,27,2,44.0,3,0
19790513,319,32,3,33.0,0,0
19790513,319,1,5,5.0,0,0
19790513,319,55,9,1.0,0,0
19790513,319,57,10,0.0,0,0
19790513,319,21,7,2.0,0,0
19790513,319,3,6,4.0,0,0
19790513,319,6,1,45.0,3,0
19790513,319,58,12,0.0,0,0
19790513,319,4,13,0.0,0,0
19790513,319,202,8,1.0,0,0
19790527,320,50,15,0.0,0,0
19790527,320,60,17,0.0,0,0
19790527,320,59,16,0.0,0,0
19790527,320,53,11,0.0,0,0
19790527,320,27,2,46.0,3,0
19790527,320,32,3,37.0,0,0
19790527,320,1,6,8.0,0,0
19790527,320,55,9,1.0,0,0
19790527,320,57,10,0.0,0,0
19790527,320,21,7,3.0,0,0
19790527,320,3,5,10.0,0,0
19790527,320,6,1,54.0,4,0
19790527,320,58,12,0.0,0,0
19790527,320,4,13,0.0,0,0
19790527,320,202,8,1.0,0,0
19790701,321,60,17,0.0,0,0
19790701,321,50,15,0.0,0,0
19790701,321,59,16,0.0,0,0
19790701,321,53,13,0.0,0,0
19790701,321,27,2,46.0,3,0
19790701,321,32,3,37.0,0,0
19790701,321,1,7,8.0,0,0
19790701,321,55,10,1.0,0,0
19790701,321,57,11,0.0,0,0
19790701,321,21,8,3.0,0,0
19790701,321,56,14,0.0,0,0
19790701,321,6,1,60.0,4,0
19790701,321,25,4,17.0,0,0
19790701,321,202,9,1.0,0,0
19790714,322,60,17,0.0,0,0
19790714,322,50,15,0.0,0,0
19790714,322,59,16,0.0,0,0
19790714,322,53,13,0.0,0,0
19790714,322,27,2,47.0,3,0
19790714,322,32,3,37.0,0,0
19790714,322,1,7,11.0,0,0
19790714,322,57,11,0.0,0,0
19790714,322,21,8,3.0,0,0
19790714,322,56,14,0.0,0,0
19790714,322,6,1,62.0,4,0
19790714,322,25,5,21.0,0,0
19790714,322,202,9,1.0,0,0
19790729,323,3,3,38.0,2,0
19790729,323,57,11,0.0,0,0
19790729,323,60,17,0.0,0,0
19790729,323,50,15,0.0,0,0
19790729,323,59,16,0.0,0,0
19790729,323,53,13,0.0,0,0
19790729,323,27,2,51.0,3,0
19790729,323,32,4,37.0,0,0
19790729,323,1,7,13.0,0,0
19790729,323,55,10,1.0,0,0
19790729,323,21,8,4.0,0,0
19790729,323,56,14,0.0,0,0
19790812,324,50,15,0.0,0,0
19790812,324,60,17,0.0,0,0
19790812,324,53,13,0.0,0,0
19790812,324,59,16,0.0,0,0
19790812,324,202,9,1.0,0,0
19790812,324,4,6,20.0,1,0
19790812,324,25,5,21.0,0,0
19790812,324,58,12,0.0,0,0
19790812,324,6,1,74.0,4,0
19790812,324,56,14,0.0,0,0
19790812,324,3,3,49.0,3,0
19790812,324,21,8,4.0,0,0
19790812,324,57,11,0.0,0,0
19790812,324,55,10,1.0,0,0
19790812,324,1,7,13.0,0,0
19790812,324,32,4,37.0,0,0
19790812,324,27,2,55.0,3,0
19790826,325,50,15,0.0,0,0
19790826,325,60,17,0.0,0,0
19790826,325,53,13,0.0,0,0
19790826,325,59,16,0.0,0,0
19790826,325,202,9,4.0,0,0
19790826,325,4,6,20.0,1,0
19790826,325,25,5,21.0,0,0
19790826,325,58,12,0.0,0,0
19790826,325,6,1,80.0,4,0
19790826,325,3,3,58.0,4,0
19790826,325,21,8,5.0,0,0
19790826,325,55,10,1.0,0,0
19790826,325,32,4,37.0,0,0
19790909,326,61,18,0.0,0,0
19790909,326,50,15,0.0,0,0
19790909,326,60,17,0.0,0,0
19790909,326,53,13,0.0,0,0
19790909,326,59,16,0.0,0,0
19790909,326,202,8,7.0,0,0
19790909,326,4,6,20.0,1,0
19790909,326,25,5,22.0,0,0
19790909,326,58,12,0.0,0,0
19790909,326,6,1,95.0,5,0
19790909,326,56,14,0.0,0,0
19790909,326,3,2,62.0,4,0
19790909,326,57,11,0.0,0,0
19790909,326,1,7,13.0,0,0
19790930,327,180,12,0.0,0,0
19790930,327,61,17,0.0,0,0
19790930,327,50,16,0.0,0,0
19790930,327,60,19,0.0,0,0
19790930,327,53,14,0.0,0,0
19790930,327,59,18,0.0,0,0
19790930,327,202,8,7.0,0,0
19790930,327,4,6,20.0,1,0
19790930,327,25,5,24.0,0,0
19790930,327,58,13,0.0,0,0
19790930,327,6,1,104.0,5,0
19790930,327,56,15,0.0,0,0
19790930,327,3,2,75.0,5,0
19790930,327,21,9,5.0,0,0
19790930,327,55,10,1.0,0,0
19791007,328,180,13,0.0,0,1
19791007,328,61,17,0.0,0,1
19791007,328,50,16,0.0,0,1
19791007,328,60,19,0.0,0,1
19791007,328,53,11,2.0,0,1
19791007,328,59,18,0.0,0,1
19791007,328,202,8,7.0,0,1
19791007,328,4,6,26.0,1,1
19791007,328,25,5,28.0,0,1
19791007,328,58,14,0.0,0,1
19791007,328,6,1,113.0,6,1
19791007,328,56,15,0.0,0,1
19791007,328,3,2,75.0,5,1
19791007,328,57,10,3.0,0,1
19791007,328,1,7,15.0,0,1
19780115,298,63,16,0.0,0,0
19780115,298,54,15,0.0,0,0
19780115,298,59,14,0.0,0,0
19780115,298,56,13,0.0,0,0
19780115,298,32,1,9.0,1,0
19780115,298,34,2,6.0,0,0
19780115,298,25,3,4.0,0,0
19780115,298,1,4,3.0,0,0
19780115,298,6,5,0.0,0,0
19780115,298,55,6,0.0,0,0
19780115,298,58,7,0.0,0,0
19780115,298,53,8,0.0,0,0
19780115,298,57,9,0.0,0,0
19780115,298,27,10,0.0,0,0
19780115,298,62,11,0.0,0,0
19780115,298,3,12,0.0,0,0
19780129,299,63,17,0.0,0,0
19780129,299,54,16,0.0,0,0
19780129,299,59,15,0.0,0,0
19780129,299,56,14,0.0,0,0
19780129,299,21,11,0.0,0,0
19780129,299,32,1,12.0,1,0
19780129,299,34,2,10.0,0,0
19780129,299,25,5,5.0,0,0
19780129,299,1,6,3.0,0,0
19780129,299,6,3,9.0,1,0
19780129,299,55,4,6.0,0,0
19780129,299,58,10,0.0,0,0
19780129,299,53,8,0.0,0,0
19780129,299,57,7,2.0,0,0
19780129,299,27,9,0.0,0,0
19780129,299,62,13,0.0,0,0
19780129,299,3,12,0.0,0,0
19780402,301,64,19,0.0,0,0
19780304,300,64,19,0.0,0,0
19780304,300,63,18,0.0,0,0
19780304,300,56,14,0.0,0,0
19780304,300,59,15,0.0,0,0
19780304,300,4,16,0.0,0,0
19780304,300,54,17,0.0,0,0
19780304,300,21,11,0.0,0,0
19780304,300,32,1,21.0,2,0
19780304,300,34,2,14.0,0,0
19780304,300,25,3,11.0,0,0
19780304,300,1,6,3.0,0,0
19780304,300,6,4,9.0,1,0
19780304,300,55,5,6.0,0,0
19780304,300,58,12,0.0,0,0
19780304,300,53,10,0.0,0,0
19780304,300,57,9,2.0,0,0
19780304,300,27,8,2.0,0,0
19780304,300,62,13,0.0,0,0
19780304,300,3,7,3.0,0,0
19780402,301,63,18,0.0,0,0
19780402,301,56,15,0.0,0,0
19780402,301,59,16,0.0,0,0
19780402,301,4,14,0.0,0,0
19780402,301,54,17,0.0,0,0
19780402,301,21,10,1.0,0,0
19780402,301,32,1,27.0,2,0
19780402,301,34,4,14.0,0,0
19780402,301,25,3,15.0,0,0
19780402,301,1,7,3.0,0,0
19780402,301,6,2,18.0,2,0
19780402,301,55,5,6.0,0,0
19780402,301,58,12,0.0,0,0
19780402,301,53,11,0.0,0,0
19780402,301,57,9,2.0,0,0
19780402,301,27,6,4.0,0,0
19780402,301,62,13,0.0,0,0
19780402,301,3,8,3.0,0,0
19780507,302,64,19,0.0,0,0
19780507,302,63,18,0.0,0,0
19780507,302,56,15,0.0,0,0
19780507,302,59,16,0.0,0,0
19780507,302,4,13,0.0,0,0
19780507,302,54,17,0.0,0,0
19780507,302,21,11,2.0,0,0
19780507,302,32,1,27.0,2,0
19780507,302,34,3,20.0,0,0
19780507,302,25,2,24.0,1,0
19780507,302,1,8,3.0,0,0
19780507,302,6,4,18.0,2,0
19780507,302,55,5,6.0,0,0
19780507,302,58,6,4.0,0,0
19780507,302,53,12,0.0,0,0
19780507,302,57,10,2.0,0,0
19780507,302,27,7,4.0,0,0
19780507,302,62,14,0.0,0,0
19780507,302,3,9,3.0,0,0
19780521,303,63,19,0.0,0,0
19780521,303,64,13,0.0,0,0
19780521,303,56,16,0.0,0,0
19780521,303,59,17,0.0,0,0
19780521,303,4,14,0.0,0,0
19780521,303,54,18,0.0,0,0
19780521,303,21,11,2.0,0,0
19780521,303,32,1,36.0,3,0
19780521,303,34,4,20.0,0,0
19780521,303,25,2,25.0,1,0
19780521,303,1,8,3.0,0,0
19780521,303,6,3,22.0,2,0
19780521,303,55,5,6.0,0,0
19780521,303,58,7,4.0,0,0
19780521,303,53,12,0.0,0,0
19780521,303,57,10,2.0,0,0
19780521,303,27,6,6.0,0,0
19780521,303,62,15,0.0,0,0
19780521,303,3,9,3.0,0,0
19780604,304,63,19,0.0,0,0
19780604,304,64,14,0.0,0,0
19780604,304,56,16,0.0,0,0
19780604,304,59,17,0.0,0,0
19780604,304,4,15,0.0,0,0
19780604,304,54,18,0.0,0,0
19780604,304,21,11,2.0,0,0
19780604,304,32,1,45.0,4,0
19780604,304,34,4,22.0,0,0
19780604,304,25,2,25.0,1,0
19780604,304,1,8,4.0,0,0
19780604,304,6,3,22.0,2,0
19780604,304,55,7,6.0,0,0
19780604,304,58,6,7.0,0,0
19780604,304,53,12,0.0,0,0
19780604,304,57,10,2.0,0,0
19780604,304,27,5,10.0,0,0
19780604,304,62,13,0.0,0,0
19780604,304,3,9,3.0,0,0
19780617,305,63,19,0.0,0,0
19780617,305,64,14,0.0,0,0
19780617,305,56,16,0.0,0,0
19780617,305,59,17,0.0,0,0
19780617,305,4,15,0.0,0,0
19780617,305,54,18,0.0,0,0
19780617,305,21,6,8.0,0,0
19780617,305,32,1,49.0,4,0
19780617,305,34,2,31.0,1,0
19780617,305,25,3,25.0,1,0
19780617,305,1,9,7.0,0,0
19780617,305,6,4,22.0,2,0
19780617,305,55,7,7.0,0,0
19780617,305,58,8,7.0,0,0
19780617,305,53,12,0.0,0,0
19780617,305,57,10,4.0,0,0
19780617,305,27,5,10.0,0,0
19780617,305,62,13,0.0,0,0
19780617,305,3,11,3.0,0,0
19780702,306,63,19,0.0,0,0
19780702,306,64,14,0.0,0,0
19780702,306,56,16,0.0,0,0
19780702,306,59,17,0.0,0,0
19780702,306,4,15,0.0,0,0
19780702,306,54,18,0.0,0,0
19780702,306,21,7,8.0,0,0
19780702,306,32,1,58.0,5,0
19780702,306,34,2,34.0,1,0
19780702,306,25,3,25.0,1,0
19780702,306,1,5,11.0,0,0
19780702,306,6,4,22.0,2,0
19780702,306,55,9,7.0,0,0
19780702,306,58,8,8.0,0,0
19780702,306,53,12,0.0,0,0
19780702,306,57,11,4.0,0,0
19780702,306,27,6,10.0,0,0
19780702,306,62,13,0.0,0,0
19780702,306,3,10,5.0,0,0
19780716,307,63,19,0.0,0,0
19780716,307,64,14,0.0,0,0
19780716,307,56,16,0.0,0,0
19780716,307,59,17,0.0,0,0
19780716,307,4,15,0.0,0,0
19780716,307,54,18,0.0,0,0
19780716,307,21,7,8.0,0,0
19780716,307,32,1,58.0,5,0
19780716,307,34,2,40.0,1,0
19780716,307,25,4,28.0,1,0
19780716,307,1,5,12.0,0,0
19780716,307,6,3,31.0,3,0
19780716,307,55,9,7.0,0,0
19780716,307,58,8,8.0,0,0
19780716,307,53,12,0.0,0,0
19780716,307,57,10,6.0,0,0
19780716,307,27,6,10.0,0,0
19780716,307,62,13,0.0,0,0
19780716,307,3,11,5.0,0,0
19780730,308,63,19,0.0,0,0
19780730,308,64,14,0.0,0,0
19780730,308,56,16,0.0,0,0
19780730,308,59,17,0.0,0,0
19780730,308,4,15,0.0,0,0
19780730,308,54,18,0.0,0,0
19780730,308,21,9,8.0,0,0
19780730,308,32,1,67.0,6,0
19780730,308,34,2,40.0,1,0
19780730,308,25,4,30.0,1,0
19780730,308,1,7,12.0,0,0
19780730,308,6,3,31.0,3,0
19780730,308,55,8,10.0,0,0
19780730,308,58,5,14.0,0,0
19780730,308,53,12,0.0,0,0
19780730,308,57,10,6.0,0,0
19780730,308,27,6,14.0,0,0
19780730,308,62,13,0.0,0,0
19780730,308,3,11,5.0,0,0
19780827,310,63,19,0.0,0,0
19780813,309,63,19,0.0,0,0
19780813,309,64,14,0.0,0,0
19780813,309,56,16,0.0,0,0
19780813,309,59,17,0.0,0,0
19780813,309,4,15,0.0,0,0
19780813,309,54,18,0.0,0,0
19780813,309,21,9,8.0,0,0
19780813,309,32,1,76.0,7,0
19780813,309,34,2,40.0,1,0
19780813,309,25,3,36.0,1,0
19780813,309,1,8,12.0,0,0
19780813,309,6,4,35.0,3,0
19780813,309,55,7,13.0,0,0
19780813,309,58,6,14.0,0,0
19780813,309,53,13,0.0,0,0
19780813,309,57,10,6.0,0,0
19780813,309,27,5,16.0,0,0
19780813,309,62,12,1.0,0,0
19780813,309,3,11,5.0,0,0
19780827,310,64,14,0.0,0,0
19780827,310,56,16,0.0,0,0
19780827,310,59,17,0.0,0,0
19780827,310,4,15,0.0,0,0
19780827,310,54,18,0.0,0,0
19780827,310,21,9,8.0,0,0
19780827,310,32,1,85.0,8,0
19780827,310,34,2,44.0,1,0
19780827,310,25,4,36.0,1,0
19780827,310,1,8,12.0,0,0
19780827,310,6,3,36.0,3,0
19780827,310,55,6,15.0,0,0
19780827,310,58,7,14.0,0,0
19780827,310,53,13,0.0,0,0
19780827,310,57,10,6.0,0,0
19780827,310,27,5,16.0,0,0
19780827,310,62,12,1.0,0,0
19780827,310,3,11,5.0,0,0
19780910,311,63,19,0.0,0,0
19780910,311,64,14,0.0,0,0
19780910,311,56,15,0.0,0,0
19780910,311,59,17,0.0,0,0
19780910,311,4,16,0.0,0,0
19780910,311,54,18,0.0,0,0
19780910,311,21,9,8.0,0,0
19780910,311,32,1,86.0,8,0
19780910,311,34,2,53.0,2,0
19780910,311,25,4,36.0,1,0
19780910,311,1,8,14.0,0,0
19780910,311,6,3,40.0,3,0
19780910,311,55,6,15.0,0,0
19780910,311,58,7,14.0,0,0
19780910,311,53,13,0.0,0,0
19780910,311,57,10,6.0,0,0
19780910,311,27,5,19.0,0,0
19780910,311,62,12,1.0,0,0
19780910,311,3,11,5.0,0,0
19781001,312,63,19,0.0,0,0
19781001,312,64,16,0.0,0,0
19781001,312,56,15,0.0,0,0
19781001,312,59,17,0.0,0,0
19781001,312,4,12,3.0,0,0
19781001,312,54,18,0.0,0,0
19781001,312,21,10,8.0,0,0
19781001,312,32,1,86.0,8,0
19781001,312,34,2,53.0,2,0
19781001,312,25,4,36.0,1,0
19781001,312,1,8,15.0,0,0
19781001,312,6,3,49.0,4,0
19781001,312,55,7,17.0,0,0
19781001,312,58,6,18.0,0,0
19781001,312,53,14,0.0,0,0
19781001,312,57,11,6.0,0,0
19781001,312,27,5,19.0,0,0
19781001,312,62,13,1.0,0,0
19781001,312,3,9,11.0,0,0
19781008,313,63,19,0.0,0,1
19781008,313,64,16,0.0,0,1
19781008,313,56,14,1.0,0,1
19781008,313,59,17,0.0,0,1
19781008,313,4,12,3.0,0,1
19781008,313,54,18,0.0,0,1
19781008,313,21,10,11.0,0,1
19781008,313,32,1,86.0,8,1
19781008,313,34,3,53.0,2,1
19781008,313,25,4,38.0,1,1
19781008,313,1,8,15.0,0,1
19781008,313,6,2,58.0,5,1
19781008,313,55,7,17.0,0,1
19781008,313,58,5,24.0,0,1
19781008,313,53,15,0.0,0,1
19781008,313,57,11,6.0,0,1
19781008,313,27,6,19.0,0,1
19781008,313,62,13,1.0,0,1
19781008,313,3,9,11.0,0,1
19770109,281,1,12,0.0,0,0
19770109,281,25,11,0.0,0,0
19770109,281,27,10,0.0,0,0
19770109,281,58,1,9.0,1,0
19770109,281,34,2,6.0,0,0
19770109,281,6,3,4.0,0,0
19770109,281,55,4,3.0,0,0
19770109,281,32,5,2.0,0,0
19770109,281,56,6,1.0,0,0
19770109,281,62,7,0.0,0,0
19770109,281,37,8,0.0,0,0
19770109,281,57,9,0.0,0,0
19770123,282,65,13,0.0,0,0
19770123,282,1,4,6.0,0,0
19770123,282,27,11,0.0,0,0
19770123,282,25,12,0.0,0,0
19770123,282,58,2,9.0,1,0
19770123,282,34,3,6.0,0,0
19770123,282,6,1,13.0,1,0
19770123,282,55,5,6.0,0,0
19770123,282,32,6,4.0,0,0
19770123,282,56,8,1.0,0,0
19770123,282,62,9,0.0,0,0
19770123,282,37,10,0.0,0,0
19770123,282,57,7,1.0,0,0
19770305,283,65,12,0.0,0,0
19770305,283,1,3,9.0,0,0
19770305,283,27,13,0.0,0,0
19770305,283,25,6,4.0,0,0
19770305,283,58,2,15.0,1,0
19770305,283,34,4,7.0,0,0
19770305,283,6,1,22.0,2,0
19770305,283,55,5,6.0,0,0
19770305,283,32,7,4.0,0,0
19770305,283,56,8,1.0,0,0
19770305,283,62,10,0.0,0,0
19770305,283,37,11,0.0,0,0
19770305,283,57,9,1.0,0,0
19770403,284,65,14,0.0,0,0
19770403,284,66,10,1.0,0,0
19770403,284,1,4,9.0,0,0
19770403,284,27,12,0.0,0,0
19770403,284,25,7,7.0,0,0
19770403,284,58,2,19.0,1,0
19770403,284,34,6,7.0,0,0
19770403,284,6,1,28.0,2,0
19770403,284,55,5,8.0,0,0
19770403,284,32,3,13.0,1,0
19770403,284,56,8,1.0,0,0
19770403,284,62,11,0.0,0,0
19770403,284,37,13,0.0,0,0
19770403,284,57,9,1.0,0,0
19770508,285,67,16,0.0,0,0
19770508,285,63,15,0.0,0,0
19770508,285,65,14,0.0,0,0
19770508,285,66,10,1.0,0,0
19770508,285,1,4,12.0,0,0
19770508,285,27,12,0.0,0,0
19770508,285,25,7,7.0,0,0
19770508,285,58,2,23.0,1,0
19770508,285,34,5,8.0,0,0
19770508,285,6,1,34.0,2,0
19770508,285,55,6,8.0,0,0
19770508,285,32,3,22.0,2,0
19770508,285,56,8,1.0,0,0
19770508,285,62,11,0.0,0,0
19770508,285,37,13,0.0,0,0
19770508,285,57,9,1.0,0,0
19770522,286,67,16,0.0,0,0
19770522,286,63,14,0.0,0,0
19770522,286,65,15,0.0,0,0
19770522,286,66,10,1.0,0,0
19770522,286,1,4,15.0,0,0
19770522,286,27,12,0.0,0,0
19770522,286,25,7,7.0,0,0
19770522,286,58,2,32.0,2,0
19770522,286,34,5,8.0,0,0
19770522,286,6,1,40.0,2,0
19770522,286,55,6,8.0,0,0
19770522,286,32,3,24.0,2,0
19770522,286,56,9,1.0,0,0
19770522,286,62,11,0.0,0,0
19770522,286,37,13,0.0,0,0
19770522,286,57,8,2.0,0,0
19770605,287,65,16,0.0,0,0
19770605,287,63,13,0.0,0,0
19770605,287,67,15,0.0,0,0
19770605,287,66,11,1.0,0,0
19770605,287,1,4,15.0,0,0
19770605,287,27,12,0.0,0,0
19770605,287,25,5,11.0,0,0
19770605,287,58,3,32.0,2,0
19770605,287,34,6,9.0,0,0
19770605,287,6,1,46.0,2,0
19770605,287,55,7,8.0,0,0
19770605,287,32,2,33.0,3,0
19770605,287,56,10,1.0,0,0
19770605,287,62,9,3.0,0,0
19770605,287,37,14,0.0,0,0
19770605,287,57,8,4.0,0,0
19770619,288,65,16,0.0,0,0
19770619,288,63,13,0.0,0,0
19770619,288,67,15,0.0,0,0
19770619,288,66,12,1.0,0,0
19770619,288,1,4,21.0,0,0
19770619,288,27,7,9.0,1,0
19770619,288,25,5,14.0,0,0
19770619,288,58,3,32.0,2,0
19770619,288,34,6,11.0,0,0
19770619,288,6,1,50.0,2,0
19770619,288,55,8,8.0,0,0
19770619,288,32,2,34.0,3,0
19770619,288,56,11,1.0,0,0
19770619,288,62,10,3.0,0,0
19770619,288,37,14,0.0,0,0
19770619,288,57,9,4.0,0,0
19770703,289,65,16,0.0,0,0
19770703,289,63,13,0.0,0,0
19770703,289,67,15,0.0,0,0
19770703,289,66,12,1.0,0,0
19770703,289,1,4,25.0,0,0
19770703,289,27,7,9.0,1,0
19770703,289,25,6,14.0,0,0
19770703,289,58,3,32.0,2,0
19770703,289,34,5,17.0,0,0
19770703,289,6,1,50.0,2,0
19770703,289,55,8,8.0,0,0
19770703,289,32,2,43.0,4,0
19770703,289,56,11,1.0,0,0
19770703,289,62,10,3.0,0,0
19770703,289,37,14,0.0,0,0
19770703,289,57,9,4.0,0,0
19770716,290,68,18,0.0,0,0
19770716,290,65,16,0.0,0,0
19770716,290,4,17,0.0,0,0
19770716,290,63,13,0.0,0,0
19770716,290,67,15,0.0,0,0
19770716,290,66,12,1.0,0,0
19770716,290,1,3,34.0,1,0
19770716,290,27,7,10.0,1,0
19770716,290,25,6,14.0,0,0
19770716,290,58,4,32.0,2,0
19770716,290,34,5,19.0,0,0
19770716,290,6,1,56.0,2,0
19770716,290,55,8,8.0,0,0
19770716,290,32,2,47.0,4,0
19770716,290,56,11,1.0,0,0
19770716,290,62,10,3.0,0,0
19770716,290,37,14,0.0,0,0
19770716,290,57,9,4.0,0,0
19770731,291,68,18,0.0,0,0
19770731,291,65,16,0.0,0,0
19770731,291,4,17,0.0,0,0
19770731,291,63,14,0.0,0,0
19770731,291,67,15,0.0,0,0
19770731,291,66,12,1.0,0,0
19770731,291,1,4,34.0,1,0
19770731,291,27,7,10.0,1,0
19770731,291,25,6,14.0,0,0
19770731,291,58,3,38.0,2,0
19770731,291,34,5,23.0,0,0
19770731,291,6,1,65.0,3,0
19770731,291,55,8,8.0,0,0
19770731,291,32,2,47.0,4,0
19770731,291,56,11,2.0,0,0
19770731,291,62,9,5.0,0,0
19770731,291,37,13,0.0,0,0
19770731,291,57,10,4.0,0,0
19770814,292,68,18,0.0,0,0
19770814,292,65,16,0.0,0,0
19770814,292,4,17,0.0,0,0
19770814,292,63,13,0.0,0,0
19770814,292,67,15,0.0,0,0
19770814,292,66,12,1.0,0,0
19770814,292,1,4,35.0,1,0
19770814,292,27,8,10.0,1,0
19770814,292,25,6,16.0,0,0
19770814,292,58,3,38.0,2,0
19770814,292,34,5,27.0,0,0
19770814,292,6,1,71.0,3,0
19770814,292,55,9,8.0,0,0
19770814,292,32,2,47.0,4,0
19770814,292,56,11,2.0,0,0
19770814,292,62,10,5.0,0,0
19770814,292,37,14,0.0,0,0
19770814,292,57,7,13.0,1,0
19770828,293,68,18,0.0,0,0
19770828,293,65,16,0.0,0,0
19770828,293,4,17,0.0,0,0
19770828,293,63,13,0.0,0,0
19770828,293,67,15,0.0,0,0
19770828,293,66,12,1.0,0,0
19770828,293,1,4,35.0,1,0
19770828,293,27,6,16.0,1,0
19770828,293,25,7,16.0,0,0
19770828,293,58,3,42.0,2,0
19770828,293,34,5,27.0,0,0
19770828,293,6,1,80.0,4,0
19770828,293,55,9,11.0,0,0
19770828,293,32,2,47.0,4,0
19770828,293,56,11,4.0,0,0
19770828,293,62,10,5.0,0,0
19770828,293,37,14,0.0,0,0
19770828,293,57,8,13.0,1,0
19770911,294,70,19,0.0,0,0
19770911,294,69,18,0.0,0,0
19770911,294,68,20,0.0,0,0
19770911,294,65,16,0.0,0,0
19770911,294,4,17,0.0,0,0
19770911,294,63,14,0.0,0,0
19770911,294,67,15,0.0,0,0
19770911,294,66,12,1.0,0,0
19770911,294,1,4,38.0,1,0
19770911,294,27,8,16.0,1,0
19770911,294,25,7,17.0,0,0
19770911,294,58,3,42.0,2,0
19770911,294,34,5,27.0,0,0
19770911,294,6,1,86.0,4,0
19770911,294,55,9,11.0,0,0
19770911,294,32,2,56.0,5,0
19770911,294,56,10,6.0,0,0
19770911,294,62,11,5.0,0,0
19770911,294,37,13,0.0,0,0
19771002,295,70,19,0.0,0,0
19771002,295,69,18,0.0,0,0
19771002,295,68,20,0.0,0,0
19771002,295,65,16,0.0,0,0
19771002,295,4,17,0.0,0,0
19771002,295,63,13,0.0,0,0
19771002,295,67,15,0.0,0,0
19771002,295,66,12,1.0,0,0
19771002,295,1,3,47.0,2,0
19771002,295,27,8,16.0,1,0
19771002,295,25,7,17.0,0,0
19771002,295,58,4,46.0,2,0
19771002,295,34,5,27.0,0,0
19771002,295,6,1,89.0,4,0
19771002,295,55,9,11.0,0,0
19771002,295,32,2,62.0,5,0
19771002,295,56,10,8.0,0,0
19771002,295,62,11,5.0,0,0
19771002,295,37,14,0.0,0,0
19771002,295,57,6,17.0,1,0
19771009,296,70,19,0.0,0,0
19771009,296,69,18,0.0,0,0
19771009,296,68,20,0.0,0,0
19771009,296,65,16,0.0,0,0
19771009,296,4,17,0.0,0,0
19771009,296,63,14,0.0,0,0
19771009,296,67,15,0.0,0,0
19771009,296,66,12,1.0,0,0
19771009,296,1,4,51.0,2,0
19771009,296,27,8,16.0,1,0
19771009,296,25,6,23.0,0,0
19771009,296,58,3,55.0,3,0
19771009,296,34,5,27.0,0,0
19771009,296,6,1,89.0,4,0
19771009,296,55,9,11.0,0,0
19771009,296,32,2,62.0,5,0
19771009,296,56,10,10.0,0,0
19771009,296,62,11,6.0,0,0
19771009,296,37,13,0.0,0,0
19771009,296,57,7,20.0,1,0
19771023,297,71,15,0.0,0,1
19771023,297,70,20,0.0,0,1
19771023,297,69,19,0.0,0,1
19771023,297,68,21,0.0,0,1
19771023,297,65,17,0.0,0,1
19771023,297,4,18,0.0,0,1
19771023,297,63,14,0.0,0,1
19771023,297,67,16,0.0,0,1
19771023,297,66,12,1.0,0,1
19771023,297,1,3,60.0,3,1
19771023,297,27,8,18.0,1,1
19771023,297,25,6,27.0,0,1
19771023,297,58,4,55.0,3,1
19771023,297,34,5,27.0,0,1
19771023,297,6,1,95.0,4,1
19771023,297,55,9,11.0,0,1
19771023,297,32,2,62.0,5,1
19771023,297,56,10,10.0,0,1
19771023,297,62,11,6.0,0,1
19771023,297,37,13,0.0,0,1
19771023,297,57,7,23.0,1,1
19770911,294,57,6,17.0,1,0
19760125,265,66,12,0.0,0,0
19760125,265,32,11,0.0,0,0
19760125,265,27,10,0.0,0,0
19760125,265,55,9,0.0,0,0
19760125,265,202,8,0.0,0,0
19760125,265,3,7,0.0,0,0
19760125,265,58,6,0.0,0,0
19760125,265,1,5,1.0,0,0
19760125,265,37,4,3.0,0,0
19760125,265,57,3,4.0,0,0
19760125,265,25,2,6.0,0,0
19760125,265,6,1,9.0,1,0
19760306,266,56,14,0.0,0,0
19760306,266,62,13,0.0,0,0
19760306,266,72,7,1.0,0,0
19760306,266,65,17,0.0,0,0
19760306,266,66,6,2.0,0,0
19760306,266,32,11,0.0,0,0
19760306,266,27,16,0.0,0,0
19760306,266,55,12,0.0,0,0
19760306,266,202,10,0.0,0,0
19760306,266,3,9,0.0,0,0
19760306,266,58,8,0.0,0,0
19760306,266,1,3,7.0,0,0
19760306,266,37,5,3.0,0,0
19760306,266,57,4,4.0,0,0
19760306,266,25,2,9.0,0,0
19760306,266,6,1,18.0,2,0
19760328,267,56,11,0.0,0,0
19760328,267,62,15,0.0,0,0
19760328,267,72,9,1.0,0,0
19760328,267,65,17,0.0,0,0
19760328,267,66,7,2.0,0,0
19760328,267,32,14,0.0,0,0
19760328,267,27,6,3.0,0,0
19760328,267,55,8,1.0,0,0
19760328,267,202,12,0.0,0,0
19760328,267,3,13,0.0,0,0
19760328,267,58,10,0.0,0,0
19760328,267,1,3,9.0,0,0
19760328,267,37,5,3.0,0,0
19760328,267,57,4,4.0,0,0
19760328,267,25,2,13.0,0,0
19760328,267,6,1,27.0,3,0
19760502,268,65,18,0.0,0,0
19760502,268,69,16,0.0,0,0
19760502,268,27,8,3.0,0,0
19760502,268,55,11,1.0,0,0
19760502,268,56,9,2.0,0,0
19760502,268,66,10,2.0,0,0
19760502,268,72,12,1.0,0,0
19760502,268,32,5,4.0,0,0
19760502,268,62,14,0.0,0,0
19760502,268,6,1,33.0,3,0
19760502,268,25,3,13.0,0,0
19760502,268,57,4,4.0,0,0
19760502,268,37,7,3.0,0,0
19760502,268,1,2,18.0,1,0
19760502,268,58,13,0.0,0,0
19760502,268,3,15,0.0,0,0
19760502,268,202,6,3.0,0,0
19760516,269,180,17,0.0,0,0
19760516,269,69,15,0.0,0,0
19760516,269,27,4,7.0,0,0
19760516,269,55,12,1.0,0,0
19760516,269,56,10,2.0,0,0
19760516,269,66,9,2.0,0,0
19760516,269,72,13,1.0,0,0
19760516,269,32,6,4.0,0,0
19760516,269,62,11,2.0,0,0
19760516,269,6,1,42.0,4,0
19760516,269,25,3,16.0,0,0
19760516,269,57,5,4.0,0,0
19760516,269,37,8,3.0,0,0
19760516,269,1,2,19.0,1,0
19760516,269,58,14,0.0,0,0
19760516,269,3,16,0.0,0,0
19760516,269,202,7,3.0,0,0
19760530,270,180,17,0.0,0,0
19760530,270,69,15,0.0,0,0
19760530,270,27,4,7.0,0,0
19760530,270,55,12,2.0,0,0
19760530,270,56,10,2.0,0,0
19760530,270,66,9,2.0,0,0
19760530,270,72,13,1.0,0,0
19760530,270,32,7,4.0,0,0
19760530,270,62,11,2.0,0,0
19760530,270,6,1,51.0,5,0
19760530,270,25,2,22.0,0,0
19760530,270,57,6,4.0,0,0
19760530,270,37,5,6.0,0,0
19760530,270,1,3,21.0,1,0
19760530,270,58,14,0.0,0,0
19760530,270,3,16,0.0,0,0
19760530,270,202,8,3.0,0,0
19760613,271,180,17,0.0,0,0
19760613,271,69,15,0.0,0,0
19760613,271,27,4,10.0,0,0
19760613,271,55,12,2.0,0,0
19760613,271,56,10,2.0,0,0
19760613,271,66,9,2.0,0,0
19760613,271,72,13,1.0,0,0
19760613,271,32,7,4.0,0,0
19760613,271,62,11,2.0,0,0
19760613,271,6,1,55.0,5,0
19760613,271,25,2,31.0,1,0
19760613,271,57,6,4.0,0,0
19760613,271,37,5,6.0,0,0
19760613,271,1,3,23.0,1,0
19760613,271,58,14,0.0,0,0
19760613,271,3,16,0.0,0,0
19760613,271,202,8,3.0,0,0
19760704,272,63,18,0.0,0,0
19760704,272,56,10,2.0,0,0
19760704,272,62,11,2.0,0,0
19760704,272,72,13,1.0,0,0
19760704,272,65,19,0.0,0,0
19760704,272,66,5,6.0,0,0
19760704,272,32,6,6.0,0,0
19760704,272,27,4,10.0,0,0
19760704,272,55,12,2.0,0,0
19760704,272,202,7,6.0,0,0
19760704,272,3,16,0.0,0,0
19760704,272,58,14,0.0,0,0
19760704,272,1,3,31.0,2,0
19760704,272,37,8,6.0,0,0
19760704,272,57,9,4.0,0,0
19760704,272,25,2,37.0,1,0
19760704,272,6,1,55.0,5,0
19760718,273,63,15,0.0,0,0
19760718,273,56,12,2.0,0,0
19760718,273,62,10,4.0,0,0
19760718,273,72,13,1.0,0,0
19760718,273,65,19,0.0,0,0
19760718,273,66,4,10.0,0,0
19760718,273,32,7,6.0,0,0
19760718,273,27,5,10.0,0,0
19760718,273,55,11,3.0,0,0
19760718,273,202,8,6.0,0,0
19760718,273,3,17,0.0,0,0
19760718,273,58,14,0.0,0,0
19760718,273,1,3,31.0,2,0
19760718,273,37,9,6.0,0,0
19760718,273,57,6,7.0,0,0
19760718,273,25,2,43.0,1,0
19760718,273,6,1,64.0,6,0
19760801,274,180,18,0.0,0,0
19760801,274,69,16,0.0,0,0
19760801,274,27,5,10.0,0,0
19760801,274,55,11,3.0,0,0
19760801,274,56,12,2.0,0,0
19760801,274,66,4,10.0,0,0
19760801,274,72,13,1.0,0,0
19760801,274,32,7,8.0,0,0
19760801,274,62,10,4.0,0,0
19760801,274,6,1,64.0,6,0
19760801,274,25,2,49.0,1,0
19760801,274,57,8,7.0,0,0
19760801,274,37,9,6.0,0,0
19760801,274,1,3,40.0,3,0
19760801,274,58,14,0.0,0,0
19760801,274,3,17,0.0,0,0
19760801,274,202,6,9.0,0,0
19760815,275,180,18,0.0,0,0
19760815,275,69,16,0.0,0,0
19760815,275,27,5,16.0,0,0
19760815,275,55,11,3.0,0,0
19760815,275,56,12,2.0,0,0
19760815,275,66,4,19.0,1,0
19760815,275,72,13,1.0,0,0
19760815,275,32,6,12.0,0,0
19760815,275,62,10,4.0,0,0
19760815,275,6,1,64.0,6,0
19760815,275,25,2,49.0,1,0
19760815,275,57,8,7.0,0,0
19760815,275,37,9,7.0,0,0
19760815,275,1,3,43.0,3,0
19760815,275,58,14,0.0,0,0
19760815,275,3,17,0.0,0,0
19760815,275,202,7,9.0,0,0
19760829,276,180,18,0.0,0,0
19760829,276,69,16,0.0,0,0
19760829,276,27,5,16.0,0,0
19760829,276,55,11,3.0,0,0
19760829,276,56,12,2.0,0,0
19760829,276,66,4,19.0,1,0
19760829,276,72,13,1.0,0,0
19760829,276,32,6,16.0,0,0
19760829,276,62,10,4.0,0,0
19760829,276,6,1,70.0,6,0
19760829,276,25,3,51.0,1,0
19760829,276,57,7,10.0,0,0
19760829,276,37,9,8.0,0,0
19760829,276,1,2,52.0,4,0
19760829,276,58,14,0.0,0,0
19760829,276,3,17,0.0,0,0
19760829,276,202,8,9.0,0,0
19760912,277,180,18,0.0,0,0
19760912,277,69,16,0.0,0,0
19760912,277,27,4,20.0,0,0
19760912,277,55,11,3.0,0,0
19760912,277,56,12,2.0,0,0
19760912,277,66,5,19.0,1,0
19760912,277,72,13,1.0,0,0
19760912,277,32,7,16.0,0,0
19760912,277,62,10,4.0,0,0
19760912,277,6,1,76.0,6,0
19760912,277,25,2,53.0,1,0
19760912,277,57,8,10.0,0,0
19760912,277,37,6,17.0,1,0
19760912,277,1,3,52.0,4,0
19760912,277,58,14,0.0,0,0
19760912,277,3,17,0.0,0,0
19760912,277,202,9,9.0,0,0
19761003,278,180,18,0.0,0,0
19761003,278,69,16,0.0,0,0
19761003,278,27,4,20.0,0,0
19761003,278,55,11,3.0,0,0
19761003,278,56,12,2.0,0,0
19761003,278,66,6,19.0,1,0
19761003,278,72,13,1.0,0,0
19761003,278,32,5,20.0,0,0
19761003,278,62,10,4.0,0,0
19761003,278,6,1,77.0,6,0
19761003,278,25,3,59.0,1,0
19761003,278,57,8,10.0,0,0
19761003,278,37,7,17.0,1,0
19761003,278,1,2,61.0,5,0
19761003,278,58,14,0.0,0,0
19761003,278,3,17,0.0,0,0
19761003,278,202,9,9.0,0,0
19761010,279,180,18,0.0,0,0
19761010,279,69,16,0.0,0,0
19761010,279,27,5,20.0,0,0
19761010,279,55,11,3.0,0,0
19761010,279,56,12,2.0,0,0
19761010,279,66,4,20.0,1,0
19761010,279,72,13,1.0,0,0
19761010,279,32,6,20.0,0,0
19761010,279,62,10,4.0,0,0
19761010,279,6,1,81.0,6,0
19761010,279,25,3,65.0,1,0
19761010,279,57,8,10.0,0,0
19761010,279,37,7,19.0,1,0
19761010,279,1,2,70.0,6,0
19761010,279,58,14,0.0,0,0
19761010,279,3,17,0.0,0,0
19761010,279,202,9,9.0,0,0
19761024,280,71,18,0.0,0,1
19761024,280,63,14,0.0,0,1
19761024,280,180,19,0.0,0,1
19761024,280,69,16,0.0,0,1
19761024,280,27,6,20.0,0,1
19761024,280,55,11,3.0,0,1
19761024,280,56,12,2.0,0,1
19761024,280,66,5,20.0,1,1
19761024,280,72,13,1.0,0,1
19761024,280,32,4,29.0,1,1
19761024,280,62,10,7.0,0,1
19761024,280,6,1,83.0,6,1
19761024,280,25,3,71.0,1,1
19761024,280,57,8,10.0,0,1
19761024,280,37,7,19.0,1,1
19761024,280,1,2,74.0,6,1
19761024,280,58,15,0.0,0,1
19761024,280,3,17,0.0,0,1
19761024,280,202,9,9.0,0,1
19750112,251,55,14,0.0,0,0
19750112,251,65,13,0.0,0,0
19750112,251,72,12,0.0,0,0
19750112,251,3,11,0.0,0,0
19750112,251,1,1,9.0,1,0
19750112,251,63,2,6.0,0,0
19750112,251,34,3,4.0,0,0
19750112,251,6,4,3.0,0,0
19750112,251,25,5,2.0,0,0
19750112,251,66,6,0.0,0,0
19750112,251,32,7,0.0,0,0
19750112,251,37,8,0.0,0,0
19750112,251,26,9,0.0,0,0
19750112,251,200,10,0.0,0,0
19750126,252,65,15,0.0,0,0
19750126,252,72,6,0.0,0,0
19750126,252,62,11,0.0,0,0
19750126,252,3,12,0.0,0,0
19750126,252,55,14,0.0,0,0
19750126,252,1,1,15.0,1,0
19750126,252,63,3,7.0,0,0
19750126,252,34,2,13.0,1,0
19750126,252,6,4,6.0,0,0
19750126,252,25,5,2.0,0,0
19750126,252,66,7,0.0,0,0
19750126,252,32,8,0.0,0,0
19750126,252,37,9,0.0,0,0
19750126,252,26,10,0.0,0,0
19750126,252,200,13,0.0,0,0
19750301,253,74,8,0.0,0,0
19750301,253,65,16,0.0,0,0
19750301,253,72,7,0.0,0,0
19750301,253,62,13,0.0,0,0
19750301,253,3,14,0.0,0,0
19750301,253,55,15,0.0,0,0
19750301,253,1,2,16.0,1,0
19750301,253,63,5,7.0,0,0
19750301,253,34,1,19.0,1,0
19750301,253,6,4,8.0,0,0
19750301,253,25,3,11.0,1,0
19750301,253,66,6,0.0,0,0
19750301,253,32,9,0.0,0,0
19750301,253,37,11,0.0,0,0
19750301,253,26,12,0.0,0,0
19750301,253,200,10,0.0,0,0
19750427,254,56,17,0.0,0,0
19750427,254,74,12,0.0,0,0
19750427,254,65,16,0.0,0,0
19750427,254,72,11,0.0,0,0
19750427,254,62,13,0.0,0,0
19750427,254,3,10,0.0,0,0
19750427,254,55,15,0.0,0,0
19750427,254,1,2,20.5,2,0
19750427,254,63,5,7.0,0,0
19750427,254,34,1,21.0,1,0
19750427,254,6,4,8.0,0,0
19750427,254,25,3,11.0,1,0
19750427,254,66,9,0.0,0,0
19750427,254,32,6,3.0,0,0
19750427,254,37,8,1.0,0,0
19750427,254,26,14,0.0,0,0
19750427,254,200,7,1.5,0,0
19750511,255,56,17,0.0,0,0
19750511,255,74,12,0.0,0,0
19750511,255,65,16,0.0,0,0
19750511,255,72,11,0.0,0,0
19750511,255,62,13,0.0,0,0
19750511,255,3,10,0.0,0,0
19750511,255,55,15,0.0,0,0
19750511,255,1,1,26.5,2,0
19750511,255,63,5,7.0,0,0
19750511,255,34,2,25.0,1,0
19750511,255,6,3,17.0,1,0
19750511,255,25,4,13.0,1,0
19750511,255,66,9,0.0,0,0
19750511,255,32,6,6.0,0,0
19750511,255,37,8,1.0,0,0
19750511,255,26,14,0.0,0,0
19750511,255,200,7,1.5,0,0
19750525,256,56,17,0.0,0,0
19750525,256,74,12,0.0,0,0
19750525,256,65,14,0.0,0,0
19750525,256,72,11,0.0,0,0
19750525,256,62,13,0.0,0,0
19750525,256,3,10,0.0,0,0
19750525,256,55,16,0.0,0,0
19750525,256,1,2,26.5,2,0
19750525,256,63,5,7.0,0,0
19750525,256,34,1,29.0,1,0
19750525,256,6,3,26.0,2,0
19750525,256,25,4,19.0,1,0
19750525,256,66,9,0.0,0,0
19750525,256,32,6,6.0,0,0
19750525,256,37,8,1.0,0,0
19750525,256,26,15,0.0,0,0
19750525,256,200,7,2.5,0,0
19750608,257,56,17,0.0,0,0
19750608,257,74,11,1.0,0,0
19750608,257,65,14,0.0,0,0
19750608,257,72,7,3.0,0,0
19750608,257,62,13,0.0,0,0
19750608,257,3,12,0.0,0,0
19750608,257,55,16,0.0,0,0
19750608,257,1,3,26.5,2,0
19750608,257,34,2,33.0,1,0
19750608,257,25,4,19.0,1,0
19750608,257,37,10,1.0,0,0
19750608,257,26,15,0.0,0,0
19750622,258,73,18,0.0,0,0
19750622,258,56,16,0.0,0,0
19750622,258,74,11,1.0,0,0
19750622,258,65,14,0.0,0,0
19750622,258,72,8,3.0,0,0
19750622,258,62,13,0.0,0,0
19750622,258,3,12,0.0,0,0
19750622,258,55,17,0.0,0,0
19750622,258,1,3,26.5,2,0
19750622,258,34,2,36.0,1,0
19750622,258,25,4,19.0,1,0
19750622,258,32,6,6.0,0,0
19750622,258,37,10,1.0,0,0
19750622,258,26,15,0.0,0,0
19750706,259,73,18,0.0,0,0
19750706,259,56,16,0.0,0,0
19750706,259,74,11,1.0,0,0
19750706,259,65,14,0.0,0,0
19750706,259,72,7,5.0,0,0
19750706,259,62,13,0.0,0,0
19750706,259,3,12,0.0,0,0
19750706,259,1,3,30.5,2,0
19750706,259,63,4,22.0,1,0
19750706,259,25,5,20.0,1,0
19750706,259,32,6,6.0,0,0
19750706,259,37,10,1.0,0,0
19750706,259,26,15,0.0,0,0
19750719,260,73,19,0.0,0,0
19750719,260,75,18,0.0,0,0
19750719,260,56,16,0.0,0,0
19750719,260,74,11,1.0,0,0
19750719,260,65,14,0.0,0,0
19750719,260,72,7,5.0,0,0
19750719,260,62,13,0.0,0,0
19750719,260,3,12,0.0,0,0
19750719,260,1,3,39.5,3,0
19750719,260,63,4,25.0,1,0
19750719,260,25,5,24.0,1,0
19750719,260,66,10,2.0,0,0
19750719,260,32,6,6.0,0,0
19750719,260,37,9,3.0,0,0
19750719,260,26,15,0.0,0,0
19750803,261,73,19,0.0,0,0
19750803,261,75,18,0.0,0,0
19750803,261,56,13,1.0,0,0
19750803,261,74,11,3.0,0,0
19750803,261,65,15,0.0,0,0
19750803,261,72,9,5.0,0,0
19750803,261,62,14,0.0,0,0
19750803,261,3,8,6.0,0,0
19750803,261,1,3,39.5,3,0
19750803,261,63,4,25.0,1,0
19750803,261,25,5,24.0,1,0
19750803,261,66,12,2.0,0,0
19750803,261,32,7,6.0,0,0
19750803,261,37,10,3.0,0,0
19750803,261,26,16,0.0,0,0
19750817,262,73,20,0.0,0,0
19750817,262,201,19,0.0,0,0
19750817,262,75,18,0.0,0,0
19750817,262,56,13,1.0,0,0
19750817,262,74,11,3.0,0,0
19750817,262,65,15,0.0,0,0
19750817,262,72,10,5.0,0,0
19750817,262,62,14,0.0,0,0
19750817,262,3,9,6.0,0,0
19750817,262,55,17,0.0,0,0
19750817,262,1,3,41.0,3,0
19750817,262,63,4,28.0,1,0
19750817,262,34,2,51.0,2,0
19750817,262,6,1,54.5,4,0
19750817,262,25,5,24.0,1,0
19750817,262,66,12,2.0,0,0
19750907,263,73,20,0.0,0,0
19750907,263,201,19,0.0,0,0
19750907,263,75,18,0.0,0,0
19750907,263,56,13,1.0,0,0
19750907,263,74,11,3.0,0,0
19750907,263,65,15,0.0,0,0
19750907,263,72,10,5.0,0,0
19750907,263,62,14,0.0,0,0
19750907,263,3,9,6.0,0,0
19750907,263,55,17,0.0,0,0
19750907,263,1,3,47.0,3,0
19750907,263,63,4,30.0,1,0
19750907,263,34,2,54.0,2,0
19750907,263,6,1,63.5,5,0
19750907,263,25,5,24.0,1,0
19750907,263,66,12,2.0,0,0
19751005,264,73,20,0.0,0,1
19751005,264,201,19,0.0,0,1
19751005,264,75,18,0.0,0,1
19751005,264,56,13,1.0,0,1
19751005,264,74,11,3.0,0,1
19751005,264,65,15,0.0,0,1
19751005,264,72,10,5.0,0,1
19751005,264,62,14,0.0,0,1
19751005,264,3,9,6.0,0,1
19751005,264,55,16,0.0,0,1
19751005,264,1,3,53.0,3,1
19751005,264,63,4,33.0,1,1
19751005,264,34,2,54.0,2,1
19751005,264,6,1,72.5,6,1
19751005,264,25,5,25.0,1,1
19751005,264,66,12,2.0,0,1
19740113,236,57,11,0.0,0,0
19740113,236,79,10,0.0,0,0
19740113,236,62,9,0.0,0,0
19740113,236,32,8,0.0,0,0
19740113,236,1,1,9.0,1,0
19740113,236,6,2,6.0,0,0
19740113,236,65,3,2.0,0,0
19740113,236,25,4,1.0,0,0
19740113,236,34,5,0.0,0,0
19740113,236,37,6,0.0,0,0
19740113,236,26,7,0.0,0,0
19740127,237,57,10,0.0,0,0
19740127,237,79,11,0.0,0,0
19740127,237,32,3,4.0,0,0
19740127,237,62,4,3.0,0,0
19740127,237,1,1,18.0,2,0
19740127,237,6,2,12.0,0,0
19740127,237,65,5,2.0,0,0
19740127,237,25,6,1.0,0,0
19740127,237,34,7,0.0,0,0
19740127,237,37,8,0.0,0,0
19740127,237,26,9,0.0,0,0
19740330,238,63,12,0.0,0,0
19740330,238,57,11,0.0,0,0
19740330,238,79,9,1.0,0,0
19740330,238,32,5,4.0,0,0
19740330,238,62,7,3.0,0,0
19740330,238,1,1,22.0,2,0
19740330,238,6,2,12.0,0,0
19740330,238,65,4,8.0,0,0
19740330,238,25,6,4.0,0,0
19740330,238,34,3,9.0,1,0
19740330,238,37,8,2.0,0,0
19740330,238,26,10,0.0,0,0
19740428,239,77,14,0.0,0,0
19740428,239,57,10,0.0,0,0
19740428,239,63,11,0.0,0,0
19740428,239,76,13,0.0,0,0
19740428,239,79,9,1.0,0,0
19740428,239,32,7,4.0,0,0
19740428,239,62,8,3.0,0,0
19740428,239,1,1,26.0,2,0
19740428,239,6,2,21.0,1,0
19740428,239,65,4,8.0,0,0
19740428,239,25,5,6.0,0,0
19740428,239,34,3,9.0,1,0
19740428,239,37,6,5.0,0,0
19740428,239,26,12,0.0,0,0
19740512,240,78,15,0.0,0,0
19740512,240,77,16,0.0,0,0
19740512,240,56,14,0.0,0,0
19740512,240,57,10,0.0,0,0
19740512,240,63,13,0.0,0,0
19740512,240,76,12,0.0,0,0
19740512,240,79,9,1.0,0,0
19740512,240,32,7,4.0,0,0
19740512,240,62,8,3.0,0,0
19740512,240,1,1,35.0,3,0
19740512,240,6,2,27.0,1,0
19740512,240,65,3,10.0,0,0
19740512,240,25,4,10.0,0,0
19740512,240,34,5,9.0,1,0
19740512,240,37,6,5.0,0,0
19740512,240,26,11,0.0,0,0
19740526,241,78,15,0.0,0,0
19740526,241,77,16,0.0,0,0
19740526,241,56,14,0.0,0,0
19740526,241,57,8,4.0,0,0
19740526,241,63,13,0.0,0,0
19740526,241,76,12,0.0,0,0
19740526,241,79,10,1.0,0,0
19740526,241,32,4,13.0,1,0
19740526,241,62,9,3.0,0,0
19740526,241,1,1,37.0,3,0
19740526,241,6,2,30.0,1,0
19740526,241,65,6,10.0,0,0
19740526,241,25,3,16.0,0,0
19740526,241,34,5,10.0,1,0
19740526,241,37,7,5.0,0,0
19740526,241,26,11,0.0,0,0
19740609,242,78,15,0.0,0,0
19740609,242,77,16,0.0,0,0
19740609,242,56,14,0.0,0,0
19740609,242,57,7,6.0,0,0
19740609,242,63,9,4.0,0,0
19740609,242,76,13,0.0,0,0
19740609,242,79,12,1.0,0,0
19740609,242,32,4,13.0,1,0
19740609,242,62,10,3.0,0,0
19740609,242,1,1,40.0,3,0
19740609,242,6,2,30.0,1,0
19740609,242,65,6,10.0,0,0
19740609,242,25,3,25.0,1,0
19740609,242,34,5,10.0,1,0
19740609,242,37,8,5.0,0,0
19740609,242,26,11,1.0,0,0
19740623,243,78,15,0.0,0,0
19740623,243,77,16,0.0,0,0
19740623,243,56,14,0.0,0,0
19740623,243,57,7,6.0,0,0
19740623,243,63,9,4.0,0,0
19740623,243,76,13,0.0,0,0
19740623,243,79,12,1.0,0,0
19740623,243,32,4,13.0,1,0
19740623,243,62,10,3.0,0,0
19740623,243,1,1,42.0,3,0
19740623,243,6,2,39.0,2,0
19740623,243,65,6,10.0,0,0
19740623,243,25,3,27.0,1,0
19740623,243,34,5,10.0,1,0
19740623,243,37,8,5.0,0,0
19740623,243,26,11,1.0,0,0
19740707,244,78,15,0.0,0,0
19740707,244,77,16,0.0,0,0
19740707,244,56,14,0.0,0,0
19740707,244,57,7,6.0,0,0
19740707,244,63,9,4.0,0,0
19740707,244,76,13,0.0,0,0
19740707,244,79,12,1.0,0,0
19740707,244,32,4,22.0,2,0
19740707,244,62,10,3.0,0,0
19740707,244,1,2,43.0,3,0
19740707,244,6,1,45.0,2,0
19740707,244,65,6,10.0,0,0
19740707,244,25,3,30.0,1,0
19740707,244,34,5,10.0,1,0
19740707,244,37,8,5.0,0,0
19740707,244,26,11,1.0,0,0
19740720,245,73,18,0.0,0,0
19740720,245,75,17,0.0,0,0
19740720,245,78,15,0.0,0,0
19740720,245,77,16,0.0,0,0
19740720,245,56,14,0.0,0,0
19740720,245,57,7,6.0,0,0
19740720,245,63,9,4.0,0,0
19740720,245,76,13,0.0,0,0
19740720,245,79,12,1.0,0,0
19740720,245,32,4,26.0,2,0
19740720,245,62,10,3.0,0,0
19740720,245,1,1,49.0,3,0
19740720,245,6,2,48.0,2,0
19740720,245,65,6,10.0,0,0
19740720,245,25,3,39.0,2,0
19740720,245,34,5,11.0,1,0
19740720,245,37,8,5.0,0,0
19740720,245,26,11,1.0,0,0
19740804,246,73,18,0.0,0,0
19740804,246,75,17,0.0,0,0
19740804,246,77,16,0.0,0,0
19740804,246,78,14,0.0,0,0
19740804,246,56,15,0.0,0,0
19740804,246,57,7,7.0,0,0
19740804,246,63,9,4.0,0,0
19740804,246,76,13,0.0,0,0
19740804,246,79,12,1.0,0,0
19740804,246,32,4,29.0,2,0
19740804,246,62,10,3.0,0,0
19740804,246,1,2,49.0,3,0
19740804,246,6,1,57.0,3,0
19740804,246,65,6,10.0,0,0
19740804,246,25,3,45.0,2,0
19740804,246,34,5,15.0,1,0
19740804,246,37,8,5.0,0,0
19740804,246,26,11,1.0,0,0
19740818,247,73,18,0.0,0,0
19740818,247,75,17,0.0,0,0
19740818,247,77,16,0.0,0,0
19740818,247,78,14,0.0,0,0
19740818,247,56,15,0.0,0,0
19740818,247,57,8,7.0,0,0
19740818,247,63,7,8.0,0,0
19740818,247,76,13,0.0,0,0
19740818,247,79,12,1.0,0,0
19740818,247,32,4,29.0,2,0
19740818,247,62,10,3.0,0,0
19740818,247,1,2,55.0,3,0
19740818,247,6,1,59.0,3,0
19740818,247,65,6,10.0,0,0
19740818,247,25,3,45.0,2,0
19740818,247,34,5,24.0,2,0
19740818,247,37,9,6.0,0,0
19740818,247,26,11,1.0,0,0
19740908,248,73,18,0.0,0,0
19740908,248,75,17,0.0,0,0
19740908,248,77,16,0.0,0,0
19740908,248,78,14,0.0,0,0
19740908,248,56,15,0.0,0,0
19740908,248,57,8,7.0,0,0
19740908,248,63,7,8.0,0,0
19740908,248,76,13,0.0,0,0
19740908,248,79,10,4.0,0,0
19740908,248,32,4,38.0,3,0
19740908,248,62,11,3.0,0,0
19740908,248,1,1,61.0,3,0
19740908,248,6,2,59.0,3,0
19740908,248,65,6,10.0,0,0
19740908,248,25,3,49.0,2,0
19740908,248,34,5,26.0,2,0
19740908,248,37,9,6.0,0,0
19740908,248,26,12,1.0,0,0
19740922,249,73,20,0.0,0,0
19740922,249,75,19,0.0,0,0
19740922,249,77,18,0.0,0,0
19740922,249,72,13,0.0,0,0
19740922,249,66,15,0.0,0,0
19740922,249,78,16,0.0,0,0
19740922,249,56,17,0.0,0,0
19740922,249,57,8,7.0,0,0
19740922,249,63,6,11.0,0,0
19740922,249,76,14,0.0,0,0
19740922,249,79,10,4.0,0,0
19740922,249,32,4,42.0,3,0
19740922,249,62,11,3.0,0,0
19740922,249,1,1,70.0,4,0
19740922,249,6,2,65.0,3,0
19740922,249,65,7,10.0,0,0
19740922,249,25,3,51.0,2,0
19740922,249,34,5,26.0,2,0
19740922,249,37,9,6.0,0,0
19740922,249,26,12,1.0,0,0
19741006,250,73,20,0.0,0,1
19741006,250,75,19,0.0,0,1
19741006,250,77,18,0.0,0,1
19741006,250,72,13,0.0,0,1
19741006,250,66,15,0.0,0,1
19741006,250,78,16,0.0,0,1
19741006,250,56,17,0.0,0,1
19741006,250,57,8,7.0,0,1
19741006,250,63,6,15.0,0,1
19741006,250,76,14,0.0,0,1
19741006,250,79,10,4.0,0,1
19741006,250,32,4,42.0,3,1
19741006,250,62,11,3.0,0,1
19741006,250,1,1,73.0,4,1
19741006,250,6,2,65.0,3,1
19741006,250,65,7,10.0,0,1
19741006,250,25,3,52.0,2,1
19741006,250,34,5,35.0,3,1
19741006,250,37,9,6.0,0,1
19741006,250,26,12,1.0,0,1
19730128,221,62,9,0.0,0,0
19730128,221,32,1,9.0,1,0
19730128,221,25,2,6.0,0,0
19730128,221,6,3,3.0,0,0
19730128,221,1,4,2.0,0,0
19730128,221,37,7,0.0,0,0
19730128,221,79,8,0.0,0,0
19730211,222,62,9,0.0,0,0
19730211,222,79,7,0.0,0,0
19730211,222,32,1,18.0,2,0
19730211,222,25,2,12.0,0,0
19730211,222,6,4,6.0,0,0
19730211,222,1,3,6.0,0,0
19730211,222,34,6,1.0,0,0
19730211,222,65,5,1.0,0,0
19730211,222,37,8,0.0,0,0
19730303,223,57,7,1.0,0,0
19730303,223,62,9,0.0,0,0
19730303,223,32,1,22.0,2,0
19730303,223,25,2,21.0,1,0
19730303,223,1,3,12.0,0,0
19730303,223,79,8,0.0,0,0
19730429,224,57,5,5.0,0,0
19730429,224,62,10,0.0,0,0
19730429,224,32,1,31.0,3,0
19730429,224,25,2,27.0,1,0
19730429,224,6,4,9.0,0,0
19730429,224,1,3,15.0,0,0
19730429,224,34,7,1.0,0,0
19730429,224,65,6,3.0,0,0
19730429,224,37,8,0.0,0,0
19730429,224,79,9,0.0,0,0
19730520,225,80,8,1.0,0,0
19730520,225,57,5,5.0,0,0
19730520,225,62,11,0.0,0,0
19730520,225,32,2,35.0,3,0
19730520,225,25,1,36.0,2,0
19730520,225,6,4,9.0,0,0
19730520,225,1,3,15.0,0,0
19730520,225,34,7,4.0,0,0
19730520,225,65,6,5.0,0,0
19730520,225,37,9,0.0,0,0
19730520,225,79,10,0.0,0,0
19730603,226,80,8,1.0,0,0
19730603,226,57,5,5.0,0,0
19730603,226,62,11,0.0,0,0
19730603,226,32,2,37.0,3,0
19730603,226,25,1,39.0,3,0
19730603,226,6,4,9.0,0,0
19730603,226,1,3,17.0,0,0
19730603,226,34,7,4.0,0,0
19730603,226,65,6,5.0,0,0
19730603,226,37,9,0.0,0,0
19730603,226,79,10,0.0,0,0
19730617,227,80,8,1.0,0,0
19730617,227,57,6,5.0,0,0
19730617,227,62,11,0.0,0,0
19730617,227,32,2,43.0,3,0
19730617,227,25,1,43.0,3,0
19730617,227,6,4,10.0,0,0
19730617,227,1,3,26.0,1,0
19730617,227,34,5,7.0,0,0
19730617,227,65,7,5.0,0,0
19730617,227,37,9,0.0,0,0
19730617,227,79,10,0.0,0,0
19730701,228,56,12,0.0,0,0
19730701,228,80,9,1.0,0,0
19730701,228,57,6,5.0,0,0
19730701,228,62,11,0.0,0,0
19730701,228,32,1,52.0,4,0
19730701,228,25,2,51.0,3,0
19730701,228,6,4,12.0,0,0
19730701,228,65,7,5.0,0,0
19730701,228,37,8,1.0,0,0
19730701,228,79,10,0.0,0,0
19730714,229,56,12,0.0,0,0
19730714,229,80,9,1.0,0,0
19730714,229,57,6,5.0,0,0
19730714,229,62,11,0.0,0,0
19730714,229,32,1,58.0,4,0
19730714,229,25,2,53.0,3,0
19730714,229,65,7,5.0,0,0
19730714,229,37,8,4.0,0,0
19730714,229,79,10,0.0,0,0
19730729,230,56,12,0.0,0,0
19730729,230,80,10,1.0,0,0
19730729,230,57,8,5.0,0,0
19730729,230,62,11,0.0,0,0
19730729,230,32,2,58.0,4,0
19730729,230,25,1,62.0,4,0
19730729,230,6,5,12.0,0,0
19730729,230,1,3,38.0,2,0
19730729,230,34,4,12.0,0,0
19730729,230,65,7,7.0,0,0
19730729,230,37,6,8.0,0,0
19730729,230,79,9,1.0,0,0
19730805,231,56,12,0.0,0,0
19730805,231,80,11,1.0,0,0
19730805,231,57,8,5.0,0,0
19730805,231,62,9,3.0,0,0
19730805,231,32,2,59.0,4,0
19730805,231,25,1,71.0,5,0
19730805,231,6,5,12.0,0,0
19730805,231,1,3,42.0,2,0
19730805,231,34,4,14.0,0,0
19730805,231,65,7,7.0,0,0
19730805,231,37,6,8.0,0,0
19730805,231,79,10,1.0,0,0
19730819,232,56,12,0.0,0,0
19730819,232,80,11,1.0,0,0
19730819,232,57,9,5.0,0,0
19730819,232,62,8,7.0,0,0
19730819,232,32,2,68.0,5,0
19730819,232,25,1,77.0,5,0
19730819,232,6,5,12.0,0,0
19730819,232,1,3,42.0,2,0
19730819,232,34,4,17.0,0,0
19730819,232,65,6,9.0,0,0
19730819,232,37,7,8.0,0,0
19730819,232,79,10,1.0,0,0
19730909,233,56,12,0.0,0,0
19730909,233,80,11,1.0,0,0
19730909,233,57,9,5.0,0,0
19730909,233,62,8,7.0,0,0
19730909,233,32,2,77.0,6,0
19730909,233,25,1,80.0,5,0
19730909,233,6,5,12.0,0,0
19730909,233,1,3,46.0,2,0
19730909,233,34,4,18.0,0,0
19730909,233,65,6,9.0,0,0
19730909,233,37,7,8.0,0,0
19730909,233,79,10,1.0,0,0
19730923,234,56,12,0.0,0,0
19730923,234,80,11,1.0,0,0
19730923,234,57,7,9.0,0,0
19730923,234,62,9,7.0,0,0
19730923,234,32,1,83.0,6,0
19730923,234,25,2,82.0,5,0
19730923,234,6,5,12.0,0,0
19730923,234,1,3,55.0,3,0
19730923,234,34,4,18.0,0,0
19730923,234,65,6,12.0,0,0
19730923,234,37,8,8.0,0,0
19730923,234,79,10,2.0,0,0
19731007,235,56,12,0.0,0,1
19731007,235,80,11,1.0,0,1
19731007,235,57,8,9.0,0,1
19731007,235,62,9,7.0,0,1
19731007,235,32,1,92.0,7,1
19731007,235,25,2,82.0,5,1
19731007,235,6,6,12.0,0,1
19731007,235,1,3,58.0,3,1
19731007,235,34,4,22.0,0,1
19731007,235,65,7,12.0,0,1
19731007,235,37,5,14.0,0,1
19731007,235,79,10,2.0,0,1
19720123,209,1,2,6.0,0,0
19720123,209,25,1,9.0,1,0
19720123,209,81,9,0.0,0,0
19720123,209,6,3,4.0,0,0
19720123,209,37,5,1.0,0,0
19720123,209,34,6,0.0,0,0
19720304,210,32,4,6.0,0,0
19720304,210,25,2,9.0,1,0
19720304,210,81,9,0.0,0,0
19720304,210,6,3,7.0,0,0
19720304,210,62,6,2.0,0,0
19720501,211,37,6,4.0,0,0
19720501,211,25,4,9.0,1,0
19720501,211,81,9,0.0,0,0
19720501,211,6,3,13.0,0,0
19720501,211,62,5,5.0,0,0
19720514,212,25,4,12.0,1,0
19720514,212,81,9,1.0,0,0
19720514,212,6,3,19.0,0,0
19720514,212,62,6,5.0,0,0
19720514,212,37,7,4.0,0,0
19720514,212,34,8,1.0,0,0
19720514,212,65,5,9.0,1,0
19720604,213,34,9,1.0,0,0
19720604,213,37,7,6.0,0,0
19720604,213,62,6,8.0,0,0
19720604,213,6,3,19.0,0,0
19720604,213,80,10,0.0,0,0
19720604,213,25,4,18.0,1,0
19720604,213,81,8,2.0,0,0
19720702,214,80,10,0.0,0,0
19720702,214,25,2,27.0,2,0
19720702,214,81,8,6.0,0,0
19720702,214,1,3,23.0,1,0
19720702,214,6,4,19.0,0,0
19720702,214,62,6,9.0,0,0
19720702,214,37,7,8.0,0,0
19720702,214,34,9,1.0,0,0
19720702,214,65,5,9.0,1,0
19720702,214,32,1,34.0,2,0
19720715,215,82,11,0.0,0,0
19720715,215,80,10,0.0,0,0
19720715,215,25,2,33.0,2,0
19720715,215,81,6,9.0,0,0
19720715,215,1,3,27.0,1,0
19720715,215,6,4,20.0,0,0
19720715,215,62,7,9.0,0,0
19720715,215,37,8,8.0,0,0
19720715,215,34,9,1.0,0,0
19720715,215,65,5,9.0,1,0
19720715,215,32,1,43.0,3,0
19720730,216,82,11,0.0,0,0
19720730,216,80,10,0.0,0,0
19720730,216,25,2,33.0,2,0
19720730,216,81,7,9.0,0,0
19720730,216,1,4,29.0,1,0
19720730,216,6,3,29.0,1,0
19720730,216,62,8,9.0,0,0
19720730,216,37,6,12.0,0,0
19720730,216,34,9,2.0,0,0
19720730,216,65,5,12.0,1,0
19720730,216,32,1,43.0,3,0
19720813,217,83,11,0.0,0,0
19720813,217,82,12,0.0,0,0
19720813,217,80,10,0.0,0,0
19720813,217,25,3,33.0,2,0
19720813,217,81,8,11.0,0,0
19720813,217,1,2,35.0,1,0
19720813,217,6,4,29.0,1,0
19720813,217,62,7,12.0,0,0
19720813,217,37,6,12.0,0,0
19720813,217,34,9,2.0,0,0
19720813,217,65,5,13.0,1,0
19720813,217,32,1,52.0,4,0
19720910,218,83,11,0.0,0,0
19720910,218,82,12,0.0,0,0
19720910,218,80,10,0.0,0,0
19720910,218,25,3,33.0,2,0
19720910,218,81,8,11.0,0,0
19720910,218,1,2,39.0,1,0
19720910,218,6,4,29.0,1,0
19720910,218,62,5,18.0,0,0
19720910,218,37,7,12.0,0,0
19720910,218,34,9,4.0,0,0
19720910,218,65,6,14.0,1,0
19720910,218,32,1,61.0,5,0
19720924,219,83,11,0.0,0,0
19720924,219,82,12,0.0,0,0
19720924,219,80,10,0.0,0,0
19720924,219,25,3,42.0,3,0
19720924,219,81,7,12.0,0,0
19720924,219,1,2,45.0,1,0
19720924,219,6,4,31.0,1,0
19720924,219,62,5,18.0,0,0
19720924,219,37,8,12.0,0,0
19720924,219,34,9,7.0,0,0
19720924,219,65,6,14.0,1,0
19720924,219,32,1,61.0,5,0
19721008,220,83,11,0.0,0,1
19721008,220,82,12,0.0,0,1
19721008,220,80,10,0.0,0,1
19721008,220,25,2,51.0,4,1
19721008,220,81,8,12.0,0,1
19721008,220,1,3,47.0,1,1
19721008,220,6,4,33.0,1,1
19721008,220,62,5,18.0,0,1
19721008,220,37,6,15.0,0,1
19721008,220,34,9,7.0,0,1
19721008,220,65,7,14.0,1,1
19721008,220,32,1,61.0,5,1
19710306,198,197,9,0.0,0,0
19710306,198,198,8,0.0,0,0
19710306,198,6,1,9.0,1,0
19710306,198,25,2,6.0,0,0
19710306,198,178,3,3.0,0,0
19710306,198,81,4,2.0,0,0
19710306,198,1,5,1.0,0,0
19710306,198,62,6,0.0,0,0
19710306,198,34,7,0.0,0,0
19710418,199,198,9,0.0,0,0
19710418,199,65,4,3.0,0,0
19710418,199,6,1,15.0,1,0
19710418,199,25,2,15.0,1,0
19710418,199,178,5,3.0,0,0
19710418,199,81,3,6.0,0,0
19710418,199,1,6,3.0,0,0
19710418,199,62,7,0.0,0,0
19710418,199,34,8,0.0,0,0
19710523,200,198,3,6.0,0,0
19710523,200,65,7,3.0,0,0
19710523,200,6,2,19.0,1,0
19710523,200,25,1,24.0,2,0
19710523,200,178,6,5.0,0,0
19710523,200,81,4,6.0,0,0
19710523,200,1,5,6.0,0,0
19710523,200,62,8,1.0,0,0
19710523,200,34,9,0.0,0,0
19710620,201,197,10,0.0,0,0
19710620,201,198,4,9.0,0,0
19710620,201,34,9,0.0,0,0
19710620,201,62,8,3.0,0,0
19710620,201,1,6,6.0,0,0
19710620,201,81,5,6.0,0,0
19710620,201,178,7,5.0,0,0
19710620,201,25,2,24.0,2,0
19710620,201,6,1,28.0,2,0
19710704,202,197,10,0.0,0,0
19710704,202,198,4,9.0,0,0
19710704,202,34,9,0.0,0,0
19710704,202,62,8,3.0,0,0
19710704,202,1,7,6.0,0,0
19710704,202,81,6,8.0,0,0
19710704,202,178,5,9.0,0,0
19710704,202,25,1,33.0,3,0
19710704,202,6,2,28.0,2,0
19710717,203,198,3,15.0,0,0
19710717,203,65,5,12.0,0,0
19710717,203,6,2,28.0,2,0
19710717,203,25,1,42.0,4,0
19710717,203,178,4,13.0,0,0
19710717,203,81,6,8.0,0,0
19710717,203,1,7,6.0,0,0
19710717,203,62,8,5.0,0,0
19710717,203,34,9,0.0,0,0
19710801,204,198,3,17.0,0,0
19710801,204,65,5,12.0,0,0
19710801,204,6,2,32.0,2,0
19710801,204,25,1,51.0,5,0
19710801,204,178,4,13.0,0,0
19710801,204,81,6,8.0,0,0
19710801,204,1,7,6.0,0,0
19710801,204,62,8,5.0,0,0
19710801,204,34,9,1.0,0,0
19710815,205,197,10,0.0,0,0
19710815,205,198,5,18.0,0,0
19710815,205,34,8,5.0,0,0
19710815,205,62,9,5.0,0,0
19710815,205,1,7,6.0,0,0
19710815,205,81,6,8.0,0,0
19710815,205,178,4,19.0,0,0
19710815,205,25,1,51.0,5,0
19710815,205,6,2,32.0,2,0
19710905,206,65,3,30.0,2,0
19710905,206,197,11,0.0,0,0
19710905,206,198,4,24.0,0,0
19710905,206,34,9,5.0,0,0
19710905,206,62,7,8.0,0,0
19710905,206,1,8,6.0,0,0
19710905,206,81,6,9.0,0,0
19710905,206,178,5,19.0,0,0
19710905,206,25,1,55.0,5,0
19710905,206,6,2,32.0,2,0
19710919,207,65,3,30.0,2,0
19710919,207,197,11,0.0,0,0
19710919,207,198,4,30.0,0,0
19710919,207,34,9,5.0,0,0
19710919,207,62,8,8.0,0,0
19710919,207,1,6,10.0,0,0
19710919,207,81,7,9.0,0,0
19710919,207,178,5,21.0,0,0
19710919,207,25,1,64.0,6,0
19710919,207,6,2,32.0,2,0
19711003,208,199,10,0.0,0,1
19711003,208,198,4,33.0,0,1
19711003,208,65,2,36.0,2,1
19711003,208,6,3,33.0,2,1
19711003,208,25,1,73.0,7,1
19711003,208,178,5,21.0,0,1
19711003,208,81,7,9.0,0,1
19711003,208,1,6,10.0,0,1
19711003,208,62,8,8.0,0,1
19711003,208,34,9,5.0,0,1
19700307,185,85,8,0.0,0,0
19700307,185,34,1,9.0,1,0
19700307,185,185,2,6.0,0,0
19700307,185,37,3,4.0,0,0
19700307,185,65,6,0.0,0,0
19700419,186,196,9,0.0,0,0
19700419,186,85,8,0.0,0,0
19700419,186,185,2,12.0,0,0
19700419,186,34,3,9.0,1,0
19700419,186,37,1,13.0,1,0
19700510,187,196,9,0.0,0,0
19700510,187,185,2,15.0,0,0
19700510,187,34,1,15.0,1,0
19700510,187,81,5,7.0,0,0
19700607,188,196,9,0.0,0,0
19700607,188,85,8,0.0,0,0
19700607,188,34,2,17.0,1,0
19700607,188,37,1,19.0,1,0
19700607,188,81,5,11.0,0,0
19700621,189,84,10,0.0,0,0
19700621,189,196,9,0.0,0,0
19700621,189,185,4,16.0,0,0
19700621,189,85,8,0.0,0,0
19700621,189,34,3,17.0,1,0
19700621,189,81,5,13.0,0,0
19700705,190,84,10,0.0,0,0
19700705,190,196,9,0.0,0,0
19700705,190,185,4,19.0,0,0
19700705,190,85,8,0.0,0,0
19700705,190,34,3,21.0,1,0
19700705,190,81,5,15.0,0,0
19700718,191,84,11,0.0,0,0
19700718,191,196,9,0.0,0,0
19700718,191,62,10,0.0,0,0
19700718,191,185,4,23.0,0,0
19700718,191,85,8,0.0,0,0
19700718,191,34,3,27.0,1,0
19700718,191,37,2,33.0,1,0
19700802,192,84,11,0.0,0,0
19700802,192,196,10,0.0,0,0
19700802,192,62,8,0.0,0,0
19700802,192,185,4,27.0,0,0
19700802,192,85,9,0.0,0,0
19700802,192,34,3,29.0,1,0
19700802,192,81,6,16.0,0,0
20091101,820,23,1,172.0,8,1
20091101,820,1,3,71.0,2,1
20091101,820,7,5,59.5,0,1
20091101,820,4,8,26.0,0,1
20091101,820,3,7,34.5,0,1
20091101,820,5,10,8.0,0,1
20091101,820,10,9,13.0,0,1
20091101,820,2,6,36.0,0,1
20091101,820,9,2,153.5,6,1
20091101,820,6,4,70.0,1,1
19700816,193,196,9,0.0,0,0
19700816,193,62,8,0.0,0,0
19700816,193,185,4,27.0,0,0
19700816,193,85,10,0.0,0,0
19700816,193,34,3,33.0,1,0
19700816,193,81,6,17.0,0,0
19700906,194,84,11,0.0,0,0
19700906,194,196,8,0.0,0,0
19700906,194,62,9,0.0,0,0
19700906,194,185,5,30.0,0,0
19700906,194,85,10,0.0,0,0
19700906,194,34,3,35.0,1,0
19700906,194,37,2,39.0,1,0
19700920,195,25,11,0.0,0,0
19700920,195,84,12,0.0,0,0
19700920,195,196,9,0.0,0,0
19700920,195,62,8,2.0,0,0
19700920,195,185,5,31.0,0,0
19700920,195,85,10,0.0,0,0
19700920,195,34,4,35.0,1,0
19701004,196,84,12,0.0,0,0
19701004,196,25,11,0.0,0,0
19701004,196,196,9,0.0,0,0
19701004,196,62,8,3.0,0,0
19701004,196,185,5,31.0,0,0
19701004,196,34,4,35.0,1,0
19701004,196,81,7,21.0,0,0
19701025,197,84,12,0.0,0,1
19701025,197,25,11,0.0,0,1
19701025,197,196,9,0.0,0,1
19701025,197,62,8,3.0,0,1
19701025,197,185,5,35.0,0,1
19701025,197,34,4,35.0,1,1
19701025,197,81,7,23.0,0,1
19690504,175,189,6,0.0,0,0
19690301,174,65,4,0.0,0,0
19690301,174,194,1,9.0,1,0
19690301,174,178,2,6.0,0,0
19690301,174,185,3,4.0,0,0
19690504,175,194,1,18.0,2,0
19690504,175,178,3,6.0,0,0
19690504,175,65,4,2.0,0,0
19690504,175,185,2,10.0,0,0
19690518,176,185,3,12.0,0,0
19690518,176,65,5,2.0,0,0
19690518,176,194,1,18.0,2,0
19690518,176,178,2,15.0,1,0
19690518,176,164,6,0.0,0,0
19690621,177,178,2,21.0,1,0
19690621,177,164,7,0.0,0,0
19690621,177,194,1,27.0,3,0
19690621,177,65,6,2.0,0,0
19690706,178,178,2,22.0,1,0
19690706,178,164,7,0.0,0,0
19690706,178,194,1,36.0,4,0
19690706,178,65,6,2.0,0,0
19690719,179,178,2,25.0,1,0
19690719,179,164,7,0.0,0,0
19690719,179,194,1,45.0,5,0
19690719,179,65,6,2.0,0,0
19690803,180,185,4,24.0,0,0
19690803,180,65,6,2.0,0,0
19690803,180,194,1,51.0,5,0
19690803,180,164,7,0.0,0,0
19690803,180,178,2,28.0,1,0
19690907,181,194,1,60.0,6,0
19690907,181,164,7,0.0,0,0
19690907,181,178,2,34.0,1,0
19690907,181,195,9,0.0,0,0
19690920,182,185,4,29.0,0,0
19690920,182,194,1,63.0,6,0
19690920,182,181,10,0.0,0,0
19691005,183,178,2,47.0,2,0
19691005,183,195,9,0.0,0,0
19691005,183,181,10,0.0,0,0
19691005,183,164,7,0.0,0,0
19691019,184,195,9,0.0,0,1
19691019,184,189,8,0.0,0,1
19691019,184,185,4,38.0,1,1
19691019,184,65,5,7.0,0,1
19691019,184,194,1,66.0,6,1
19691019,184,164,7,0.0,0,1
19680101,162,88,10,0.0,0,0
19680101,162,188,9,0.0,0,0
19680101,162,181,8,0.0,0,0
19680101,162,178,1,9.0,1,0
19680101,162,189,2,4.0,0,0
19680101,162,6,3,3.0,0,0
19680101,162,192,4,2.0,0,0
19680101,162,194,5,1.0,0,0
19680101,162,164,6,0.0,0,0
19680101,162,11,7,0.0,0,0
19680609,165,88,14,0.0,0,0
19680609,165,188,13,0.0,0,0
19680512,163,181,11,0.0,0,0
19680512,163,185,2,6.0,0,0
19680512,163,193,3,4.0,0,0
19680512,163,178,1,18.0,2,0
19680512,163,189,4,4.0,0,0
19680512,163,6,5,3.0,0,0
19680512,163,192,7,2.0,0,0
19680512,163,194,6,3.0,0,0
19680512,163,164,8,0.0,0,0
19680512,163,11,9,0.0,0,0
19680609,165,181,12,0.0,0,0
19680526,164,81,11,0.0,0,0
19680526,164,185,2,8.0,0,0
19680526,164,193,3,8.0,0,0
19680526,164,178,1,27.0,3,0
19680526,164,189,5,4.0,0,0
19680526,164,6,6,3.0,0,0
19680526,164,192,8,2.0,0,0
19680526,164,194,7,3.0,0,0
19680526,164,164,9,0.0,0,0
19680526,164,11,10,0.0,0,0
19680609,165,11,10,0.0,0,0
19680609,165,164,9,0.0,0,0
19680609,165,194,6,6.0,0,0
19680609,165,192,8,2.0,0,0
19680609,165,6,5,7.0,0,0
19680609,165,189,7,4.0,0,0
19680609,165,178,1,29.0,3,0
19680623,166,81,7,6.0,0,0
19680623,166,185,2,17.0,1,0
19680623,166,193,6,9.0,0,0
19680623,166,178,1,29.0,3,0
19680623,166,189,8,6.0,0,0
19680623,166,6,5,10.0,0,0
19680623,166,192,9,2.0,0,0
19680623,166,194,4,15.0,1,0
19680623,166,164,10,0.0,0,0
19680623,166,11,11,0.0,0,0
19680707,167,81,7,6.0,0,0
19680707,167,185,2,19.0,1,0
19680707,167,193,6,12.0,0,0
19680707,167,178,1,29.0,3,0
19680707,167,189,9,6.0,0,0
19680707,167,6,3,19.0,1,0
19680707,167,192,10,2.0,0,0
19680707,167,194,4,19.0,1,0
19680707,167,164,11,0.0,0,0
19680707,167,11,8,6.0,0,0
19680720,168,88,14,0.0,0,0
19680720,168,188,13,0.0,0,0
19680720,168,181,12,0.0,0,0
19680720,168,11,7,8.0,0,0
19680720,168,164,11,0.0,0,0
19680720,168,194,4,20.0,1,0
19680720,168,192,10,2.0,0,0
19680720,168,6,2,25.0,1,0
19680720,168,189,9,6.0,0,0
19680720,168,178,1,38.0,4,0
19680804,169,65,5,18.0,0,0
19680804,169,81,9,6.0,0,0
19680804,169,185,4,22.0,1,0
19680804,169,193,6,12.0,0,0
19680804,169,178,1,44.0,4,0
19680804,169,189,7,10.0,0,0
19680804,169,6,3,28.0,1,0
19680804,169,192,10,2.0,0,0
19680804,169,194,2,29.0,2,0
19680804,169,164,11,0.0,0,0
19680804,169,11,8,8.0,0,0
19680908,170,168,17,0.0,0,0
19680908,170,88,16,0.0,0,0
19680908,170,188,12,0.0,0,0
19680908,170,181,15,0.0,0,0
19680908,170,11,9,8.0,0,0
19680908,170,164,11,0.0,0,0
19680908,170,194,2,35.0,2,0
19680908,170,192,10,3.0,0,0
19680908,170,6,3,32.0,1,0
19680908,170,189,7,10.0,0,0
19680908,170,178,1,44.0,4,0
19680922,171,65,5,25.0,0,0
19680922,171,81,8,8.0,0,0
19680922,171,185,2,40.0,3,0
19680922,171,193,6,14.0,0,0
19680922,171,178,1,47.0,4,0
19680922,171,189,7,10.0,0,0
19680922,171,6,4,32.0,1,0
19680922,171,192,10,3.0,0,0
19680922,171,194,3,36.0,2,0
19680922,171,164,11,0.0,0,0
19680922,171,11,9,8.0,0,0
19681006,172,168,17,0.0,0,0
19681006,172,88,16,0.0,0,0
19681006,172,188,12,0.0,0,0
19681006,172,181,15,0.0,0,0
19681006,172,11,7,12.0,0,0
19681006,172,164,11,0.0,0,0
19681006,172,194,2,45.0,3,0
19681006,172,192,10,3.0,0,0
19681006,172,6,4,32.0,1,0
19681006,172,189,8,10.0,0,0
19681006,172,178,1,53.0,4,0
19681103,173,168,17,0.0,0,1
19681103,173,88,16,0.0,0,1
19681103,173,188,12,0.0,0,1
19681103,173,181,15,0.0,0,1
19681103,173,11,6,14.0,0,1
19681103,173,164,11,0.0,0,1
19681103,173,194,3,45.0,3,1
19681103,173,192,10,3.0,0,1
19681103,173,6,4,32.0,1,1
19681103,173,189,8,10.0,0,1
19681103,173,178,1,62.0,5,1
19670102,151,174,7,0.0,0,0
19670102,151,182,6,0.0,0,0
19670102,151,181,5,2.0,0,0
19670102,151,189,4,3.0,0,0
19670102,151,11,3,4.0,0,0
19670102,151,168,2,6.0,0,0
19670102,151,164,1,9.0,1,0
19670507,152,174,3,6.0,0,0
19670507,152,6,5,4.0,0,0
19670507,152,192,7,3.0,0,0
19670507,152,65,9,1.0,0,0
19670507,152,170,11,0.0,0,0
19670507,152,164,2,11.0,1,0
19670507,152,168,4,6.0,0,0
19670507,152,11,6,4.0,0,0
19670507,152,189,1,12.0,1,0
19670507,152,181,8,2.0,0,0
19670604,153,6,4,7.0,0,0
19670604,153,65,10,1.0,0,0
19670604,153,187,13,0.0,0,0
19670604,153,174,5,6.0,0,0
19670604,153,182,11,0.0,0,0
19670604,153,181,9,2.0,0,0
19670604,153,189,1,18.0,1,0
19670604,153,11,7,4.0,0,0
19670604,153,168,6,6.0,0,0
19670604,153,164,2,11.0,1,0
19670618,154,6,3,11.0,0,0
19670618,154,65,6,7.0,0,0
19670618,154,187,14,0.0,0,0
19670618,154,174,7,6.0,0,0
19670618,154,182,12,0.0,0,0
19670618,154,181,11,2.0,0,0
19670618,154,189,1,18.0,1,0
19670618,154,11,9,4.0,0,0
19670618,154,168,8,6.0,0,0
19670618,154,164,2,14.0,1,0
19670702,155,174,7,6.0,0,0
19670702,155,6,4,11.0,0,0
19670702,155,192,10,3.0,0,0
19670702,155,65,3,11.0,0,0
19670702,155,170,13,0.0,0,0
19670702,155,164,2,17.0,1,0
19670702,155,168,8,6.0,0,0
19670702,155,11,9,4.0,0,0
19670702,155,189,1,27.0,2,0
19670702,155,181,11,2.0,0,0
19670715,156,174,7,6.0,0,0
19670715,156,6,4,15.0,0,0
19670715,156,192,10,3.0,0,0
19670715,156,65,5,11.0,0,0
19670715,156,170,13,0.0,0,0
19670715,156,164,3,19.0,1,0
19670715,156,168,8,6.0,0,0
19670715,156,11,9,5.0,0,0
19670715,156,189,1,33.0,2,0
19670715,156,181,11,2.0,0,0
19670806,157,170,15,0.0,0,0
19670806,157,192,10,3.0,0,0
19670806,157,6,4,19.0,0,0
19670806,157,65,5,11.0,0,0
19670806,157,187,16,0.0,0,0
19670806,157,174,8,6.0,0,0
19670806,157,182,14,0.0,0,0
19670806,157,181,11,2.0,0,0
19670806,157,189,1,42.0,3,0
19670806,157,11,7,8.0,0,0
19670806,157,168,9,6.0,0,0
19670806,157,164,2,21.0,1,0
19670827,158,188,5,13.0,1,0
19670827,158,178,2,22.0,2,0
19670827,158,174,8,6.0,0,0
19670827,158,6,4,20.0,0,0
19670827,158,192,10,3.0,0,0
19670827,158,65,6,13.0,0,0
19670827,158,170,15,0.0,0,0
19670827,158,164,3,21.0,1,0
19670827,158,168,9,6.0,0,0
19670827,158,11,7,8.0,0,0
19670827,158,189,1,51.0,4,0
19670827,158,181,11,2.0,0,0
19670910,159,188,7,13.0,1,0
19670910,159,178,2,26.0,2,0
19670910,159,174,8,6.0,0,0
19670910,159,6,4,20.0,0,0
19670910,159,192,10,3.0,0,0
19670910,159,65,6,15.0,0,0
19670910,159,170,15,0.0,0,0
19670910,159,164,3,24.0,1,0
19670910,159,168,9,6.0,0,0
19670910,159,11,5,17.0,1,0
19670910,159,189,1,57.0,4,0
19670910,159,181,11,2.0,0,0
19671001,160,188,7,13.0,1,0
19671001,160,178,2,35.0,3,0
19671001,160,174,8,6.0,0,0
19671001,160,6,4,20.0,0,0
19671001,160,192,10,3.0,0,0
19671001,160,65,6,15.0,0,0
19671001,160,170,16,0.0,0,0
19671001,160,164,3,27.0,1,0
19671001,160,168,9,6.0,0,0
19671001,160,11,5,17.0,1,0
19671001,160,189,1,61.0,4,0
19671001,160,181,11,2.0,0,0
19671022,161,188,7,13.0,1,1
19671022,161,178,2,44.0,4,1
19671022,161,174,8,6.0,0,1
19671022,161,6,5,20.0,0,1
19671022,161,192,10,3.0,0,1
19671022,161,65,6,17.0,0,1
19671022,161,170,16,0.0,0,1
19671022,161,164,3,28.0,1,1
19671022,161,168,9,6.0,0,1
19671022,161,11,4,20.0,1,1
19671022,161,189,1,63.0,4,1
19671022,161,181,11,2.0,0,1
19660522,142,65,1,9.0,1,0
19660522,142,6,2,6.0,0,0
19660522,142,164,3,0.0,0,0
19660522,142,185,9,0.0,0,0
19660612,143,6,1,15.0,1,0
19660612,143,164,3,6.0,0,0
19660612,143,185,10,0.0,0,0
19660612,143,187,5,0.0,0,0
19660612,143,181,9,0.0,0,0
19660703,144,6,1,21.0,1,0
19660703,144,164,4,9.0,0,0
19660703,144,185,10,0.0,0,0
19660703,144,186,11,0.0,0,0
19660703,144,187,5,2.0,0,0
19660703,144,65,3,9.0,1,0
19660716,145,6,2,21.0,1,0
19660716,145,164,4,11.0,0,0
19660716,145,185,12,0.0,0,0
19660716,145,90,13,0.0,0,0
19660716,145,186,8,1.0,0,0
19660716,145,190,10,0.0,0,0
19660724,146,185,12,0.0,0,0
19660724,146,90,13,0.0,0,0
19660724,146,6,2,22.0,1,0
19660724,146,164,4,11.0,0,0
19660724,146,186,9,1.0,0,0
19660724,146,190,11,0.0,0,0
19660807,147,185,12,0.0,0,0
19660807,147,90,13,0.0,0,0
19660807,147,6,2,23.0,1,0
19660807,147,164,4,17.0,0,0
19660807,147,186,9,1.0,0,0
19660807,147,190,11,0.0,0,0
19660904,148,185,13,0.0,0,0
19660904,148,90,15,0.0,0,0
19660904,148,188,14,0.0,0,0
19660904,148,11,12,0.0,0,0
19660904,148,6,2,31.0,2,0
19660904,148,164,4,20.0,0,0
19660904,148,186,10,1.0,0,0
19661002,149,185,8,2.0,0,0
19661002,149,90,15,0.0,0,0
19661002,149,188,14,0.0,0,0
19661002,149,11,13,0.0,0,0
19661002,149,6,2,31.0,2,0
19661002,149,186,11,1.0,0,0
19661023,150,90,15,0.0,0,1
19661023,150,185,9,2.0,0,1
19661023,150,188,14,0.0,0,1
19661023,150,11,8,3.0,0,1
19661023,150,164,3,30.0,1,1
19650101,132,170,1,9.0,1,0
19650101,132,6,2,6.0,0,0
19650101,132,168,4,2.0,0,0
19650101,132,179,5,0.0,0,0
19650101,132,181,6,0.0,0,0
19650101,132,180,7,0.0,0,0
19650530,133,180,7,0.0,0,0
19650530,133,50,8,0.0,0,0
19650530,133,65,1,13.0,1,0
19650530,133,6,2,12.0,0,0
19650530,133,168,4,4.0,0,0
19650613,134,180,8,0.0,0,0
19650613,134,50,9,0.0,0,0
19650613,134,183,11,0.0,0,0
19650613,134,65,1,19.0,1,0
19650613,134,181,5,3.0,0,0
19650627,135,180,8,0.0,0,0
19650627,135,50,9,0.0,0,0
19650627,135,183,11,0.0,0,0
19650627,135,65,2,25.0,1,0
19650627,135,168,4,8.0,0,0
19650710,136,180,8,0.0,0,0
19650710,136,50,9,0.0,0,0
19650710,136,183,11,0.0,0,0
19650710,136,65,2,31.0,1,0
19650710,136,6,3,20.0,0,0
19650710,136,181,5,7.0,0,0
19650718,137,180,8,0.0,0,0
19650718,137,50,10,0.0,0,0
19650718,137,183,11,0.0,0,0
19650718,137,65,2,37.0,1,0
19650718,137,168,5,8.0,0,0
19650801,138,180,8,0.0,0,0
19650801,138,50,10,0.0,0,0
19650801,138,183,11,0.0,0,0
19650801,138,65,2,39.0,1,0
19650801,138,181,4,15.0,0,0
19650912,139,180,9,0.0,0,0
19650912,139,50,10,0.0,0,0
19650912,139,183,11,0.0,0,0
19650912,139,65,2,42.0,2,0
19650912,139,6,3,24.0,0,0
19650912,139,181,4,19.0,0,0
19651003,140,180,9,0.0,0,0
19651003,140,50,10,0.0,0,0
19651003,140,183,11,0.0,0,0
19651003,140,65,2,45.0,3,0
19651003,140,168,5,14.0,0,0
19660522,142,179,5,0.0,0,0
19651024,141,180,9,0.0,0,1
19651024,141,50,10,0.0,0,1
19651024,141,183,11,0.0,0,1
19651024,141,65,2,45.0,3,1
19651024,141,181,3,27.0,0,1
19640510,122,65,1,9.0,1,0
19640510,122,93,7,0.0,0,0
19640510,122,168,3,2.0,0,0
19640510,122,181,5,0.0,0,0
19640524,123,170,1,13.0,1,0
19640524,123,65,2,12.0,1,0
19640524,123,93,8,0.0,0,0
19640524,123,94,9,0.0,0,0
19640524,123,179,7,0.0,0,0
19640614,124,170,1,22.0,2,0
19640614,124,94,10,0.0,0,0
19640614,124,65,2,15.0,1,0
19640628,125,91,9,0.0,0,0
19640628,125,65,2,21.0,1,0
19640628,125,93,7,0.0,0,0
19640628,125,179,8,0.0,0,0
19640628,125,168,4,9.0,0,0
19640711,126,94,10,0.0,0,0
19640711,126,91,9,0.0,0,0
19640711,126,170,1,34.0,3,0
19640711,126,65,2,27.0,1,0
19640711,126,93,7,0.0,0,0
19640711,126,179,8,0.0,0,0
19640802,127,94,11,0.0,0,0
19640802,127,180,12,0.0,0,0
19640802,127,11,9,0.0,0,0
19640802,127,65,2,33.0,1,0
19640802,127,93,8,0.0,0,0
19640823,128,94,11,0.0,0,0
19640823,128,180,12,0.0,0,0
19640823,128,91,10,0.0,0,0
19640823,128,11,9,0.0,0,0
19640823,128,170,2,34.0,3,0
19640823,128,93,8,2.0,0,0
19640906,129,94,12,0.0,0,0
19640906,129,180,13,0.0,0,0
19640906,129,91,10,0.0,0,0
19640906,129,95,11,0.0,0,0
19640906,129,11,9,0.0,0,0
19640906,129,65,2,36.0,1,0
19650101,132,50,8,0.0,0,0
19650101,132,174,9,0.0,0,0
19641004,130,95,11,0.0,0,0
19641004,130,11,9,0.0,0,0
19641004,130,180,13,0.0,0,0
19641004,130,94,12,0.0,0,0
19641004,130,91,10,0.0,0,0
19641025,131,95,11,0.0,0,1
19641025,131,11,9,0.0,0,1
19641025,131,180,13,0.0,0,1
19641025,131,94,12,0.0,0,1
19641025,131,91,10,0.0,0,1
19640524,123,168,5,2.0,0,0
19640524,123,174,4,3.0,0,0
19630526,112,94,11,0.0,0,0
19630526,112,91,9,0.0,0,0
19630526,112,53,8,0.0,0,0
19630526,112,174,5,0.0,0,0
19630526,112,170,4,1.0,0,0
19630526,112,6,3,3.0,0,0
19630526,112,168,2,4.0,0,0
19640524,123,181,6,1.0,0,0
19640524,123,6,3,6.0,0,0
19640510,122,174,4,1.0,0,0
19630609,113,85,12,0.0,0,0
19630609,113,93,11,0.0,0,0
19630609,113,94,6,1.0,0,0
19630609,113,6,5,3.0,0,0
19630609,113,174,8,0.0,0,0
19630609,113,26,9,0.0,0,0
19640510,122,170,2,4.0,0,0
19630623,114,85,12,0.0,0,0
19630623,114,93,6,3.0,0,0
19630623,114,168,3,10.0,0,0
19630623,114,94,7,1.0,0,0
19630623,114,170,1,19.0,2,0
19630623,114,174,8,0.0,0,0
19630630,115,85,12,0.0,0,0
19630630,115,168,2,16.0,0,0
19630630,115,65,3,14.0,1,0
19630630,115,6,5,7.0,0,0
19630630,115,170,1,28.0,3,0
19630720,116,85,13,0.0,0,0
19630720,116,96,12,0.0,0,0
19630720,116,93,6,3.0,0,0
19630720,116,168,3,16.0,0,0
19630720,116,94,8,1.0,0,0
19630720,116,6,5,13.0,0,0
19630720,116,170,1,37.0,4,0
19630804,117,85,13,0.0,0,0
19630804,117,96,12,0.0,0,0
19630804,117,93,8,3.0,0,0
19630804,117,65,2,22.0,1,0
19630804,117,6,3,22.0,1,0
19630804,117,170,1,43.0,4,0
19630908,118,85,13,0.0,0,0
19630908,118,175,15,0.0,0,0
19630908,118,177,16,0.0,0,0
19630908,118,171,17,0.0,0,0
19630908,118,164,14,0.0,0,0
19630908,118,93,6,6.0,0,0
19630908,118,65,2,28.0,1,0
19630908,118,94,7,4.0,0,0
19640510,122,6,6,0.0,0,0
19631006,119,85,14,0.0,0,0
19631006,119,177,17,0.0,0,0
19631006,119,97,10,0.0,0,0
19631006,119,164,15,0.0,0,0
19631006,119,96,13,0.0,0,0
19631006,119,168,4,21.0,0,0
19631006,119,94,7,5.0,0,0
19631027,120,85,14,0.0,0,0
19631027,120,175,17,0.0,0,0
19631027,120,171,19,0.0,0,0
19631027,120,97,10,0.0,0,0
19631027,120,164,16,0.0,0,0
19631027,120,96,13,0.0,0,0
19631027,120,93,6,6.0,0,0
19631027,120,65,2,36.0,2,0
19620520,103,26,7,0.0,0,0
19620520,103,98,6,0.0,0,0
19620520,103,94,5,1.0,0,0
19620520,103,168,4,2.0,0,0
19620520,103,6,3,4.0,0,0
19620603,104,173,9,0.0,0,0
19620603,104,174,8,0.0,0,0
19620603,104,26,5,3.0,0,0
19620603,104,98,7,0.0,0,0
19620603,104,168,1,11.0,1,0
19620603,104,6,3,10.0,0,0
19620617,105,173,9,0.0,0,0
19620617,105,174,8,0.0,0,0
19620617,105,26,5,5.0,0,0
19620617,105,98,7,0.0,0,0
19620617,105,94,6,3.0,0,0
19620617,105,6,3,14.0,0,0
19620617,105,170,2,15.0,1,0
19640510,122,91,8,0.0,0,0
19630609,113,65,1,12.0,1,0
19620708,106,32,10,0.0,0,0
19620708,106,86,7,0.0,0,0
19620708,106,173,11,0.0,0,0
19620708,106,174,8,0.0,0,0
19620708,106,26,6,7.0,0,0
19620708,106,98,9,0.0,0,0
19630609,113,34,4,4.0,0,0
19620721,107,96,12,0.0,0,0
19620721,107,32,10,0.0,0,0
19620721,107,86,8,0.0,0,0
19620721,107,173,11,0.0,0,0
19620721,107,26,5,13.0,0,0
19620721,107,98,7,0.0,0,0
19620721,107,94,6,12.0,1,0
19620805,108,34,12,0.0,0,0
19620805,108,99,8,0.0,0,0
19620805,108,96,13,0.0,0,0
19620805,108,32,11,0.0,0,0
19620805,108,26,4,19.0,0,0
19620805,108,168,3,23.0,1,0
19630526,112,26,6,0.0,0,0
19630526,112,34,7,0.0,0,0
19620916,109,32,11,0.0,0,0
19620916,109,172,15,0.0,0,0
19620916,109,85,16,0.0,0,0
19620916,109,34,12,0.0,0,0
19620916,109,96,13,0.0,0,0
19620916,109,86,10,0.0,0,0
19620916,109,170,2,27.0,2,0
19621007,110,32,12,0.0,0,0
19621007,110,172,15,0.0,0,0
19621007,110,85,16,0.0,0,0
19621007,110,175,17,0.0,0,0
19621007,110,99,10,0.0,0,0
19621007,110,34,7,3.0,0,0
19621007,110,86,11,0.0,0,0
19630526,112,85,10,0.0,0,0
19630526,112,65,1,9.0,1,0
19621229,111,32,14,0.0,0,1
19621229,111,172,17,0.0,0,1
19621229,111,85,18,0.0,0,1
19621229,111,175,19,0.0,0,1
19621229,111,176,13,0.0,0,1
19621229,111,88,12,0.0,0,1
19621229,111,86,11,0.0,0,1
19621229,111,174,8,1.0,0,1
19610618,97,65,6,0.0,0,0
19610522,96,65,6,0.0,0,0
19610514,95,170,1,9.0,1,0
19620721,107,6,4,14.0,0,0
19620721,107,170,1,24.0,2,0
19610522,96,98,7,0.0,0,0
19620708,106,168,2,17.0,1,0
19620708,106,94,5,12.0,1,0
19620721,107,65,2,23.0,1,0
19610618,97,98,7,0.0,0,0
19610702,98,98,7,0.0,0,0
19610702,98,172,8,0.0,0,0
19610702,98,100,9,0.0,0,0
19620708,106,6,4,14.0,0,0
19620708,106,170,3,15.0,1,0
19620708,106,65,1,20.0,1,0
19620617,105,168,4,11.0,1,0
19610715,99,96,7,0.0,0,0
19610715,99,100,10,0.0,0,0
19610715,99,172,9,0.0,0,0
19610715,99,98,8,0.0,0,0
19610715,99,65,5,1.0,0,0
19620617,105,65,1,16.0,1,0
19610806,100,98,8,0.0,0,0
19610806,100,172,9,0.0,0,0
19610806,100,100,11,0.0,0,0
19610806,100,96,7,0.0,0,0
19610806,100,102,10,0.0,0,0
19620721,107,174,9,0.0,0,0
19610910,101,172,11,0.0,0,0
19610910,101,100,12,0.0,0,0
19610910,101,96,7,0.0,0,0
19610910,101,102,13,0.0,0,0
19620603,104,94,6,3.0,0,0
19620520,103,65,1,9.0,1,0
19620520,103,170,2,6.0,0,0
19620603,104,65,2,10.0,1,0
19620603,104,170,4,6.0,0,0
19620805,108,6,6,15.0,0,0
19620721,107,168,3,21.0,1,0
19611008,102,173,9,0.0,0,1
19611008,102,171,8,0.0,0,1
19611008,102,102,13,0.0,0,1
19611008,102,96,7,0.0,0,1
19611008,102,100,12,0.0,0,1
19611008,102,172,11,0.0,0,1
19611008,102,98,10,0.0,0,1
19611008,102,65,5,7.0,0,1
19611008,102,164,6,0.0,0,1
19611008,102,168,4,14.0,0,1
19611008,102,94,3,22.0,0,1
19590802,81,122,12,0.0,0,0
19590802,81,117,11,0.0,0,0
19601120,94,105,9,0.0,0,1
19590913,83,122,12,0.0,0,0
19590823,82,122,12,0.0,0,0
19590823,82,117,11,0.0,0,0
19590823,82,100,10,0.0,0,0
19590823,82,167,8,0.0,0,0
19590823,82,116,5,0.0,0,0
19590823,82,104,7,0.0,0,0
19590823,82,94,9,0.0,0,0
19590718,80,122,12,0.0,0,0
19590718,80,117,11,0.0,0,0
19590913,83,117,11,0.0,0,0
19590913,83,100,10,0.0,0,0
19590913,83,116,5,0.0,0,0
19590913,83,167,8,0.0,0,0
19590705,79,116,8,0.0,0,0
19590705,79,104,6,0.0,0,0
19590705,79,94,7,0.0,0,0
19590705,79,32,4,3.0,0,0
19590705,79,65,3,8.0,1,0
19590705,79,164,5,0.0,0,0
19590531,78,116,7,0.0,0,0
19600606,88,104,7,0.0,0,0
19600904,93,94,7,1.0,0,0
19590530,77,104,7,0.0,0,0
19590510,76,104,7,0.0,0,0
19631228,121,88,13,0.0,0,1
19631228,121,178,15,0.0,0,1
19631228,121,50,16,0.0,0,1
19631228,121,85,18,0.0,0,1
19631228,121,177,21,0.0,0,1
19631228,121,32,19,0.0,0,1
19631228,121,97,10,0.0,0,1
19631228,121,164,14,0.0,0,1
19631228,121,96,17,0.0,0,1
19631228,121,168,5,25.0,0,1
19631027,120,94,7,5.0,0,0
19631027,120,6,3,24.0,1,0
19631027,120,174,8,4.0,0,0
19631006,119,6,3,24.0,1,0
19631006,119,170,1,51.0,5,0
19631006,119,174,8,4.0,0,0
19630908,118,6,3,22.0,1,0
19630908,118,170,1,51.0,5,0
19630804,117,174,7,4.0,0,0
19630804,117,26,9,0.0,0,0
19630804,117,53,11,0.0,0,0
19630720,116,26,9,0.0,0,0
19630720,116,53,11,0.0,0,0
19630630,115,174,7,1.0,0,0
19630630,115,34,4,13.0,0,0
19630623,114,26,10,0.0,0,0
19630623,114,53,11,0.0,0,0
19630609,113,53,10,0.0,0,0
19630609,113,91,7,0.0,0,0
19620805,108,170,2,27.0,2,0
19620805,108,65,1,31.0,2,0
19611008,102,6,1,45.0,5,1
19611008,102,170,2,35.0,3,1
19610910,101,173,9,0.0,0,0
19610910,101,171,8,0.0,0,0
19610910,101,98,10,0.0,0,0
19610910,101,65,5,3.0,0,0
19610806,100,65,5,1.0,0,0
19610806,100,164,6,0.0,0,0
19610806,100,168,4,10.0,0,0
19610806,100,94,3,11.0,0,0
19610715,99,164,6,0.0,0,0
19610715,99,168,4,9.0,0,0
19610715,99,94,3,11.0,0,0
19610702,98,65,5,1.0,0,0
19610702,98,164,6,0.0,0,0
19610618,97,164,5,0.0,0,0
19610522,96,164,5,0.0,0,0
19610514,95,6,2,6.0,0,0
19610514,95,94,3,2.0,0,0
19601120,94,94,7,1.0,0,1
19601120,94,117,13,0.0,0,1
19601120,94,169,6,3.0,0,1
19601120,94,6,3,26.0,1,1
19601120,94,104,11,0.0,0,1
19601120,94,103,8,0.0,0,1
19601120,94,100,12,0.0,0,1
19601120,94,168,1,48.0,6,1
19601120,94,32,2,34.0,2,1
19601120,94,65,4,8.0,0,1
19601120,94,164,5,3.0,0,1
19601120,94,116,10,0.0,0,1
19600904,93,117,13,0.0,0,0
19600904,93,116,9,0.0,0,0
19600904,93,32,2,28.0,1,0
19600904,93,169,6,3.0,0,0
19600904,93,100,11,0.0,0,0
19600904,93,104,10,0.0,0,0
19600904,93,103,8,0.0,0,0
19600904,93,65,4,6.0,0,0
19600904,93,164,5,3.0,0,0
19600904,93,6,3,26.0,1,0
19600904,93,168,1,48.0,6,0
19600814,92,117,12,0.0,0,0
19600814,92,169,10,0.0,0,0
19600814,92,65,4,6.0,0,0
19600814,92,103,7,0.0,0,0
19600814,92,100,9,0.0,0,0
19600814,92,168,1,48.0,6,0
19600814,92,32,2,28.0,1,0
19600814,92,6,3,19.0,0,0
19600814,92,164,5,3.0,0,0
19600814,92,116,6,0.0,0,0
19600716,91,117,12,0.0,0,0
19600716,91,169,10,0.0,0,0
19600716,91,6,3,16.0,0,0
19600716,91,103,7,0.0,0,0
19600716,91,100,9,0.0,0,0
19600716,91,168,1,46.0,5,0
19600716,91,32,2,25.0,1,0
19600716,91,65,4,6.0,0,0
19600716,91,164,5,3.0,0,0
19600716,91,116,6,0.0,0,0
19600716,91,104,8,0.0,0,0
19600703,90,104,7,0.0,0,0
19600703,90,117,11,0.0,0,0
19600703,90,116,10,0.0,0,0
19600703,90,169,9,0.0,0,0
19600703,90,105,8,0.0,0,0
19600703,90,100,12,0.0,0,0
19600703,90,103,6,0.0,0,0
19600703,90,168,1,38.0,4,0
19600703,90,6,3,15.0,0,0
19600703,90,164,5,3.0,0,0
19600703,90,32,2,19.0,1,0
19600619,89,169,11,0.0,0,0
19600814,92,104,8,0.0,0,0
19600619,89,104,7,0.0,0,0
19600619,89,105,8,0.0,0,0
19600619,89,6,3,15.0,0,0
19600619,89,116,9,0.0,0,0
19600606,88,169,11,0.0,0,0
19600606,88,105,10,0.0,0,0
19600606,88,65,4,6.0,0,0
19600606,88,103,6,0.0,0,0
19600606,88,100,9,0.0,0,0
19600606,88,168,1,22.0,2,0
19600606,88,32,2,15.0,1,0
19600606,88,6,3,12.0,0,0
19600606,88,116,8,0.0,0,0
19600530,87,104,7,0.0,0,0
19600530,87,105,9,0.0,0,0
19600530,87,169,10,0.0,0,0
19600530,87,103,6,0.0,0,0
19600530,87,6,2,10.0,0,0
19600530,87,164,4,3.0,0,0
19600530,87,32,3,9.0,1,0
19600530,87,168,1,14.0,1,0
19600530,87,65,5,2.0,0,0
19600530,87,100,8,0.0,0,0
19600529,86,105,9,0.0,0,0
19600529,86,6,2,10.0,0,0
19600529,86,169,10,0.0,0,0
19600529,86,103,6,0.0,0,0
19600529,86,168,1,14.0,1,0
19600529,86,65,5,2.0,0,0
19600529,86,100,8,0.0,0,0
19600207,85,104,7,0.0,0,0
19600207,85,103,6,0.0,0,0
19600207,85,65,5,0.0,0,0
19600207,85,164,3,3.0,0,0
19600207,85,32,4,1.0,0,0
19600207,85,168,1,8.0,1,0
19600207,85,6,2,6.0,0,0
19621007,110,174,8,1.0,0,0
19621007,110,168,3,27.0,1,0
19620916,109,173,14,0.0,0,0
19620916,109,174,8,0.0,0,0
19620916,109,65,1,37.0,3,0
19590531,78,104,8,0.0,0,0
19590530,77,94,6,0.0,0,0
19590530,77,32,5,0.0,0,0
19590530,77,65,4,0.0,0,0
19590530,77,164,3,0.0,0,0
19590531,78,94,6,0.0,0,0
19590531,78,32,4,3.0,0,0
19590531,78,65,2,8.0,1,0
19590531,78,164,5,0.0,0,0
19590531,78,6,3,8.0,0,0
19590531,78,168,1,14.0,1,0
19581019,75,32,6,3.0,0,1
19581019,75,117,1,48.0,6,1
19581019,75,124,8,0.0,0,1
19581019,75,126,9,0.0,0,1
19581019,75,94,7,0.0,0,1
19590510,76,94,6,0.0,0,0
19590510,76,32,5,0.0,0,0
19590510,76,65,4,0.0,0,0
19590510,76,164,3,0.0,0,0
19590510,76,6,2,6.0,0,0
19590510,76,168,1,8.0,1,0
19590530,77,6,2,6.0,0,0
19590530,77,168,1,8.0,1,0
19581019,75,65,4,18.0,0,1
19581019,75,104,5,6.0,0,1
19580907,74,86,3,31.0,2,0
19580907,74,6,2,40.0,2,0
19580907,74,104,5,6.0,0,0
19580907,74,65,4,15.0,0,0
19580907,74,32,6,3.0,0,0
19580907,74,117,1,46.0,5,0
19580907,74,124,8,0.0,0,0
19580907,74,126,9,0.0,0,0
19580907,74,94,7,0.0,0,0
19580824,73,86,3,29.0,2,0
19621229,111,170,2,36.0,3,1
19621229,111,6,6,18.0,0,1
19620916,109,99,9,0.0,0,0
19620916,109,175,17,0.0,0,0
19620916,109,6,5,18.0,0,0
19590705,79,6,2,16.0,1,0
19590705,79,168,1,18.0,1,0
19580824,73,65,4,15.0,0,0
19580824,73,32,6,3.0,0,0
19580824,73,117,1,41.0,4,0
19580824,73,124,8,0.0,0,0
19580824,73,126,9,0.0,0,0
19580824,73,94,7,0.0,0,0
19590718,80,100,10,0.0,0,0
19590718,80,167,8,0.0,0,0
19590718,80,116,5,0.0,0,0
19590718,80,104,7,0.0,0,0
19590718,80,94,9,0.0,0,0
19580824,73,104,5,6.0,0,0
19580824,73,6,2,40.0,2,0
19590718,80,32,4,3.0,0,0
19590718,80,65,3,14.0,1,0
19590718,80,164,6,0.0,0,0
19590718,80,6,2,16.0,1,0
19590718,80,168,1,26.0,2,0
19580803,72,94,7,0.0,0,0
19580803,72,126,9,0.0,0,0
19580803,72,124,8,0.0,0,0
19580803,72,117,2,33.0,3,0
19580803,72,65,4,12.0,0,0
19580803,72,32,6,3.0,0,0
19580803,72,104,5,6.0,0,0
19580803,72,6,1,37.0,2,0
19580803,72,86,3,29.0,2,0
19590802,81,100,10,0.0,0,0
19590802,81,167,8,0.0,0,0
19590802,81,116,6,0.0,0,0
19590802,81,104,7,0.0,0,0
19590802,81,94,9,0.0,0,0
19590802,81,32,4,3.0,0,0
19590802,81,65,3,16.0,1,0
19590802,81,164,5,0.0,0,0
19580719,71,32,6,3.0,0,0
19580719,71,117,2,25.0,2,0
19580719,71,124,8,0.0,0,0
19580719,71,126,9,0.0,0,0
19580719,71,94,7,0.0,0,0
19580719,71,65,4,12.0,0,0
19580719,71,86,3,23.0,2,0
19580719,71,6,1,36.0,2,0
19621229,111,168,3,29.0,1,1
19621229,111,94,5,18.0,1,1
19621229,111,98,9,0.0,0,1
19621229,111,26,4,19.0,0,1
19621007,110,6,6,18.0,0,0
19621007,110,170,2,36.0,3,0
19621007,110,173,14,0.0,0,0
19590802,81,6,2,24.0,2,0
19580706,70,104,5,6.0,0,0
19580706,70,65,4,10.0,0,0
19580706,70,32,6,3.0,0,0
19580706,70,117,2,22.0,2,0
19580706,70,124,8,0.0,0,0
19580706,70,126,9,0.0,0,0
19580706,70,94,7,0.0,0,0
19590802,81,168,1,29.0,2,0
19580615,69,117,3,16.0,2,0
19580615,69,124,8,0.0,0,0
19580615,69,126,9,0.0,0,0
19580615,69,94,7,0.0,0,0
19621007,110,96,13,0.0,0,0
19610910,101,164,6,0.0,0,0
19610910,101,168,4,13.0,0,0
19610910,101,94,3,17.0,0,0
19610806,100,6,1,42.0,4,0
19610806,100,170,2,26.0,2,0
19610715,99,6,1,42.0,4,0
19610715,99,170,2,17.0,1,0
19580615,69,32,6,3.0,0,0
19580615,69,6,1,20.0,0,0
19580615,69,104,5,3.0,0,0
19580530,68,124,8,0.0,0,0
19580530,68,126,9,0.0,0,0
19580530,68,94,7,0.0,0,0
19621007,110,65,1,39.0,3,0
19621007,110,94,5,18.0,1,0
19610702,98,168,4,6.0,0,0
19610702,98,94,3,9.0,0,0
19610702,98,6,1,33.0,3,0
19610702,98,170,2,17.0,1,0
19610618,97,168,3,4.0,0,0
19610618,97,94,4,3.0,0,0
19580530,68,117,3,8.0,1,0
19580530,68,32,6,0.0,0,0
19580530,68,65,4,8.0,0,0
19580530,68,104,5,3.0,0,0
19580530,68,6,2,14.0,0,0
19580530,68,86,1,19.0,2,0
19580526,67,94,7,0.0,0,0
19580526,67,126,9,0.0,0,0
19580526,67,124,8,0.0,0,0
19580526,67,117,3,8.0,1,0
19580615,69,65,4,10.0,0,0
19580526,67,32,6,0.0,0,0
19580518,66,126,8,0.0,0,0
19580518,66,124,7,0.0,0,0
19580518,66,117,6,0.0,0,0
19580518,66,32,5,0.0,0,0
19580518,66,65,4,2.0,0,0
19580518,66,104,3,3.0,0,0
19580518,66,6,2,12.0,0,0
19580518,66,86,1,16.0,2,0
19580526,67,65,4,8.0,0,0
19580526,67,104,5,3.0,0,0
19580526,67,6,2,14.0,0,0
19580526,67,86,1,19.0,2,0
19580119,65,104,3,3.0,0,0
19580119,65,6,2,6.0,0,0
19580119,65,86,1,8.0,1,0
19580615,69,86,2,19.0,2,0
19580706,70,6,1,28.0,1,0
19580706,70,86,3,19.0,2,0
19580719,71,104,5,6.0,0,0
19581019,75,86,3,31.0,2,1
19581019,75,6,2,40.0,2,1
19620916,109,168,3,25.0,1,0
19620805,108,94,5,16.0,1,0
19620805,108,98,7,0.0,0,0
19620916,109,94,6,17.0,1,0
19620916,109,98,7,0.0,0,0
19620916,109,26,4,19.0,0,0
19620805,108,174,10,0.0,0,0
19620805,108,173,14,0.0,0,0
19620805,108,86,9,0.0,0,0
19610618,97,6,1,24.0,2,0
19610618,97,170,2,13.0,1,0
19610522,96,168,4,2.0,0,0
19610522,96,94,3,2.0,0,0
19610514,95,168,4,1.0,0,0
19610514,95,164,5,0.0,0,0
19600904,93,105,12,0.0,0,0
19600814,92,105,11,0.0,0,0
19600716,91,105,11,0.0,0,0
19600703,90,65,4,6.0,0,0
19600619,89,164,5,3.0,0,0
19591212,84,117,15,0.0,0,1
19591212,84,122,16,0.0,0,1
19591212,84,112,7,0.0,0,1
19591212,84,166,11,0.0,0,1
19591212,84,123,12,0.0,0,1
19591212,84,124,13,0.0,0,1
19600529,86,104,7,0.0,0,0
19600529,86,32,3,9.0,1,0
19600529,86,164,4,3.0,0,0
19600606,88,164,5,3.0,0,0
19600619,89,65,4,6.0,0,0
19600619,89,32,2,17.0,1,0
19600619,89,168,1,30.0,3,0
19600619,89,100,10,0.0,0,0
19600619,89,103,6,0.0,0,0
19730714,229,34,4,12.0,0,0
19730714,229,1,3,35.0,2,0
19730714,229,6,5,12.0,0,0
19730701,228,34,5,11.0,0,0
19730701,228,1,3,26.0,1,0
19730303,223,6,4,9.0,0,0
19730303,223,37,10,0.0,0,0
19730303,223,65,5,1.0,0,0
19730303,223,34,6,1.0,0,0
19730128,221,65,6,0.0,0,0
19730128,221,34,5,1.0,0,0
19720501,211,1,1,17.0,1,0
19720304,210,1,1,15.0,1,0
19720304,210,37,5,3.0,0,0
19720123,209,62,4,2.0,0,0
19720604,213,1,2,23.0,1,0
19720604,213,65,5,9.0,1,0
19720604,213,32,1,28.0,2,0
19720514,212,32,2,19.0,1,0
19720514,212,1,1,19.0,1,0
19720501,211,65,8,0.0,0,0
19720501,211,34,7,1.0,0,0
19720501,211,32,2,15.0,1,0
19720304,210,34,7,1.0,0,0
19720304,210,65,8,0.0,0,0
19720123,209,65,7,0.0,0,0
19720123,209,32,8,0.0,0,0
19711003,208,84,12,0.0,0,1
19711003,208,197,11,0.0,0,1
19710919,207,84,12,0.0,0,0
19710919,207,199,10,0.0,0,0
19710905,206,84,12,0.0,0,0
19710905,206,199,10,0.0,0,0
19710815,205,199,11,0.0,0,0
19710815,205,65,3,21.0,1,0
19710801,204,199,11,0.0,0,0
19710801,204,197,10,0.0,0,0
19710717,203,199,11,0.0,0,0
19710717,203,197,10,0.0,0,0
19710704,202,199,11,0.0,0,0
19710704,202,65,3,12.0,0,0
19710620,201,199,11,0.0,0,0
19710620,201,65,3,9.0,0,0
19710523,200,197,10,0.0,0,0
19710418,199,197,10,0.0,0,0
19710306,198,65,10,0.0,0,0
19701025,197,85,10,0.0,0,1
19701025,197,32,1,59.0,6,1
19701025,197,37,3,48.0,1,1
19701025,197,65,6,23.0,1,1
19701025,197,6,2,52.0,4,1
19701004,196,85,10,0.0,0,0
19701004,196,32,1,59.0,6,0
19701004,196,37,3,45.0,1,0
19701004,196,65,6,22.0,1,0
19701004,196,6,2,46.0,3,0
19700920,195,32,1,50.0,5,0
19700920,195,81,6,21.0,0,0
19700920,195,37,3,43.0,1,0
19700920,195,65,7,16.0,1,0
19700920,195,6,2,43.0,3,0
19700906,194,32,1,50.0,5,0
19700906,194,81,6,21.0,0,0
19700906,194,65,7,13.0,1,0
19700906,194,6,4,34.0,2,0
19700816,193,84,11,0.0,0,0
19700816,193,37,2,33.0,1,0
19700816,193,32,1,50.0,5,0
19700816,193,65,7,13.0,1,0
19700816,193,6,5,25.0,1,0
19700802,192,37,2,33.0,1,0
19700802,192,32,1,50.0,5,0
19700802,192,65,7,10.0,1,0
19700802,192,6,5,16.0,0,0
19700718,191,32,1,41.0,4,0
19700718,191,81,5,15.0,0,0
19700718,191,65,6,10.0,1,0
19700718,191,6,7,10.0,0,0
19700705,190,32,1,32.0,3,0
19700705,190,37,2,31.0,1,0
19700705,190,65,6,10.0,1,0
19700705,190,6,7,7.0,0,0
19700621,189,32,2,23.0,2,0
19700621,189,37,1,25.0,1,0
19700621,189,65,6,10.0,1,0
19700621,189,6,7,7.0,0,0
19700607,188,185,3,15.0,0,0
19700607,188,32,4,14.0,1,0
19700607,188,65,6,10.0,1,0
19700607,188,6,7,3.0,0,0
19700510,187,85,7,0.0,0,0
19700510,187,37,4,13.0,1,0
19700510,187,32,3,14.0,1,0
19700510,187,65,6,1.0,0,0
19700510,187,6,8,0.0,0,0
19700419,186,32,4,5.0,0,0
19700419,186,81,5,3.0,0,0
19700419,186,65,6,0.0,0,0
19700419,186,6,7,0.0,0,0
19700307,185,32,5,2.0,0,0
19700307,185,81,4,3.0,0,0
19691005,183,180,3,45.0,2,0
19690920,182,180,2,39.0,2,0
19690907,181,180,3,30.0,1,0
19690803,180,6,5,4.0,0,0
19690719,179,185,3,20.0,0,0
19690706,178,185,3,18.0,0,0
19690621,177,6,5,4.0,0,0
19700307,185,6,7,0.0,0,0
19691019,184,181,10,0.0,0,1
19691019,184,178,3,47.0,2,1
19691019,184,6,6,7.0,0,1
19691019,184,180,2,49.0,2,1
19691005,183,194,1,63.0,6,0
19691005,183,65,6,6.0,0,0
19691005,183,185,4,29.0,0,0
19691005,183,189,8,0.0,0,0
19691005,183,6,5,7.0,0,0
19690920,182,195,9,0.0,0,0
19690920,182,178,3,38.0,1,0
19690920,182,164,7,0.0,0,0
19690920,182,65,6,2.0,0,0
19690920,182,189,8,0.0,0,0
19690920,182,6,5,5.0,0,0
19690907,181,65,6,2.0,0,0
19690907,181,185,4,27.0,0,0
19690907,181,189,8,0.0,0,0
19690907,181,6,5,5.0,0,0
19690803,180,195,9,0.0,0,0
19690803,180,189,8,0.0,0,0
19690803,180,180,3,28.0,1,0
19690719,179,189,8,0.0,0,0
19690719,179,6,5,4.0,0,0
19690719,179,180,4,19.0,0,0
19690706,178,189,8,0.0,0,0
19690706,178,6,5,4.0,0,0
19690706,178,180,4,13.0,0,0
19690621,177,185,3,15.0,0,0
19690621,177,189,8,0.0,0,0
19690621,177,180,4,9.0,0,0
19690518,176,6,8,0.0,0,0
19690518,176,189,7,0.0,0,0
19690518,176,180,4,7.0,0,0
19690504,175,6,7,0.0,0,0
19690504,175,180,5,1.0,0,0
19690301,174,189,5,0.0,0,0
19690301,174,6,6,0.0,0,0
19690301,174,180,7,0.0,0,0
19681103,173,1,14,0.0,0,1
19681103,173,26,13,0.0,0,1
19681103,173,81,9,8.0,0,1
19681103,173,185,2,49.0,3,1
19681103,173,193,7,14.0,0,1
19681103,173,65,5,28.0,0,1
19681006,172,1,14,0.0,0,0
19681006,172,26,13,0.0,0,0
19681006,172,81,9,8.0,0,0
19681006,172,185,3,43.0,3,0
19681006,172,193,6,14.0,0,0
19681006,172,65,5,25.0,0,0
19680922,171,1,14,0.0,0,0
19680922,171,26,13,0.0,0,0
19680922,171,168,17,0.0,0,0
19680922,171,88,16,0.0,0,0
19680922,171,181,15,0.0,0,0
19680922,171,188,12,0.0,0,0
19680908,170,1,14,0.0,0,0
19680908,170,26,13,0.0,0,0
19680908,170,81,8,8.0,0,0
19680908,170,185,4,31.0,2,0
19680908,170,193,6,12.0,0,0
19680908,170,65,5,21.0,0,0
19680804,169,1,14,0.0,0,0
19680804,169,26,13,0.0,0,0
19680804,169,168,17,0.0,0,0
19680804,169,88,16,0.0,0,0
19680804,169,181,15,0.0,0,0
19680804,169,188,12,0.0,0,0
19680720,168,81,8,6.0,0,0
19680720,168,185,3,22.0,1,0
19680720,168,193,6,12.0,0,0
19680720,168,65,5,17.0,0,0
19680720,168,168,15,0.0,0,0
19680707,167,168,15,0.0,0,0
19680707,167,88,14,0.0,0,0
19680707,167,188,13,0.0,0,0
19680707,167,181,12,0.0,0,0
19680707,167,65,5,17.0,0,0
19680623,166,168,15,0.0,0,0
19680623,166,88,14,0.0,0,0
19680623,166,188,13,0.0,0,0
19680623,166,181,12,0.0,0,0
19680623,166,65,3,16.0,0,0
19680609,165,81,11,0.0,0,0
19680609,165,185,2,17.0,1,0
19680609,165,193,4,9.0,0,0
19680609,165,65,3,12.0,0,0
19680609,165,168,15,0.0,0,0
19680526,164,168,15,0.0,0,0
19680526,164,88,14,0.0,0,0
19680526,164,188,13,0.0,0,0
19680526,164,181,12,0.0,0,0
19680526,164,65,4,6.0,0,0
19680512,163,65,10,0.0,0,0
19680512,163,168,14,0.0,0,0
19680512,163,88,13,0.0,0,0
19680512,163,188,12,0.0,0,0
19680101,162,193,13,0.0,0,0
19680101,162,65,12,0.0,0,0
19680101,162,168,11,0.0,0,0
19671022,161,182,15,0.0,0,1
19671022,161,191,20,0.0,0,1
19671022,161,26,14,0.0,0,1
19671022,161,81,18,0.0,0,1
19671022,161,89,19,0.0,0,1
19671022,161,187,17,0.0,0,1
19671022,161,185,12,0.0,0,1
19671022,161,180,13,0.0,0,1
19671001,160,182,15,0.0,0,0
19671001,160,191,20,0.0,0,0
19671001,160,26,14,0.0,0,0
19671001,160,81,18,0.0,0,0
19671001,160,89,19,0.0,0,0
19671001,160,187,17,0.0,0,0
19671001,160,185,13,0.0,0,0
19671001,160,180,12,0.0,0,0
19670910,159,182,14,0.0,0,0
19670910,159,191,19,0.0,0,0
19670910,159,26,13,0.0,0,0
19670910,159,81,17,0.0,0,0
19670910,159,89,18,0.0,0,0
19670910,159,187,16,0.0,0,0
19670910,159,180,12,0.0,0,0
19670827,158,182,14,0.0,0,0
19670827,158,191,19,0.0,0,0
19670827,158,26,13,0.0,0,0
19670827,158,81,17,0.0,0,0
19670827,158,89,18,0.0,0,0
19670827,158,187,16,0.0,0,0
19670827,158,180,12,0.0,0,0
19670806,157,89,18,0.0,0,0
19670806,157,26,13,0.0,0,0
19670806,157,180,12,0.0,0,0
19670806,157,191,19,0.0,0,0
19670806,157,178,3,19.0,2,0
19670806,157,81,17,0.0,0,0
19670806,157,188,6,9.0,1,0
19670715,156,182,12,0.0,0,0
19670715,156,81,15,0.0,0,0
19670715,156,187,14,0.0,0,0
19670715,156,191,16,0.0,0,0
19670715,156,188,6,9.0,1,0
19670715,156,178,2,19.0,2,0
19670702,155,182,12,0.0,0,0
19670702,155,81,15,0.0,0,0
19670702,155,187,14,0.0,0,0
19670702,155,188,6,9.0,1,0
19670702,155,178,5,10.0,1,0
19670618,154,178,4,10.0,1,0
19670618,154,81,15,0.0,0,0
19670618,154,188,5,9.0,1,0
19670618,154,170,13,0.0,0,0
19670618,154,192,10,3.0,0,0
19670604,153,178,3,9.0,1,0
19670604,153,81,15,0.0,0,0
19670604,153,188,14,0.0,0,0
19670604,153,170,12,0.0,0,0
19670604,153,192,8,3.0,0,0
19670507,152,182,10,0.0,0,0
19670507,152,188,13,0.0,0,0
19670507,152,81,14,0.0,0,0
19670507,152,187,12,0.0,0,0
19670102,151,65,9,0.0,0,0
19670102,151,187,8,0.0,0,0
19661023,150,181,10,1.0,0,1
19661023,150,189,1,42.0,4,1
19661023,150,6,2,31.0,2,1
19661023,150,186,12,1.0,0,1
19661023,150,190,13,0.0,0,1
19661023,150,187,7,4.0,0,1
19661023,150,65,4,22.0,1,1
19661023,150,170,6,8.0,0,1
19661023,150,179,11,1.0,0,1
19661023,150,174,5,13.0,1,1
19661002,149,179,10,1.0,0,0
19661002,149,189,1,40.0,4,0
19661002,149,164,3,24.0,0,0
19661002,149,190,12,0.0,0,0
19661002,149,187,7,2.0,0,0
19661002,149,65,4,22.0,1,0
19661002,149,181,9,1.0,0,0
19661002,149,170,6,8.0,0,0
19661002,149,174,5,13.0,1,0
19660904,148,187,7,2.0,0,0
19660904,148,190,11,0.0,0,0
19660904,148,65,3,22.0,1,0
19660904,148,181,8,1.0,0,0
19660904,148,170,5,7.0,0,0
19660904,148,179,9,1.0,0,0
19660904,148,174,6,4.0,0,0
19660904,148,189,1,40.0,4,0
19660807,147,65,3,22.0,1,0
19660807,147,174,7,2.0,0,0
19660807,147,179,8,1.0,0,0
19660807,147,170,5,7.0,0,0
19660807,147,187,6,2.0,0,0
19660807,147,181,10,0.0,0,0
19660807,147,189,1,39.0,4,0
19660724,146,189,1,30.0,3,0
19660724,146,174,7,2.0,0,0
19660724,146,179,8,1.0,0,0
19660724,146,170,5,7.0,0,0
19660724,146,181,10,0.0,0,0
19660724,146,65,3,19.0,1,0
19660724,146,187,6,2.0,0,0
19660716,145,65,3,13.0,1,0
19660716,145,187,6,2.0,0,0
19660716,145,181,9,0.0,0,0
19660716,145,170,5,3.0,0,0
19660716,145,179,7,1.0,0,0
19660716,145,174,11,0.0,0,0
19660716,145,189,1,21.0,2,0
19660703,144,179,6,1.0,0,0
19660703,144,170,8,0.0,0,0
19660703,144,181,7,0.0,0,0
19660703,144,174,9,0.0,0,0
19660703,144,189,2,12.0,1,0
19660612,143,65,2,9.0,1,0
19660612,143,186,11,0.0,0,0
19660612,143,170,6,0.0,0,0
19660612,143,179,8,0.0,0,0
19660612,143,174,7,0.0,0,0
19660612,143,189,4,3.0,0,0
19660522,142,181,8,0.0,0,0
19660522,142,170,4,0.0,0,0
19660522,142,174,6,0.0,0,0
19660522,142,189,7,0.0,0,0
19651024,141,179,7,5.0,0,1
19651024,141,168,5,14.0,0,1
19651024,141,6,4,26.0,0,1
19651024,141,170,1,54.0,6,1
19651024,141,174,8,2.0,0,1
19651024,141,184,12,0.0,0,1
19651024,141,182,13,0.0,0,1
19651024,141,178,14,0.0,0,1
19651024,141,92,15,0.0,0,1
19651024,141,164,16,0.0,0,1
19651024,141,11,6,11.0,1,1
19651003,140,170,1,54.0,6,0
19651003,140,6,3,26.0,0,0
19651003,140,179,6,2.0,0,0
19651003,140,181,4,24.0,0,0
19651003,140,174,8,1.0,0,0
19651003,140,184,12,0.0,0,0
19651003,140,182,13,0.0,0,0
19651003,140,178,14,0.0,0,0
19651003,140,92,15,0.0,0,0
19651003,140,164,16,0.0,0,0
19651003,140,11,7,2.0,0,0
19650912,139,179,6,2.0,0,0
19650912,139,168,5,13.0,0,0
19650912,139,170,1,54.0,6,0
19650912,139,174,8,1.0,0,0
19650912,139,184,12,0.0,0,0
19650912,139,182,13,0.0,0,0
19650912,139,178,14,0.0,0,0
19650912,139,92,15,0.0,0,0
19650912,139,164,16,0.0,0,0
19650912,139,11,7,2.0,0,0
19650801,138,179,6,2.0,0,0
19650801,138,168,5,11.0,0,0
19650801,138,6,3,21.0,0,0
19650801,138,170,1,54.0,6,0
19650801,138,174,9,0.0,0,0
19650801,138,184,12,0.0,0,0
19650801,138,182,13,0.0,0,0
19650801,138,178,14,0.0,0,0
19650801,138,92,15,0.0,0,0
19650801,138,164,16,0.0,0,0
19650801,138,11,7,2.0,0,0
19650718,137,170,1,45.0,5,0
19650718,137,6,3,20.0,0,0
19650718,137,179,6,2.0,0,0
19650718,137,181,4,11.0,0,0
19650718,137,174,9,0.0,0,0
19650718,137,184,12,0.0,0,0
19650718,137,182,13,0.0,0,0
19650718,137,178,14,0.0,0,0
19650718,137,92,15,0.0,0,0
19650718,137,164,16,0.0,0,0
19650718,137,11,7,2.0,0,0
19650710,136,179,6,2.0,0,0
19650710,136,168,4,8.0,0,0
19650710,136,170,1,36.0,4,0
19650710,136,174,10,0.0,0,0
19650710,136,184,12,0.0,0,0
19650710,136,182,13,0.0,0,0
19650710,136,178,14,0.0,0,0
19650710,136,92,15,0.0,0,0
19650710,136,164,16,0.0,0,0
19650710,136,11,7,1.0,0,0
19650627,135,170,1,27.0,3,0
19650627,135,6,3,16.0,0,0
19650627,135,179,6,2.0,0,0
19650627,135,181,5,6.0,0,0
19650627,135,174,10,0.0,0,0
19650627,135,184,12,0.0,0,0
19650627,135,182,13,0.0,0,0
19650627,135,178,14,0.0,0,0
19650627,135,92,15,0.0,0,0
19650627,135,164,16,0.0,0,0
19650627,135,11,7,1.0,0,0
19650613,134,179,6,1.0,0,0
19650613,134,168,4,8.0,0,0
19650613,134,6,3,12.0,0,0
19650613,134,170,2,18.0,2,0
19650613,134,174,10,0.0,0,0
19650613,134,184,12,0.0,0,0
19650613,134,182,13,0.0,0,0
19650613,134,178,14,0.0,0,0
19650613,134,92,15,0.0,0,0
19650613,134,164,16,0.0,0,0
19650613,134,11,7,1.0,0,0
19650530,133,183,10,0.0,0,0
19650530,133,181,6,0.0,0,0
19650530,133,179,5,1.0,0,0
19650530,133,170,3,9.0,1,0
19650530,133,174,9,0.0,0,0
19650530,133,184,12,0.0,0,0
19650530,133,182,13,0.0,0,0
19650530,133,178,14,0.0,0,0
19650530,133,92,15,0.0,0,0
19650530,133,164,16,0.0,0,0
19650530,133,11,11,0.0,0,0
19650101,132,65,3,4.0,0,0
19650101,132,183,10,0.0,0,0
19650101,132,184,11,0.0,0,0
19650101,132,182,12,0.0,0,0
19650101,132,178,13,0.0,0,0
19650101,132,92,14,0.0,0,0
19650101,132,164,15,0.0,0,0
19641025,131,179,6,7.0,0,1
19641025,131,6,1,45.0,3,1
19641025,131,93,7,5.0,0,1
19641025,131,181,4,30.0,2,1
19641025,131,174,8,3.0,0,1
19641025,131,168,5,16.0,0,1
19641025,131,170,3,37.0,3,1
19641025,131,65,2,42.0,2,1
19641004,130,179,6,7.0,0,0
19641004,130,6,1,43.0,3,0
19641004,130,93,7,5.0,0,0
19641004,130,181,4,21.0,1,0
19641004,130,174,8,3.0,0,0
19641004,130,168,5,16.0,0,0
19641004,130,170,3,36.0,3,0
19641004,130,65,2,42.0,2,0
19640906,129,170,3,35.0,3,0
19640906,129,179,7,3.0,0,0
19640906,129,93,6,4.0,0,0
19640906,129,168,5,16.0,0,0
19640906,129,174,8,3.0,0,0
19640906,129,181,4,21.0,1,0
19640906,129,6,1,37.0,3,0
19640823,128,65,1,36.0,1,0
19640823,128,179,6,3.0,0,0
19640823,128,168,5,10.0,0,0
19640823,128,174,7,3.0,0,0
19640823,128,181,4,21.0,1,0
19640823,128,6,3,28.0,2,0
19640802,127,91,10,0.0,0,0
19640802,127,170,1,34.0,3,0
19640802,127,179,6,3.0,0,0
19640802,127,168,5,10.0,0,0
19640802,127,174,7,3.0,0,0
19640802,127,181,4,17.0,1,0
19640802,127,6,3,19.0,1,0
19640711,126,180,11,0.0,0,0
19640711,126,168,5,10.0,0,0
19640711,126,174,6,3.0,0,0
19640711,126,181,3,17.0,1,0
19640711,126,6,4,10.0,0,0
19640628,125,94,10,0.0,0,0
19640628,125,170,1,25.0,2,0
19640628,125,174,6,3.0,0,0
19640628,125,181,3,14.0,1,0
19640628,125,6,5,6.0,0,0
19640614,124,91,9,0.0,0,0
19640614,124,168,3,8.0,0,0
19640614,124,179,8,0.0,0,0
19640614,124,93,7,0.0,0,0
19640614,124,174,6,3.0,0,0
19640614,124,181,5,5.0,0,0
19640614,124,6,4,6.0,0,0
19640524,123,91,10,0.0,0,0
19631228,121,171,22,0.0,0,1
19631228,121,175,20,0.0,0,1
19631228,121,93,6,6.0,0,1
19631228,121,65,2,36.0,2,1
19631228,121,94,7,5.0,0,1
19631228,121,6,4,26.0,1,1
19631228,121,170,1,54.0,7,1
19631228,121,174,8,4.0,0,1
19631228,121,26,9,0.0,0,1
19631228,121,34,3,28.0,0,1
19631228,121,53,12,0.0,0,1
19631228,121,91,11,0.0,0,1
19631027,120,32,15,0.0,0,0
19631027,120,177,18,0.0,0,0
19631027,120,170,1,54.0,6,0
19631027,120,168,5,23.0,0,0
19631027,120,26,9,0.0,0,0
19631027,120,34,4,24.0,0,0
19631027,120,53,12,0.0,0,0
19631027,120,91,11,0.0,0,0
19631006,119,171,18,0.0,0,0
19631006,119,175,16,0.0,0,0
19631006,119,93,6,6.0,0,0
19631006,119,65,2,35.0,2,0
19631006,119,26,9,0.0,0,0
19631006,119,34,5,18.0,0,0
19631006,119,53,12,0.0,0,0
19631006,119,91,11,0.0,0,0
19630908,118,96,12,0.0,0,0
19630908,118,168,4,21.0,0,0
19630908,118,174,8,4.0,0,0
19630908,118,26,9,0.0,0,0
19630908,118,34,5,15.0,0,0
19630908,118,53,11,0.0,0,0
19630908,118,91,10,0.0,0,0
19630804,117,175,14,0.0,0,0
19630804,117,168,4,17.0,0,0
19630804,117,94,6,4.0,0,0
19630804,117,34,5,13.0,0,0
19630804,117,91,10,0.0,0,0
19630720,116,65,2,18.0,1,0
19630720,116,174,7,2.0,0,0
19630720,116,34,4,13.0,0,0
19630720,116,91,10,0.0,0,0
19630630,115,94,8,1.0,0,0
19630630,115,91,10,0.0,0,0
19630630,115,93,6,3.0,0,0
19630630,115,26,9,0.0,0,0
19630630,115,53,11,0.0,0,0
19630623,114,65,2,14.0,1,0
19630623,114,6,5,7.0,0,0
19630623,114,34,4,10.0,0,0
19630623,114,91,9,0.0,0,0
19630609,113,168,3,10.0,0,0
19630609,113,170,2,10.0,1,0
19621229,111,96,15,0.0,0,1
19621229,111,34,7,6.0,0,1
19621229,111,99,10,0.0,0,1
19621229,111,65,1,42.0,4,1
19621229,111,173,16,0.0,0,1
19621007,110,98,9,0.0,0,0
19621007,110,26,4,19.0,0,0
19610910,101,6,1,45.0,5,0
19610910,101,170,2,26.0,2,0
19610522,96,6,1,15.0,1,0
19610522,96,170,2,13.0,1,0
19610514,95,65,6,0.0,0,0
19610514,95,98,7,0.0,0,0
19591212,84,100,14,0.0,0,1
19591212,84,167,10,0.0,0,1
19591212,84,116,5,0.0,0,1
19591212,84,104,9,0.0,0,1
19591212,84,94,8,0.0,0,1
19591212,84,32,4,5.0,0,1
19591212,84,65,3,18.0,1,1
19591212,84,164,6,0.0,0,1
19591212,84,6,2,32.0,2,1
19591212,84,168,1,40.0,5,1
19590913,83,104,7,0.0,0,0
19590913,83,94,9,0.0,0,0
19590913,83,32,4,3.0,0,0
19590913,83,65,3,18.0,1,0
19590913,83,164,6,0.0,0,0
19590913,83,6,2,32.0,2,0
19590913,83,168,1,38.0,4,0
19590823,82,32,4,3.0,0,0
19590823,82,65,3,18.0,1,0
19590823,82,164,6,0.0,0,0
19590823,82,6,2,28.0,2,0
19590823,82,168,1,34.0,3,0
19750608,257,63,5,7.0,0,0
19750608,257,6,1,35.0,3,0
19750608,257,66,9,2.0,0,0
19750608,257,200,8,2.5,0,0
19750608,257,32,6,6.0,0,0
19750622,258,63,5,16.0,1,0
19750622,258,6,1,41.0,3,0
19750622,258,66,9,2.0,0,0
19750622,258,200,7,3.5,0,0
19750706,259,34,2,36.0,1,0
19750706,259,55,17,0.0,0,0
19750706,259,6,1,50.0,4,0
19750706,259,66,9,2.0,0,0
19750706,259,200,8,3.5,0,0
19750719,260,34,2,42.0,1,0
19750719,260,55,17,0.0,0,0
19750719,260,6,1,50.0,4,0
19750719,260,200,8,3.5,0,0
19750803,261,34,2,51.0,2,0
19750803,261,55,17,0.0,0,0
19750803,261,6,1,54.0,4,0
19750803,261,200,6,6.5,0,0
19750817,262,26,16,0.0,0,0
19750817,262,37,7,7.5,1,0
19750817,262,32,8,7.0,0,0
19750817,262,200,6,8.5,0,0
19750907,263,26,16,0.0,0,0
19750907,263,37,7,7.5,1,0
19750907,263,32,8,7.0,0,0
19750907,263,200,6,9.5,0,0
19751005,264,26,17,0.0,0,1
19751005,264,37,8,7.5,1,1
19751005,264,32,7,9.0,0,1
19751005,264,200,6,9.5,0,1
19760125,265,65,13,0.0,0,0
19760306,266,63,15,0.0,0,0
19760328,267,63,16,0.0,0,0
19760502,268,63,17,0.0,0,0
19760502,268,180,19,0.0,0,0
19760516,269,65,19,0.0,0,0
19760516,269,63,18,0.0,0,0
19760530,270,65,19,0.0,0,0
19760530,270,63,18,0.0,0,0
19760613,271,63,18,0.0,0,0
19760613,271,65,19,0.0,0,0
19760704,272,69,15,0.0,0,0
19760704,272,180,17,0.0,0,0
19760718,273,69,16,0.0,0,0
19760718,273,180,18,0.0,0,0
19760801,274,63,15,0.0,0,0
19760801,274,65,19,0.0,0,0
19760815,275,63,15,0.0,0,0
19760815,275,65,19,0.0,0,0
19760829,276,63,15,0.0,0,0
19760829,276,65,19,0.0,0,0
19760912,277,63,15,0.0,0,0
19760912,277,65,19,0.0,0,0
19761003,278,63,15,0.0,0,0
19761003,278,65,19,0.0,0,0
19761010,279,63,15,0.0,0,0
19761010,279,65,19,0.0,0,0
19761024,280,65,20,0.0,0,1
19761024,280,73,21,0.0,0,1
19790121,314,21,6,0.0,0,0
19790121,314,56,8,0.0,0,0
19790121,314,58,10,0.0,0,0
19790121,314,4,12,0.0,0,0
19790204,315,32,2,12.0,0,0
19790204,315,1,3,4.0,0,0
19790204,315,55,6,1.0,0,0
19790204,315,202,14,0.0,0,0
19790121,314,202,13,0.0,0,0
19790408,317,6,1,33.0,2,0
19790408,317,32,3,20.0,0,0
19790408,317,1,5,4.0,0,0
19790429,318,60,16,0.0,0,0
19790429,318,56,13,0.0,0,0
19790429,318,25,4,11.0,0,0
19790429,318,57,9,0.0,0,0
19790513,319,56,14,0.0,0,0
19790513,319,25,4,15.0,0,0
19790527,320,56,14,0.0,0,0
19790527,320,25,4,15.0,0,0
19790701,321,3,5,14.0,0,0
19790701,321,58,12,0.0,0,0
19790701,321,4,6,13.0,1,0
19790714,322,3,4,23.0,1,0
19790714,322,55,10,1.0,0,0
19790714,322,58,12,0.0,0,0
19790714,322,4,6,19.0,1,0
19790729,323,6,1,65.0,4,0
19790729,323,58,12,0.0,0,0
19790729,323,25,5,21.0,0,0
19790729,323,202,9,1.0,0,0
19790729,323,4,6,19.0,1,0
19790826,325,56,14,0.0,0,0
19790826,325,57,11,0.0,0,0
19790826,325,1,7,13.0,0,0
19790826,325,27,2,61.0,3,0
19790909,326,21,9,5.0,0,0
19790909,326,55,10,1.0,0,0
19790909,326,32,4,39.0,0,0
19790909,326,27,3,61.0,3,0
19790930,327,57,11,0.0,0,0
19790930,327,1,7,14.0,0,0
19790930,327,32,4,39.0,0,0
19790930,327,27,3,61.0,3,0
19791007,328,21,9,5.0,0,1
19791007,328,55,12,1.0,0,1
19791007,328,32,4,39.0,0,1
19791007,328,27,3,61.0,3,1
20100314,821,6,1,43.0,1,0
20100314,821,1,2,21.0,0,0
20100314,821,9,4,16.0,0,0
20100314,821,130,3,18.0,0,0
20100314,821,10,5,2.0,0,0
20100314,821,3,6,1.0,0,0
20100314,821,4,7,0.0,0,0
20100314,821,5,8,0.0,0,0
20100314,821,203,9,0.0,0,0
20100314,821,15,10,0.0,0,0
20100314,821,163,11,0.0,0,0
20100314,821,165,12,0.0,0,0
20100328,822,6,1,70.0,1,0
20100328,822,1,2,54.0,1,0
20100328,822,9,5,18.0,0,0
20100328,822,130,3,29.0,0,0
20100328,822,10,6,8.0,0,0
20100328,822,3,7,5.0,0,0
20100328,822,4,4,18.0,0,0
20100328,822,5,8,0.0,0,0
20100328,822,203,10,0.0,0,0
20100328,822,15,9,0.0,0,0
20100328,822,163,11,0.0,0,0
20100328,822,165,12,0.0,0,0
20100404,823,6,1,76.0,1,0
20100404,823,1,2,66.0,1,0
20100404,823,9,3,61.0,1,0
20100404,823,130,4,44.0,0,0
20100404,823,10,6,18.0,0,0
20100404,823,3,7,6.0,0,0
20100404,823,4,5,30.0,0,0
20100404,823,5,8,2.0,0,0
20100404,823,203,10,0.0,0,0
20100404,823,15,9,0.0,0,0
20100404,823,163,11,0.0,0,0
20100404,823,165,12,0.0,0,0
20100418,824,6,2,90.0,1,0
20100418,824,1,1,109.0,2,0
20100418,824,9,3,73.0,1,0
20100418,824,130,4,60.0,0,0
20100418,824,10,6,18.0,0,0
20100418,824,3,7,6.0,0,0
20100418,824,4,5,46.0,0,0
20100418,824,5,8,2.0,0,0
20100418,824,203,10,0.0,0,0
20100418,824,15,9,0.0,0,0
20100418,824,163,11,0.0,0,0
20100418,824,165,12,0.0,0,0
20100509,825,6,2,116.0,1,0
20100509,825,1,1,119.0,2,0
20100509,825,9,3,113.0,2,0
20100509,825,130,4,72.0,0,0
20100509,825,10,6,24.0,0,0
20100509,825,3,7,8.0,0,0
20100509,825,4,5,50.0,0,0
20100509,825,5,8,3.0,0,0
20100509,825,203,10,0.0,0,0
20100509,825,15,9,0.0,0,0
20100509,825,163,11,0.0,0,0
20100509,825,165,12,0.0,0,0
20100530,827,6,3,146.0,1,0
20100516,826,165,12,0.0,0,0
20100516,826,163,11,0.0,0,0
20100516,826,203,10,0.0,0,0
20100516,826,4,5,65.0,0,0
20100516,826,130,4,78.0,0,0
20100516,826,15,9,0.0,0,0
20100516,826,3,7,8.0,0,0
20100516,826,5,8,4.0,0,0
20100516,826,10,6,30.0,0,0
20100516,826,9,1,156.0,3,0
20100516,826,1,3,129.0,2,0
20100516,826,6,2,136.0,1,0
20100530,827,1,1,172.0,3,0
20100530,827,9,2,171.0,3,0
20100530,827,130,4,100.0,0,0
20100530,827,10,6,32.0,0,0
20100530,827,3,7,8.0,0,0
20100530,827,4,5,73.0,0,0
20100530,827,5,8,4.0,0,0
20100530,827,203,10,0.0,0,0
20100530,827,15,9,1.0,0,0
20100530,827,163,11,0.0,0,0
20100530,827,165,12,0.0,0,0
20100613,828,6,3,161.0,1,0
20100613,828,1,1,215.0,4,0
20100613,828,9,2,193.0,3,0
20100613,828,130,4,108.0,0,0
20100613,828,10,6,35.0,0,0
20100613,828,3,8,8.0,0,0
20100613,828,4,5,79.0,0,0
20100613,828,5,7,8.0,0,0
20100613,828,203,10,0.0,0,0
20100613,828,15,9,1.0,0,0
20100613,828,163,11,0.0,0,0
20100613,828,165,12,0.0,0,0
20100627,829,6,3,165.0,1,0
20100627,829,1,1,248.0,4,0
20100627,829,9,2,218.0,4,0
20100627,829,130,4,109.0,0,0
20100627,829,10,6,43.0,0,0
20100627,829,3,7,20.0,0,0
20100627,829,4,5,89.0,0,0
20100627,829,5,8,10.0,0,0
20100627,829,203,10,0.0,0,0
20100627,829,15,9,7.0,0,0
20100627,829,163,11,0.0,0,0
20100627,829,165,12,0.0,0,0
20100711,830,6,3,165.0,1,0
20100711,830,1,1,278.0,4,0
20100711,830,9,2,249.0,5,0
20100711,830,130,4,126.0,0,0
20100711,830,10,6,47.0,0,0
20100711,830,3,7,31.0,0,0
20100711,830,4,5,89.0,0,0
20100711,830,5,9,10.0,0,0
20100711,830,203,10,0.0,0,0
20100711,830,15,8,15.0,0,0
20100711,830,163,11,0.0,0,0
20100711,830,165,12,0.0,0,0
20100725,831,6,3,208.0,2,0
20100725,831,1,1,300.0,4,0
20100725,831,9,2,272.0,5,0
20100725,831,130,4,132.0,0,0
20100725,831,10,6,47.0,0,0
20100725,831,3,7,31.0,0,0
20100725,831,4,5,96.0,0,0
20100725,831,5,9,10.0,0,0
20100725,831,203,10,0.0,0,0
20100725,831,15,8,15.0,0,0
20100725,831,163,11,0.0,0,0
20100725,831,165,12,0.0,0,0
20100801,832,6,3,238.0,2,0
20100801,832,1,2,304.0,4,0
20100801,832,9,1,312.0,6,0
20100801,832,130,4,132.0,0,0
20100801,832,10,6,47.0,0,0
20100801,832,3,7,40.0,0,0
20100801,832,4,5,106.0,0,0
20100801,832,5,9,10.0,0,0
20100801,832,203,10,0.0,0,0
20100801,832,15,8,23.0,0,0
20100801,832,163,11,0.0,0,0
20100801,832,165,12,0.0,0,0
20100829,833,6,3,250.0,2,0
20100829,833,1,2,329.0,5,0
20100829,833,9,1,330.0,6,0
20100829,833,130,4,146.0,0,0
20100829,833,10,6,58.0,0,0
20100829,833,3,7,40.0,0,0
20100829,833,4,5,123.0,0,0
20100829,833,5,9,10.0,0,0
20100829,833,203,10,0.0,0,0
20100829,833,15,8,27.0,0,0
20100829,833,163,11,0.0,0,0
20100829,833,165,12,0.0,0,0
20100912,834,6,3,290.0,3,0
20100912,834,1,2,347.0,5,0
20100912,834,9,1,350.0,6,0
20100912,834,130,4,158.0,0,0
20100912,834,10,6,58.0,0,0
20100912,834,3,7,47.0,0,0
20100912,834,4,5,127.0,0,0
20100912,834,5,9,10.0,0,0
20100912,834,203,10,0.0,0,0
20100912,834,15,8,27.0,0,0
20100912,834,163,11,0.0,0,0
20100912,834,165,12,0.0,0,0
20100926,835,165,12,0.0,0,0
20100926,835,163,11,0.0,0,0
20100926,835,15,8,27.0,0,0
20100926,835,203,10,0.0,0,0
20100926,835,5,9,10.0,0,0
20100926,835,4,5,133.0,0,0
20100926,835,1,2,359.0,5,0
20100926,835,9,1,383.0,6,0
20100926,835,130,4,168.0,0,0
20100926,835,10,6,60.0,0,0
20100926,835,3,7,56.0,0,0
20100926,835,6,3,319.0,4,0
20101024,837,165,12,0.0,0,0
20101010,836,165,12,0.0,0,0
20101010,836,163,11,0.0,0,0
20101010,836,15,8,37.0,0,0
20101010,836,203,10,0.0,0,0
20101010,836,5,9,11.0,0,0
20101010,836,4,5,133.0,0,0
20101010,836,1,2,381.0,5,0
20101010,836,9,1,426.0,7,0
20101010,836,130,4,176.0,0,0
20101010,836,10,6,60.0,0,0
20101010,836,3,7,58.0,0,0
20101010,836,6,3,334.0,4,0
20101024,837,15,8,43.0,0,0
20101024,837,5,9,11.0,0,0
20101024,837,3,7,65.0,0,0
20101024,837,130,4,188.0,0,0
20101024,837,163,11,0.0,0,0
20101024,837,4,5,143.0,0,0
20101024,837,203,10,0.0,0,0
20101024,837,9,1,426.0,7,0
20101024,837,10,6,68.0,0,0
20101024,837,1,2,399.0,5,0
20101024,837,6,3,374.0,5,0
20101107,838,6,3,389.0,5,0
20101107,838,1,2,421.0,5,0
20101107,838,9,1,469.0,8,0
20101107,838,130,4,202.0,0,0
20101107,838,10,7,68.0,0,0
20101107,838,3,6,69.0,0,0
20101107,838,4,5,145.0,0,0
20101107,838,5,9,11.0,0,0
20101107,838,203,10,0.0,0,0
20101107,838,15,8,44.0,0,0
20101107,838,163,11,0.0,0,0
20101107,838,165,12,0.0,0,0
20101114,839,6,3,396.0,5,1
20101114,839,1,2,454.0,5,1
20101114,839,9,1,498.0,9,1
20101114,839,130,4,214.0,0,1
20101114,839,10,7,68.0,0,1
20101114,839,3,6,69.0,0,1
20101114,839,4,5,163.0,0,1
20101114,839,5,9,13.0,0,1
20101114,839,203,10,0.0,0,1
20101114,839,15,8,44.0,0,1
20101114,839,163,11,0.0,0,1
20101114,839,165,12,0.0,0,1
20050508,736,4,1,58.0,4,0
20110410,841,4,4,30.0,0,0
20110410,841,1,2,48.0,0,0
20110410,841,9,1,72.0,2,0
20110327,840,130,10,0.0,0,0
20110327,840,3,9,0.0,0,0
20110327,840,165,8,0.0,0,0
20110327,840,203,7,0.0,0,0
20110327,840,10,6,3.0,0,0
20110327,840,5,5,4.0,0,0
20110327,840,6,3,18.0,0,0
20110327,840,4,4,15.0,0,0
20110327,840,1,2,26.0,0,0
20110327,840,9,1,35.0,1,0
20110410,841,6,3,36.0,0,0
20110410,841,5,6,4.0,0,0
20110410,841,10,7,4.0,0,0
20110410,841,203,9,0.0,0,0
20110410,841,165,10,0.0,0,0
20110410,841,3,11,0.0,0,0
20110410,841,130,8,2.0,0,0
20110410,841,15,5,6.0,0,0
20110410,841,163,12,0.0,0,0
20110417,842,9,1,105.0,2,0
20110417,842,1,2,85.0,1,0
20110417,842,4,4,32.0,0,0
20110417,842,6,3,50.0,0,0
20110417,842,5,7,4.0,0,0
20110417,842,10,8,4.0,0,0
20110417,842,203,9,0.0,0,0
20110417,842,165,11,0.0,0,0
20110417,842,3,10,0.0,0,0
20110417,842,130,5,16.0,0,0
20110417,842,15,6,7.0,0,0
20110417,842,163,12,0.0,0,0
20110508,843,9,1,148.0,3,0
20110508,843,1,2,105.0,1,0
20110508,843,4,4,42.0,0,0
20110508,843,6,3,65.0,0,0
20110508,843,5,7,6.0,0,0
20110508,843,10,8,4.0,0,0
20110508,843,203,9,0.0,0,0
20110508,843,165,11,0.0,0,0
20110508,843,3,10,0.0,0,0
20110508,843,130,5,26.0,0,0
20110508,843,15,6,8.0,0,0
20110508,843,163,12,0.0,0,0
20110522,844,9,1,185.0,4,0
20110522,844,1,2,138.0,1,0
20110522,844,4,4,46.0,0,0
20110522,844,6,3,75.0,0,0
20110522,844,5,7,6.0,0,0
20110522,844,10,8,4.0,0,0
20110522,844,203,10,0.0,0,0
20110522,844,165,11,0.0,0,0
20110522,844,3,9,0.0,0,0
20110522,844,130,5,40.0,0,0
20110522,844,15,6,11.0,0,0
20110522,844,163,12,0.0,0,0
20110529,845,9,1,222.0,5,0
20110529,845,1,2,161.0,1,0
20110529,845,4,4,50.0,0,0
20110529,845,6,3,93.0,0,0
20110529,845,5,8,7.0,0,0
20110529,845,10,7,10.0,0,0
20110529,845,203,10,0.0,0,0
20110529,845,165,11,0.0,0,0
20110529,845,3,9,2.0,0,0
20110529,845,130,5,40.0,0,0
20110529,845,15,6,21.0,0,0
20110529,845,163,12,0.0,0,0
20110612,846,9,1,255.0,5,0
20110612,846,1,2,186.0,2,0
20110612,846,4,4,60.0,0,0
20110612,846,6,3,101.0,0,0
20110612,846,5,7,12.0,0,0
20110612,846,10,8,10.0,0,0
20110612,846,203,10,0.0,0,0
20110612,846,165,12,0.0,0,0
20110612,846,3,9,4.0,0,0
20110612,846,130,5,52.0,0,0
20110612,846,15,6,27.0,0,0
20110612,846,163,11,0.0,0,0
20110626,847,9,1,295.0,6,0
20110626,847,1,2,206.0,2,0
20110626,847,4,4,61.0,0,0
20110626,847,6,3,129.0,0,0
20110626,847,5,7,16.0,0,0
20110626,847,10,8,12.0,0,0
20110626,847,203,10,0.0,0,0
20110626,847,165,12,0.0,0,0
20110626,847,3,9,4.0,0,0
20110626,847,130,5,58.0,0,0
20110626,847,15,6,27.0,0,0
20110626,847,163,11,0.0,0,0
20110710,848,9,1,328.0,6,0
20110710,848,1,2,218.0,2,0
20110710,848,4,5,65.0,0,0
20110710,848,6,3,164.0,1,0
20110710,848,5,7,17.0,0,0
20110710,848,10,8,12.0,0,0
20110710,848,203,10,0.0,0,0
20110710,848,165,12,0.0,0,0
20110710,848,3,9,4.0,0,0
20110710,848,130,4,68.0,0,0
20110710,848,15,6,33.0,0,0
20110710,848,163,11,0.0,0,0
20110724,849,9,1,355.0,6,0
20110724,849,1,2,243.0,3,0
20110724,849,4,5,66.0,0,0
20110724,849,6,3,192.0,1,0
20110724,849,5,8,17.0,0,0
20110724,849,10,7,20.0,0,0
20110724,849,203,10,0.0,0,0
20110724,849,165,12,0.0,0,0
20110724,849,3,9,4.0,0,0
20110724,849,130,4,78.0,0,0
20110724,849,15,6,35.0,0,0
20110724,849,163,11,0.0,0,0
20110731,850,9,1,383.0,6,0
20110731,850,1,2,280.0,4,0
20110731,850,4,5,66.0,0,0
20110731,850,6,3,215.0,1,0
20110731,850,5,8,22.0,0,0
20110731,850,10,7,26.0,0,0
20110731,850,203,10,0.0,0,0
20110731,850,165,12,0.0,0,0
20110731,850,3,9,4.0,0,0
20110731,850,130,4,80.0,0,0
20110731,850,15,6,35.0,0,0
20110731,850,163,11,0.0,0,0
20110828,851,9,1,426.0,7,0
20110828,851,1,2,295.0,4,0
20110828,851,4,5,68.0,0,0
20110828,851,6,3,231.0,1,0
20110828,851,5,8,22.0,0,0
20110828,851,10,7,32.0,0,0
20110828,851,203,10,0.0,0,0
20110828,851,165,12,0.0,0,0
20110828,851,3,9,5.0,0,0
20110828,851,130,4,98.0,0,0
20110828,851,15,6,35.0,0,0
20110828,851,163,11,0.0,0,0
20110911,852,9,1,451.0,8,0
20110911,852,1,2,325.0,4,0
20110911,852,4,5,70.0,0,0
20110911,852,6,3,254.0,1,0
20110911,852,5,8,29.0,0,0
20110911,852,10,6,36.0,0,0
20110911,852,203,10,0.0,0,0
20110911,852,165,12,0.0,0,0
20110911,852,3,9,5.0,0,0
20110911,852,130,4,108.0,0,0
20110911,852,15,7,35.0,0,0
20110911,852,163,11,0.0,0,0
20110925,853,9,1,491.0,9,0
20110925,853,1,2,353.0,4,0
20110925,853,4,5,70.0,0,0
20110925,853,6,3,268.0,1,0
20110925,853,5,8,29.0,0,0
20110925,853,10,6,48.0,0,0
20110925,853,203,10,0.0,0,0
20110925,853,165,12,0.0,0,0
20110925,853,3,9,5.0,0,0
20110925,853,130,4,114.0,0,0
20110925,853,15,7,36.0,0,0
20110925,853,163,11,0.0,0,0
20111009,854,9,1,518.0,9,0
20111009,854,1,2,388.0,5,0
20111009,854,4,5,72.0,0,0
20111009,854,6,3,292.0,1,0
20111009,854,5,8,29.0,0,0
20111009,854,10,6,48.0,0,0
20111009,854,203,10,0.0,0,0
20111009,854,165,12,0.0,0,0
20111009,854,3,9,5.0,0,0
20111009,854,130,4,123.0,0,0
20111009,854,15,7,40.0,0,0
20111009,854,163,11,0.0,0,0
20111016,855,9,1,558.0,10,0
20111016,855,1,2,418.0,5,0
20111016,855,4,5,72.0,0,0
20111016,855,6,3,310.0,1,0
20111016,855,5,8,37.0,0,0
20111016,855,10,6,49.0,0,0
20111016,855,203,10,0.0,0,0
20111016,855,165,12,0.0,0,0
20111016,855,3,9,5.0,0,0
20111016,855,130,4,127.0,0,0
20111016,855,15,7,40.0,0,0
20111016,855,163,11,0.0,0,0
20111030,856,9,1,595.0,11,0
20111030,856,1,2,442.0,5,0
20111030,856,4,5,72.0,0,0
20111030,856,6,3,325.0,1,0
20111030,856,5,8,41.0,0,0
20111030,856,10,6,51.0,0,0
20111030,856,203,10,0.0,0,0
20111030,856,165,12,0.0,0,0
20111030,856,3,9,5.0,0,0
20111030,856,130,4,145.0,0,0
20111030,856,15,7,41.0,0,0
20111030,856,163,11,0.0,0,0
20111113,857,9,1,607.0,11,0
20111113,857,1,2,482.0,6,0
20111113,857,4,5,72.0,0,0
20111113,857,6,3,353.0,1,0
20111113,857,5,8,41.0,0,0
20111113,857,10,6,57.0,0,0
20111113,857,203,10,0.0,0,0
20111113,857,165,12,0.0,0,0
20111113,857,3,9,5.0,0,0
20111113,857,130,4,159.0,0,0
20111113,857,15,7,42.0,0,0
20111113,857,163,11,0.0,0,0
20111127,858,9,1,650.0,12,1
20111127,858,1,2,497.0,6,1
20111127,858,4,5,73.0,0,1
20111127,858,6,3,375.0,1,1
20111127,858,5,8,41.0,0,1
20111127,858,10,6,69.0,0,1
20111127,858,203,10,0.0,0,1
20111127,858,165,12,0.0,0,1
20111127,858,3,9,5.0,0,1
20111127,858,130,4,165.0,0,1
20111127,858,15,7,44.0,0,1
20111127,858,163,11,0.0,0,1
20120318,859,204,10,0.0,0,0
20120318,859,205,11,0.0,0,0
20120318,859,1,1,40.0,1,0
20120318,859,3,9,0.0,0,0
20120318,859,130,8,0.0,0,0
20120318,859,10,7,1.0,0,0
20120318,859,5,6,2.0,0,0
20120318,859,206,5,6.0,0,0
20120318,859,15,3,12.0,0,0
20120318,859,6,4,10.0,0,0
20120318,859,9,2,30.0,0,0
20120325,860,1,1,55.0,1,0
20120325,860,9,2,42.0,0,0
20120325,860,6,3,35.0,1,0
20120325,860,15,4,30.0,0,0
20120325,860,206,5,16.0,0,0
20120325,860,5,8,6.0,0,0
20120325,860,10,6,9.0,0,0
20120325,860,130,9,1.0,0,0
20120325,860,3,7,8.0,0,0
20120325,860,204,10,0.0,0,0
20120325,860,205,11,0.0,0,0
20120325,860,163,12,0.0,0,0
20120415,861,1,1,88.0,1,0
20120415,861,9,2,64.0,0,0
20120415,861,6,3,37.0,1,0
20120415,861,15,4,31.0,0,0
20120415,861,206,6,24.0,0,0
20120415,861,5,9,6.0,0,0
20120415,861,10,8,9.0,0,0
20120415,861,130,5,26.0,1,0
20120415,861,3,7,18.0,0,0
20120415,861,204,10,0.0,0,0
20120415,861,205,11,0.0,0,0
20120415,861,163,12,0.0,0,0
20120513,863,163,12,0.0,0,0
20120513,863,205,11,0.0,0,0
20120513,863,3,6,43.0,1,0
20120513,863,130,5,43.0,1,0
20120513,863,10,8,18.0,0,0
20120513,863,206,3,84.0,0,0
20120513,863,204,10,0.0,0,0
20120513,863,5,9,6.0,0,0
20120513,863,15,7,41.0,0,0
20120513,863,6,4,63.0,1,0
20120513,863,9,1,109.0,1,0
20120513,863,1,2,98.0,1,0
20120422,862,1,2,92.0,1,0
20120422,862,9,1,101.0,1,0
20120422,862,6,4,45.0,1,0
20120422,862,15,6,31.0,0,0
20120422,862,206,3,57.0,0,0
20120422,862,5,9,6.0,0,0
20120422,862,10,8,17.0,0,0
20120422,862,130,5,37.0,1,0
20120422,862,3,7,18.0,0,0
20120422,862,204,10,0.0,0,0
20120422,862,205,11,0.0,0,0
20120422,862,163,12,0.0,0,0
20120527,864,1,2,108.0,1,0
20120527,864,9,1,146.0,2,0
20120527,864,6,3,86.0,1,0
20120527,864,15,7,41.0,0,0
20120527,864,206,4,86.0,0,0
20120527,864,5,9,6.0,0,0
20120527,864,10,8,28.0,0,0
20120527,864,130,5,61.0,1,0
20120527,864,3,6,44.0,1,0
20120527,864,204,11,0.0,0,0
20120527,864,205,10,0.0,0,0
20120527,864,163,12,0.0,0,0
20120610,865,1,2,133.0,2,0
20120610,865,9,1,164.0,2,0
20120610,865,6,4,97.0,1,0
20120610,865,15,6,58.0,0,0
20120610,865,206,3,108.0,0,0
20120610,865,5,9,6.0,0,0
20120610,865,10,8,28.0,0,0
20120610,865,130,5,69.0,1,0
20120610,865,3,7,44.0,1,0
20120610,865,204,11,0.0,0,0
20120610,865,205,10,0.0,0,0
20120610,865,163,12,0.0,0,0
20120624,866,1,2,137.0,2,0
20120624,866,9,1,176.0,2,0
20120624,866,6,4,122.0,2,0
20120624,866,15,6,60.0,0,0
20120624,866,206,3,126.0,0,0
20120624,866,5,9,6.0,0,0
20120624,866,10,8,44.0,0,0
20120624,866,130,5,92.0,1,0
20120624,866,3,7,45.0,1,0
20120624,866,204,11,0.0,0,0
20120624,866,205,10,0.0,0,0
20120624,866,163,12,0.0,0,0
20120708,867,1,4,142.0,2,0
20120708,867,9,1,216.0,3,0
20120708,867,6,2,152.0,2,0
20120708,867,15,6,60.0,0,0
20120708,867,206,3,144.0,0,0
20120708,867,5,9,6.0,0,0
20120708,867,10,8,44.0,0,0
20120708,867,130,5,98.0,1,0
20120708,867,3,7,47.0,1,0
20120708,867,204,11,0.0,0,0
20120708,867,205,10,0.0,0,0
20120708,867,163,12,0.0,0,0
20120722,868,205,10,0.0,0,0
20120722,868,163,12,0.0,0,0
20120722,868,130,5,105.0,1,0
20120722,868,204,11,0.0,0,0
20120722,868,3,7,47.0,1,0
20120722,868,10,8,46.0,0,0
20120722,868,5,9,6.0,0,0
20120722,868,206,4,159.0,0,0
20120722,868,15,6,80.0,0,0
20120722,868,6,2,177.0,3,0
20120722,868,9,1,230.0,3,0
20120722,868,1,3,160.0,2,0
20120729,869,163,12,0.0,0,0
20120729,869,204,11,0.0,0,0
20120729,869,10,8,46.0,0,0
20120902,870,9,1,272.0,3,0
20120729,869,205,10,0.0,0,0
20120729,869,130,5,106.0,1,0
20120902,870,1,2,218.0,4,0
20120729,869,1,2,193.0,3,0
20120729,869,9,1,246.0,3,0
20120729,869,206,3,192.0,0,0
20120729,869,15,6,80.0,0,0
20120729,869,6,4,189.0,3,0
20120729,869,3,7,53.0,1,0
20120729,869,5,9,6.0,0,0
20120902,870,6,4,199.0,3,0
20120902,870,15,6,80.0,0,0
20120902,870,206,3,207.0,0,0
20120902,870,5,9,12.0,0,0
20120902,870,10,7,59.0,0,0
20120902,870,130,5,112.0,1,0
20120902,870,3,8,53.0,1,0
20120902,870,204,11,0.0,0,0
20120902,870,205,10,0.0,0,0
20120902,870,163,12,0.0,0,0
20120909,871,1,2,243.0,5,0
20120909,871,9,1,272.0,3,0
20120909,871,6,3,226.0,3,0
20120909,871,15,6,100.0,0,0
20120909,871,206,4,217.0,0,0
20120909,871,5,9,12.0,0,0
20120909,871,10,7,63.0,0,0
20120909,871,130,5,126.0,1,0
20120909,871,3,8,54.0,1,0
20120909,871,204,11,0.0,0,0
20120909,871,205,10,0.0,0,0
20120909,871,163,12,0.0,0,0
20120923,872,163,12,0.0,0,0
20120923,872,205,11,0.0,0,0
20120923,872,3,8,54.0,1,0
20120923,872,10,7,75.0,0,0
20120923,872,206,4,231.0,0,0
20120923,872,204,10,0.0,0,0
20120923,872,5,9,14.0,0,0
20120923,872,130,5,136.0,1,0
20120923,872,15,6,101.0,0,0
20120923,872,6,3,245.0,3,0
20120923,872,9,1,297.0,4,0
20120923,872,1,2,261.0,5,0
20121007,873,163,12,0.0,0,0
20121007,873,205,11,0.0,0,0
20121007,873,3,8,58.0,1,0
20121007,873,10,7,81.0,0,0
20121007,873,206,4,239.0,0,0
20121007,873,204,10,0.0,0,0
20121007,873,5,9,15.0,0,0
20121007,873,130,5,136.0,1,0
20121007,873,15,6,116.0,0,0
20121007,873,6,3,263.0,3,0
20121007,873,9,1,324.0,5,0
20121007,873,1,2,283.0,5,0
20121014,874,1,3,284.0,5,0
20121014,874,9,1,367.0,6,0
20121014,874,6,2,290.0,3,0
20121014,874,15,6,116.0,0,0
20121014,874,206,4,255.0,0,0
20121014,874,5,9,21.0,0,0
20121014,874,10,7,89.0,0,0
20121014,874,130,5,136.0,1,0
20121014,874,3,8,58.0,1,0
20121014,874,204,10,0.0,0,0
20121014,874,205,11,0.0,0,0
20121014,874,163,12,0.0,0,0
20121028,875,163,12,0.0,0,0
20121028,875,205,11,0.0,0,0
20121028,875,3,8,59.0,1,0
20121028,875,10,7,93.0,0,0
20121028,875,206,4,263.0,0,0
20121028,875,204,10,0.0,0,0
20121028,875,5,9,21.0,0,0
20121028,875,130,5,136.0,1,0
20121028,875,15,6,116.0,0,0
20121028,875,6,2,316.0,3,0
20121028,875,9,1,407.0,7,0
20121028,875,1,3,306.0,5,0
20121104,876,1,3,318.0,5,0
20121104,876,9,1,422.0,7,0
20121104,876,6,2,340.0,3,0
20121104,876,15,6,124.0,0,0
20121104,876,206,4,288.0,1,0
20121104,876,5,9,22.0,0,0
20121104,876,10,7,95.0,0,0
20121104,876,130,5,136.0,1,0
20121104,876,3,8,73.0,1,0
20121104,876,204,10,0.0,0,0
20121104,876,205,11,0.0,0,0
20121104,876,163,12,0.0,0,0
20121118,877,1,3,353.0,6,0
20121118,877,9,1,440.0,7,0
20121118,877,6,2,367.0,3,0
20121118,877,15,6,124.0,0,0
20121118,877,206,4,302.0,1,0
20121118,877,5,9,22.0,0,0
20121118,877,10,7,99.0,0,0
20121118,877,130,5,136.0,1,0
20121118,877,3,8,76.0,1,0
20121118,877,204,10,0.0,0,0
20121118,877,205,11,0.0,0,0
20121118,877,163,12,0.0,0,0
20121125,878,1,3,378.0,7,1
20121125,878,9,1,460.0,7,1
20121125,878,6,2,400.0,3,1
20121125,878,15,6,126.0,0,1
20121125,878,206,4,303.0,1,1
20121125,878,5,9,26.0,0,1
20121125,878,10,7,109.0,0,1
20121125,878,130,5,142.0,1,1
20121125,878,3,8,76.0,1,1
20121125,878,204,11,0.0,0,1
20121125,878,205,10,0.0,0,1
20121125,878,163,12,0.0,0,1
20130317,879,206,2,26.0,1,0
20130317,879,6,1,30.0,0,0
20130317,879,9,3,23.0,0,0
20130317,879,130,4,10.0,0,0
20130317,879,10,5,10.0,0,0
20130317,879,1,6,2.0,0,0
20130317,879,5,7,0.0,0,0
20130317,879,15,8,0.0,0,0
20130317,879,3,9,0.0,0,0
20130317,879,204,10,0.0,0,0
20130317,879,205,11,0.0,0,0
20130324,880,206,2,40.0,1,0
20130324,880,6,3,40.0,0,0
20130324,880,9,1,66.0,1,0
20130324,880,130,4,37.0,0,0
20130324,880,10,5,10.0,0,0
20130324,880,1,7,4.0,0,0
20130324,880,5,8,1.0,0,0
20130324,880,15,6,4.0,0,0
20130324,880,3,9,0.0,0,0
20130324,880,204,10,0.0,0,0
20130324,880,205,11,0.0,0,0
20130414,881,206,3,60.0,1,0
20130414,881,6,2,73.0,1,0
20130414,881,9,1,78.0,1,0
20130414,881,130,4,52.0,0,0
20130414,881,10,6,14.0,0,0
20130414,881,1,5,14.0,0,0
20130414,881,5,7,7.0,0,0
20130414,881,15,8,5.0,0,0
20130414,881,3,9,0.0,0,0
20130414,881,204,10,0.0,0,0
20130414,881,205,11,0.0,0,0
20130421,882,206,2,93.0,1,0
20130421,882,6,3,77.0,1,0
20130421,882,9,1,109.0,2,0
20130421,882,130,4,64.0,0,0
20130421,882,10,5,26.0,0,0
20130421,882,1,6,23.0,0,0
20130421,882,5,7,7.0,0,0
20130421,882,15,8,5.0,0,0
20130421,882,3,9,0.0,0,0
20130421,882,204,10,0.0,0,0
20130421,882,205,11,0.0,0,0
20130512,883,206,3,111.0,1,0
20130512,883,6,2,117.0,2,0
20130512,883,9,1,131.0,2,0
20130512,883,130,4,72.0,0,0
20130512,883,10,5,32.0,0,0
20130512,883,1,6,29.0,0,0
20130512,883,5,7,8.0,0,0
20130512,883,15,8,5.0,0,0
20130512,883,3,9,0.0,0,0
20130512,883,204,10,0.0,0,0
20130512,883,205,11,0.0,0,0
20130526,884,206,3,112.0,1,0
20130526,884,6,2,123.0,2,0
20130526,884,9,1,164.0,2,0
20130526,884,130,4,109.0,1,0
20130526,884,10,5,44.0,0,0
20130526,884,1,6,37.0,0,0
20130526,884,5,7,12.0,0,0
20130526,884,15,8,5.0,0,0
20130526,884,3,9,0.0,0,0
20130526,884,204,10,0.0,0,0
20130526,884,205,11,0.0,0,0
20130609,885,206,4,114.0,1,0
20130609,885,6,2,145.0,2,0
20130609,885,9,1,201.0,3,0
20130609,885,130,3,134.0,1,0
20130609,885,10,5,51.0,0,0
20130609,885,1,6,37.0,0,0
20130609,885,5,7,20.0,0,0
20130609,885,15,8,5.0,0,0
20130609,885,3,9,0.0,0,0
20130609,885,204,10,0.0,0,0
20130609,885,205,11,0.0,0,0
20130630,886,206,4,124.0,1,0
20130630,886,6,3,168.0,2,0
20130630,886,9,1,219.0,3,0
20130630,886,130,2,171.0,2,0
20130630,886,10,5,59.0,0,0
20130630,886,1,6,37.0,0,0
20130630,886,5,7,24.0,0,0
20130630,886,15,8,6.0,0,0
20130630,886,3,9,0.0,0,0
20130630,886,204,10,0.0,0,0
20130630,886,205,11,0.0,0,0
20130707,887,206,4,157.0,1,0
20130707,887,6,3,180.0,2,0
20130707,887,9,1,250.0,4,0
20130707,887,130,2,183.0,2,0
20130707,887,10,5,59.0,0,0
20130707,887,1,6,49.0,0,0
20130707,887,5,7,24.0,0,0
20130707,887,15,8,7.0,0,0
20130707,887,3,9,0.0,0,0
20130707,887,204,10,0.0,0,0
20130707,887,205,11,0.0,0,0
20130728,888,206,4,183.0,1,0
20130728,888,6,3,194.0,2,0
20130728,888,9,1,277.0,4,0
20130728,888,130,2,208.0,3,0
20130728,888,10,5,59.0,0,0
20130728,888,1,6,57.0,0,0
20130728,888,5,7,24.0,0,0
20130728,888,15,8,7.0,0,0
20130728,888,3,9,1.0,0,0
20130728,888,204,10,0.0,0,0
20130728,888,205,11,0.0,0,0
20130825,889,206,4,187.0,1,0
20130825,889,6,3,218.0,2,0
20130825,889,9,1,312.0,5,0
20130825,889,130,2,235.0,3,0
20130825,889,10,6,61.0,0,0
20130825,889,1,5,65.0,0,0
20130825,889,5,7,25.0,0,0
20130825,889,15,8,7.0,0,0
20130825,889,3,9,1.0,0,0
20130825,889,204,10,0.0,0,0
20130825,889,205,11,0.0,0,0
20130922,891,205,11,0.0,0,0
20130922,891,204,10,0.0,0,0
20130922,891,15,8,19.0,0,0
20130922,891,5,7,31.0,0,0
20130922,891,3,9,1.0,0,0
20130922,891,1,5,76.0,0,0
20130922,891,10,6,62.0,0,0
20130922,891,130,3,267.0,3,0
20130922,891,9,1,377.0,7,0
20130922,891,6,2,274.0,2,0
20130922,891,206,4,206.0,1,0
20130908,890,206,4,191.0,1,0
20130908,890,6,2,248.0,2,0
20130908,890,9,1,352.0,6,0
20130908,890,130,3,245.0,3,0
20130908,890,10,6,61.0,0,0
20130908,890,1,5,66.0,0,0
20130908,890,5,7,31.0,0,0
20130908,890,15,8,17.0,0,0
20130908,890,3,9,1.0,0,0
20130908,890,204,10,0.0,0,0
20130908,890,205,11,0.0,0,0
20131006,892,206,4,239.0,1,0
20131006,892,6,2,284.0,2,0
20131006,892,9,1,402.0,8,0
20131006,892,130,3,283.0,3,0
20131006,892,10,6,62.0,0,0
20131006,892,1,5,81.0,0,0
20131006,892,5,8,31.0,0,0
20131006,892,15,7,31.0,0,0
20131006,892,3,9,1.0,0,0
20131006,892,204,10,0.0,0,0
20131006,892,205,11,0.0,0,0
20131013,893,206,4,264.0,1,0
20131013,893,6,2,297.0,2,0
20131013,893,9,1,445.0,9,0
20131013,893,130,3,287.0,3,0
20131013,893,10,6,62.0,0,0
20131013,893,1,5,83.0,0,0
20131013,893,5,8,31.0,0,0
20131013,893,15,7,45.0,0,0
20131013,893,3,9,1.0,0,0
20131013,893,204,10,0.0,0,0
20131013,893,205,11,0.0,0,0
20131027,894,206,4,285.0,1,0
20131027,894,6,3,309.0,2,0
20131027,894,9,1,470.0,10,0
20131027,894,130,2,313.0,3,0
20131027,894,10,6,68.0,0,0
20131027,894,1,5,93.0,0,0
20131027,894,5,8,32.0,0,0
20131027,894,15,7,45.0,0,0
20131027,894,3,9,1.0,0,0
20131027,894,204,10,0.0,0,0
20131027,894,205,11,0.0,0,0
20131103,895,206,4,297.0,1,0
20131103,895,6,3,323.0,2,0
20131103,895,9,1,513.0,11,0
20131103,895,130,2,334.0,3,0
20131103,895,10,6,77.0,0,0
20131103,895,1,5,95.0,0,0
20131103,895,5,8,32.0,0,0
20131103,895,15,7,45.0,0,0
20131103,895,3,9,1.0,0,0
20131103,895,204,10,0.0,0,0
20131103,895,205,11,0.0,0,0
20131117,896,206,4,315.0,1,0
20131117,896,6,3,333.0,2,0
20131117,896,9,1,553.0,12,0
20131117,896,130,2,348.0,3,0
20131117,896,10,6,77.0,0,0
20131117,896,1,5,102.0,0,0
20131117,896,5,8,32.0,0,0
20131117,896,15,7,53.0,0,0
20131117,896,3,9,5.0,0,0
20131117,896,204,10,0.0,0,0
20131117,896,205,11,0.0,0,0
20131124,897,206,4,315.0,1,1
20131124,897,6,3,354.0,2,1
20131124,897,9,1,596.0,13,1
20131124,897,130,2,360.0,3,1
20131124,897,10,6,77.0,0,1
20131124,897,1,5,122.0,0,1
20131124,897,5,8,33.0,0,1
20131124,897,15,7,57.0,0,1
20131124,897,3,9,5.0,0,1
20131124,897,204,10,0.0,0,1
20131124,897,205,11,0.0,0,1
19941113,564,30,14,0.0,0,1
19940327,549,1,12,0.0,0,0
19940327,549,29,13,0.0,0,0
19940327,549,30,14,0.0,0,0
19940417,550,29,5,3.0,0,0
19940417,550,30,14,0.0,0,0
19940501,551,30,14,0.0,0,0
19940515,552,30,14,0.0,0,0
19940529,553,30,14,0.0,0,0
19940612,554,30,14,0.0,0,0
19940703,555,30,14,0.0,0,0
19940710,556,30,14,0.0,0,0
19940731,557,30,14,0.0,0,0
19940814,558,30,14,0.0,0,0
19940828,559,30,14,0.0,0,0
19940911,560,30,14,0.0,0,0
19940925,561,30,14,0.0,0,0
19941016,562,30,14,0.0,0,0
19941106,563,30,14,0.0,0,0
20070318,769,6,1,13.0,1,0
20070318,769,12,10,0.0,0,0
20070408,770,12,10,0.0,0,0
20070415,771,12,10,0.0,0,0
20070513,772,12,9,0.0,0,0
20070527,773,12,10,0.0,0,0
20070610,774,12,10,0.0,0,0
20070617,775,12,10,0.0,0,0
20070701,776,12,10,0.0,0,0
20070708,777,12,10,0.0,0,0
20070722,778,12,10,0.0,0,0
20070805,779,12,10,0.0,0,0
20070826,780,12,10,0.0,0,0
20070909,781,12,10,0.0,0,0
20070916,782,12,10,0.0,0,0
20070930,783,12,9,1.0,0,0
20071007,784,12,10,1.0,0,0
20071021,785,12,10,1.0,0,1
20140330,899,1,2,43.0,0,0
20140330,899,130,1,68.0,2,0
20140316,898,9,11,0.0,0,0
20140316,898,205,10,0.0,0,0
20140316,898,204,8,0.0,0,0
20140316,898,206,9,0.0,0,0
20140316,898,15,7,0.0,0,0
20140316,898,5,6,6.0,0,0
20140316,898,10,5,9.0,0,0
20140316,898,3,4,10.0,0,0
20140316,898,6,3,18.0,0,0
20140316,898,1,1,33.0,0,0
20140316,898,130,2,25.0,1,0
20140330,899,6,3,30.0,0,0
20140330,899,3,4,20.0,0,0
20140330,899,10,5,19.0,0,0
20140330,899,5,7,7.0,0,0
20140330,899,15,8,0.0,0,0
20140330,899,204,11,0.0,0,0
20140330,899,206,9,0.0,0,0
20140330,899,205,10,0.0,0,0
20140330,899,9,6,15.0,0,0
20140406,900,130,1,111.0,3,0
20140406,900,1,3,43.0,0,0
20140406,900,6,5,33.0,0,0
20140406,900,3,6,30.0,0,0
20140406,900,10,2,44.0,0,0
20140406,900,5,7,7.0,0,0
20140406,900,15,9,0.0,0,0
20140406,900,204,10,0.0,0,0
20140406,900,206,8,0.0,0,0
20140406,900,205,11,0.0,0,0
20140406,900,9,4,35.0,0,0
20140420,901,130,1,154.0,4,0
20140420,901,1,5,43.0,0,0
20140420,901,6,4,52.0,0,0
20140420,901,3,6,36.0,0,0
20140420,901,10,3,54.0,0,0
20140420,901,5,7,8.0,0,0
20140420,901,15,9,0.0,0,0
20140420,901,204,10,0.0,0,0
20140420,901,206,8,0.0,0,0
20140420,901,205,11,0.0,0,0
20140420,901,9,2,57.0,0,0
20140511,902,130,1,197.0,5,0
20140511,902,1,6,43.0,0,0
20140511,902,6,3,66.0,0,0
20140511,902,3,5,46.0,0,0
20140511,902,10,4,57.0,0,0
20140511,902,5,7,8.0,0,0
20140511,902,15,9,0.0,0,0
20140511,902,204,10,0.0,0,0
20140511,902,206,8,4.0,0,0
20140511,902,205,11,0.0,0,0
20140511,902,9,2,84.0,0,0
20140525,903,130,1,240.0,6,0
20140525,903,1,5,52.0,0,0
20140525,903,6,3,78.0,0,0
20140525,903,3,6,52.0,0,0
20140525,903,10,4,67.0,0,0
20140525,903,5,8,8.0,0,0
20140525,903,15,10,0.0,0,0
20140525,903,204,9,2.0,0,0
20140525,903,206,7,8.0,0,0
20140525,903,205,11,0.0,0,0
20140525,903,9,2,99.0,0,0
20140608,904,130,1,258.0,6,0
20140608,904,1,5,66.0,0,0
20140608,904,6,3,87.0,0,0
20140608,904,3,6,58.0,0,0
20140608,904,10,4,77.0,0,0
20140608,904,5,7,12.0,0,0
20140608,904,15,10,0.0,0,0
20140608,904,204,9,2.0,0,0
20140608,904,206,8,8.0,0,0
20140608,904,205,11,0.0,0,0
20140608,904,9,2,139.0,1,0
20140622,905,130,1,301.0,7,0
20140622,905,1,6,72.0,0,0
20140622,905,6,3,98.0,0,0
20140622,905,3,5,85.0,0,0
20140622,905,10,4,87.0,0,0
20140622,905,5,7,12.0,0,0
20140622,905,15,10,0.0,0,0
20140622,905,204,9,2.0,0,0
20140622,905,206,8,8.0,0,0
20140622,905,205,11,0.0,0,0
20140622,905,9,2,143.0,1,0
20140706,906,130,1,326.0,8,0
20140706,906,1,6,90.0,0,0
20140706,906,6,3,106.0,0,0
20140706,906,3,4,103.0,0,0
20140706,906,10,5,91.0,0,0
20140706,906,5,7,15.0,0,0
20140706,906,15,10,0.0,0,0
20140706,906,204,9,2.0,0,0
20140706,906,206,8,8.0,0,0
20140706,906,205,11,0.0,0,0
20140706,906,9,2,168.0,1,0
20140720,907,130,1,366.0,9,0
20140720,907,1,6,96.0,0,0
20140720,907,6,4,116.0,0,0
20140720,907,3,3,121.0,0,0
20140720,907,10,5,98.0,0,0
20140720,907,5,7,15.0,0,0
20140720,907,15,10,0.0,0,0
20140720,907,204,9,2.0,0,0
20140720,907,206,8,8.0,0,0
20140720,907,205,11,0.0,0,0
20140720,907,9,2,188.0,1,0
20140727,908,130,1,393.0,9,0
20140727,908,1,6,97.0,0,0
20140727,908,6,3,142.0,0,0
20140727,908,3,4,135.0,0,0
20140727,908,10,5,98.0,0,0
20140727,908,5,7,17.0,0,0
20140727,908,15,10,0.0,0,0
20140727,908,204,9,2.0,0,0
20140727,908,206,8,8.0,0,0
20140727,908,205,11,0.0,0,0
20140727,908,9,2,219.0,2,0
20140824,909,130,1,411.0,9,0
20140824,909,1,5,105.0,0,0
20140824,909,6,3,160.0,0,0
20140824,909,3,4,150.0,0,0
20140824,909,10,6,103.0,0,0
20140824,909,5,7,19.0,0,0
20140824,909,15,10,0.0,0,0
20140824,909,204,9,2.0,0,0
20140824,909,206,8,8.0,0,0
20140824,909,205,11,0.0,0,0
20140824,909,9,2,254.0,3,0
20140907,910,130,1,454.0,10,0
20140907,910,1,5,110.0,0,0
20140907,910,6,4,162.0,0,0
20140907,910,3,3,177.0,0,0
20140907,910,10,6,109.0,0,0
20140907,910,5,7,19.0,0,0
20140907,910,15,10,0.0,0,0
20140907,910,204,9,2.0,0,0
20140907,910,206,8,8.0,0,0
20140907,910,205,11,0.0,0,0
20140907,910,9,2,272.0,3,0
20140921,911,130,1,479.0,11,0
20140921,911,1,6,111.0,0,0
20140921,911,6,4,178.0,0,0
20140921,911,3,3,187.0,0,0
20140921,911,10,5,117.0,0,0
20140921,911,5,7,27.0,0,0
20140921,911,15,10,0.0,0,0
20140921,911,204,9,2.0,0,0
20140921,911,206,8,8.0,0,0
20140921,911,205,11,0.0,0,0
20140921,911,9,2,305.0,3,0
20141005,912,130,1,522.0,12,0
20141005,912,1,6,121.0,0,0
20141005,912,6,4,178.0,0,0
20141005,912,3,3,201.0,0,0
20141005,912,10,5,122.0,0,0
20141005,912,5,7,29.0,0,0
20141005,912,15,10,0.0,0,0
20141005,912,204,9,2.0,0,0
20141005,912,206,8,8.0,0,0
20141005,912,205,11,0.0,0,0
20141005,912,9,2,332.0,3,0
20141012,913,130,1,565.0,13,0
20141012,913,1,5,143.0,0,0
20141012,913,6,4,188.0,0,0
20141012,913,3,3,216.0,0,0
20141012,913,10,6,123.0,0,0
20141012,913,5,7,29.0,0,0
20141012,913,15,10,0.0,0,0
20141012,913,204,9,2.0,0,0
20141012,913,206,8,8.0,0,0
20141012,913,205,11,0.0,0,0
20141012,913,9,2,342.0,3,0
20141102,914,130,1,608.0,14,0
20141102,914,1,5,147.0,0,0
20141102,914,6,4,196.0,0,0
20141102,914,3,3,238.0,0,0
20141102,914,10,6,123.0,0,0
20141102,914,5,7,30.0,0,0
20141102,914,15,10,0.0,0,0
20141102,914,204,9,2.0,0,0
20141102,914,206,8,10.0,0,0
20141102,914,205,11,0.0,0,0
20141102,914,9,2,363.0,3,0
20141109,915,130,1,651.0,15,0
20141109,915,1,5,161.0,0,0
20141109,915,6,4,210.0,0,0
20141109,915,3,3,254.0,0,0
20141109,915,10,6,127.0,0,0
20141109,915,5,7,30.0,0,0
20141109,915,15,10,0.0,0,0
20141109,915,204,9,2.0,0,0
20141109,915,206,8,10.0,0,0
20141109,915,205,11,0.0,0,0
20141109,915,9,2,373.0,3,0
20141123,916,130,1,701.0,16,1
20141123,916,1,5,181.0,0,1
20141123,916,6,4,216.0,0,1
20141123,916,3,3,320.0,0,1
20141123,916,10,6,155.0,0,1
20141123,916,5,7,30.0,0,1
20141123,916,15,10,0.0,0,1
20141123,916,204,9,2.0,0,1
20141123,916,206,8,10.0,0,1
20141123,916,205,11,0.0,0,1
20141123,916,9,2,405.0,3,1
20170326,957,6,1,37.0,1,0
20150315,917,130,1,43.0,1,0
20150315,917,6,2,15.0,0,0
20150315,917,3,4,12.0,0,0
20150315,917,15,3,14.0,0,0
20150315,917,9,5,8.0,0,0
20150315,917,10,6,7.0,0,0
20150315,917,5,7,2.0,0,0
20150315,917,1,8,0.0,0,0
20150315,917,206,9,0.0,0,0
20150329,918,130,1,76.0,1,0
20150329,918,6,2,52.0,1,0
20150329,918,3,3,30.0,0,0
20150329,918,15,4,14.0,0,0
20150329,918,9,6,11.0,0,0
20150329,918,10,7,7.0,0,0
20150329,918,5,5,12.0,0,0
20150329,918,1,9,0.0,0,0
20150329,918,206,8,0.0,0,0
20150329,918,207,10,0.0,0,0
20150412,919,130,1,119.0,2,0
20150412,919,6,2,79.0,1,0
20150412,919,3,3,48.0,0,0
20150412,919,15,4,19.0,0,0
20150412,919,9,5,13.0,0,0
20150412,919,10,7,7.0,0,0
20150412,919,5,6,12.0,0,0
20150412,919,1,9,0.0,0,0
20150412,919,206,8,6.0,0,0
20150412,919,207,10,0.0,0,0
20150419,920,130,1,159.0,3,0
20150419,920,6,2,107.0,1,0
20150419,920,3,3,61.0,0,0
20150419,920,15,5,19.0,0,0
20150419,920,9,4,23.0,0,0
20150419,920,10,8,11.0,0,0
20150419,920,5,7,12.0,0,0
20150419,920,1,9,0.0,0,0
20150419,920,206,6,12.0,0,0
20150419,920,207,10,0.0,0,0
20150510,921,130,1,202.0,4,0
20150510,921,6,2,132.0,1,0
20150510,921,3,3,81.0,0,0
20150510,921,15,5,19.0,0,0
20150510,921,9,4,30.0,0,0
20150510,921,10,8,11.0,0,0
20150510,921,5,7,14.0,0,0
20150510,921,1,9,0.0,0,0
20150510,921,206,6,16.0,0,0
20150510,921,207,10,0.0,0,0
20150524,922,130,1,242.0,5,0
20150524,922,6,2,158.0,1,0
20150524,922,3,3,81.0,0,0
20150524,922,15,5,21.0,0,0
20150524,922,9,4,52.0,0,0
20150524,922,10,6,17.0,0,0
20150524,922,5,8,15.0,0,0
20150524,922,1,9,4.0,0,0
20150524,922,206,7,16.0,0,0
20150524,922,207,10,0.0,0,0
20150607,923,130,1,285.0,6,0
20150607,923,6,2,180.0,1,0
20150607,923,3,3,104.0,0,0
20150607,923,15,6,21.0,0,0
20150607,923,9,4,54.0,0,0
20150607,923,10,7,21.0,0,0
20150607,923,5,8,15.0,0,0
20150607,923,1,9,4.0,0,0
20150607,923,206,5,23.0,0,0
20150607,923,207,10,0.0,0,0
20150621,924,130,1,328.0,7,0
20150621,924,6,2,192.0,1,0
20150621,924,3,3,129.0,0,0
20150621,924,15,7,21.0,0,0
20150621,924,9,4,55.0,0,0
20150621,924,10,5,31.0,0,0
20150621,924,5,8,19.0,0,0
20150621,924,1,9,4.0,0,0
20150621,924,206,6,29.0,0,0
20150621,924,207,10,0.0,0,0
20150705,925,130,1,371.0,8,0
20150705,925,6,2,211.0,1,0
20150705,925,3,3,151.0,0,0
20150705,925,15,7,21.0,0,0
20150705,925,9,4,63.0,0,0
20150705,925,10,5,39.0,0,0
20150705,925,5,8,19.0,0,0
20150705,925,1,9,5.0,0,0
20150705,925,206,6,29.0,0,0
20150705,925,207,10,0.0,0,0
20150726,926,130,1,383.0,8,0
20150726,926,6,2,236.0,2,0
20150726,926,3,3,151.0,0,0
20150726,926,15,8,22.0,0,0
20150726,926,9,4,96.0,0,0
20150726,926,10,5,39.0,0,0
20150726,926,5,7,31.0,0,0
20150726,926,1,9,17.0,0,0
20150726,926,206,6,35.0,0,0
20150726,926,207,10,0.0,0,0
20150906,928,130,1,451.0,10,0
20150823,927,207,10,0.0,0,0
20150823,927,1,9,17.0,0,0
20150823,927,5,7,35.0,0,0
20150823,927,15,8,23.0,0,0
20150823,927,206,5,50.0,0,0
20150823,927,3,3,161.0,0,0
20150823,927,10,6,49.0,0,0
20150823,927,9,4,108.0,0,0
20150823,927,6,2,242.0,2,0
20150823,927,130,1,426.0,9,0
20150906,928,6,2,270.0,2,0
20150906,928,3,3,188.0,0,0
20150906,928,15,8,25.0,0,0
20150906,928,9,4,113.0,0,0
20150906,928,10,5,63.0,0,0
20150906,928,5,7,35.0,0,0
20150906,928,1,9,17.0,0,0
20150906,928,206,6,50.0,0,0
20150906,928,207,10,0.0,0,0
20150920,929,130,1,463.0,10,0
20150920,929,6,2,310.0,3,0
20150920,929,3,3,198.0,0,0
20150920,929,15,8,26.0,0,0
20150920,929,9,4,139.0,0,0
20150920,929,10,5,69.0,0,0
20150920,929,5,7,41.0,0,0
20150920,929,1,9,17.0,0,0
20150920,929,206,6,50.0,0,0
20150920,929,207,10,0.0,0,0
20150927,930,1,9,17.0,0,0
20150927,930,9,4,139.0,0,0
20150927,930,3,3,208.0,0,0
20150927,930,207,10,0.0,0,0
20150927,930,206,6,60.0,0,0
20150927,930,5,7,44.0,0,0
20150927,930,10,5,77.0,0,0
20150927,930,6,2,337.0,3,0
20150927,930,15,8,26.0,0,0
20150927,930,130,1,506.0,11,0
20151011,931,207,10,0.0,0,0
20151011,931,206,6,66.0,0,0
20151011,931,1,9,19.0,0,0
20151011,931,5,7,45.0,0,0
20151011,931,10,5,92.0,0,0
20151011,931,9,4,149.0,0,0
20151011,931,15,8,34.0,0,0
20151011,931,3,3,220.0,0,0
20151011,931,6,2,359.0,3,0
20151025,932,207,10,0.0,0,0
20151011,931,130,1,531.0,12,0
20151025,932,206,6,70.0,0,0
20151025,932,10,5,102.0,0,0
20151025,932,15,8,36.0,0,0
20151025,932,1,9,27.0,0,0
20151025,932,5,7,63.0,0,0
20151025,932,3,3,220.0,0,0
20151025,932,9,4,150.0,0,0
20151025,932,6,2,374.0,3,0
20151025,932,130,1,574.0,13,0
20151101,933,206,6,71.0,0,0
20151101,933,10,5,112.0,0,0
20151101,933,15,8,36.0,0,0
20151101,933,207,10,0.0,0,0
20151101,933,1,9,27.0,0,0
20151101,933,5,7,65.0,0,0
20151101,933,3,3,243.0,0,0
20151101,933,9,4,172.0,0,0
20151101,933,6,2,374.0,3,0
20151101,933,130,1,617.0,14,0
20151115,934,206,6,76.0,0,0
20151115,934,10,5,120.0,0,0
20151115,934,15,8,36.0,0,0
20151115,934,207,10,0.0,0,0
20151115,934,1,9,27.0,0,0
20151115,934,5,7,67.0,0,0
20151115,934,3,3,253.0,0,0
20151115,934,9,4,178.0,0,0
20151115,934,6,2,401.0,3,0
20151115,934,130,1,660.0,15,0
20151129,935,206,6,78.0,0,1
20151129,935,10,5,136.0,0,1
20151129,935,15,8,36.0,0,1
20151129,935,207,10,0.0,0,1
20151129,935,1,9,27.0,0,1
20151129,935,5,7,67.0,0,1
20151129,935,3,3,257.0,0,1
20151129,935,9,4,187.0,0,1
20151129,935,6,2,428.0,3,1
20151129,935,130,1,703.0,16,1
20160619,943,130,1,258.0,7,0
20160320,936,15,10,0.0,0,0
20160320,936,207,11,0.0,0,0
20160320,936,130,1,43.0,1,0
20160320,936,1,9,0.0,0,0
20160320,936,4,8,0.0,0,0
20160320,936,5,7,3.0,0,0
20160320,936,10,6,6.0,0,0
20160320,936,208,5,8.0,0,0
20160320,936,3,3,14.0,0,0
20160320,936,9,4,12.0,0,0
20160320,936,6,2,15.0,0,0
20160403,937,130,1,83.0,2,0
20160403,937,6,2,33.0,0,0
20160403,937,9,3,30.0,0,0
20160403,937,3,4,20.0,0,0
20160403,937,208,5,18.0,0,0
20160403,937,10,7,6.0,0,0
20160403,937,5,6,11.0,0,0
20160403,937,4,9,0.0,0,0
20160403,937,1,8,1.0,0,0
20160403,937,15,10,0.0,0,0
20160403,937,207,11,0.0,0,0
20160417,938,130,1,114.0,3,0
20160417,938,6,2,61.0,0,0
20160417,938,9,3,57.0,0,0
20160417,938,3,4,29.0,0,0
20160417,938,208,5,18.0,0,0
20160417,938,10,7,6.0,0,0
20160417,938,5,6,17.0,0,0
20160417,938,4,9,0.0,0,0
20160417,938,1,8,1.0,0,0
20160417,938,15,10,0.0,0,0
20160417,938,207,11,0.0,0,0
20160501,939,130,1,157.0,4,0
20160501,939,6,2,76.0,0,0
20160501,939,9,3,57.0,0,0
20160501,939,3,4,51.0,0,0
20160501,939,208,5,22.0,0,0
20160501,939,10,8,8.0,0,0
20160501,939,5,6,17.0,0,0
20160501,939,4,9,6.0,0,0
20160501,939,1,7,10.0,0,0
20160501,939,15,10,0.0,0,0
20160501,939,207,11,0.0,0,0
20160515,940,130,1,157.0,4,0
20160515,940,6,2,109.0,0,0
20160515,940,9,3,94.0,1,0
20160515,940,3,4,65.0,0,0
20160515,940,208,6,22.0,0,0
20160515,940,10,7,14.0,0,0
20160515,940,5,5,26.0,0,0
20160515,940,4,9,6.0,0,0
20160515,940,1,8,12.0,0,0
20160515,940,15,10,0.0,0,0
20160515,940,207,11,0.0,0,0
20160529,941,130,1,188.0,5,0
20160529,941,6,2,121.0,0,0
20160529,941,9,3,112.0,1,0
20160529,941,3,4,66.0,0,0
20160529,941,208,8,22.0,0,0
20160529,941,10,5,37.0,0,0
20160529,941,5,6,30.0,0,0
20160529,941,4,9,6.0,0,0
20160529,941,1,7,24.0,0,0
20160529,941,15,10,0.0,0,0
20160529,941,207,11,0.0,0,0
20160612,942,130,1,223.0,6,0
20160612,942,6,2,147.0,0,0
20160612,942,9,3,130.0,1,0
20160612,942,3,4,81.0,0,0
20160612,942,208,8,22.0,0,0
20160612,942,10,5,42.0,0,0
20160612,942,5,6,32.0,0,0
20160612,942,4,9,6.0,0,0
20160612,942,1,7,24.0,0,0
20160612,942,15,10,0.0,0,0
20160612,942,207,11,0.0,0,0
20160619,943,6,2,177.0,0,0
20160619,943,9,3,140.0,1,0
20160619,943,3,4,90.0,0,0
20160619,943,208,8,22.0,0,0
20160619,943,10,5,59.0,0,0
20160619,943,5,6,32.0,0,0
20160619,943,4,9,6.0,0,0
20160619,943,1,7,24.0,0,0
20160619,943,15,10,0.0,0,0
20160619,943,207,11,0.0,0,0
20160703,944,130,1,295.0,8,0
20160703,944,6,2,192.0,0,0
20160703,944,9,3,168.0,1,0
20160703,944,3,4,92.0,0,0
20160703,944,208,8,28.0,0,0
20160703,944,10,5,59.0,0,0
20160703,944,5,6,36.0,0,0
20160703,944,4,9,6.0,0,0
20160703,944,1,7,32.0,0,0
20160703,944,15,11,0.0,0,0
20160703,944,207,10,1.0,0,0
20160710,945,130,1,335.0,9,0
20160710,945,6,2,204.0,0,0
20160710,945,9,3,198.0,1,0
20160710,945,3,4,92.0,0,0
20160710,945,208,8,28.0,0,0
20160710,945,10,5,73.0,0,0
20160710,945,5,6,41.0,0,0
20160710,945,4,9,6.0,0,0
20160710,945,1,7,32.0,0,0
20160710,945,15,11,0.0,0,0
20160710,945,207,10,1.0,0,0
20160724,946,130,1,378.0,10,0
20160724,946,6,2,224.0,0,0
20160724,946,9,3,223.0,1,0
20160724,946,3,4,94.0,0,0
20160724,946,208,8,28.0,0,0
20160724,946,10,5,74.0,0,0
20160724,946,5,6,45.0,0,0
20160724,946,4,9,6.0,0,0
20160724,946,1,7,38.0,0,0
20160724,946,15,11,0.0,0,0
20160724,946,207,10,1.0,0,0
20160731,947,130,1,415.0,11,0
20160731,947,6,3,242.0,0,0
20160731,947,9,2,256.0,1,0
20160731,947,3,4,96.0,0,0
20160731,947,208,8,28.0,0,0
20160731,947,10,5,81.0,0,0
20160731,947,5,6,45.0,0,0
20160731,947,4,9,6.0,0,0
20160731,947,1,7,42.0,0,0
20160731,947,15,11,0.0,0,0
20160731,947,207,10,1.0,0,0
20160828,948,130,1,455.0,12,0
20160828,948,6,3,252.0,0,0
20160828,948,9,2,274.0,1,0
20160828,948,3,5,101.0,0,0
20160828,948,208,8,28.0,0,0
20160828,948,10,4,103.0,0,0
20160828,948,5,7,45.0,0,0
20160828,948,4,9,6.0,0,0
20160828,948,1,6,48.0,0,0
20160828,948,15,11,0.0,0,0
20160828,948,207,10,1.0,0,0
20160904,949,130,1,498.0,13,0
20160904,949,6,3,279.0,0,0
20160904,949,9,2,290.0,1,0
20160904,949,3,4,111.0,0,0
20160904,949,208,8,28.0,0,0
20160904,949,10,5,108.0,0,0
20160904,949,5,7,45.0,0,0
20160904,949,4,9,6.0,0,0
20160904,949,1,6,48.0,0,0
20160904,949,15,11,0.0,0,0
20160904,949,207,10,1.0,0,0
20160918,950,130,1,538.0,14,0
20160918,950,6,3,301.0,0,0
20160918,950,9,2,316.0,1,0
20160918,950,3,5,111.0,0,0
20160918,950,208,8,28.0,0,0
20160918,950,10,4,112.0,0,0
20160918,950,5,7,47.0,0,0
20160918,950,4,9,7.0,0,0
20160918,950,1,6,54.0,0,0
20160918,950,15,11,0.0,0,0
20160918,950,207,10,1.0,0,0
20161002,951,130,1,553.0,14,0
20161002,951,6,3,313.0,0,0
20161002,951,9,2,359.0,2,0
20161002,951,3,5,121.0,0,0
20161002,951,208,8,28.0,0,0
20161002,951,10,4,124.0,0,0
20161002,951,5,7,47.0,0,0
20161002,951,4,9,8.0,0,0
20161002,951,1,6,62.0,0,0
20161002,951,15,11,0.0,0,0
20161002,951,207,10,1.0,0,0
20161009,952,130,1,593.0,15,0
20161009,952,6,3,335.0,0,0
20161009,952,9,2,385.0,2,0
20161009,952,3,5,124.0,0,0
20161009,952,208,8,28.0,0,0
20161009,952,10,4,134.0,0,0
20161009,952,5,7,47.0,0,0
20161009,952,4,9,8.0,0,0
20161009,952,1,6,62.0,0,0
20161009,952,15,11,0.0,0,0
20161009,952,207,10,1.0,0,0
20161113,955,6,3,375.0,0,0
20161023,953,1,6,74.0,0,0
20161113,955,130,1,722.0,18,0
20161023,953,15,11,0.0,0,0
20161023,953,6,3,347.0,0,0
20161023,953,4,9,8.0,0,0
20161023,953,5,7,55.0,0,0
20161023,953,10,4,138.0,0,0
20161023,953,3,5,130.0,0,0
20161023,953,208,8,29.0,0,0
20161023,953,9,2,400.0,2,0
20161023,953,130,1,636.0,16,0
20161030,954,1,6,74.0,0,0
20161030,954,207,10,1.0,0,0
20161030,954,15,11,0.0,0,0
20161030,954,6,3,365.0,0,0
20161030,954,4,9,8.0,0,0
20161030,954,5,7,55.0,0,0
20161030,954,10,4,145.0,0,0
20161030,954,3,5,136.0,0,0
20161030,954,208,8,29.0,0,0
20161030,954,9,2,427.0,2,0
20161030,954,130,1,679.0,17,0
20161023,953,207,10,1.0,0,0
20161113,955,9,2,446.0,2,0
20161113,955,3,5,136.0,0,0
20161113,955,208,8,29.0,0,0
20161113,955,10,4,163.0,0,0
20161113,955,5,7,63.0,0,0
20161113,955,4,9,8.0,0,0
20161113,955,1,6,75.0,0,0
20161113,955,15,10,2.0,0,0
20161113,955,207,11,1.0,0,0
20161127,956,130,1,765.0,19,1
20161127,956,6,3,398.0,0,1
20161127,956,9,2,468.0,2,1
20161127,956,3,5,138.0,0,1
20161127,956,208,8,29.0,0,1
20161127,956,10,4,173.0,0,1
20161127,956,5,7,63.0,0,1
20161127,956,4,9,8.0,0,1
20161127,956,1,6,76.0,0,1
20161127,956,15,10,2.0,0,1
20161127,956,207,11,1.0,0,1
20170326,957,130,2,33.0,0,0
20170326,957,9,3,10.0,0,0
20170326,957,3,4,8.0,0,0
20170326,957,10,5,7.0,0,0
20170326,957,5,6,6.0,0,0
20170326,957,4,7,0.0,0,0
20170326,957,15,8,0.0,0,0
20170326,957,1,9,0.0,0,0
20170326,957,208,10,0.0,0,0
20170409,958,6,2,65.0,1,0
20170409,958,130,1,66.0,1,0
20170409,958,9,3,37.0,0,0
20170409,958,3,6,8.0,0,0
20170409,958,10,5,10.0,0,0
20170409,958,5,4,12.0,0,0
20170409,958,4,8,0.0,0,0
20170409,958,15,9,0.0,0,0
20170409,958,1,10,0.0,0,0
20170409,958,208,7,4.0,0,0
20170416,959,6,1,102.0,2,0
20170416,959,130,2,99.0,1,0
20170416,959,9,3,47.0,0,0
20170416,959,3,5,16.0,0,0
20170416,959,10,4,17.0,0,0
20170416,959,5,6,12.0,0,0
20170416,959,4,8,2.0,0,0
20170416,959,15,9,0.0,0,0
20170416,959,1,10,0.0,0,0
20170416,959,208,7,8.0,0,0
20170430,960,6,2,135.0,2,0
20170430,960,130,1,136.0,2,0
20170430,960,9,3,57.0,0,0
20170430,960,3,5,18.0,0,0
20170430,960,10,4,31.0,0,0
20170430,960,5,6,13.0,0,0
20170430,960,4,8,6.0,0,0
20170430,960,15,9,0.0,0,0
20170430,960,1,10,0.0,0,0
20170430,960,208,7,8.0,0,0
20170514,961,6,2,153.0,2,0
20170514,961,130,1,161.0,3,0
20170514,961,9,3,72.0,0,0
20170514,961,3,6,18.0,0,0
20170514,961,10,4,53.0,0,0
20170514,961,5,5,21.0,0,0
20170514,961,4,7,14.0,0,0
20170514,961,15,9,4.0,0,0
20170514,961,1,10,0.0,0,0
20170514,961,208,8,9.0,0,0
20170528,962,6,1,196.0,3,0
20170528,962,130,2,179.0,3,0
20170528,962,9,3,97.0,0,0
20170528,962,3,6,20.0,0,0
20170528,962,10,4,53.0,0,0
20170528,962,5,5,29.0,0,0
20170528,962,4,7,14.0,0,0
20170528,962,15,9,4.0,0,0
20170528,962,1,10,0.0,0,0
20170528,962,208,8,14.0,0,0
20170611,963,6,2,214.0,3,0
20170611,963,130,1,222.0,4,0
20170611,963,9,3,112.0,0,0
20170611,963,3,6,22.0,0,0
20170611,963,10,4,71.0,0,0
20170611,963,5,5,29.0,0,0
20170611,963,4,7,18.0,0,0
20170611,963,15,9,4.0,0,0
20170611,963,1,10,0.0,0,0
20170611,963,208,8,15.0,0,0
20170625,964,6,2,226.0,3,0
20170625,964,130,1,250.0,4,0
20170625,964,9,3,137.0,1,0
20170625,964,3,5,37.0,0,0
20170625,964,10,4,79.0,0,0
20170625,964,5,6,33.0,0,0
20170625,964,4,8,18.0,0,0
20170625,964,15,9,5.0,0,0
20170625,964,1,10,2.0,0,0
20170625,964,208,7,21.0,0,0
20170709,965,6,2,254.0,3,0
20170709,965,130,1,287.0,5,0
20170709,965,9,3,152.0,1,0
20170709,965,3,5,40.0,0,0
20170709,965,10,4,89.0,0,0
20170709,965,5,6,33.0,0,0
20170709,965,4,8,18.0,0,0
20170709,965,15,9,5.0,0,0
20170709,965,1,10,2.0,0,0
20170709,965,208,7,29.0,0,0
20170716,966,6,2,275.0,3,0
20170716,966,130,1,330.0,6,0
20170716,966,9,3,174.0,1,0
20170716,966,3,5,41.0,0,0
20170716,966,10,4,95.0,0,0
20170716,966,5,6,33.0,0,0
20170716,966,4,8,26.0,0,0
20170716,966,15,9,5.0,0,0
20170716,966,1,10,2.0,0,0
20170716,966,208,7,29.0,0,0
20170730,967,6,2,318.0,4,0
20170730,967,130,1,357.0,6,0
20170730,967,9,3,184.0,1,0
20170730,967,3,5,41.0,0,0
20170730,967,10,4,101.0,0,0
20170730,967,5,6,39.0,0,0
20170730,967,4,8,26.0,0,0
20170730,967,15,10,5.0,0,0
20170730,967,1,9,11.0,0,0
20170730,967,208,7,29.0,0,0
20170827,968,6,2,348.0,4,0
20170827,968,130,1,392.0,7,0
20170827,968,9,3,199.0,1,0
20170827,968,3,5,45.0,0,0
20170827,968,10,4,103.0,0,0
20170827,968,5,6,40.0,0,0
20170827,968,4,8,34.0,0,0
20170827,968,15,10,5.0,0,0
20170827,968,1,9,11.0,0,0
20170827,968,208,7,35.0,0,0
20170903,969,6,2,373.0,4,0
20170903,969,130,1,435.0,8,0
20170903,969,9,3,212.0,1,0
20170903,969,3,5,55.0,0,0
20170903,969,10,4,113.0,0,0
20170903,969,5,6,40.0,0,0
20170903,969,4,8,34.0,0,0
20170903,969,15,10,5.0,0,0
20170903,969,1,9,11.0,0,0
20170903,969,208,7,35.0,0,0
20170917,970,6,2,373.0,4,0
20170917,970,130,1,475.0,9,0
20170917,970,9,3,230.0,1,0
20170917,970,3,5,59.0,0,0
20170917,970,10,4,124.0,0,0
20170917,970,5,6,52.0,0,0
20170917,970,4,7,42.0,0,0
20170917,970,15,10,5.0,0,0
20170917,970,1,9,17.0,0,0
20170917,970,208,8,37.0,0,0
20171001,971,6,2,385.0,4,0
20171001,971,130,1,503.0,9,0
20171001,971,9,3,270.0,2,0
20171001,971,3,5,65.0,0,0
20171001,971,10,4,133.0,0,0
20171001,971,5,6,52.0,0,0
20171001,971,4,7,42.0,0,0
20171001,971,15,10,5.0,0,0
20171001,971,1,9,23.0,0,0
20171001,971,208,8,37.0,0,0
20171008,972,6,2,395.0,4,0
20171008,972,130,1,540.0,10,0
20171008,972,9,3,303.0,2,0
20171008,972,3,5,66.0,0,0
20171008,972,10,4,147.0,0,0
20171008,972,5,6,52.0,0,0
20171008,972,4,8,42.0,0,0
20171008,972,15,10,5.0,0,0
20171008,972,1,9,23.0,0,0
20171008,972,208,7,43.0,0,0
20171022,973,6,2,428.0,4,0
20171022,973,130,1,575.0,11,0
20171022,973,9,3,315.0,2,0
20171022,973,3,5,68.0,0,0
20171022,973,10,4,159.0,0,0
20171022,973,5,6,53.0,0,0
20171022,973,4,7,48.0,0,0
20171022,973,15,10,5.0,0,0
20171022,973,1,9,23.0,0,0
20171022,973,208,8,43.0,0,0
20171029,974,6,2,455.0,4,0
20171029,974,130,1,595.0,11,0
20171029,974,9,3,340.0,3,0
20171029,974,3,5,76.0,0,0
20171029,974,10,4,175.0,0,0
20171029,974,5,6,53.0,0,0
20171029,974,4,7,48.0,0,0
20171029,974,15,10,5.0,0,0
20171029,974,1,9,24.0,0,0
20171029,974,208,8,47.0,0,0
20171112,975,6,2,495.0,5,0
20171112,975,130,1,625.0,11,0
20171112,975,9,3,358.0,3,0
20171112,975,3,5,82.0,0,0
20171112,975,10,4,177.0,0,0
20171112,975,5,6,53.0,0,0
20171112,975,4,7,49.0,0,0
20171112,975,15,10,5.0,0,0
20171112,975,1,9,28.0,0,0
20171112,975,208,8,47.0,0,0
20171126,976,6,2,522.0,5,1
20171126,976,130,1,668.0,12,1
20171126,976,9,3,368.0,3,1
20171126,976,3,5,83.0,0,1
20171126,976,10,4,187.0,0,1
20171126,976,5,7,53.0,0,1
20171126,976,4,6,57.0,0,1
20171126,976,15,10,5.0,0,1
20171126,976,1,9,30.0,0,1
20171126,976,208,8,47.0,0,1
20180325,977,6,1,40.0,1,0
20180325,977,130,2,22.0,0,0
20180325,977,9,3,20.0,0,0
20180325,977,1,4,12.0,0,0
20180325,977,4,5,7.0,0,0
20180325,977,10,6,0.0,0,0
20180325,977,15,7,0.0,0,0
20180325,977,3,8,0.0,0,0
20180325,977,5,9,0.0,0,0
20180325,977,208,10,0.0,0,0
20180408,978,208,7,10.0,0,0
20180408,978,15,8,2.0,0,0
20180408,978,5,6,12.0,0,0
20180408,978,3,10,0.0,0,0
20180408,978,9,4,20.0,0,0
20180408,978,1,3,22.0,0,0
20180408,978,4,5,15.0,0,0
20180408,978,10,9,1.0,0,0
20180408,978,130,2,55.0,0,0
20180408,978,6,1,65.0,2,0
20180415,979,6,2,84.0,2,0
20180415,979,130,1,85.0,0,0
20180415,979,9,3,55.0,1,0
20180415,979,1,4,28.0,0,0
20180415,979,4,5,25.0,0,0
20180415,979,10,9,1.0,0,0
20180415,979,15,8,2.0,0,0
20180415,979,3,10,0.0,0,0
20180415,979,5,6,12.0,0,0
20180415,979,208,7,11.0,0,0
20180429,980,6,1,114.0,2,0
20180429,980,130,2,110.0,1,0
20180429,980,9,3,55.0,1,0
20180429,980,1,4,36.0,0,0
20180429,980,4,5,35.0,0,0
20180429,980,10,6,16.0,0,0
20180429,980,15,9,10.0,0,0
20180429,980,3,10,4.0,0,0
20180429,980,5,7,13.0,0,0
20180429,980,208,8,11.0,0,0
20180513,981,6,2,126.0,2,0
20180513,981,130,1,153.0,2,0
20180513,981,9,3,80.0,1,0
20180513,981,1,5,40.0,0,0
20180513,981,4,4,41.0,0,0
20180513,981,10,7,18.0,0,0
20180513,981,15,9,11.0,0,0
20180513,981,3,10,4.0,0,0
20180513,981,5,8,13.0,0,0
20180513,981,208,6,19.0,0,0
20180527,982,6,2,156.0,2,0
20180527,982,130,1,178.0,2,0
20180527,982,9,3,107.0,2,0
20180527,982,1,5,40.0,0,0
20180527,982,4,4,46.0,0,0
20180527,982,10,6,26.0,0,0
20180527,982,15,9,11.0,0,0
20180527,982,3,10,4.0,0,0
20180527,982,5,7,19.0,0,0
20180527,982,208,8,19.0,0,0
20180610,983,6,2,189.0,3,0
20180610,983,130,1,206.0,2,0
20180610,983,9,3,134.0,2,0
20180610,983,1,5,40.0,0,0
20180610,983,4,4,56.0,0,0
20180610,983,10,6,28.0,0,0
20180610,983,15,9,12.0,0,0
20180610,983,3,10,4.0,0,0
20180610,983,5,7,19.0,0,0
20180610,983,208,8,19.0,0,0
20180624,984,6,2,214.0,3,0
20180624,984,130,1,237.0,3,0
20180624,984,9,3,164.0,2,0
20180624,984,1,5,40.0,0,0
20180624,984,4,4,62.0,0,0
20180624,984,10,6,28.0,0,0
20180624,984,15,9,13.0,0,0
20180624,984,3,10,4.0,0,0
20180624,984,5,8,19.0,0,0
20180624,984,208,7,27.0,0,0
20180701,985,6,1,247.0,3,0
20180701,985,130,2,237.0,3,0
20180701,985,9,3,189.0,3,0
20180701,985,1,6,44.0,0,0
20180701,985,4,4,62.0,0,0
20180701,985,10,7,42.0,0,0
20180701,985,15,9,16.0,0,0
20180701,985,3,10,4.0,0,0
20180701,985,5,8,19.0,0,0
20180701,985,208,5,49.0,0,0
20180708,986,6,1,287.0,4,0
20180708,986,130,2,267.0,3,0
20180708,986,9,3,199.0,3,0
20180708,986,1,7,48.0,0,0
20180708,986,4,4,70.0,0,0
20180708,986,10,6,49.0,0,0
20180708,986,15,9,16.0,0,0
20180708,986,3,10,4.0,0,0
20180708,986,5,8,19.0,0,0
20180708,986,208,5,51.0,0,0
20180722,987,6,2,302.0,4,0
20180722,987,130,1,310.0,4,0
20180722,987,9,3,211.0,3,0
20180722,987,1,7,48.0,0,0
20180722,987,4,4,80.0,0,0
20180722,987,10,5,59.0,0,0
20180722,987,15,9,18.0,0,0
20180722,987,3,10,4.0,0,0
20180722,987,5,8,20.0,0,0
20180722,987,208,6,59.0,0,0
20180729,988,6,2,335.0,4,0
20180729,988,130,1,345.0,5,0
20180729,988,9,3,223.0,3,0
20180729,988,1,7,52.0,0,0
20180729,988,4,4,82.0,0,0
20180729,988,10,6,59.0,0,0
20180729,988,15,9,18.0,0,0
20180729,988,3,10,4.0,0,0
20180729,988,5,8,28.0,0,0
20180729,988,208,5,66.0,0,0
20180826,989,6,2,360.0,5,0
20180826,989,130,1,375.0,5,0
20180826,989,9,3,238.0,3,0
20180826,989,1,6,52.0,0,0
20180826,989,4,4,82.0,0,0
20180826,989,10,9,18.0,0,0
20180826,989,15,8,19.0,0,0
20180826,989,3,10,4.0,0,0
20180826,989,5,7,30.0,0,0
20180826,989,208,5,76.0,0,0
20180902,990,5,8,30.0,0,0
20180902,990,3,10,7.0,0,0
20180902,990,10,7,32.0,0,0
20180902,990,1,6,52.0,0,0
20180902,990,130,1,415.0,6,0
20180902,990,208,5,76.0,0,0
20180902,990,15,9,19.0,0,0
20180902,990,6,2,390.0,5,0
20180902,990,9,3,248.0,3,0
20180902,990,4,4,86.0,0,0
20180916,991,6,2,415.0,5,0
20180916,991,130,1,452.0,7,0
20180916,991,9,3,274.0,3,0
20180916,991,1,6,58.0,0,0
20180916,991,4,4,91.0,0,0
20180916,991,10,7,32.0,0,0
20180916,991,15,9,21.0,0,0
20180916,991,3,10,7.0,0,0
20180916,991,5,8,30.0,0,0
20180916,991,208,5,76.0,0,0
20180930,992,6,2,442.0,5,0
20180930,992,130,1,495.0,8,0
20180930,992,9,3,292.0,3,0
20180930,992,1,6,58.0,0,0
20180930,992,4,4,91.0,0,0
20180930,992,10,7,35.0,0,0
20180930,992,15,9,27.0,0,0
20180930,992,3,10,7.0,0,0
20180930,992,5,8,30.0,0,0
20180930,992,208,5,80.0,0,0
20181007,993,6,2,460.0,5,0
20181007,993,130,1,538.0,9,0
20181007,993,9,3,319.0,3,0
20181007,993,1,6,58.0,0,0
20181007,993,4,4,92.0,0,0
20181007,993,10,7,43.0,0,0
20181007,993,15,9,27.0,0,0
20181007,993,3,10,7.0,0,0
20181007,993,5,8,30.0,0,0
20181007,993,208,5,84.0,0,0
20181021,994,208,5,84.0,0,0
20181021,994,5,8,32.0,0,0
20181021,994,3,10,7.0,0,0
20181021,994,10,7,47.0,0,0
20181021,994,1,6,58.0,0,0
20181021,994,130,1,563.0,9,0
20181021,994,15,9,28.0,0,0
20181021,994,6,2,497.0,6,0
20181021,994,9,3,337.0,3,0
20181021,994,4,4,106.0,0,0
20181028,995,6,2,530.0,6,0
20181028,995,130,1,585.0,9,0
20181028,995,9,3,362.0,4,0
20181028,995,1,6,62.0,0,0
20181028,995,4,4,114.0,0,0
20181028,995,10,7,47.0,0,0
20181028,995,15,8,36.0,0,0
20181028,995,3,10,7.0,0,0
20181028,995,5,9,33.0,0,0
20181028,995,208,5,84.0,0,0
20181111,996,6,2,553.0,6,0
20181111,996,130,1,620.0,10,0
20181111,996,9,3,392.0,4,0
20181111,996,1,6,62.0,0,0
20181111,996,4,4,114.0,0,0
20181111,996,10,7,48.0,0,0
20181111,996,15,8,42.0,0,0
20181111,996,3,10,7.0,0,0
20181111,996,5,9,33.0,0,0
20181111,996,208,5,90.0,0,0
20181125,997,6,2,571.0,6,1
20181125,997,130,1,655.0,11,1
20181125,997,9,3,419.0,4,1
20181125,997,1,6,62.0,0,1
20181125,997,4,4,122.0,0,1
20181125,997,10,7,52.0,0,1
20181125,997,15,8,48.0,0,1
20181125,997,3,10,7.0,0,1
20181125,997,5,9,33.0,0,1
20181125,997,208,5,93.0,0,1
20190317,998,4,5,6.0,0,0
20190317,998,208,4,8.0,0,0
20190317,998,6,2,22.0,0,0
20190317,998,9,3,15.0,0,0
20190317,998,130,1,44.0,1,0
20190317,998,50,6,4.0,0,0
20190317,998,209,7,2.0,0,0
20190317,998,5,8,1.0,0,0
20190317,998,1,9,0.0,0,0
20190317,998,3,10,0.0,0,0
20190414,1000,130,1,130.0,3,0
20190331,999,3,10,0.0,0,0
20190331,999,5,8,3.0,0,0
20190331,999,6,2,48.0,0,0
20190331,999,1,5,8.0,0,0
20190331,999,50,4,10.0,0,0
20190331,999,9,3,31.0,0,0
20190331,999,209,9,3.0,0,0
20190331,999,4,7,6.0,0,0
20190331,999,208,6,8.0,0,0
20190331,999,130,1,87.0,2,0
20190414,1000,9,3,52.0,0,0
20190414,1000,6,2,73.0,0,0
20190414,1000,208,6,8.0,0,0
20190414,1000,4,4,12.0,0,0
20190414,1000,50,5,12.0,0,0
20190414,1000,209,8,7.0,0,0
20190414,1000,5,9,4.0,0,0
20190414,1000,1,7,8.0,0,0
20190414,1000,3,10,0.0,0,0
20190428,1001,130,1,173.0,4,0
20190428,1001,9,3,64.0,0,0
20190428,1001,6,2,99.0,0,0
20190428,1001,208,8,8.0,0,0
20190428,1001,4,7,12.0,0,0
20190428,1001,50,6,13.0,0,0
20190428,1001,209,5,17.0,0,0
20190428,1001,5,9,4.0,0,0
20190428,1001,1,4,18.0,0,0
20190428,1001,3,10,0.0,0,0
20190512,1002,130,1,217.0,5,0
20190512,1002,9,3,87.0,0,0
20190512,1002,6,2,121.0,0,0
20190512,1002,208,6,15.0,0,0
20190512,1002,4,8,12.0,0,0
20190512,1002,50,7,13.0,0,0
20190512,1002,209,5,17.0,0,0
20190512,1002,5,9,6.0,0,0
20190512,1002,1,4,22.0,0,0
20190512,1002,3,10,0.0,0,0
20190526,1003,130,1,257.0,6,0
20190526,1003,9,3,110.0,0,0
20190526,1003,6,2,139.0,0,0
20190526,1003,208,6,16.0,0,0
20190526,1003,4,8,14.0,0,0
20190526,1003,50,9,13.0,0,0
20190526,1003,209,5,17.0,0,0
20190526,1003,5,7,16.0,0,0
20190526,1003,1,4,30.0,0,0
20190526,1003,3,10,0.0,0,0
20190609,1004,130,1,295.0,7,0
20190609,1004,9,3,124.0,0,0
20190609,1004,6,2,172.0,0,0
20190609,1004,208,8,16.0,0,0
20190609,1004,4,5,28.0,0,0
20190609,1004,50,9,13.0,0,0
20190609,1004,209,6,19.0,0,0
20190609,1004,5,7,17.0,0,0
20190609,1004,1,4,30.0,0,0
20190609,1004,3,10,0.0,0,0
20190623,1005,3,10,0.0,0,0
20190623,1005,5,8,17.0,0,0
20190630,1006,9,3,169.0,1,0
20190630,1006,130,1,363.0,8,0
20190623,1005,1,4,40.0,0,0
20190623,1005,209,6,19.0,0,0
20190623,1005,4,5,32.0,0,0
20190623,1005,50,7,19.0,0,0
20190623,1005,208,9,16.0,0,0
20190623,1005,6,2,198.0,0,0
20190623,1005,9,3,137.0,0,0
20190623,1005,130,1,338.0,8,0
20190630,1006,6,2,228.0,0,0
20190630,1006,208,9,16.0,0,0
20190630,1006,4,5,32.0,0,0
20190630,1006,50,6,22.0,0,0
20190630,1006,209,7,19.0,0,0
20190630,1006,5,8,17.0,0,0
20190630,1006,1,4,52.0,0,0
20190630,1006,3,10,0.0,0,0
20190714,1007,130,1,407.0,9,0
20190714,1007,9,3,191.0,1,0
20190714,1007,6,2,243.0,0,0
20190714,1007,208,9,16.0,0,0
20190714,1007,4,5,39.0,0,0
20190714,1007,50,6,26.0,0,0
20190714,1007,209,7,19.0,0,0
20190714,1007,5,8,19.0,0,0
20190714,1007,1,4,60.0,0,0
20190714,1007,3,10,0.0,0,0
20190728,1008,1,4,70.0,0,0
20190728,1008,5,5,42.0,0,0
20190728,1008,50,9,26.0,0,0
20190728,1008,208,8,26.0,0,0
20190728,1008,6,2,261.0,0,0
20190728,1008,3,10,1.0,0,0
20190728,1008,9,3,217.0,2,0
20190728,1008,209,7,31.0,0,0
20190728,1008,4,6,39.0,0,0
20190728,1008,130,1,409.0,9,0
20190804,1009,130,1,438.0,10,0
20190804,1009,9,3,244.0,2,0
20190804,1009,6,2,288.0,0,0
20190804,1009,208,9,26.0,0,0
20190804,1009,4,6,39.0,0,0
20190804,1009,50,7,32.0,0,0
20190804,1009,209,8,31.0,0,0
20190804,1009,5,5,43.0,0,0
20190804,1009,1,4,82.0,0,0
20190804,1009,3,10,1.0,0,0
20190901,1010,130,1,471.0,10,0
20190901,1010,9,3,254.0,2,0
20190901,1010,6,2,326.0,1,0
20190901,1010,208,9,26.0,0,0
20190901,1010,4,6,43.0,0,0
20190901,1010,50,8,32.0,0,0
20190901,1010,209,7,40.0,0,0
20190901,1010,5,5,51.0,0,0
20190901,1010,1,4,82.0,0,0
20190901,1010,3,10,1.0,0,0
20190908,1011,130,1,505.0,10,0
20190908,1011,9,3,266.0,2,0
20190908,1011,6,2,351.0,2,0
20190908,1011,208,9,26.0,0,0
20190908,1011,4,5,65.0,0,0
20190908,1011,50,8,34.0,0,0
20190908,1011,209,7,46.0,0,0
20190908,1011,5,6,51.0,0,0
20190908,1011,1,4,83.0,0,0
20190908,1011,3,10,1.0,0,0
20190922,1012,130,1,527.0,10,0
20190922,1012,9,3,289.0,2,0
20190922,1012,6,2,394.0,3,0
20190922,1012,208,9,26.0,0,0
20190922,1012,4,5,67.0,0,0
20190922,1012,50,8,35.0,0,0
20190922,1012,209,7,46.0,0,0
20190922,1012,5,6,55.0,0,0
20190922,1012,1,4,89.0,0,0
20190922,1012,3,10,1.0,0,0
20190929,1013,130,1,571.0,11,0
20190929,1013,9,3,311.0,2,0
20190929,1013,6,2,409.0,3,0
20190929,1013,208,9,28.0,0,0
20190929,1013,4,5,68.0,0,0
20190929,1013,50,8,35.0,0,0
20190929,1013,209,7,52.0,0,0
20190929,1013,5,6,55.0,0,0
20190929,1013,1,4,101.0,0,0
20190929,1013,3,10,1.0,0,0
20191013,1014,3,10,1.0,0,0
20191013,1014,1,4,111.0,0,0
20191013,1014,5,6,62.0,0,0
20191013,1014,209,7,58.0,0,0
20191013,1014,50,8,35.0,0,0
20191013,1014,6,2,435.0,3,0
20191013,1014,9,3,323.0,2,0
20191013,1014,208,9,28.0,0,0
20191013,1014,4,5,68.0,0,0
20191013,1014,130,1,612.0,12,0
20191027,1015,3,10,1.0,0,0
20191027,1015,1,4,111.0,0,0
20191027,1015,5,6,64.0,0,0
20191027,1015,209,7,64.0,0,0
20191027,1015,50,8,35.0,0,0
20191027,1015,6,2,466.0,3,0
20191027,1015,9,3,341.0,2,0
20191027,1015,208,9,28.0,0,0
20191027,1015,4,5,73.0,0,0
20191027,1015,130,1,652.0,13,0
20191103,1016,130,1,695.0,14,0
20191103,1016,9,3,366.0,2,0
20191103,1016,6,2,479.0,3,0
20191103,1016,208,9,28.0,0,0
20191103,1016,4,5,83.0,0,0
20191103,1016,50,8,35.0,0,0
20191103,1016,209,6,65.0,0,0
20191103,1016,5,7,64.0,0,0
20191103,1016,1,4,121.0,0,0
20191103,1016,3,10,1.0,0,0
20191117,1017,130,1,701.0,14,0
20191117,1017,9,3,391.0,3,0
20191117,1017,6,2,479.0,3,0
20191117,1017,208,9,28.0,0,0
20191117,1017,4,5,91.0,0,0
20191117,1017,50,8,57.0,0,0
20191117,1017,209,7,67.0,0,0
20191117,1017,5,6,83.0,0,0
20191117,1017,1,4,140.0,0,0
20191117,1017,3,10,1.0,0,0
20191201,1018,130,1,739.0,15,1
20191201,1018,9,3,417.0,3,1
20191201,1018,6,2,504.0,3,1
20191201,1018,208,9,28.0,0,1
20191201,1018,4,5,91.0,0,1
20191201,1018,50,8,57.0,0,1
20191201,1018,209,7,73.0,0,1
20191201,1018,5,6,85.0,0,1
20191201,1018,1,4,145.0,0,1
20191201,1018,3,10,1.0,0,1
20200802,1022,208,9,1.0,0,0
20200802,1022,9,2,78.0,0,0
20200802,1022,3,10,0.0,0,0
20200802,1022,50,8,2.0,0,0
20200802,1022,4,6,32.0,0,0
20200802,1022,210,7,13.0,0,0
20200802,1022,209,5,42.0,0,0
20200802,1022,1,3,51.0,0,0
20200802,1022,6,4,43.0,0,0
20200802,1022,130,1,146.0,4,0
20200927,1028,130,1,366.0,8,0
20200705,1019,208,10,0.0,0,0
20200705,1019,9,9,0.0,0,0
20200705,1019,3,8,0.0,0,0
20200705,1019,50,7,2.0,0,0
20200705,1019,4,6,4.0,0,0
20200705,1019,210,5,6.0,0,0
20200705,1019,209,4,8.0,0,0
20200705,1019,1,2,26.0,0,0
20200705,1019,6,3,19.0,0,0
20200705,1019,130,1,37.0,1,0
20200712,1020,130,1,80.0,2,0
20200712,1020,6,5,19.0,0,0
20200712,1020,1,2,39.0,0,0
20200712,1020,209,4,22.0,0,0
20200712,1020,210,7,7.0,0,0
20200712,1020,4,6,8.0,0,0
20200712,1020,50,8,2.0,0,0
20200712,1020,3,9,0.0,0,0
20200712,1020,9,3,27.0,0,0
20200712,1020,208,10,0.0,0,0
20200719,1021,9,2,55.0,0,0
20200719,1021,3,10,0.0,0,0
20200719,1021,4,6,12.0,0,0
20200719,1021,210,7,7.0,0,0
20200719,1021,209,4,40.0,0,0
20200719,1021,6,5,27.0,0,0
20200719,1021,1,3,41.0,0,0
20200719,1021,208,9,1.0,0,0
20200719,1021,50,8,2.0,0,0
20200719,1021,130,1,121.0,3,0
20200809,1023,130,1,180.0,4,0
20200809,1023,6,3,55.0,0,0
20200809,1023,1,4,53.0,0,0
20200809,1023,209,5,41.0,0,0
20200809,1023,210,7,14.0,0,0
20200809,1023,4,6,36.0,0,0
20200809,1023,50,8,2.0,0,0
20200809,1023,3,10,0.0,0,0
20200809,1023,9,2,113.0,1,0
20200809,1023,208,9,1.0,0,0
20200816,1024,130,1,221.0,5,0
20200816,1024,6,5,61.0,0,0
20200816,1024,1,4,62.0,0,0
20200816,1024,209,3,63.0,0,0
20200816,1024,210,7,16.0,0,0
20200816,1024,4,6,36.0,0,0
20200816,1024,50,8,2.0,0,0
20200816,1024,3,10,0.0,0,0
20200816,1024,9,2,135.0,1,0
20200816,1024,208,9,1.0,0,0
20200830,1025,130,1,264.0,6,0
20200830,1025,6,5,61.0,0,0
20200830,1025,1,3,68.0,0,0
20200830,1025,209,4,66.0,0,0
20200830,1025,210,7,20.0,0,0
20200830,1025,4,6,59.0,0,0
20200830,1025,50,8,2.0,0,0
20200830,1025,3,10,0.0,0,0
20200830,1025,9,2,158.0,1,0
20200830,1025,208,9,1.0,0,0
20200906,1026,130,1,281.0,6,0
20200906,1026,6,6,61.0,0,0
20200906,1026,1,3,98.0,0,0
20200906,1026,209,4,82.0,0,0
20200906,1026,210,7,47.0,1,0
20200906,1026,4,5,71.0,0,0
20200906,1026,50,8,2.0,0,0
20200906,1026,3,10,0.0,0,0
20200906,1026,9,2,158.0,1,0
20200906,1026,208,9,1.0,0,0
20200913,1027,130,1,325.0,7,0
20200913,1027,6,6,66.0,0,0
20200913,1027,1,3,106.0,0,0
20200913,1027,209,4,92.0,0,0
20200913,1027,210,7,53.0,1,0
20200913,1027,4,5,83.0,0,0
20200913,1027,50,8,4.0,0,0
20200913,1027,3,10,0.0,0,0
20200913,1027,9,2,173.0,1,0
20200913,1027,208,9,1.0,0,0
20200927,1028,6,6,74.0,0,0
20200927,1028,1,3,106.0,0,0
20200927,1028,209,4,104.0,0,0
20200927,1028,210,7,59.0,1,0
20200927,1028,4,5,99.0,0,0
20200927,1028,50,8,4.0,0,0
20200927,1028,3,10,0.0,0,0
20200927,1028,9,2,192.0,1,0
20200927,1028,208,9,1.0,0,0
20201011,1029,130,1,391.0,9,0
20201011,1029,6,6,80.0,0,0
20201011,1029,1,4,116.0,0,0
20201011,1029,209,3,120.0,0,0
20201011,1029,210,7,67.0,1,0
20201011,1029,4,5,114.0,0,0
20201011,1029,50,8,5.0,0,0
20201011,1029,3,10,0.0,0,0
20201011,1029,9,2,211.0,1,0
20201011,1029,208,9,3.0,0,0
20201025,1030,130,1,435.0,10,0
20201025,1030,6,6,93.0,0,0
20201025,1030,1,4,124.0,0,0
20201025,1030,209,3,126.0,0,0
20201025,1030,210,7,77.0,1,0
20201025,1030,4,5,120.0,0,0
20201025,1030,50,8,5.0,0,0
20201025,1030,3,10,0.0,0,0
20201025,1030,9,2,226.0,1,0
20201025,1030,208,9,3.0,0,0
20201101,1031,130,1,479.0,11,0
20201101,1031,6,6,103.0,0,0
20201101,1031,1,4,134.0,0,0
20201101,1031,209,5,134.0,0,0
20201101,1031,210,7,89.0,1,0
20201101,1031,4,3,135.0,0,0
20201101,1031,50,8,8.0,0,0
20201101,1031,3,10,0.0,0,0
20201101,1031,9,2,226.0,1,0
20201101,1031,208,9,3.0,0,0
20201115,1032,130,1,504.0,12,0
20201115,1032,6,6,130.0,0,0
20201115,1032,1,4,149.0,0,0
20201115,1032,209,3,154.0,0,0
20201115,1032,210,7,89.0,1,0
20201115,1032,4,5,136.0,0,0
20201115,1032,50,8,8.0,0,0
20201115,1032,3,10,0.0,0,0
20201115,1032,9,2,240.0,1,0
20201115,1032,208,9,3.0,0,0
20201129,1033,130,1,533.0,13,0
20201129,1033,6,6,131.0,0,0
20201129,1033,1,3,171.0,0,0
20201129,1033,209,4,154.0,0,0
20201129,1033,210,7,97.0,1,0
20201129,1033,4,5,144.0,0,0
20201129,1033,50,8,8.0,0,0
20201129,1033,3,10,0.0,0,0
20201129,1033,9,2,274.0,1,0
20201129,1033,208,9,3.0,0,0
20201206,1034,130,1,540.0,13,0
20201206,1034,6,6,131.0,0,0
20201206,1034,1,4,184.0,0,0
20201206,1034,209,3,194.0,1,0
20201206,1034,210,7,103.0,1,0
20201206,1034,4,5,172.0,0,0
20201206,1034,50,8,8.0,0,0
20201206,1034,3,10,0.0,0,0
20201206,1034,9,2,282.0,1,0
20201206,1034,208,9,3.0,0,0
20201213,1035,130,1,573.0,13,1
20201213,1035,6,6,131.0,0,1
20201213,1035,1,3,202.0,0,1
20201213,1035,209,4,195.0,1,1
20201213,1035,210,7,107.0,1,1
20201213,1035,4,5,181.0,0,1
20201213,1035,50,8,8.0,0,1
20201213,1035,3,10,0.0,0,1
20201213,1035,9,2,319.0,2,1
20201213,1035,208,9,3.0,0,1
20211121,1055,208,10,0.0,0,0
20211121,1055,3,8,23.0,0,0
20211121,1055,211,5,137.0,1,0
20211121,1055,50,9,11.0,0,0
20211121,1055,116,7,77.0,0,0
20211121,1055,210,6,112.0,0,0
20211121,1055,6,3,297.5,0,0
20211121,1055,1,4,258.0,1,0
20211121,1055,9,2,541.5,10,0
20211121,1055,130,1,546.5,8,0
20210328,1036,130,1,41.0,1,0
20210328,1036,9,2,28.0,0,0
20210328,1036,1,3,18.0,0,0
20210328,1036,6,4,12.0,0,0
20210328,1036,210,5,2.0,0,0
20210328,1036,116,6,1.0,0,0
20210328,1036,50,7,0.0,0,0
20210328,1036,211,8,0.0,0,0
20210328,1036,3,9,0.0,0,0
20210328,1036,208,10,0.0,0,0
20210418,1037,3,9,0.0,0,0
20210418,1037,50,8,0.0,0,0
20210418,1037,208,10,0.0,0,0
20210418,1037,9,2,53.0,1,0
20210418,1037,1,3,41.0,0,0
20210418,1037,211,7,3.0,0,0
20210418,1037,116,6,5.0,0,0
20210418,1037,210,5,8.0,0,0
20210418,1037,6,4,34.0,0,0
20210418,1037,130,1,60.0,1,0
20210502,1038,130,1,101.0,2,0
20210502,1038,9,2,83.0,1,0
20210502,1038,1,3,53.0,0,0
20210502,1038,6,4,42.0,0,0
20210502,1038,210,6,9.0,0,0
20210502,1038,116,7,5.0,0,0
20210502,1038,50,8,0.0,0,0
20210502,1038,211,5,13.0,0,0
20210502,1038,3,9,0.0,0,0
20210502,1038,208,10,0.0,0,0
20210509,1039,130,1,141.0,3,0
20210509,1039,9,2,112.0,1,0
20210509,1039,1,3,65.0,0,0
20210509,1039,6,4,60.0,0,0
20210509,1039,210,6,10.0,0,0
20210509,1039,116,7,5.0,0,0
20210509,1039,50,8,0.0,0,0
20210509,1039,211,5,15.0,0,0
20210509,1039,3,9,0.0,0,0
20210509,1039,208,10,0.0,0,0
20210523,1040,130,2,148.0,3,0
20210523,1040,9,1,149.0,2,0
20210523,1040,1,3,80.0,0,0
20210523,1040,6,4,78.0,0,0
20210523,1040,210,6,18.0,0,0
20210523,1040,116,5,19.0,0,0
20210523,1040,50,8,1.0,0,0
20210523,1040,211,7,17.0,0,0
20210523,1040,3,9,0.0,0,0
20210523,1040,208,10,0.0,0,0
20210606,1041,130,2,148.0,3,0
20210606,1041,9,1,174.0,3,0
20210606,1041,1,4,92.0,0,0
20210606,1041,6,3,94.0,0,0
20210606,1041,210,5,39.0,0,0
20210606,1041,116,6,37.0,0,0
20210606,1041,50,8,2.0,0,0
20210606,1041,211,7,25.0,0,0
20210606,1041,3,10,0.0,0,0
20210606,1041,208,9,0.0,0,0
20210620,1042,130,2,178.0,3,0
20210620,1042,9,1,215.0,4,0
20210620,1042,1,3,110.0,0,0
20210620,1042,6,4,94.0,0,0
20210620,1042,210,5,45.0,0,0
20210620,1042,116,6,40.0,0,0
20210620,1042,50,8,2.0,0,0
20210620,1042,211,7,29.0,0,0
20210620,1042,3,9,0.0,0,0
20210620,1042,208,10,0.0,0,0
20210627,1043,130,2,212.0,3,0
20210627,1043,9,1,252.0,5,0
20210627,1043,1,3,120.0,0,0
20210627,1043,6,4,108.0,0,0
20210627,1043,210,5,46.0,0,0
20210627,1043,116,6,44.0,0,0
20210627,1043,50,8,2.0,0,0
20210627,1043,211,7,31.0,0,0
20210627,1043,3,9,0.0,0,0
20210627,1043,208,10,0.0,0,0
20210704,1044,208,10,0.0,0,0
20210704,1044,210,5,48.0,0,0
20210704,1044,6,4,122.0,0,0
20210704,1044,3,9,0.0,0,0
20210704,1044,211,7,32.0,0,0
20210704,1044,50,8,2.0,0,0
20210704,1044,116,6,44.0,0,0
20210704,1044,1,3,141.0,0,0
20210704,1044,9,1,286.0,6,0
20210704,1044,130,2,242.0,3,0
20210718,1045,130,2,285.0,4,0
20210718,1045,9,1,289.0,6,0
20210718,1045,1,3,163.0,0,0
20210718,1045,6,4,148.0,0,0
20210718,1045,210,5,49.0,0,0
20210718,1045,116,6,48.0,0,0
20210718,1045,50,8,2.0,0,0
20210718,1045,211,7,40.0,0,0
20210718,1045,3,9,0.0,0,0
20210718,1045,208,10,0.0,0,0
20210801,1046,211,5,77.0,1,0
20210801,1046,50,9,3.0,0,0
20210801,1046,116,7,48.0,0,0
20210801,1046,210,6,68.0,0,0
20210801,1046,1,4,163.0,0,0
20210801,1046,208,10,0.0,0,0
20210801,1046,3,8,10.0,0,0
20210801,1046,6,3,163.0,0,0
20210801,1046,9,2,291.0,6,0
20210801,1046,130,1,303.0,4,0
20210829,1047,130,1,310.5,4,0
20210829,1047,9,2,303.5,7,0
20210829,1047,1,3,169.0,0,0
20210829,1047,6,4,165.5,0,0
20210829,1047,210,6,72.0,0,0
20210829,1047,116,7,53.0,0,0
20210829,1047,50,9,3.0,0,0
20210829,1047,211,5,80.0,1,0
20210829,1047,3,8,20.0,0,0
20210829,1047,208,10,0.0,0,0
20210905,1048,130,1,344.5,4,0
20210905,1048,9,2,332.5,8,0
20210905,1048,1,4,170.0,0,0
20210905,1048,6,3,181.5,0,0
20210905,1048,210,6,84.0,0,0
20210905,1048,116,7,53.0,0,0
20210905,1048,50,9,3.0,0,0
20210905,1048,211,5,90.0,1,0
20210905,1048,3,8,20.0,0,0
20210905,1048,208,10,0.0,0,0
20210912,1049,130,1,362.5,4,0
20210912,1049,9,2,344.5,8,0
20210912,1049,1,3,215.0,1,0
20210912,1049,6,4,201.5,0,0
20210912,1049,210,6,84.0,0,0
20210912,1049,116,7,59.0,0,0
20210912,1049,50,9,3.0,0,0
20210912,1049,211,5,95.0,1,0
20210912,1049,3,8,22.0,0,0
20210912,1049,208,10,0.0,0,0
20210926,1050,130,1,397.5,5,0
20210926,1050,9,2,364.5,8,0
20210926,1050,1,3,234.0,1,0
20210926,1050,6,4,216.5,0,0
20210926,1050,210,6,84.0,0,0
20210926,1050,116,7,59.0,0,0
20210926,1050,50,9,7.0,0,0
20210926,1050,211,5,103.0,1,0
20210926,1050,3,8,23.0,0,0
20210926,1050,208,10,0.0,0,0
20211010,1051,130,1,433.5,6,0
20211010,1051,9,2,397.5,8,0
20211010,1051,1,3,240.0,1,0
20211010,1051,6,4,232.5,0,0
20211010,1051,210,6,92.0,0,0
20211010,1051,116,7,61.0,0,0
20211010,1051,50,9,7.0,0,0
20211010,1051,211,5,104.0,1,0
20211010,1051,3,8,23.0,0,0
20211010,1051,208,10,0.0,0,0
20211024,1052,130,1,460.5,6,0
20211024,1052,9,2,437.5,9,0
20211024,1052,1,3,254.0,1,0
20211024,1052,6,4,250.5,0,0
20211024,1052,210,6,94.0,0,0
20211024,1052,116,7,62.0,0,0
20211024,1052,50,9,7.0,0,0
20211024,1052,211,5,104.0,1,0
20211024,1052,3,8,23.0,0,0
20211024,1052,208,10,0.0,0,0
20211107,1053,130,1,478.5,6,0
20211107,1053,9,2,477.5,10,0
20211107,1053,1,4,255.0,1,0
20211107,1053,6,3,268.5,0,0
20211107,1053,210,6,106.0,0,0
20211107,1053,116,7,68.0,0,0
20211107,1053,50,9,11.0,0,0
20211107,1053,211,5,106.0,1,0
20211107,1053,3,8,23.0,0,0
20211107,1053,208,10,0.0,0,0
20211114,1054,130,1,521.5,7,0
20211114,1054,9,2,510.5,10,0
20211114,1054,1,4,256.0,1,0
20211114,1054,6,3,287.5,0,0
20211114,1054,210,6,112.0,0,0
20211114,1054,116,7,68.0,0,0
20211114,1054,50,9,11.0,0,0
20211114,1054,211,5,112.0,1,0
20211114,1054,3,8,23.0,0,0
20211114,1054,208,10,0.0,0,0
20211205,1056,130,1,587.5,9,0
20211205,1056,9,2,559.5,10,0
20211205,1056,1,4,269.0,1,0
20211205,1056,6,3,307.5,0,0
20211205,1056,210,6,120.0,0,0
20211205,1056,116,7,77.0,0,0
20211205,1056,50,9,13.0,0,0
20211205,1056,211,5,149.0,1,0
20211205,1056,3,8,23.0,0,0
20211205,1056,208,10,0.0,0,0
20211212,1057,130,1,613.5,9,1
20211212,1057,9,2,585.5,11,1
20211212,1057,1,4,275.0,1,1
20211212,1057,6,3,323.5,0,1
20211212,1057,210,6,142.0,0,1
20211212,1057,116,7,77.0,0,1
20211212,1057,50,9,13.0,0,1
20211212,1057,211,5,155.0,1,1
20211212,1057,3,8,23.0,0,1
20211212,1057,208,10,0.0,0,1
20220320,1058,9,10,0.0,0,0
20220320,1058,1,9,0.0,0,0
20220320,1058,3,8,0.0,0,0
20220320,1058,116,7,0.0,0,0
20220320,1058,210,6,4.0,0,0
20220320,1058,211,5,8.0,0,0
20220320,1058,50,4,9.0,0,0
20220320,1058,208,3,10.0,0,0
20220320,1058,130,2,27.0,0,0
20220320,1058,6,1,44.0,1,0
20050306,732,18,9,0.0,0,0
20050320,733,18,9,0.0,0,0
20050403,734,18,9,0.0,0,0
20050424,735,18,9,0.0,0,0
20050522,737,18,9,0.0,0,0
20220327,1059,6,1,78.0,1,0
20220327,1059,130,2,38.0,0,0
20220327,1059,208,5,12.0,0,0
20220327,1059,50,6,9.0,0,0
20220327,1059,211,4,16.0,0,0
20220327,1059,210,7,8.0,0,0
20220327,1059,116,9,0.0,0,0
20220327,1059,3,10,0.0,0,0
20220327,1059,1,8,6.0,0,0
20220327,1059,9,3,37.0,1,0
20220410,1060,6,1,104.0,2,0
20220410,1060,130,2,65.0,0,0
20220410,1060,208,7,12.0,0,0
20220410,1060,50,6,13.0,0,0
20220410,1060,211,5,22.0,0,0
20220410,1060,210,8,10.0,0,0
20220410,1060,116,10,0.0,0,0
20220410,1060,3,9,1.0,0,0
20220410,1060,1,4,24.0,0,0
20220410,1060,9,3,55.0,1,0
20220424,1061,6,1,124.0,2,0
20220424,1061,130,3,77.0,0,0
20220424,1061,208,8,15.0,0,0
20220424,1061,50,5,25.0,0,0
20220424,1061,211,6,22.0,0,0
20220424,1061,210,7,16.0,0,0
20220424,1061,116,9,5.0,0,0
20220424,1061,3,10,1.0,0,0
20220424,1061,1,4,46.0,0,0
20220424,1061,9,2,113.0,2,0
20220508,1062,6,1,157.0,2,0
20220508,1062,130,3,95.0,0,0
20220508,1062,208,8,15.0,0,0
20220508,1062,50,5,31.0,0,0
20220508,1062,211,6,26.0,0,0
20220508,1062,210,7,16.0,0,0
20220508,1062,116,9,6.0,0,0
20220508,1062,3,10,3.0,0,0
20220508,1062,1,4,46.0,0,0
20220508,1062,9,2,151.0,3,0
20220522,1063,6,2,169.0,2,0
20220522,1063,130,3,120.0,0,0
20220522,1063,208,8,15.0,0,0
20220522,1063,50,5,39.0,0,0
20220522,1063,211,6,34.0,0,0
20220522,1063,210,7,17.0,0,0
20220522,1063,116,9,6.0,0,0
20220522,1063,3,10,3.0,0,0
20220522,1063,1,4,50.0,0,0
20220522,1063,9,1,195.0,4,0
20220529,1064,6,2,199.0,2,0
20220529,1064,130,3,134.0,0,0
20220529,1064,208,8,15.0,0,0
20220529,1064,50,5,41.0,0,0
20220529,1064,211,6,40.0,0,0
20220529,1064,210,7,17.0,0,0
20220529,1064,116,9,7.0,0,0
20220529,1064,3,10,3.0,0,0
20220529,1064,1,4,59.0,0,0
20220529,1064,9,1,235.0,5,0
20220612,1065,6,2,199.0,2,0
20220612,1065,130,3,161.0,0,0
20220612,1065,208,8,15.0,0,0
20220612,1065,50,6,41.0,0,0
20220612,1065,211,5,47.0,0,0
20220612,1065,210,7,27.0,0,0
20220612,1065,116,9,15.0,0,0
20220612,1065,3,10,3.0,0,0
20220612,1065,1,4,65.0,0,0
20220612,1065,9,1,279.0,6,0
20220619,1066,9,1,304.0,7,0
20220619,1066,1,4,65.0,0,0
20220619,1066,3,10,3.0,0,0
20220619,1066,210,7,27.0,0,0
20220619,1066,208,9,15.0,0,0
20220619,1066,6,2,228.0,2,0
20220619,1066,130,3,188.0,0,0
20220619,1066,116,8,16.0,0,0
20220619,1066,211,5,57.0,0,0
20220619,1066,50,6,51.0,0,0
20220703,1067,6,2,265.0,3,0
20220703,1067,130,3,204.0,0,0
20220703,1067,208,8,20.0,0,0
20220703,1067,50,6,51.0,0,0
20220703,1067,211,5,67.0,0,0
20220703,1067,210,7,27.0,0,0
20220703,1067,116,9,18.0,0,0
20220703,1067,3,10,3.0,0,0
20220703,1067,1,4,73.0,0,0
20220703,1067,9,1,328.0,7,0
20220710,1068,6,2,303.0,4,0
20220710,1068,130,3,237.0,0,0
20220710,1068,208,7,34.0,0,0
20220710,1068,50,6,51.0,0,0
20220710,1068,211,5,81.0,0,0
20220710,1068,210,8,27.0,0,0
20220710,1068,116,9,18.0,0,0
20220710,1068,3,10,3.0,0,0
20220710,1068,1,4,81.0,0,0
20220710,1068,9,1,359.0,7,0
20220724,1069,6,2,314.0,4,0
20220724,1069,130,3,270.0,0,0
20220724,1069,208,7,34.0,0,0
20220724,1069,50,6,51.0,0,0
20220724,1069,211,4,93.0,0,0
20220724,1069,210,8,27.0,0,0
20220724,1069,116,9,19.0,0,0
20220724,1069,3,10,3.0,0,0
20220724,1069,1,5,89.0,0,0
20220724,1069,9,1,396.0,8,0
20220731,1070,6,2,334.0,4,0
20220731,1070,130,3,304.0,0,0
20220731,1070,208,7,34.0,0,0
20220731,1070,50,6,51.0,0,0
20220731,1070,211,4,99.0,0,0
20220731,1070,210,8,27.0,0,0
20220731,1070,116,9,20.0,0,0
20220731,1070,3,10,3.0,0,0
20220731,1070,1,5,95.0,0,0
20220731,1070,9,1,431.0,9,0
20220828,1071,6,2,357.0,4,0
20220828,1071,130,3,316.0,0,0
20220828,1071,208,7,34.0,0,0
20220828,1071,50,6,51.0,0,0
20220828,1071,211,4,115.0,0,0
20220828,1071,210,8,29.0,0,0
20220828,1071,116,9,24.0,0,0
20220828,1071,3,10,4.0,0,0
20220828,1071,1,5,95.0,0,0
20220828,1071,9,1,475.0,10,0
20220904,1072,6,2,376.0,4,0
20220904,1072,130,3,346.0,0,0
20220904,1072,208,7,34.0,0,0
20220904,1072,50,6,51.0,0,0
20220904,1072,211,4,125.0,0,0
20220904,1072,210,8,29.0,0,0
20220904,1072,116,9,25.0,0,0
20220904,1072,3,10,4.0,0,0
20220904,1072,1,5,101.0,0,0
20220904,1072,9,1,511.0,11,0
20220911,1073,6,2,406.0,4,0
20220911,1073,130,3,371.0,0,0
20220911,1073,208,7,34.0,0,0
20220911,1073,50,6,52.0,0,0
20220911,1073,211,4,125.0,0,0
20220911,1073,210,8,33.0,0,0
20220911,1073,116,9,25.0,0,0
20220911,1073,3,10,6.0,0,0
20220911,1073,1,5,107.0,0,0
20220911,1073,9,1,545.0,12,0
20221002,1074,6,2,439.0,4,0
20221002,1074,130,3,373.0,0,0
20221002,1074,208,8,34.0,0,0
20221002,1074,50,6,52.0,0,0
20221002,1074,211,5,125.0,0,0
20221002,1074,210,9,34.0,0,0
20221002,1074,116,7,37.0,0,0
20221002,1074,3,10,6.0,0,0
20221002,1074,1,4,129.0,0,0
20221002,1074,9,1,576.0,13,0
20221009,1075,9,1,619.0,14,0
20221009,1075,1,5,130.0,0,0
20221009,1075,210,9,34.0,0,0
20221009,1075,208,8,34.0,0,0
20221009,1075,6,2,454.0,4,0
20221009,1075,3,10,8.0,0,0
20221009,1075,130,3,387.0,0,0
20221009,1075,211,4,143.0,0,0
20221009,1075,116,7,45.0,0,0
20221009,1075,50,6,52.0,0,0
20221023,1076,3,10,8.0,0,0
20221023,1076,1,5,138.0,0,0
20221023,1076,211,4,149.0,0,0
20221023,1076,6,2,469.0,4,0
20221023,1076,116,7,49.0,0,0
20221023,1076,210,9,35.0,0,0
20221023,1076,50,6,52.0,0,0
20221023,1076,208,8,36.0,0,0
20221023,1076,130,3,416.0,0,0
20221030,1077,9,1,696.0,16,0
20221030,1077,1,5,146.0,0,0
20221030,1077,210,9,35.0,0,0
20221030,1077,208,8,36.0,0,0
20221030,1077,6,2,487.0,4,0
20221030,1077,3,10,8.0,0,0
20221030,1077,130,3,447.0,0,0
20221030,1077,211,4,153.0,0,0
20221030,1077,116,7,49.0,0,0
20221030,1077,50,6,53.0,0,0
20221023,1076,9,1,656.0,15,0
20221113,1078,6,2,524.0,4,0
20221113,1078,130,3,505.0,1,0
20221113,1078,208,8,37.0,0,0
20221113,1078,50,6,55.0,0,0
20221113,1078,211,4,167.0,0,0
20221113,1078,210,9,35.0,0,0
20221113,1078,116,7,50.0,0,0
20221113,1078,3,10,8.0,0,0
20221113,1078,1,5,148.0,0,0
20221113,1078,9,1,719.0,16,0
20221120,1079,6,2,554.0,4,1
20221120,1079,130,3,515.0,1,1
20221120,1079,208,8,37.0,0,1
20221120,1079,50,6,55.0,0,1
20221120,1079,211,4,173.0,0,1
20221120,1079,210,9,35.0,0,1
20221120,1079,116,7,55.0,0,1
20221120,1079,3,10,8.0,0,1
20221120,1079,1,5,159.0,0,1
20221120,1079,9,1,759.0,17,1
20230305,1080,1,10,0.0,0,0
20230305,1080,208,9,0.0,0,0
20230305,1080,210,8,0.0,0,0
20230305,1080,3,7,1.0,0,0
20230305,1080,211,6,2.0,0,0
20230305,1080,50,5,4.0,0,0
20230305,1080,130,3,16.0,0,0
20230305,1080,6,4,12.0,0,0
20230305,1080,116,2,23.0,0,0
20230305,1080,9,1,43.0,1,0
20230402,1082,116,2,65.0,0,0
20230402,1082,9,1,123.0,3,0
20230319,1081,1,10,0.0,0,0
20230319,1081,210,9,0.0,0,0
20230319,1081,3,8,1.0,0,0
20230319,1081,50,6,4.0,0,0
20230319,1081,6,4,26.0,0,0
20230319,1081,208,7,1.0,0,0
20230319,1081,211,5,8.0,0,0
20230319,1081,116,2,38.0,0,0
20230319,1081,130,3,38.0,0,0
20230319,1081,9,1,87.0,2,0
20230402,1082,6,4,26.0,0,0
20230402,1082,130,3,56.0,0,0
20230402,1082,50,8,6.0,0,0
20230402,1082,211,6,8.0,0,0
20230402,1082,3,10,1.0,0,0
20230402,1082,210,9,1.0,0,0
20230402,1082,208,7,7.0,0,0
20230402,1082,1,5,12.0,0,0
20230430,1083,9,1,180.0,4,0
20230430,1083,116,2,87.0,0,0
20230430,1083,6,4,62.0,0,0
20230430,1083,130,3,76.0,0,0
20230430,1083,50,8,6.0,0,0
20230430,1083,211,6,8.0,0,0
20230430,1083,3,10,1.0,0,0
20230430,1083,210,9,2.0,0,0
20230430,1083,208,7,7.0,0,0
20230430,1083,1,5,14.0,0,0
20230507,1084,9,1,224.0,5,0
20230507,1084,116,2,102.0,0,0
20230507,1084,6,4,78.0,0,0
20230507,1084,130,3,96.0,0,0
20230507,1084,50,8,6.0,0,0
20230507,1084,211,6,14.0,0,0
20230507,1084,3,10,1.0,0,0
20230507,1084,210,9,2.0,0,0
20230507,1084,208,7,8.0,0,0
20230507,1084,1,5,14.0,0,0
20230528,1085,9,1,249.0,6,0
20230528,1085,116,2,120.0,0,0
20230528,1085,6,4,90.0,0,0
20230528,1085,130,3,119.0,0,0
20230528,1085,50,8,6.0,0,0
20230528,1085,211,5,35.0,0,0
20230528,1085,3,10,1.0,0,0
20230528,1085,210,9,2.0,0,0
20230528,1085,208,7,8.0,0,0
20230528,1085,1,6,17.0,0,0
20230604,1086,9,1,287.0,7,0
20230604,1086,116,3,134.0,0,0
20230604,1086,6,4,100.0,0,0
20230604,1086,130,2,152.0,0,0
20230604,1086,50,8,8.0,0,0
20230604,1086,211,5,40.0,0,0
20230604,1086,3,10,1.0,0,0
20230604,1086,210,9,2.0,0,0
20230604,1086,208,7,8.0,0,0
20230604,1086,1,6,17.0,0,0
20230618,1087,1,6,17.0,0,0
20230618,1087,208,8,8.0,0,0
20230618,1087,210,10,2.0,0,0
20230618,1087,3,9,7.0,0,0
20230618,1087,211,5,44.0,0,0
20230618,1087,50,7,9.0,0,0
20230618,1087,130,2,167.0,0,0
20230618,1087,6,4,122.0,0,0
20230618,1087,116,3,154.0,0,0
20230618,1087,9,1,321.0,8,0
20230702,1088,208,7,11.0,0,0
20230702,1088,3,9,7.0,0,0
20230702,1088,6,4,154.0,0,0
20230702,1088,116,3,175.0,0,0
20230702,1088,210,10,2.0,0,0
20230702,1088,1,6,29.0,0,0
20230702,1088,211,5,47.0,0,0
20230702,1088,9,1,377.0,9,0
20230702,1088,50,8,9.0,0,0
20230702,1088,130,2,178.0,0,0
20230709,1089,9,1,411.0,10,0
20230709,1089,116,3,181.0,0,0
20230709,1089,6,4,157.0,0,0
20230709,1089,130,2,203.0,0,0
20230709,1089,50,9,9.0,0,0
20230709,1089,211,6,47.0,0,0
20230709,1089,3,7,11.0,0,0
20230709,1089,210,10,2.0,0,0
20230709,1089,208,8,11.0,0,0
20230709,1089,1,5,59.0,0,0
20230723,1090,9,1,452.0,11,0
20230723,1090,116,3,184.0,0,0
20230723,1090,6,4,167.0,0,0
20230723,1090,130,2,223.0,0,0
20230723,1090,50,9,9.0,0,0
20230723,1090,211,6,47.0,0,0
20230723,1090,3,7,11.0,0,0
20230723,1090,210,10,2.0,0,0
20230723,1090,208,8,11.0,0,0
20230723,1090,1,5,87.0,0,0
20230730,1091,9,1,503.0,12,0
20230730,1091,116,3,196.0,0,0
20230730,1091,6,4,191.0,0,0
20230730,1091,130,2,247.0,0,0
20230730,1091,50,9,9.0,0,0
20230730,1091,211,6,57.0,0,0
20230730,1091,3,7,11.0,0,0
20230730,1091,210,10,3.0,0,0
20230730,1091,208,8,11.0,0,0
20230730,1091,1,5,103.0,0,0
20230827,1092,9,1,540.0,13,0
20230827,1092,116,3,215.0,0,0
20230827,1092,6,4,201.0,0,0
20230827,1092,130,2,255.0,0,0
20230827,1092,50,9,9.0,0,0
20230827,1092,211,6,73.0,0,0
20230827,1092,3,7,15.0,0,0
20230827,1092,210,10,3.0,0,0
20230827,1092,208,8,11.0,0,0
20230827,1092,1,5,111.0,0,0
20230903,1093,9,1,583.0,14,0
20230903,1093,116,4,217.0,0,0
20230903,1093,6,3,228.0,0,0
20230903,1093,130,2,273.0,0,0
20230903,1093,50,9,10.0,0,0
20230903,1093,211,6,73.0,0,0
20230903,1093,3,7,21.0,0,0
20230903,1093,210,10,3.0,0,0
20230903,1093,208,8,11.0,0,0
20230903,1093,1,5,115.0,0,0
20230917,1094,9,1,597.0,14,0
20230917,1094,116,4,217.0,0,0
20230917,1094,6,3,265.0,1,0
20230917,1094,130,2,289.0,0,0
20230917,1094,50,9,10.0,0,0
20230917,1094,211,6,81.0,0,0
20230917,1094,3,7,21.0,0,0
20230917,1094,210,10,5.0,0,0
20230917,1094,208,8,12.0,0,0
20230917,1094,1,5,139.0,0,0
20230924,1095,9,1,623.0,15,0
20230924,1095,116,4,221.0,0,0
20230924,1095,6,3,285.0,1,0
20230924,1095,130,2,305.0,0,0
20230924,1095,50,9,10.0,0,0
20230924,1095,211,6,84.0,0,0
20230924,1095,3,7,21.0,0,0
20230924,1095,210,10,5.0,0,0
20230924,1095,208,8,12.0,0,0
20230924,1095,1,5,172.0,0,0
20231008,1096,210,10,5.0,0,0
20231008,1096,211,6,90.0,0,0
20231008,1096,1,5,219.0,0,0
20231008,1096,208,9,12.0,0,0
20231008,1096,3,7,23.0,0,0
20231008,1096,50,8,16.0,0,0
20231008,1096,130,2,326.0,0,0
20231008,1096,6,3,298.0,1,0
20231008,1096,116,4,230.0,0,0
20231008,1096,9,1,657.0,16,0
20231022,1097,208,9,12.0,0,0
20231022,1097,3,7,26.0,0,0
20231022,1097,6,3,322.0,1,0
20231022,1097,1,4,242.0,0,0
20231022,1097,210,10,10.0,0,0
20231022,1097,211,6,100.0,0,0
20231022,1097,50,8,16.0,0,0
20231022,1097,130,2,344.0,0,0
20231022,1097,116,5,236.0,0,0
20231022,1097,9,1,706.0,17,0
20231029,1098,9,1,731.0,18,0
20231029,1098,116,5,236.0,0,0
20231029,1098,6,3,349.0,1,0
20231029,1098,130,2,371.0,0,0
20231029,1098,50,9,16.0,0,0
20231029,1098,211,6,101.0,0,0
20231029,1098,3,7,28.0,0,0
20231029,1098,210,8,16.0,0,0
20231029,1098,208,10,12.0,0,0
20231029,1098,1,4,256.0,0,0
20231105,1099,9,1,782.0,19,0
20231105,1099,116,5,261.0,0,0
20231105,1099,6,3,362.0,1,0
20231105,1099,130,2,382.0,0,0
20231105,1099,50,9,16.0,0,0
20231105,1099,211,6,108.0,0,0
20231105,1099,3,7,28.0,0,0
20231105,1099,210,8,21.0,0,0
20231105,1099,208,10,12.0,0,0
20231105,1099,1,4,282.0,0,0
20231119,1100,9,1,822.0,20,0
20231119,1100,116,5,273.0,0,0
20231119,1100,6,3,388.0,1,0
20231119,1100,130,2,392.0,0,0
20231119,1100,50,9,16.0,0,0
20231119,1100,211,6,120.0,0,0
20231119,1100,3,7,28.0,0,0
20231119,1100,210,8,21.0,0,0
20231119,1100,208,10,12.0,0,0
20231119,1100,1,4,284.0,0,0
20231126,1101,9,1,860.0,21,1
20231126,1101,116,5,280.0,0,1
20231126,1101,6,3,406.0,1,1
20231126,1101,130,2,409.0,0,1
20231126,1101,50,9,16.0,0,1
20231126,1101,211,6,120.0,0,1
20231126,1101,3,7,28.0,0,1
20231126,1101,210,8,25.0,0,1
20231126,1101,208,10,12.0,0,1
20231126,1101,1,4,302.0,0,1
20240302,1102,9,1,44.0,1,0
20240302,1102,6,2,27.0,0,0
20240302,1102,130,3,16.0,0,0
20240302,1102,1,4,12.0,0,0
20240302,1102,116,5,3.0,0,0
20240302,1102,15,6,0.0,0,0
20240302,1102,208,7,0.0,0,0
20240302,1102,212,8,0.0,0,0
20240302,1102,3,9,0.0,0,0
20240302,1102,211,10,0.0,0,0
20240309,1103,9,1,87.0,2,0
20240309,1103,6,2,49.0,0,0
20240309,1103,130,4,26.0,0,0
20240309,1103,1,3,28.0,0,0
20240309,1103,116,5,13.0,0,0
20240309,1103,15,8,0.0,0,0
20240309,1103,208,6,1.0,0,0
20240309,1103,212,9,0.0,0,0
20240309,1103,3,7,0.0,0,0
20240309,1103,211,10,0.0,0,0
20240324,1104,211,10,0.0,0,0
20240324,1104,212,6,6.0,0,0
20240324,1104,15,9,0.0,0,0
20240324,1104,116,5,25.0,0,0
20240324,1104,1,3,55.0,0,0
20240324,1104,130,4,26.0,0,0
20240324,1104,3,8,0.0,0,0
20240324,1104,208,7,4.0,0,0
20240324,1104,6,2,93.0,1,0
20240324,1104,9,1,97.0,2,0
20240407,1105,9,1,141.0,3,0
20240407,1105,6,2,120.0,1,0
20240407,1105,130,4,34.0,0,0
20240407,1105,1,3,69.0,0,0
20240407,1105,116,5,33.0,0,0
20240407,1105,15,9,0.0,0,0
20240407,1105,208,7,4.0,0,0
20240407,1105,212,6,7.0,0,0
20240407,1105,3,8,0.0,0,0
20240407,1105,211,10,0.0,0,0
20240505,1107,6,2,187.0,1,0
20240505,1107,9,1,239.0,4,0
20240421,1106,211,9,0.0,0,0
20240421,1106,212,6,7.0,0,0
20240421,1106,208,7,5.0,0,0
20240421,1106,15,10,0.0,0,0
20240421,1106,116,5,40.0,0,0
20240421,1106,6,2,151.0,1,0
20240421,1106,3,8,0.0,0,0
20240421,1106,1,3,96.0,0,0
20240421,1106,130,4,52.0,0,0
20240421,1106,9,1,195.0,4,0
20240505,1107,130,4,64.0,0,0
20240505,1107,1,3,124.0,1,0
20240505,1107,116,5,42.0,0,0
20240505,1107,15,10,0.0,0,0
20240505,1107,208,7,7.0,0,0
20240505,1107,212,6,19.0,0,0
20240505,1107,3,9,0.0,0,0
20240505,1107,211,8,1.0,0,0
20240519,1108,9,1,268.0,5,0
20240519,1108,6,2,212.0,1,0
20240519,1108,130,4,79.0,0,0
20240519,1108,1,3,154.0,1,0
20240519,1108,116,5,44.0,0,0
20240519,1108,15,10,0.0,0,0
20240519,1108,208,7,7.0,0,0
20240519,1108,212,6,20.0,0,0
20240519,1108,3,9,0.0,0,0
20240519,1108,211,8,1.0,0,0
20240526,1109,9,1,276.0,5,0
20240526,1109,6,2,252.0,2,0
20240526,1109,130,4,96.0,0,0
20240526,1109,1,3,184.0,1,0
20240526,1109,116,5,44.0,0,0
20240526,1109,15,10,0.0,0,0
20240526,1109,208,7,7.0,0,0
20240526,1109,212,6,24.0,0,0
20240526,1109,3,8,2.0,0,0
20240526,1109,211,9,2.0,0,0
20240609,1110,9,1,301.0,6,0
20240609,1110,6,2,252.0,2,0
20240609,1110,130,4,124.0,0,0
20240609,1110,1,3,212.0,1,0
20240609,1110,116,5,58.0,0,0
20240609,1110,15,10,0.0,0,0
20240609,1110,208,7,7.0,0,0
20240609,1110,212,6,28.0,0,0
20240609,1110,3,9,2.0,0,0
20240609,1110,211,8,5.0,0,0
20240623,1111,9,1,330.0,7,0
20240623,1111,6,2,270.0,2,0
20240623,1111,130,4,151.0,0,0
20240623,1111,1,3,237.0,1,0
20240623,1111,116,5,58.0,0,0
20240623,1111,15,10,0.0,0,0
20240623,1111,208,8,7.0,0,0
20240623,1111,212,6,28.0,0,0
20240623,1111,3,9,2.0,0,0
20240623,1111,211,7,8.0,0,0
20240630,1112,9,1,355.0,7,0
20240630,1112,6,2,291.0,2,0
20240630,1112,130,4,196.0,1,0
20240630,1112,1,3,268.0,1,0
20240630,1112,116,5,58.0,0,0
20240630,1112,15,10,0.0,0,0
20240630,1112,208,7,19.0,0,0
20240630,1112,212,6,30.0,0,0
20240630,1112,3,9,2.0,0,0
20240630,1112,211,8,9.0,0,0
20240707,1113,9,1,373.0,7,0
20240707,1113,6,2,302.0,2,0
20240707,1113,130,4,221.0,2,0
20240707,1113,1,3,295.0,1,0
20240707,1113,116,5,68.0,0,0
20240707,1113,15,10,0.0,0,0
20240707,1113,208,7,27.0,0,0
20240707,1113,212,6,31.0,0,0
20240707,1113,3,9,4.0,0,0
20240707,1113,211,8,9.0,0,0
20240721,1114,9,1,389.0,7,0
20240721,1114,6,3,322.0,2,0
20240721,1114,130,4,241.0,2,0
20240721,1114,1,2,338.0,2,0
20240721,1114,116,5,69.0,0,0
20240721,1114,15,10,0.0,0,0
20240721,1114,208,7,27.0,0,0
20240721,1114,212,6,33.0,0,0
20240721,1114,3,9,4.0,0,0
20240721,1114,211,8,9.0,0,0
20240728,1115,211,8,11.0,0,0
20240728,1115,212,6,34.0,0,0
20240728,1115,208,7,27.0,0,0
20240728,1115,15,10,0.0,0,0
20240728,1115,116,5,73.0,0,0
20240728,1115,130,4,266.0,3,0
20240728,1115,6,3,345.0,2,0
20240728,1115,3,9,4.0,0,0
20240728,1115,1,2,366.0,2,0
20240728,1115,9,1,408.0,7,0
20240825,1116,9,1,434.0,7,0
20240825,1116,6,3,370.0,2,0
20240825,1116,130,4,276.0,3,0
20240825,1116,1,2,404.0,3,0
20240825,1116,116,5,74.0,0,0
20240825,1116,15,10,0.0,0,0
20240825,1116,208,7,27.0,0,0
20240825,1116,212,6,34.0,0,0
20240825,1116,3,9,4.0,0,0
20240825,1116,211,8,13.0,0,0
20240901,1117,9,1,446.0,7,0
20240901,1117,6,3,407.0,3,0
20240901,1117,130,4,292.0,3,0
20240901,1117,1,2,438.0,3,0
20240901,1117,116,5,74.0,0,0
20240901,1117,15,10,0.0,0,0
20240901,1117,208,7,28.0,0,0
20240901,1117,212,6,34.0,0,0
20240901,1117,3,9,6.0,0,0
20240901,1117,211,8,13.0,0,0
20240915,1118,9,2,456.0,7,0
20240915,1118,6,3,425.0,3,0
20240915,1118,130,4,309.0,3,0
20240915,1118,1,1,476.0,4,0
20240915,1118,116,5,82.0,0,0
20240915,1118,15,10,0.0,0,0
20240915,1118,208,7,29.0,0,0
20240915,1118,212,6,34.0,0,0
20240915,1118,3,8,16.0,0,0
20240915,1118,211,9,13.0,0,0
20240922,1119,9,2,475.0,7,0
20240922,1119,6,3,441.0,3,0
20240922,1119,130,4,329.0,3,0
20240922,1119,1,1,516.0,5,0
20240922,1119,116,5,86.0,0,0
20240922,1119,15,10,0.0,0,0
20240922,1119,208,7,31.0,0,0
20240922,1119,212,6,34.0,0,0
20240922,1119,3,8,16.0,0,0
20240922,1119,211,9,13.0,0,0
20241020,1120,9,2,504.0,7,0
20241020,1120,6,3,496.0,4,0
20241020,1120,130,4,344.0,3,0
20241020,1120,1,1,544.0,5,0
20241020,1120,116,5,86.0,0,0
20241020,1120,15,10,0.0,0,0
20241020,1120,208,6,38.0,0,0
20241020,1120,212,7,36.0,0,0
20241020,1120,3,8,17.0,0,0
20241020,1120,211,9,13.0,0,0
20241027,1121,9,3,512.0,7,0
20241027,1121,6,2,537.0,5,0
20241027,1121,130,4,366.0,3,0
20241027,1121,1,1,566.0,5,0
20241027,1121,116,5,86.0,0,0
20241027,1121,15,10,0.0,0,0
20241027,1121,208,6,46.0,0,0
20241027,1121,212,7,36.0,0,0
20241027,1121,3,8,17.0,0,0
20241027,1121,211,9,14.0,0,0
20241103,1122,9,3,544.0,8,0
20241103,1122,6,2,557.0,5,0
20241103,1122,130,4,382.0,3,0
20241103,1122,1,1,593.0,5,0
20241103,1122,116,5,86.0,0,0
20241103,1122,15,10,0.0,0,0
20241103,1122,208,7,46.0,0,0
20241103,1122,212,8,44.0,0,0
20241103,1122,3,9,17.0,0,0
20241103,1122,211,6,49.0,0,0
20241123,1123,9,3,555.0,8,0
20241123,1123,6,2,584.0,5,0
20241123,1123,130,4,425.0,4,0
20241123,1123,1,1,608.0,5,0
20241123,1123,116,5,86.0,0,0
20241123,1123,15,10,0.0,0,0
20241123,1123,208,6,50.0,0,0
20241123,1123,212,8,46.0,0,0
20241123,1123,3,9,17.0,0,0
20241123,1123,211,7,49.0,0,0
20241201,1124,9,3,581.0,9,0
20241201,1124,6,2,619.0,5,0
20241201,1124,130,4,446.0,4,0
20241201,1124,1,1,640.0,5,0
20241201,1124,116,5,92.0,0,0
20241201,1124,15,10,4.0,0,0
20241201,1124,208,7,54.0,0,0
20241201,1124,212,8,46.0,0,0
20241201,1124,3,9,17.0,0,0
20241201,1124,211,6,59.0,0,0
20241208,1125,9,3,589.0,9,1
20241208,1125,6,2,652.0,5,1
20241208,1125,130,4,468.0,4,1
20241208,1125,1,1,666.0,6,1
20241208,1125,116,5,94.0,0,1
20241208,1125,15,10,4.0,0,1
20241208,1125,208,7,58.0,0,1
20241208,1125,212,8,46.0,0,1
20241208,1125,3,9,17.0,0,1
20241208,1125,211,6,65.0,0,1
