DateKey,RaceKey,CircuitKey,DriverKey,ConstructorKey,QualiPosition,Q1Ms,Q2Ms,Q3Ms,BestLapMs,GapToPoleMs,GapToPolePct,ReachedQ2,ReachedQ3
20080316,786,1,1,1,1,86572,85187,86714,85187,0,0.0,1,1
20080316,786,1,9,2,2,86103,85315,86869,85315,128,0.15,1,1
20080316,786,1,5,1,3,85664,85452,87079,85452,265,0.311,1,1
20080316,786,1,13,6,4,85994,85691,87178,85691,504,0.592,1,1
20080316,786,1,2,2,5,85960,85518,87236,85518,331,0.389,1,1
20080316,786,1,15,7,6,86427,86101,88527,86101,914,1.073,1,1
20080316,786,1,3,3,7,86295,86059,88687,86059,872,1.024,1,1
20080316,786,1,14,9,8,86381,86063,89041,86063,876,1.028,1,1
20080316,786,1,10,7,9,86919,86164,89593,86164,977,1.147,1,1
20080316,786,1,20,5,10,86702,85842,,85842,655,0.769,1,0
20080316,786,1,22,11,11,86369,86173,,86173,986,1.157,1,0
20080316,786,1,4,4,12,86907,86188,,86188,1001,1.175,1,0
20080316,786,1,18,11,13,86712,86259,,86259,1072,1.258,1,0
20080316,786,1,6,3,14,86891,86413,,86413,1226,1.439,1,0
20080316,786,1,17,9,15,86914,,,86914,1727,2.027,0,0
20080316,786,1,8,6,16,86140,,,86140,953,1.119,0,0
20080316,786,1,21,10,17,87207,,,87207,2020,2.371,0,0
20080316,786,1,7,5,18,87446,,,87446,2259,2.652,0,0
20080316,786,1,16,10,19,87859,,,87859,2672,3.137,0,0
20080316,786,1,11,8,20,88208,,,88208,3021,3.546,0,0
20080316,786,1,12,4,21,88330,,,88330,3143,3.69,0,0
20080316,786,1,19,8,22,89059,,,89059,3872,4.545,0,0
20080323,787,2,13,6,1,95347,94412,95748,94412,224,0.238,1,1
20080323,787,2,8,6,2,95645,94188,96230,94188,0,0.0,1,1
20080323,787,2,5,1,3,95227,94759,96613,94759,571,0.606,1,1
20080323,787,2,1,1,4,95392,94627,96709,94627,439,0.466,1,1
20080323,787,2,15,7,5,95205,94960,96711,94960,772,0.82,1,1
20080323,787,2,9,2,6,95794,94811,96727,94811,623,0.661,1,1
20080323,787,2,2,2,7,95729,94648,96753,94648,460,0.488,1,1
20080323,787,2,17,9,8,95440,94967,97009,94967,779,0.827,1,1
20080323,787,2,4,4,9,95983,95140,98450,95140,952,1.011,1,1
20080323,787,2,10,7,10,95891,95000,99656,95000,812,0.862,1,1
20080323,787,2,18,11,11,95847,95208,,95208,1020,1.083,1,0
20080323,787,2,14,9,12,96058,95408,,95408,1220,1.295,1,0
20080323,787,2,12,4,13,96074,95562,,95562,1374,1.459,1,0
20080323,787,2,22,11,14,96198,95622,,95622,1434,1.522,1,0
20080323,787,2,20,5,15,96111,95648,,95648,1460,1.55,1,0
20080323,787,2,3,3,16,95843,95670,,95670,1482,1.573,1,0
20080323,787,2,21,10,17,96240,,,96240,2052,2.179,0,0
20080323,787,2,6,3,18,96388,,,96388,2200,2.336,0,0
20080323,787,2,7,5,19,96677,,,96677,2489,2.643,0,0
20080323,787,2,11,8,20,97087,,,97087,2899,3.078,0,0
20080323,787,2,16,10,21,97101,,,97101,2913,3.093,0,0
20080323,787,2,19,8,22,97481,,,97481,3293,3.496,0,0
20080406,788,3,9,2,1,92893,91745,93096,91745,557,0.611,1,1
20080406,788,3,13,6,2,91937,91188,93123,91188,0,0.0,1,1
20080406,788,3,1,1,3,92750,91922,93292,91922,734,0.805,1,1
20080406,788,3,8,6,4,92652,91933,93418,91933,745,0.817,1,1
20080406,788,3,5,1,5,93057,91718,93488,91718,530,0.581,1,1
20080406,788,3,2,2,6,93137,91909,93737,91909,721,0.791,1,1
20080406,788,3,15,7,7,92493,92159,93994,92159,971,1.065,1,1
20080406,788,3,3,3,8,92903,92185,94015,92185,997,1.093,1,1
20080406,788,3,18,11,9,92793,92362,95057,92362,1174,1.287,1,1
20080406,788,3,4,4,10,92947,92345,95115,92345,1157,1.269,1,1
20080406,788,3,17,9,11,93194,92371,,92371,1183,1.297,1,0
20080406,788,3,22,11,12,92944,92508,,92508,1320,1.448,1,0
20080406,788,3,10,7,13,92800,92528,,92528,1340,1.469,1,0
20080406,788,3,12,4,14,92975,92790,,92790,1602,1.757,1,0
20080406,788,3,7,5,15,93415,92915,,92915,1727,1.894,1,0
20080406,788,3,6,3,16,93386,92943,,92943,1755,1.925,1,0
20080406,788,3,14,9,17,93433,,,93433,2245,2.462,0,0
20080406,788,3,21,10,18,93501,,,93501,2313,2.537,0,0
20080406,788,3,20,5,19,93562,,,93562,2374,2.603,0,0
20080406,788,3,16,10,20,93845,,,93845,2657,2.914,0,0
20080406,788,3,19,8,21,94140,,,94140,2952,3.237,0,0
20080406,788,3,11,8,22,95725,,,95725,4537,4.975,0,0
20080427,789,4,8,6,1,80701,80784,81813,80701,117,0.145,1,1
20080427,789,4,4,4,2,81347,80804,81904,80804,220,0.273,1,1
20080427,789,4,13,6,3,81528,80584,82058,80584,0,0.0,1,1
20080427,789,4,9,2,4,81423,80597,82065,80597,13,0.016,1,1
20080427,789,4,1,1,5,81366,80825,82096,80825,241,0.299,1,1
20080427,789,4,5,1,6,81430,80817,82231,80817,233,0.289,1,1
20080427,789,4,17,9,7,81494,80984,82429,80984,400,0.496,1,1
20080427,789,4,15,7,8,81158,80907,82529,80907,323,0.401,1,1
20080427,789,4,2,2,9,81466,80815,82542,80815,231,0.287,1,1
20080427,789,4,12,4,10,81409,80894,82699,80894,310,0.385,1,1
20080427,789,4,22,11,11,81548,81049,,81049,465,0.577,1,0
20080427,789,4,6,3,12,81690,81117,,81117,533,0.661,1,0
20080427,789,4,18,11,13,81757,81211,,81211,627,0.778,1,0
20080427,789,4,10,7,14,81427,81230,,81230,646,0.802,1,0
20080427,789,4,3,3,15,81472,81349,,81349,765,0.949,1,0
20080427,789,4,7,5,16,81540,81724,,81540,956,1.186,1,0
20080427,789,4,14,9,17,81810,,,81810,1226,1.521,0,0
20080427,789,4,20,5,18,82108,,,82108,1524,1.891,0,0
20080427,789,4,21,10,19,82516,,,82516,1932,2.397,0,0
20080427,789,4,16,10,20,83224,,,83224,2640,3.276,0,0
20080427,789,4,19,8,21,83318,,,83318,2734,3.393,0,0
20080427,789,4,11,8,22,83496,,,83496,2912,3.614,0,0
20080511,790,5,13,6,1,85994,86192,87617,85994,0,0.0,1,1
20080511,790,5,5,1,2,86736,86290,87808,86290,296,0.344,1,1
20080511,790,5,1,1,3,86192,86477,87923,86192,198,0.23,1,1
20080511,790,5,8,6,4,86457,86050,87936,86050,56,0.065,1,1
20080511,790,5,9,2,5,86761,86129,88390,86129,135,0.157,1,1
20080511,790,5,17,9,6,86773,86466,88417,86466,472,0.549,1,1
20080511,790,5,4,4,7,86836,86522,88422,86522,528,0.614,1,1
20080511,790,5,15,7,8,86695,86822,88836,86695,701,0.815,1,1
20080511,790,5,2,2,9,87107,87607,88882,87107,1113,1.294,1,1
20080511,790,5,14,9,10,86939,86520,89959,86520,526,0.612,1,1
20080511,790,5,3,3,11,87367,87012,,87012,1018,1.184,1,0
20080511,790,5,22,11,12,87355,87219,,87219,1225,1.425,1,0
20080511,790,5,18,11,13,87428,87298,,87298,1304,1.516,1,0
20080511,790,5,20,5,14,87442,87412,,87412,1418,1.649,1,0
20080511,790,5,10,7,15,86614,87806,,86614,620,0.721,1,0
20080511,790,5,6,3,16,87547,,,87547,1553,1.806,0,0
20080511,790,5,12,4,17,87568,,,87568,1574,1.83,0,0
20080511,790,5,7,5,18,87621,,,87621,1627,1.892,0,0
20080511,790,5,21,10,19,87807,,,87807,1813,2.108,0,0
20080511,790,5,16,10,20,88325,,,88325,2331,2.711,0,0
20080525,791,6,13,6,1,75190,75110,75787,75110,0,0.0,1,1
20080525,791,6,8,6,2,75717,75404,75815,75404,294,0.391,1,1
20080525,791,6,1,1,3,75582,75322,75839,75322,212,0.282,1,1
20080525,791,6,5,1,4,75295,75389,76165,75295,185,0.246,1,1
20080525,791,6,9,2,5,75977,75483,76171,75483,373,0.497,1,1
20080525,791,6,3,3,6,75935,75287,76548,75287,177,0.236,1,1
20080525,791,6,4,4,7,76646,75827,76852,75827,717,0.955,1,1
20080525,791,6,15,7,8,76306,75598,77203,75598,488,0.65,1,1
20080525,791,6,17,9,9,76074,75745,77343,75745,635,0.845,1,1
20080525,791,6,14,9,10,76086,75839,,75839,729,0.971,1,0
20080525,791,6,10,7,11,76285,75907,,75907,797,1.061,1,0
20080525,791,6,18,11,12,76259,76101,,76101,991,1.319,1,0
20080525,791,6,2,2,13,76650,76455,,76455,1345,1.791,1,0
20080525,791,6,6,3,14,76756,76479,,76479,1369,1.823,1,0
20080525,791,6,22,11,15,76208,76537,,76208,1098,1.462,1,0
20080525,791,6,7,5,16,76806,,,76806,1696,2.258,0,0
20080525,791,6,12,4,17,76933,,,76933,1823,2.427,0,0
20080525,791,6,20,5,18,76955,,,76955,1845,2.456,0,0
20080525,791,6,16,10,19,77225,,,77225,2115,2.816,0,0
20080525,791,6,21,10,20,77823,,,77823,2713,3.612,0,0
20080608,792,7,1,1,1,76909,77034,77886,76909,0,0.0,1,1
20080608,792,7,9,2,2,77471,77679,78498,77471,562,0.731,1,1
20080608,792,7,8,6,3,77301,77364,78735,77301,392,0.51,1,1
20080608,792,7,4,4,4,77415,77488,78746,77415,506,0.658,1,1
20080608,792,7,3,3,5,77991,77891,78844,77891,982,1.277,1,1
20080608,792,7,13,6,6,77231,77353,79048,77231,322,0.419,1,1
20080608,792,7,5,1,7,77287,77684,79089,77287,378,0.491,1,1
20080608,792,7,2,2,8,78082,77781,79633,77781,872,1.134,1,1
20080608,792,7,22,11,9,78256,78020,80848,78020,1111,1.445,1,1
20080608,792,7,17,9,10,77582,77523,,77523,614,0.798,1,0
20080608,792,7,10,7,11,78321,78031,,78031,1122,1.459,1,0
20080608,792,7,6,3,12,77638,78062,,77638,729,0.948,1,0
20080608,792,7,14,9,13,78168,78238,,78168,1259,1.637,1,0
20080608,792,7,15,7,14,78039,78327,,78039,1130,1.469,1,0
20080608,792,7,12,4,15,78505,78393,,78393,1484,1.93,1,0
20080608,792,7,7,5,16,78916,,,78916,2007,2.61,0,0
20080608,792,7,16,10,17,79108,,,79108,2199,2.859,0,0
20080608,792,7,21,10,18,79165,,,79165,2256,2.933,0,0
20080608,792,7,18,11,19,83565,,,83565,6656,8.654,0,0
20080608,792,7,20,5,20,,,,,,,0,0
20080622,793,8,8,6,1,75133,75161,76449,75133,109,0.145,1,1
20080622,793,8,13,6,2,75024,75041,76490,75024,0,0.0,1,1
20080622,793,8,1,1,3,75634,75293,76693,75293,269,0.359,1,1
20080622,793,8,4,4,4,75754,75483,76840,75483,459,0.612,1,1
20080622,793,8,15,7,5,75521,75362,76920,75362,338,0.451,1,1
20080622,793,8,5,1,6,75965,75639,76944,75639,615,0.82,1,1
20080622,793,8,9,2,7,75687,75723,77037,75687,663,0.884,1,1
20080622,793,8,17,9,8,76020,75488,77233,75488,464,0.618,1,1
20080622,793,8,14,9,9,75802,75654,77426,75654,630,0.84,1,1
20080622,793,8,10,7,10,75727,75558,77596,75558,534,0.712,1,1
20080622,793,8,12,4,11,75848,75770,,75770,746,0.994,1,0
20080622,793,8,2,2,12,76006,75786,,75786,762,1.016,1,0
20080622,793,8,20,5,13,75918,75816,,75816,792,1.056,1,0
20080622,793,8,7,5,14,76072,76045,,76045,1021,1.361,1,0
20080622,793,8,3,3,15,76085,76235,,76085,1061,1.414,1,0
20080622,793,8,6,3,16,76243,,,76243,1219,1.625,0,0
20080622,793,8,18,11,17,76306,,,76306,1282,1.709,0,0
20080622,793,8,22,11,18,76330,,,76330,1306,1.741,0,0
20080622,793,8,21,10,19,76971,,,76971,1947,2.595,0,0
20080622,793,8,16,10,20,77053,,,77053,2029,2.704,0,0
20080706,794,9,5,1,1,79957,79597,81049,79597,60,0.075,1,1
20080706,794,9,17,9,2,80982,79710,81554,79710,173,0.218,1,1
20080706,794,9,8,6,3,80370,79971,81706,79971,434,0.546,1,1
20080706,794,9,1,1,4,80288,79537,81835,79537,0,0.0,1,1
20080706,794,9,2,2,5,81022,79802,81873,79802,265,0.333,1,1
20080706,794,9,4,4,6,80998,79992,82029,79992,455,0.572,1,1
20080706,794,9,12,4,7,80818,80115,82491,80115,578,0.727,1,1
20080706,794,9,20,5,8,80318,80109,83251,80109,572,0.719,1,1
20080706,794,9,13,6,9,80676,80086,83305,80086,549,0.69,1,1
20080706,794,9,9,2,10,80444,79788,,79788,251,0.316,1,0
20080706,794,9,14,9,11,81224,80174,,80174,637,0.801,1,0
20080706,794,9,10,7,12,80893,80274,,80274,737,0.927,1,0
20080706,794,9,7,5,13,80584,80531,,80531,994,1.25,1,0
20080706,794,9,15,7,14,81145,80601,,80601,1064,1.338,1,0
20080706,794,9,6,3,15,81407,81112,,81112,1575,1.98,1,0
20080706,794,9,22,11,16,81512,,,81512,1975,2.483,0,0
20080706,794,9,18,11,17,81631,,,81631,2094,2.633,0,0
20080706,794,9,3,3,18,81668,,,81668,2131,2.679,0,0
20080706,794,9,16,10,19,81786,,,81786,2249,2.828,0,0
20080706,794,9,21,10,20,81885,,,81885,2348,2.952,0,0
20080720,795,10,1,1,1,75218,74603,75666,74603,0,0.0,1,1
20080720,795,10,13,6,2,74921,74747,75859,74747,144,0.193,1,1
20080720,795,10,5,1,3,75476,74855,76143,74855,252,0.338,1,1
20080720,795,10,15,7,4,75560,75122,76191,75122,519,0.696,1,1
20080720,795,10,4,4,5,75917,74943,76385,74943,340,0.456,1,1
20080720,795,10,8,6,6,75201,74949,76389,74949,346,0.464,1,1
20080720,795,10,9,2,7,75985,75109,76521,75109,506,0.678,1,1
20080720,795,10,17,9,8,75900,75481,77014,75481,878,1.177,1,1
20080720,795,10,20,5,9,75532,75420,77244,75420,817,1.095,1,1
20080720,795,10,14,9,10,75975,75338,77503,75338,735,0.985,1,1
20080720,795,10,10,7,11,75560,75508,,75508,905,1.213,1,0
20080720,795,10,2,2,12,75596,75581,,75581,978,1.311,1,0
20080720,795,10,3,3,13,75863,75633,,75633,1030,1.381,1,0
20080720,795,10,18,11,14,75993,75701,,75701,1098,1.472,1,0
20080720,795,10,7,5,15,75927,75858,,75858,1255,1.682,1,0
20080720,795,10,6,3,16,76083,,,76083,1480,1.984,0,0
20080720,795,10,12,4,17,76189,,,76189,1586,2.126,0,0
20080720,795,10,22,11,18,76246,,,76246,1643,2.202,0,0
20080720,795,10,16,10,19,76657,,,76657,2054,2.753,0,0
20080720,795,10,21,10,20,76963,,,76963,2360,3.163,0,0
20080803,796,11,1,1,1,79376,79473,80899,79376,308,0.39,1,1
20080803,796,11,5,1,2,79945,79480,81140,79480,412,0.521,1,1
20080803,796,11,13,6,3,79578,79068,81191,79068,0,0.0,1,1
20080803,796,11,9,2,4,80053,79776,81281,79776,708,0.895,1,1
20080803,796,11,10,7,5,79980,79246,81326,79246,178,0.225,1,1
20080803,796,11,8,6,6,80006,79546,81516,79546,478,0.605,1,1
20080803,796,11,4,4,7,80229,79816,81698,79816,748,0.946,1,1
20080803,796,11,17,9,8,80073,80046,81732,80046,978,1.237,1,1
20080803,796,11,15,7,9,79942,79486,81767,79486,418,0.529,1,1
20080803,796,11,12,4,10,80583,80131,82371,80131,1063,1.344,1,1
20080803,796,11,20,5,11,80157,80144,,80144,1076,1.361,1,0
20080803,796,11,18,11,12,80888,80332,,80332,1264,1.599,1,0
20080803,796,11,14,9,13,80505,80502,,80502,1434,1.814,1,0
20080803,796,11,7,5,14,80640,80963,,80640,1572,1.988,1,0
20080803,796,11,3,3,15,80748,,,80748,1680,2.125,0,0
20080803,796,11,2,2,16,81045,,,81045,1977,2.5,0,0
20080803,796,11,6,3,17,81085,,,81085,2017,2.551,0,0
20080803,796,11,22,11,18,81332,,,81332,2264,2.863,0,0
20080803,796,11,21,10,19,81670,,,81670,2602,3.291,0,0
20080803,796,11,16,10,20,82113,,,82113,3045,3.851,0,0
20080824,797,12,13,6,1,98176,97859,98989,97859,17,0.017,1,1
20080824,797,12,1,1,2,98464,97954,99199,97954,112,0.114,1,1
20080824,797,12,9,2,3,98347,98050,99392,98050,208,0.213,1,1
20080824,797,12,8,6,4,98703,98229,99488,98229,387,0.396,1,1
20080824,797,12,5,1,5,98656,98120,99937,98120,278,0.284,1,1
20080824,797,12,20,5,6,98141,97842,100142,97842,0,0.0,1,1
20080824,797,12,15,7,7,97948,97928,100309,97928,86,0.088,1,1
20080824,797,12,2,2,8,98738,97859,100631,97859,17,0.017,1,1
20080824,797,12,3,3,9,98595,98336,100721,98336,494,0.505,1,1
20080824,797,12,7,5,10,98622,98417,100750,98417,575,0.588,1,1
20080824,797,12,6,3,11,98667,98428,,98428,586,0.599,1,0
20080824,797,12,4,4,12,98268,98435,,98268,426,0.435,1,0
20080824,797,12,10,7,13,98532,98499,,98499,657,0.671,1,0
20080824,797,12,17,9,14,98559,98515,,98515,673,0.688,1,0
20080824,797,12,12,4,15,98787,98744,,98744,902,0.922,1,0
20080824,797,12,18,11,16,98880,,,98880,1038,1.061,0,0
20080824,797,12,14,9,17,99235,,,99235,1393,1.424,0,0
20080824,797,12,21,10,18,99268,,,99268,1426,1.457,0,0
20080824,797,12,22,11,19,99811,,,99811,1969,2.012,0,0
20080824,797,12,16,10,20,99943,,,99943,2101,2.147,0,0
20080907,798,13,1,1,1,106887,106088,107338,106088,51,0.048,1,1
20080907,798,13,13,6,2,106873,106391,107678,106391,354,0.334,1,1
20080907,798,13,5,1,3,106812,106037,107815,106037,0,0.0,1,1
20080907,798,13,8,6,4,106960,106298,107992,106298,261,0.246,1,1
20080907,798,13,2,2,5,107419,106311,108315,106311,274,0.258,1,1
20080907,798,13,4,4,6,107154,106491,108504,106491,454,0.428,1,1
20080907,798,13,17,9,7,107270,106814,108736,106814,777,0.733,1,1
20080907,798,13,9,2,8,107093,106494,108763,106494,457,0.431,1,1
20080907,798,13,7,5,9,106777,106544,108951,106544,507,0.478,1,1
20080907,798,13,20,5,10,107152,106804,110319,106804,767,0.723,1,1
20080907,798,13,15,7,11,107400,106949,,106949,912,0.86,1,0
20080907,798,13,12,4,12,107052,106965,,106965,928,0.875,1,0
20080907,798,13,10,7,13,107359,106995,,106995,958,0.903,1,0
20080907,798,13,14,9,14,107132,107018,,107018,981,0.925,1,0
20080907,798,13,3,3,15,107503,107429,,107429,1392,1.313,1,0
20080907,798,13,22,11,16,108153,,,108153,2116,1.996,0,0
20080907,798,13,18,11,17,108211,,,108211,2174,2.05,0,0
20080907,798,13,16,10,18,108226,,,108226,2189,2.064,0,0
20080907,798,13,6,3,19,108268,,,108268,2231,2.104,0,0
20080907,798,13,21,10,20,108447,,,108447,2410,2.273,0,0
20080914,799,14,20,5,1,95464,95837,97555,95464,250,0.263,1,1
20080914,799,14,5,1,2,95214,95843,97631,95214,0,0.0,1,1
20080914,799,14,17,9,3,96001,96306,98117,96001,787,0.827,1,1
20080914,799,14,7,5,4,95543,96175,98445,95543,329,0.346,1,1
20080914,799,14,3,3,5,95485,95898,98767,95485,271,0.285,1,1
20080914,799,14,13,6,6,95536,96676,98894,95536,322,0.338,1,1
20080914,799,14,15,7,7,95906,96008,99152,95906,692,0.727,1,1
20080914,799,14,4,4,8,96297,96518,99751,96297,1083,1.137,1,1
20080914,799,14,10,7,9,95737,96525,99787,95737,523,0.549,1,1
20080914,799,14,2,2,10,95709,96626,99906,95709,495,0.52,1,1
20080914,799,14,9,2,11,95553,96697,,95553,339,0.356,1,0
20080914,799,14,21,10,12,96280,96698,,96280,1066,1.12,1,0
20080914,799,14,14,9,13,96485,97284,,96485,1271,1.335,1,0
20080914,799,14,8,6,14,95965,97522,,95965,751,0.789,1,0
20080914,799,14,1,1,15,95394,99265,,95394,180,0.189,1,0
20080914,799,14,22,11,16,96510,,,96510,1296,1.361,0,0
20080914,799,14,12,4,17,96630,,,96630,1416,1.487,0,0
20080914,799,14,6,3,18,96653,,,96653,1439,1.511,0,0
20080914,799,14,18,11,19,97006,,,97006,1792,1.882,0,0
20080914,799,14,16,10,20,97417,,,97417,2203,2.314,0,0
20080928,800,15,13,6,1,104519,104014,104801,104014,0,0.0,1,1
20080928,800,15,1,1,2,104501,104932,105465,104501,487,0.468,1,1
20080928,800,15,8,6,3,104282,104232,105617,104232,218,0.21,1,1
20080928,800,15,9,2,4,104740,104519,105779,104519,505,0.486,1,1
20080928,800,15,5,1,5,104311,104207,105873,104207,193,0.186,1,1
20080928,800,15,2,2,6,105548,104520,105964,104520,506,0.486,1,1
20080928,800,15,20,5,7,105042,104261,106244,104261,247,0.237,1,1
20080928,800,15,10,7,8,105184,104441,106328,104441,427,0.411,1,1
20080928,800,15,3,3,9,105103,104429,106611,104429,415,0.399,1,1
20080928,800,15,6,3,10,105127,104826,107547,104826,812,0.781,1,1
20080928,800,15,15,7,11,105642,105038,,105038,1024,0.984,1,0
20080928,800,15,18,11,12,105660,105133,,105133,1119,1.076,1,0
20080928,800,15,17,9,13,105493,105212,,105212,1198,1.152,1,0
20080928,800,15,14,9,14,106028,105298,,105298,1284,1.234,1,0
20080928,800,15,4,4,15,104971,,,104971,957,0.92,0,0
20080928,800,15,12,4,16,106037,,,106037,2023,1.945,0,0
20080928,800,15,7,5,17,106389,,,106389,2375,2.283,0,0
20080928,800,15,22,11,18,106583,,,106583,2569,2.47,0,0
20080928,800,15,16,10,19,107940,,,107940,3926,3.774,0,0
20080928,800,15,21,10,20,,,,,,,0,0
20081012,801,16,1,1,1,78071,77462,78404,77462,175,0.226,1,1
20081012,801,16,8,6,2,78160,77733,78644,77733,446,0.577,1,1
20081012,801,16,5,1,3,78220,77360,78821,77360,73,0.094,1,1
20081012,801,16,4,4,4,78290,77871,78852,77871,584,0.756,1,1
20081012,801,16,13,6,5,78110,77287,78874,77287,0,0.0,1,1
20081012,801,16,9,2,6,78684,77931,78979,77931,644,0.833,1,1
20081012,801,16,15,7,7,78501,77541,79026,77541,254,0.329,1,1
20081012,801,16,10,7,8,77945,77670,79118,77670,383,0.496,1,1
20081012,801,16,20,5,9,78559,77714,79638,77714,427,0.552,1,1
20081012,801,16,7,5,10,78593,78102,80167,78102,815,1.055,1,1
20081012,801,16,14,9,11,78303,78187,,78187,900,1.164,1,0
20081012,801,16,12,4,12,78300,78274,,78274,987,1.277,1,0
20081012,801,16,17,9,13,78372,78354,,78354,1067,1.381,1,0
20081012,801,16,6,3,14,78640,78594,,78594,1307,1.691,1,0
20081012,801,16,3,3,15,78740,78672,,78672,1385,1.792,1,0
20081012,801,16,2,2,16,78835,,,78835,1548,2.003,0,0
20081012,801,16,22,11,17,78882,,,78882,1595,2.064,0,0
20081012,801,16,18,11,18,79100,,,79100,1813,2.346,0,0
20081012,801,16,16,10,19,79163,,,79163,1876,2.427,0,0
20081012,801,16,21,10,20,79910,,,79910,2623,3.394,0,0
20081019,802,17,1,1,1,95566,94947,96303,94947,0,0.0,1,1
20081019,802,17,8,6,2,95983,95355,96645,95355,408,0.43,1,1
20081019,802,17,13,6,3,95971,95135,96889,95135,188,0.198,1,1
20081019,802,17,4,4,4,95769,95461,96927,95461,514,0.541,1,1
20081019,802,17,5,1,5,95623,95216,96930,95216,269,0.283,1,1
20081019,802,17,17,9,6,96238,95686,97083,95686,739,0.778,1,1
20081019,802,17,2,2,7,96224,95403,97201,95403,456,0.48,1,1
20081019,802,17,20,5,8,95752,95386,97685,95386,439,0.462,1,1
20081019,802,17,15,7,9,96104,95715,97934,95715,768,0.809,1,1
20081019,802,17,7,5,10,96239,95478,98885,95478,531,0.559,1,1
20081019,802,17,12,4,11,96029,95722,,95722,775,0.816,1,0
20081019,802,17,9,2,12,96503,95814,,95814,867,0.913,1,0
20081019,802,17,10,7,13,96210,95937,,95937,990,1.043,1,0
20081019,802,17,22,11,14,96640,96079,,96079,1132,1.192,1,0
20081019,802,17,3,3,15,96434,96210,,96210,1263,1.33,1,0
20081019,802,17,14,9,16,96731,,,96731,1784,1.879,0,0
20081019,802,17,6,3,17,96863,,,96863,1916,2.018,0,0
20081019,802,17,18,11,18,97053,,,97053,2106,2.218,0,0
20081019,802,17,16,10,19,97730,,,97730,2783,2.931,0,0
20081019,802,17,21,10,20,97739,,,97739,2792,2.941,0,0
20081102,803,18,13,6,1,71830,71875,72368,71830,62,0.086,1,1
20081102,803,18,15,7,2,72226,72107,72737,72107,339,0.472,1,1
20081102,803,18,8,6,3,72083,71950,72825,71950,182,0.254,1,1
20081102,803,18,1,1,4,72213,71856,72830,71856,88,0.123,1,1
20081102,803,18,5,1,5,72366,71768,72917,71768,0,0.0,1,1
20081102,803,18,4,4,6,72214,72090,72967,72090,322,0.449,1,1
20081102,803,18,20,5,7,72390,71845,73082,71845,77,0.107,1,1
20081102,803,18,2,2,8,72371,72026,73297,72026,258,0.359,1,1
20081102,803,18,7,5,9,72498,72075,74105,72075,307,0.428,1,1
20081102,803,18,10,7,10,72223,71909,74230,71909,141,0.196,1,1
20081102,803,18,12,4,11,72348,72137,,72137,369,0.514,1,0
20081102,803,18,17,9,12,72409,72289,,72289,521,0.726,1,0
20081102,803,18,9,2,13,72381,72300,,72300,532,0.741,1,0
20081102,803,18,14,9,14,72690,72717,,72690,922,1.285,1,0
20081102,803,18,22,11,15,72548,73139,,72548,780,1.087,1,0
20081102,803,18,6,3,16,72800,,,72800,1032,1.438,0,0
20081102,803,18,18,11,17,72810,,,72810,1042,1.452,0,0
20081102,803,18,3,3,18,73002,,,73002,1234,1.719,0,0
20081102,803,18,21,10,19,73426,,,73426,1658,2.31,0,0
20081102,803,18,16,10,20,73508,,,73508,1740,2.424,0,0
20070318,769,1,8,6,1,86644,85644,86072,85644,318,0.373,1,1
20070318,769,1,4,1,2,86697,85326,86493,85326,0,0.0,1,1
20070318,769,1,2,2,3,86895,85358,86556,85358,32,0.038,1,1
20070318,769,1,1,1,4,86674,85577,86755,85577,251,0.294,1,1
20070318,769,1,9,2,5,86696,85882,87347,85882,556,0.652,1,1
20070318,769,1,21,4,6,87270,85944,87634,85944,618,0.724,1,1
20070318,769,1,17,9,7,86978,86623,87934,86623,1297,1.52,1,1
20070318,769,1,15,7,8,87014,86688,88404,86688,1362,1.596,1,1
20070318,769,1,23,7,9,87328,86739,88692,86739,1413,1.656,1,1
20070318,769,1,11,8,10,87365,86758,88871,86758,1432,1.678,1,1
20070318,769,1,19,8,11,86986,86909,,86909,1583,1.855,1,0
20070318,769,1,3,3,12,87596,86914,,86914,1588,1.861,1,0
20070318,769,1,5,4,13,87529,86964,,86964,1638,1.92,1,0
20070318,769,1,18,11,14,87540,87264,,87264,1938,2.271,1,0
20070318,769,1,25,3,15,87479,87393,,87393,2067,2.422,1,0
20070318,769,1,13,6,16,86712,,,86712,1386,1.624,0,0
20070318,769,1,22,11,17,87679,,,87679,2353,2.758,0,0
20070318,769,1,26,5,18,88305,,,88305,2979,3.491,0,0
20070318,769,1,14,9,19,88579,,,88579,3253,3.812,0,0
20070318,769,1,24,5,20,89267,,,89267,3941,4.619,0,0
20070318,769,1,16,12,21,89339,,,89339,4013,4.703,0,0
20070318,769,1,27,12,22,91932,,,91932,6606,7.742,0,0
20070408,770,2,13,6,1,95340,94454,95043,94454,397,0.422,1,1
20070408,770,2,4,1,2,94942,94057,95310,94057,0,0.0,1,1
20070408,770,2,8,6,3,95138,94687,95479,94687,630,0.67,1,1
20070408,770,2,1,1,4,95028,94650,96045,94650,593,0.63,1,1
20070408,770,2,2,2,5,95617,95203,96543,95203,1146,1.218,1,1
20070408,770,2,3,3,6,95755,95380,96829,95380,1323,1.407,1,1
20070408,770,2,9,2,7,95294,94739,96839,94739,682,0.725,1,1
20070408,770,2,15,7,8,95666,95255,96902,95255,1198,1.274,1,1
20070408,770,2,23,7,9,95736,95595,97078,95595,1538,1.635,1,1
20070408,770,2,17,9,10,95727,95579,97345,95579,1522,1.618,1,1
20070408,770,2,5,4,11,96092,95630,,95630,1573,1.672,1,0
20070408,770,2,21,4,12,95879,95706,,95706,1649,1.753,1,0
20070408,770,2,14,9,13,95730,95766,,95730,1673,1.779,1,0
20070408,770,2,11,8,14,96430,95945,,95945,1888,2.007,1,0
20070408,770,2,18,11,15,95913,96088,,95913,1856,1.973,1,0
20070408,770,2,24,5,16,96140,96145,,96140,2083,2.215,1,0
20070408,770,2,26,5,17,96578,,,96578,2521,2.68,0,0
20070408,770,2,19,8,18,96816,,,96816,2759,2.933,0,0
20070408,770,2,22,11,19,96827,,,96827,2770,2.945,0,0
20070408,770,2,25,3,20,97326,,,97326,3269,3.476,0,0
20070408,770,2,27,12,21,98279,,,98279,4222,4.489,0,0
20070408,770,2,16,12,22,98415,,,98415,4358,4.633,0,0
20070415,771,3,13,6,1,92443,91359,92652,91359,0,0.0,1,1
20070415,771,3,1,1,2,92580,91752,92935,91752,393,0.43,1,1
20070415,771,3,8,6,3,93161,91812,93131,91812,453,0.496,1,1
20070415,771,3,4,1,4,93049,92214,93192,92214,855,0.936,1,1
20070415,771,3,2,2,5,93164,92154,93404,92154,795,0.87,1,1
20070415,771,3,9,2,6,93348,92292,93710,92292,933,1.021,1,1
20070415,771,3,21,4,7,93556,92889,94056,92889,1530,1.675,1,1
20070415,771,3,17,9,8,93496,92808,94106,92808,1449,1.586,1,1
20070415,771,3,15,7,9,93218,92429,94154,92429,1070,1.171,1,1
20070415,771,3,3,3,10,93349,92815,94399,92815,1456,1.594,1,1
20070415,771,3,25,3,11,93759,92915,,92915,1556,1.703,1,0
20070415,771,3,5,4,12,93467,92935,,92935,1576,1.725,1,0
20070415,771,3,19,8,13,93299,93082,,93082,1723,1.886,1,0
20070415,771,3,23,7,14,93923,93294,,93294,1935,2.118,1,0
20070415,771,3,22,11,15,93776,93624,,93624,2265,2.479,1,0
20070415,771,3,18,11,16,93967,93731,,93731,2372,2.596,1,0
20070415,771,3,11,8,17,93984,,,93984,2625,2.873,0,0
20070415,771,3,24,5,18,94024,,,94024,2665,2.917,0,0
20070415,771,3,26,5,19,94333,,,94333,2974,3.255,0,0
20070415,771,3,16,12,20,95280,,,95280,3921,4.292,0,0
20070415,771,3,14,9,21,95341,,,95341,3982,4.359,0,0
20070415,771,3,27,12,22,95533,,,95533,4174,4.569,0,0
20070513,772,4,13,6,1,81375,80597,81421,80597,0,0.0,1,1
20070513,772,4,4,1,2,81609,80797,81451,80797,200,0.248,1,1
20070513,772,4,8,6,3,81802,80741,81723,80741,144,0.179,1,1
20070513,772,4,1,1,4,81120,80713,81785,80713,116,0.144,1,1
20070513,772,4,9,2,5,81941,81381,82253,81381,784,0.973,1,1
20070513,772,4,15,7,6,82501,81554,82324,81554,957,1.187,1,1
20070513,772,4,2,2,7,81625,81113,82389,81113,516,0.64,1,1
20070513,772,4,5,4,8,81790,81623,82568,81623,1026,1.273,1,1
20070513,772,4,14,9,9,82491,81488,82749,81488,891,1.106,1,1
20070513,772,4,21,4,10,82064,81677,82881,81677,1080,1.34,1,1
20070513,772,4,3,3,11,81943,81968,,81943,1346,1.67,1,0
20070513,772,4,22,11,12,82502,82097,,82097,1500,1.861,1,0
20070513,772,4,11,8,13,82090,82115,,82090,1493,1.852,1,0
20070513,772,4,18,11,14,82503,82120,,82120,1523,1.89,1,0
20070513,772,4,19,8,15,82295,,,82295,1698,2.107,0,0
20070513,772,4,24,5,16,82508,,,82508,1911,2.371,0,0
20070513,772,4,23,7,17,82666,,,82666,2069,2.567,0,0
20070513,772,4,25,3,18,82769,,,82769,2172,2.695,0,0
20070513,772,4,17,9,19,83398,,,83398,2801,3.475,0,0
20070513,772,4,16,12,20,83811,,,83811,3214,3.988,0,0
20070513,772,4,27,12,21,83990,,,83990,3393,4.21,0,0
20070513,772,4,26,5,22,,,,,,,0,0
20070527,773,6,4,1,1,76059,75431,75726,75431,0,0.0,1,1
20070527,773,6,1,1,2,75685,75479,75905,75479,48,0.064,1,1
20070527,773,6,13,6,3,76786,76034,75967,75967,536,0.711,1,1
20070527,773,6,21,4,4,77596,76054,76285,76054,623,0.826,1,1
20070527,773,6,3,3,5,76870,76100,76439,76100,669,0.887,1,1
20070527,773,6,17,9,6,77816,76420,76784,76420,989,1.311,1,1
20070527,773,6,2,2,7,77385,75733,76832,75733,302,0.4,1,1
20070527,773,6,9,2,8,77584,75576,76955,75576,145,0.192,1,1
20070527,773,6,22,11,9,77244,76454,77498,76454,1023,1.356,1,1
20070527,773,6,18,11,10,77297,76457,77939,76457,1026,1.36,1,1
20070527,773,6,25,3,11,77874,76662,,76662,1231,1.632,1,0
20070527,773,6,24,5,12,76720,76703,,76703,1272,1.686,1,0
20070527,773,6,14,9,13,77204,76319,,76319,888,1.177,1,0
20070527,773,6,15,7,14,77686,76988,,76988,1557,2.064,1,0
20070527,773,6,5,4,15,77836,77125,,77125,1694,2.246,1,0
20070527,773,6,8,6,16,76251,,,76251,820,1.087,0,0
20070527,773,6,19,8,17,78250,,,78250,2819,3.737,0,0
20070527,773,6,26,5,18,78390,,,78390,2959,3.923,0,0
20070527,773,6,16,12,19,78418,,,78418,2987,3.96,0,0
20070527,773,6,23,7,20,78539,,,78539,3108,4.12,0,0
20070527,773,6,11,8,21,78554,,,78554,3123,4.14,0,0
20070527,773,6,27,12,22,,,,,,,0,0
20070610,774,7,1,1,1,76576,75486,75707,75486,0,0.0,1,1
20070610,774,7,4,1,2,76562,75522,76163,75522,36,0.048,1,1
20070610,774,7,2,2,3,77006,75960,76266,75960,474,0.628,1,1
20070610,774,7,8,6,4,76468,76592,76411,76411,925,1.225,1,1
20070610,774,7,13,6,5,76756,76138,76570,76138,652,0.864,1,1
20070610,774,7,17,9,6,77315,76257,76913,76257,771,1.021,1,1
20070610,774,7,3,3,7,77016,76190,76919,76190,704,0.933,1,1
20070610,774,7,9,2,8,77267,76368,76993,76368,882,1.168,1,1
20070610,774,7,21,4,9,76805,76288,77229,76288,802,1.062,1,1
20070610,774,7,15,7,10,77324,76600,77747,76600,1114,1.476,1,1
20070610,774,7,11,8,11,77490,76743,,76743,1257,1.665,1,0
20070610,774,7,24,5,12,77541,76760,,76760,1274,1.688,1,0
20070610,774,7,22,11,13,77011,77116,,77011,1525,2.02,1,0
20070610,774,7,14,9,14,77436,77304,,77304,1818,2.408,1,0
20070610,774,7,18,11,15,77522,77541,,77522,2036,2.697,1,0
20070610,774,7,26,5,16,77433,77571,,77433,1947,2.579,1,0
20070610,774,7,19,8,17,77542,,,77542,2056,2.724,0,0
20070610,774,7,23,7,18,77634,,,77634,2148,2.846,0,0
20070610,774,7,25,3,19,78089,,,78089,2603,3.448,0,0
20070610,774,7,16,12,20,78536,,,78536,3050,4.04,0,0
20070610,774,7,27,12,21,79196,,,79196,3710,4.915,0,0
20070610,774,7,5,4,22,77806,,,77806,2320,3.073,0,0
20070617,775,19,1,1,1,72563,72065,72331,72065,139,0.193,1,1
20070617,775,19,4,1,2,72416,71926,72500,71926,0,0.0,1,1
20070617,775,19,13,6,3,72731,72180,72703,72180,254,0.353,1,1
20070617,775,19,8,6,4,72732,72111,72839,72111,185,0.257,1,1
20070617,775,19,2,2,5,72543,72188,72847,72188,262,0.364,1,1
20070617,775,19,5,4,6,72998,72599,73308,72599,673,0.936,1,1
20070617,775,19,20,2,7,72711,72644,73513,72644,718,0.998,1,1
20070617,775,19,15,7,8,73186,72828,73789,72828,902,1.254,1,1
20070617,775,19,17,9,9,73425,72788,73871,72788,862,1.198,1,1
20070617,775,19,21,4,10,73168,72603,73953,72603,677,0.941,1,1
20070617,775,19,14,9,11,73424,72873,,72873,947,1.317,1,0
20070617,775,19,23,7,12,72851,72920,,72851,925,1.286,1,0
20070617,775,19,18,11,13,73306,72998,,72998,1072,1.49,1,0
20070617,775,19,3,3,14,73128,73060,,73060,1134,1.577,1,0
20070617,775,19,22,11,15,73203,73201,,73201,1275,1.773,1,0
20070617,775,19,19,8,16,73164,73259,,73164,1238,1.721,1,0
20070617,775,19,25,3,17,73441,,,73441,1515,2.106,0,0
20070617,775,19,11,8,18,73477,,,73477,1551,2.156,0,0
20070617,775,19,24,5,19,73484,,,73484,1558,2.166,0,0
20070617,775,19,26,5,20,73712,,,73712,1786,2.483,0,0
20070617,775,19,16,12,21,74122,,,74122,2196,3.053,0,0
20070617,775,19,27,12,22,74597,,,74597,2671,3.714,0,0
20070701,776,8,13,6,1,75303,74822,75034,74822,27,0.036,1,1
20070701,776,8,1,1,2,74805,74795,75104,74795,0,0.0,1,1
20070701,776,8,8,6,3,74872,74828,75257,74828,33,0.044,1,1
20070701,776,8,9,2,4,75778,75066,75493,75066,271,0.362,1,1
20070701,776,8,21,4,5,76047,75227,75674,75227,432,0.578,1,1
20070701,776,8,5,4,6,75524,75272,75826,75272,477,0.638,1,1
20070701,776,8,2,2,7,75783,75149,75900,75149,354,0.473,1,1
20070701,776,8,15,7,8,76118,75379,75935,75379,584,0.781,1,1
20070701,776,8,3,3,9,76092,75331,76328,75331,536,0.717,1,1
20070701,776,8,4,1,10,75322,75084,,75084,289,0.386,1,0
20070701,776,8,23,7,11,75760,75534,,75534,739,0.988,1,0
20070701,776,8,18,11,12,76113,75584,,75584,789,1.055,1,0
20070701,776,8,22,11,13,76140,75761,,75761,966,1.292,1,0
20070701,776,8,17,9,14,75746,75806,,75746,951,1.271,1,0
20070701,776,8,26,5,15,75980,76049,,75980,1185,1.584,1,0
20070701,776,8,14,9,16,75915,,,75915,1120,1.497,0,0
20070701,776,8,24,5,17,76142,,,76142,1347,1.801,0,0
20070701,776,8,25,3,18,76241,,,76241,1446,1.933,0,0
20070701,776,8,19,8,19,76366,,,76366,1571,2.1,0,0
20070701,776,8,27,12,20,77826,,,77826,3031,4.052,0,0
20070701,776,8,16,12,21,77915,,,77915,3120,4.171,0,0
20070701,776,8,11,8,22,76244,,,76244,1449,1.937,0,0
20070708,777,9,1,1,1,79885,79400,79997,79400,248,0.313,1,1
20070708,777,9,8,6,2,79753,79252,80099,79252,100,0.126,1,1
20070708,777,9,4,1,3,79330,79152,80147,79152,0,0.0,1,1
20070708,777,9,13,6,4,79790,79421,80265,79421,269,0.34,1,1
20070708,777,9,9,2,5,80294,80054,80401,80054,902,1.14,1,1
20070708,777,9,23,7,6,80513,79860,80516,79860,708,0.894,1,1
20070708,777,9,5,4,7,80570,80077,80721,80077,925,1.169,1,1
20070708,777,9,21,4,8,80842,80042,80775,80042,890,1.124,1,1
20070708,777,9,2,2,9,80534,80178,80894,80178,1026,1.296,1,1
20070708,777,9,15,7,10,81150,80133,81240,80133,981,1.239,1,1
20070708,777,9,17,9,11,80583,80235,,80235,1083,1.368,1,0
20070708,777,9,14,9,12,81154,80329,,80329,1177,1.487,1,0
20070708,777,9,25,3,13,80830,80350,,80350,1198,1.514,1,0
20070708,777,9,22,11,14,81169,80364,,80364,1212,1.531,1,0
20070708,777,9,26,5,15,80834,80515,,80515,1363,1.722,1,0
20070708,777,9,24,5,16,81160,80823,,80823,1671,2.111,1,0
20070708,777,9,3,3,17,81219,,,81219,2067,2.611,0,0
20070708,777,9,18,11,18,81335,,,81335,2183,2.758,0,0
20070708,777,9,19,8,19,81448,,,81448,2296,2.901,0,0
20070708,777,9,16,12,20,82019,,,82019,2867,3.622,0,0
20070708,777,9,11,8,21,82045,,,82045,2893,3.655,0,0
20070708,777,9,27,12,22,82586,,,82586,3434,4.338,0,0
20070722,778,20,8,6,1,91522,91237,91450,91237,325,0.357,1,1
20070722,778,20,4,1,2,91074,90983,91741,90983,71,0.078,1,1
20070722,778,20,13,6,3,91447,90912,91778,90912,0,0.0,1,1
20070722,778,20,2,2,4,91889,91652,91840,91652,740,0.814,1,1
20070722,778,20,9,2,5,91961,91444,92123,91444,532,0.585,1,1
20070722,778,20,17,9,6,92629,91661,92476,91661,749,0.824,1,1
20070722,778,20,5,4,7,92594,91783,92478,91783,871,0.958,1,1
20070722,778,20,15,7,8,92381,91859,92501,91859,947,1.042,1,1
20070722,778,20,23,7,9,92446,91843,92570,91843,931,1.024,1,1
20070722,778,20,1,1,10,91587,91185,93833,91185,273,0.3,1,1
20070722,778,20,3,3,11,92117,91978,,91978,1066,1.173,1,0
20070722,778,20,25,3,12,92173,91996,,91996,1084,1.192,1,0
20070722,778,20,21,4,13,92378,92010,,92010,1098,1.208,1,0
20070722,778,20,22,11,14,92674,92221,,92221,1309,1.44,1,0
20070722,778,20,19,8,15,92793,92451,,92451,1539,1.693,1,0
20070722,778,20,11,8,16,92678,92838,,92678,1766,1.943,1,0
20070722,778,20,18,11,17,92983,,,92983,2071,2.278,0,0
20070722,778,20,26,5,18,93038,,,93038,2126,2.339,0,0
20070722,778,20,24,5,19,93148,,,93148,2236,2.46,0,0
20070722,778,20,14,9,20,93151,,,93151,2239,2.463,0,0
20070722,778,20,16,12,21,94500,,,94500,3588,3.947,0,0
20070722,778,20,28,12,22,95940,,,95940,5028,5.531,0,0
20070805,779,11,4,1,1,80425,79661,79674,79661,360,0.454,1,1
20070805,779,11,1,1,2,79570,79301,79781,79301,0,0.0,1,1
20070805,779,11,2,2,3,80751,80322,80259,80259,958,1.208,1,1
20070805,779,11,8,6,4,80435,80107,80410,80107,806,1.016,1,1
20070805,779,11,3,3,5,80547,80188,80632,80188,887,1.119,1,1
20070805,779,11,23,7,6,80449,80455,80714,80449,1148,1.448,1,1
20070805,779,11,9,2,7,80366,80703,80876,80366,1065,1.343,1,1
20070805,779,11,21,4,8,81645,80590,81079,80590,1289,1.625,1,1
20070805,779,11,15,7,9,80481,79951,81206,79951,650,0.82,1,1
20070805,779,11,17,9,10,80794,80439,81256,80439,1138,1.435,1,1
20070805,779,11,14,9,11,81291,80718,,80718,1417,1.787,1,0
20070805,779,11,5,4,12,80285,80779,,80285,984,1.241,1,0
20070805,779,11,25,3,13,81243,80865,,80865,1564,1.972,1,0
20070805,779,11,13,6,14,80408,81021,,80408,1107,1.396,1,0
20070805,779,11,19,8,15,81018,81127,,81018,1717,2.165,1,0
20070805,779,11,24,5,16,81730,81993,,81730,2429,3.063,1,0
20070805,779,11,18,11,17,81737,,,81737,2436,3.072,0,0
20070805,779,11,22,11,18,81877,,,81877,2576,3.248,0,0
20070805,779,11,11,8,19,82143,,,82143,2842,3.584,0,0
20070805,779,11,20,5,20,82177,,,82177,2876,3.627,0,0
20070805,779,11,16,12,21,82737,,,82737,3436,4.333,0,0
20070805,779,11,29,12,22,83774,,,83774,4473,5.641,0,0
20070826,780,5,13,6,1,87488,87039,87329,87039,198,0.228,1,1
20070826,780,5,1,1,2,87513,86936,87373,86936,95,0.109,1,1
20070826,780,5,8,6,3,87294,86902,87546,86902,61,0.07,1,1
20070826,780,5,4,1,4,87328,86841,87574,86841,0,0.0,1,1
20070826,780,5,9,2,5,87997,87253,87722,87253,412,0.474,1,1
20070826,780,5,2,2,6,88099,87253,88037,87253,412,0.474,1,1
20070826,780,5,5,4,7,88127,87039,88491,87039,198,0.228,1,1
20070826,780,5,3,3,8,88275,87750,88501,87750,909,1.047,1,1
20070826,780,5,15,7,9,88318,87801,88740,87801,960,1.105,1,1
20070826,780,5,21,4,10,88313,87880,89322,87880,1039,1.196,1,1
20070826,780,5,19,8,11,88304,88002,,88002,1161,1.337,1,0
20070826,780,5,17,9,12,88500,88013,,88013,1172,1.35,1,0
20070826,780,5,14,9,13,88395,88100,,88100,1259,1.45,1,0
20070826,780,5,25,3,14,88360,88390,,88360,1519,1.749,1,0
20070826,780,5,24,5,15,88798,,,88798,1957,2.254,0,0
20070826,780,5,23,7,16,88809,,,88809,1968,2.266,0,0
20070826,780,5,11,8,17,88953,,,88953,2112,2.432,0,0
20070826,780,5,20,5,18,89408,,,89408,2567,2.956,0,0
20070826,780,5,16,12,19,89861,,,89861,3020,3.478,0,0
20070826,780,5,29,12,20,91479,,,91479,4638,5.341,0,0
20070826,780,5,18,11,21,88373,88220,,88220,1379,1.588,1,0
20070826,780,5,22,11,22,88792,88188,,88188,1347,1.551,1,0
20070909,781,14,4,1,1,81718,81356,81997,81356,0,0.0,1,1
20070909,781,14,1,1,2,81956,81746,82034,81746,390,0.479,1,1
20070909,781,14,13,6,3,82309,81993,82549,81993,637,0.783,1,1
20070909,781,14,2,2,4,83107,82466,83174,82466,1110,1.364,1,1
20070909,781,14,8,6,5,82673,82369,83183,82369,1013,1.245,1,1
20070909,781,14,9,2,6,83088,82400,83446,82400,1044,1.283,1,1
20070909,781,14,5,4,7,83505,83134,84102,83134,1778,2.185,1,1
20070909,781,14,3,3,8,83333,82748,84382,82748,1392,1.711,1,1
20070909,781,14,15,7,9,83724,83107,84555,83107,1751,2.152,1,1
20070909,781,14,18,11,10,83639,83021,85165,83021,1665,2.047,1,1
20070909,781,14,17,9,11,83575,83166,,83166,1810,2.225,1,0
20070909,781,14,22,11,12,83474,83176,,83176,1820,2.237,1,0
20070909,781,14,25,3,13,83739,83209,,83209,1853,2.278,1,0
20070909,781,14,19,8,14,83646,83274,,83274,1918,2.358,1,0
20070909,781,14,21,4,15,83559,83325,,83325,1969,2.42,1,0
20070909,781,14,20,5,16,83578,83351,,83351,1995,2.452,1,0
20070909,781,14,11,8,17,83749,,,83749,2393,2.941,0,0
20070909,781,14,23,7,18,83787,,,83787,2431,2.988,0,0
20070909,781,14,24,5,19,83886,,,83886,2530,3.11,0,0
20070909,781,14,14,9,20,84019,,,84019,2663,3.273,0,0
20070909,781,14,16,12,21,84699,,,84699,3343,4.109,0,0
20070909,781,14,29,12,22,85084,,,85084,3728,4.582,0,0
20070916,782,13,8,6,1,106242,105070,105994,105070,0,0.0,1,1
20070916,782,13,13,6,2,106060,105173,106011,105173,103,0.098,1,1
20070916,782,13,4,1,3,106058,105442,106091,105442,372,0.354,1,1
20070916,782,13,1,1,4,106437,105132,106406,105132,62,0.059,1,1
20070916,782,13,3,3,5,106950,106469,107334,106469,1399,1.331,1,1
20070916,782,13,2,2,6,106923,105994,107409,105994,924,0.879,1,1
20070916,782,13,17,9,7,107084,106426,107524,106426,1356,1.291,1,1
20070916,782,13,15,7,8,107143,106480,107798,106480,1410,1.342,1,1
20070916,782,13,5,4,9,106971,106240,108505,106240,1170,1.114,1,1
20070916,782,13,23,7,10,107300,106618,,106618,1548,1.473,1,0
20070916,782,13,14,9,11,107340,106800,,106800,1730,1.647,1,0
20070916,782,13,18,11,12,107474,106955,,106955,1885,1.794,1,0
20070916,782,13,24,5,13,107576,107115,,107115,2045,1.946,1,0
20070916,782,13,9,2,14,106707,105885,106996,105885,815,0.776,1,1
20070916,782,13,25,3,15,107522,107394,,107394,2324,2.212,1,0
20070916,782,13,20,5,16,107581,,,107581,2511,2.39,0,0
20070916,782,13,22,11,17,107954,,,107954,2884,2.745,0,0
20070916,782,13,11,8,18,107980,,,107980,2910,2.77,0,0
20070916,782,13,16,12,19,108044,,,108044,2974,2.83,0,0
20070916,782,13,19,8,20,108199,,,108199,3129,2.978,0,0
20070916,782,13,29,12,21,109557,,,109557,4487,4.27,0,0
20070916,782,13,21,4,22,107143,106603,,106603,1533,1.459,1,0
20070930,783,16,1,1,1,85489,84753,85368,84753,0,0.0,1,1
20070930,783,16,4,1,2,85379,84806,85438,84806,53,0.063,1,1
20070930,783,16,8,6,3,85390,84988,85516,84988,235,0.277,1,1
20070930,783,16,13,6,4,85359,85049,85765,85049,296,0.349,1,1
20070930,783,16,2,2,5,85971,85248,86505,85248,495,0.584,1,1
20070930,783,16,18,11,6,86614,85454,86913,85454,701,0.827,1,1
20070930,783,16,17,9,7,85970,85535,86914,85535,782,0.923,1,1
20070930,783,16,20,5,8,86025,85909,86973,85909,1156,1.364,1,1
20070930,783,16,9,2,9,86300,85530,87225,85530,777,0.917,1,1
20070930,783,16,21,4,10,86909,86033,,86033,1280,1.51,1,0
20070930,783,16,5,4,11,87223,86232,,86232,1479,1.745,1,0
20070930,783,16,14,9,12,86904,86247,,86247,1494,1.763,1,0
20070930,783,16,15,7,13,86711,86253,,86253,1500,1.77,1,0
20070930,783,16,24,5,14,87234,86948,,86948,2195,2.59,1,0
20070930,783,16,23,7,15,87191,,,87191,2438,2.877,0,0
20070930,783,16,3,3,16,86579,85816,86728,85816,1063,1.254,1,1
20070930,783,16,22,11,17,87323,,,87323,2570,3.032,0,0
20070930,783,16,25,3,18,87454,,,87454,2701,3.187,0,0
20070930,783,16,19,8,19,87564,,,87564,2811,3.317,0,0
20070930,783,16,16,12,20,88628,,,88628,3875,4.572,0,0
20070930,783,16,11,8,21,88762,,,88762,4009,4.73,0,0
20070930,783,16,29,12,22,89668,,,89668,4915,5.799,0,0
20071007,784,17,1,1,1,95798,95898,95908,95798,417,0.437,1,1
20071007,784,17,8,6,2,95692,95381,96044,95381,0,0.0,1,1
20071007,784,17,13,6,3,95792,95796,96221,95792,411,0.431,1,1
20071007,784,17,4,1,4,95809,95845,96576,95809,428,0.449,1,1
20071007,784,17,14,9,5,96930,96252,97619,96252,871,0.913,1,1
20071007,784,17,23,7,6,97135,96709,98013,96709,1328,1.392,1,1
20071007,784,17,17,9,7,97199,96602,98153,96602,1221,1.28,1,1
20071007,784,17,2,2,8,96737,96217,98455,96217,836,0.876,1,1
20071007,784,17,9,2,9,96309,96116,98472,96116,735,0.771,1,1
20071007,784,17,18,11,10,97092,96771,99285,96771,1390,1.457,1,1
20071007,784,17,24,5,11,97047,96862,,96862,1481,1.553,1,0
20071007,784,17,15,7,12,97209,96959,,96959,1578,1.654,1,0
20071007,784,17,5,4,13,97225,96991,,96991,1610,1.688,1,0
20071007,784,17,19,8,14,97203,97247,,97203,1822,1.91,1,0
20071007,784,17,3,3,15,97144,97483,,97144,1763,1.848,1,0
20071007,784,17,22,11,16,97251,,,97251,1870,1.961,0,0
20071007,784,17,20,5,17,97006,96891,,96891,1510,1.583,1,0
20071007,784,17,21,4,18,97290,,,97290,1909,2.001,0,0
20071007,784,17,25,3,19,97456,,,97456,2075,2.175,0,0
20071007,784,17,11,8,20,98218,,,98218,2837,2.974,0,0
20071007,784,17,16,12,21,98668,,,98668,3287,3.446,0,0
20071007,784,17,29,12,22,99336,,,99336,3955,4.147,0,0
20071021,785,18,13,6,1,72303,72374,71931,71931,0,0.0,1,1
20071021,785,18,1,1,2,73033,72296,72082,72082,151,0.21,1,1
20071021,785,18,8,6,3,73016,72161,72322,72161,230,0.32,1,1
20071021,785,18,4,1,4,72895,72637,72356,72356,425,0.591,1,1
20071021,785,18,17,9,5,73081,72683,72928,72683,752,1.045,1,1
20071021,785,18,2,2,6,73472,72888,73081,72888,957,1.33,1,1
20071021,785,18,9,2,7,73085,72641,73129,72641,710,0.987,1,1
20071021,785,18,15,7,8,73470,72832,73195,72832,901,1.253,1,1
20071021,785,18,14,9,9,73264,72846,73272,72846,915,1.272,1,1
20071021,785,18,3,3,10,73707,72752,73477,72752,821,1.141,1,1
20071021,785,18,22,11,11,73661,72932,,72932,1001,1.392,1,0
20071021,785,18,21,4,12,73482,72968,,72968,1037,1.442,1,0
20071021,785,18,20,5,13,73853,73058,,73058,1127,1.567,1,0
20071021,785,18,24,5,14,73607,73251,,73251,1320,1.835,1,0
20071021,785,18,23,7,15,73767,73315,,73315,1384,1.924,1,0
20071021,785,18,18,11,16,74054,73469,,73469,1538,2.138,1,0
20071021,785,18,5,4,17,74078,,,74078,2147,2.985,0,0
20071021,785,18,11,8,18,74098,,,74098,2167,3.013,0,0
20071021,785,18,6,3,19,74417,,,74417,2486,3.456,0,0
20071021,785,18,19,8,20,74596,,,74596,2665,3.705,0,0
20071021,785,18,16,12,21,75217,,,75217,3286,4.568,0,0
20071021,785,18,29,12,22,75487,,,75487,3556,4.944,0,0
20060312,751,3,30,6,1,93310,92025,91431,91431,216,0.237,1,1
20060312,751,3,13,6,2,93579,92014,91478,91478,263,0.288,1,1
20060312,751,3,18,11,3,92603,92025,91549,91549,334,0.366,1,1
20060312,751,3,4,4,4,92433,91215,91702,91215,0,0.0,1,1
20060312,751,3,31,1,5,93233,91487,92164,91487,272,0.298,1,1
20060312,751,3,22,11,6,93922,92322,92579,92322,1107,1.214,1,1
20060312,751,3,17,3,7,93454,92309,93006,92309,1094,1.199,1,1
20060312,751,3,32,9,8,94308,92106,93112,92106,891,0.977,1,1
20060312,751,3,21,4,9,92934,91831,93496,91831,616,0.675,1,1
20060312,751,3,2,2,10,93374,91958,93926,91958,743,0.815,1,1
20060312,751,3,35,2,11,93882,92456,,92456,1241,1.361,1,0
20060312,751,3,3,3,12,92945,92620,,92620,1405,1.54,1,0
20060312,751,3,14,9,13,93678,92850,,92850,1635,1.792,1,0
20060312,751,3,15,7,14,93987,93066,,93066,1851,2.029,1,0
20060312,751,3,24,5,15,94439,93416,,93416,2201,2.413,1,0
20060312,751,3,26,5,16,93995,94606,,93995,2780,3.048,1,0
20060312,751,3,23,7,17,94702,,,94702,3487,3.823,0,0
20060312,751,3,27,13,18,95724,,,95724,4509,4.943,0,0
20060312,751,3,33,13,19,95900,,,95900,4685,5.136,0,0
20060312,751,3,11,8,20,97411,,,97411,6196,6.793,0,0
20060312,751,3,34,8,21,100270,,,100270,9055,9.927,0,0
20060312,751,3,8,1,22,,,,,,,0,0
20060319,752,2,21,4,1,95488,93623,93840,93623,96,0.103,1,1
20060319,752,2,18,11,2,95023,93527,93986,93527,0,0.0,1,1
20060319,752,2,3,3,3,95105,94563,94626,94563,1036,1.108,1,1
20060319,752,2,30,6,4,95810,94574,94668,94574,1047,1.119,1,1
20060319,752,2,17,3,5,95252,94279,94672,94279,752,0.804,1,1
20060319,752,2,31,1,6,94536,94568,94916,94536,1009,1.079,1,1
20060319,752,2,8,1,7,94667,94351,94983,94351,824,0.881,1,1
20060319,752,2,4,4,8,95514,93997,95747,93997,470,0.503,1,1
20060319,752,2,32,9,9,95171,94537,98715,94537,1010,1.08,1,1
20060319,752,2,23,7,10,95214,94586,,94586,1059,1.132,1,0
20060319,752,2,14,9,11,94839,94614,,94614,1087,1.162,1,0
20060319,752,2,22,11,12,95526,94683,,94683,1156,1.236,1,0
20060319,752,2,15,7,13,95517,94702,,94702,1175,1.256,1,0
20060319,752,2,35,2,14,95391,94752,,94752,1225,1.31,1,0
20060319,752,2,2,2,15,95588,94783,,94783,1256,1.343,1,0
20060319,752,2,13,6,16,95091,,,95091,1564,1.672,0,0
20060319,752,2,26,5,17,96297,,,96297,2770,2.962,0,0
20060319,752,2,24,5,18,96581,,,96581,3054,3.265,0,0
20060319,752,2,27,13,19,97426,,,97426,3899,4.169,0,0
20060319,752,2,33,13,20,97819,,,97819,4292,4.589,0,0
20060319,752,2,11,8,21,99011,,,99011,5484,5.864,0,0
20060319,752,2,34,8,22,100720,,,100720,7193,7.691,0,0
20060402,753,1,18,11,1,88081,86337,85229,85229,0,0.0,1,1
20060402,753,1,21,4,2,87765,86196,85635,85635,406,0.476,1,1
20060402,753,1,4,4,3,88569,85729,85778,85729,500,0.587,1,1
20060402,753,1,8,1,4,87193,86161,85822,85822,593,0.696,1,1
20060402,753,1,31,1,5,87079,85902,85976,85902,673,0.79,1,1
20060402,753,1,23,7,6,88007,86596,86612,86596,1367,1.604,1,1
20060402,753,1,17,3,7,87669,86075,86937,86075,846,0.993,1,1
20060402,753,1,2,2,8,87796,86014,87579,86014,785,0.921,1,1
20060402,753,1,35,2,9,88460,86714,89239,86714,1485,1.742,1,1
20060402,753,1,15,7,10,87748,86327,,86327,1098,1.288,1,0
20060402,753,1,30,6,11,88228,86718,,86718,1489,1.747,1,0
20060402,753,1,14,9,12,88408,87023,,87023,1794,2.105,1,0
20060402,753,1,24,5,13,88999,87219,,87219,1990,2.335,1,0
20060402,753,1,32,9,14,88757,87591,,87591,2362,2.771,1,0
20060402,753,1,3,3,15,88351,89422,,88351,3122,3.663,1,0
20060402,753,1,13,6,16,88868,,,88868,3639,4.27,0,0
20060402,753,1,22,11,17,89943,,,89943,4714,5.531,0,0
20060402,753,1,27,13,18,90226,,,90226,4997,5.863,0,0
20060402,753,1,26,5,19,90426,,,90426,5197,6.098,0,0
20060402,753,1,33,13,20,90709,,,90709,5480,6.43,0,0
20060402,753,1,11,8,21,92279,,,92279,7050,8.272,0,0
20060402,753,1,34,8,22,96164,,,96164,10935,12.83,0,0
20060423,754,21,30,6,1,84598,82579,82795,82579,0,0.0,1,1
20060423,754,21,18,11,2,84480,83749,82988,82988,409,0.495,1,1
20060423,754,21,22,11,3,84727,83760,83242,83242,663,0.803,1,1
20060423,754,21,13,6,4,84884,83595,83702,83595,1016,1.23,1,1
20060423,754,21,4,4,5,83536,83743,83709,83536,957,1.159,1,1
20060423,754,21,23,7,6,84370,83565,83772,83565,986,1.194,1,1
20060423,754,21,31,1,7,84960,83760,84021,83760,1181,1.43,1,1
20060423,754,21,8,1,8,84259,83190,84158,83190,611,0.74,1,1
20060423,754,21,15,7,9,84446,83727,84172,83727,1148,1.39,1,1
20060423,754,21,17,3,10,84992,83718,84795,83718,1139,1.379,1,1
20060423,754,21,21,4,11,84434,83771,,83771,1192,1.443,1,0
20060423,754,21,35,2,12,85081,83887,,83887,1308,1.584,1,0
20060423,754,21,3,3,13,84495,83966,,83966,1387,1.68,1,0
20060423,754,21,14,9,14,84849,84101,,84101,1522,1.843,1,0
20060423,754,21,2,2,15,85410,84129,,84129,1550,1.877,1,0
20060423,754,21,24,5,16,84879,84520,,84520,1941,2.35,1,0
20060423,754,21,32,9,17,85410,,,85410,2831,3.428,0,0
20060423,754,21,26,5,18,85437,,,85437,2858,3.461,0,0
20060423,754,21,33,13,19,86820,,,86820,4241,5.136,0,0
20060423,754,21,27,13,20,87088,,,87088,4509,5.46,0,0
20060423,754,21,11,8,21,87609,,,87609,5030,6.091,0,0
20060423,754,21,34,8,22,89282,,,89282,6703,8.117,0,0
20060507,755,20,4,4,1,91138,90336,89816,89816,0,0.0,1,1
20060507,755,20,30,6,2,91235,90013,90028,90013,197,0.219,1,1
20060507,755,20,13,6,3,91921,90732,90407,90407,591,0.658,1,1
20060507,755,20,22,11,4,91671,90469,90754,90469,653,0.727,1,1
20060507,755,20,8,1,5,91263,90203,90933,90203,387,0.431,1,1
20060507,755,20,18,11,6,91420,90755,90940,90755,939,1.045,1,1
20060507,755,20,15,7,7,91809,90733,91419,90733,917,1.021,1,1
20060507,755,20,35,2,8,91545,90865,91542,90865,1049,1.168,1,1
20060507,755,20,31,1,9,91774,90671,91880,90671,855,0.952,1,1
20060507,755,20,17,3,10,91712,90892,93405,90892,1076,1.198,1,1
20060507,755,20,23,7,11,91470,90944,,90944,1128,1.256,1,0
20060507,755,20,3,3,12,92053,91194,,91194,1378,1.534,1,0
20060507,755,20,21,4,13,91574,91197,,91197,1381,1.538,1,0
20060507,755,20,14,9,14,91742,91227,,91227,1411,1.571,1,0
20060507,755,20,2,2,15,91457,91422,,91422,1606,1.788,1,0
20060507,755,20,24,5,16,92651,91728,,91728,1912,2.129,1,0
20060507,755,20,32,9,17,92901,,,92901,3085,3.435,0,0
20060507,755,20,27,13,18,92936,,,92936,3120,3.474,0,0
20060507,755,20,26,5,19,92992,,,92992,3176,3.536,0,0
20060507,755,20,33,13,20,93658,,,93658,3842,4.278,0,0
20060507,755,20,11,8,21,95239,,,95239,5423,6.038,0,0
20060507,755,20,36,8,22,106505,,,106505,16689,18.581,0,0
20060514,756,4,4,4,1,75816,75124,74648,74648,11,0.015,1,1
20060514,756,4,21,4,2,76046,74766,74709,74709,72,0.096,1,1
20060514,756,4,30,6,3,76049,74637,74970,74637,0,0.0,1,1
20060514,756,4,13,6,4,76359,75245,75442,75245,608,0.815,1,1
20060514,756,4,22,11,5,76266,75258,75885,75258,621,0.832,1,1
20060514,756,4,23,7,6,76234,75164,75885,75164,527,0.706,1,1
20060514,756,4,15,7,7,76174,75068,75976,75068,431,0.577,1,1
20060514,756,4,18,11,8,76054,75150,76008,75150,513,0.687,1,1
20060514,756,4,8,1,9,76613,75422,76015,75422,785,1.052,1,1
20060514,756,4,2,2,10,76322,75468,77144,75468,831,1.113,1,1
20060514,756,4,17,3,11,76685,75502,,75502,865,1.159,1,0
20060514,756,4,31,1,12,76195,75801,,75801,1164,1.56,1,0
20060514,756,4,3,3,13,77213,75804,,75804,1167,1.564,1,0
20060514,756,4,35,2,14,76066,75847,,75847,1210,1.621,1,0
20060514,756,4,32,9,15,76627,75928,,75928,1291,1.73,1,0
20060514,756,4,24,5,16,77105,76661,,76661,2024,2.712,1,0
20060514,756,4,26,5,17,77361,,,77361,2724,3.65,0,0
20060514,756,4,33,13,18,77702,,,77702,3065,4.107,0,0
20060514,756,4,27,13,19,78024,,,78024,3387,4.538,0,0
20060514,756,4,11,8,20,78920,,,78920,4283,5.738,0,0
20060514,756,4,36,8,21,80763,,,80763,6126,8.208,0,0
20060514,756,4,14,9,22,,,,,,,0,0
20060528,757,6,4,4,1,74232,73622,73962,73622,90,0.122,1,1
20060528,757,6,17,3,2,74305,73728,74082,73728,196,0.267,1,1
20060528,757,6,8,1,3,73887,73532,74140,73532,0,0.0,1,1
20060528,757,6,31,1,4,74483,74295,74664,74295,763,1.038,1,1
20060528,757,6,22,11,5,74766,74312,75804,74312,780,1.061,1,1
20060528,757,6,15,7,6,74883,74211,75857,74211,679,0.923,1,1
20060528,757,6,14,9,7,75090,73687,76426,73687,155,0.211,1,1
20060528,757,6,3,3,8,74888,73909,76636,73909,377,0.513,1,1
20060528,757,6,21,4,9,74614,73647,77260,73647,115,0.156,1,1
20060528,757,6,23,7,10,74412,74398,,74398,866,1.178,1,0
20060528,757,6,32,9,11,74489,74747,,74489,957,1.301,1,0
20060528,757,6,24,5,12,75314,74969,,74969,1437,1.954,1,0
20060528,757,6,18,11,13,75085,74982,,74982,1450,1.972,1,0
20060528,757,6,35,2,14,75316,75052,,75052,1520,2.067,1,0
20060528,757,6,2,2,15,75324,75137,,75137,1605,2.183,1,0
20060528,757,6,27,13,16,75598,,,75598,2066,2.81,0,0
20060528,757,6,33,13,17,75993,,,75993,2461,3.347,0,0
20060528,757,6,26,5,18,76236,,,76236,2704,3.677,0,0
20060528,757,6,11,8,19,77276,,,77276,3744,5.092,0,0
20060528,757,6,36,8,20,77502,,,77502,3970,5.399,0,0
20060528,757,6,13,6,21,,,,,,,0,0
20060528,757,6,30,6,22,,,,,,,0,0
20060611,758,9,4,4,1,81018,80271,80253,80253,0,0.0,1,1
20060611,758,9,8,1,2,81648,80497,80397,80397,144,0.179,1,1
20060611,758,9,30,6,3,82096,80659,80574,80574,321,0.4,1,1
20060611,758,9,13,6,4,81647,80846,80764,80764,511,0.637,1,1
20060611,758,9,21,4,5,82411,80594,80919,80594,341,0.425,1,1
20060611,758,9,22,11,6,82965,80929,80943,80929,676,0.842,1,1
20060611,758,9,23,7,7,82886,81043,81073,81043,790,0.984,1,1
20060611,758,9,31,1,8,82169,80816,81107,80816,563,0.702,1,1
20060611,758,9,2,2,9,81670,80629,81329,80629,376,0.469,1,1
20060611,758,9,35,2,10,81637,80672,81599,80672,419,0.522,1,1
20060611,758,9,14,9,11,82424,81442,,81442,1189,1.482,1,0
20060611,758,9,3,3,12,83083,81567,,81567,1314,1.637,1,0
20060611,758,9,24,5,13,82685,81699,,81699,1446,1.802,1,0
20060611,758,9,32,9,14,82773,81990,,81990,1737,2.164,1,0
20060611,758,9,26,5,15,82541,82076,,82076,1823,2.272,1,0
20060611,758,9,33,13,16,82860,82207,,82207,1954,2.435,1,0
20060611,758,9,17,3,17,83129,,,83129,2876,3.584,0,0
20060611,758,9,27,13,18,83210,,,83210,2957,3.685,0,0
20060611,758,9,18,11,19,83247,,,83247,2994,3.731,0,0
20060611,758,9,11,8,20,86158,,,86158,5905,7.358,0,0
20060611,758,9,36,8,21,86316,,,86316,6063,7.555,0,0
20060611,758,9,15,7,22,,,,,,,0,0
20060625,759,7,4,4,1,75350,74726,74942,74726,0,0.0,1,1
20060625,759,7,21,4,2,75917,75295,75178,75178,452,0.605,1,1
20060625,759,7,8,1,3,75376,75273,75386,75273,547,0.732,1,1
20060625,759,7,15,7,4,76455,75506,75968,75506,780,1.044,1,1
20060625,759,7,30,6,5,75716,75139,75986,75139,413,0.553,1,1
20060625,759,7,3,3,6,76404,75269,76012,75269,543,0.727,1,1
20060625,759,7,31,1,7,76251,75253,76228,75253,527,0.705,1,1
20060625,759,7,18,11,8,76594,75814,76608,75814,1088,1.456,1,1
20060625,759,7,22,11,9,76735,75601,76912,75601,875,1.171,1,1
20060625,759,7,13,6,10,76259,75555,77209,75555,829,1.109,1,1
20060625,759,7,35,2,11,76493,75832,,75832,1106,1.48,1,0
20060625,759,7,32,9,12,76585,75833,,75833,1107,1.481,1,0
20060625,759,7,2,2,13,75906,75885,,75885,1159,1.551,1,0
20060625,759,7,23,7,14,76702,75888,,75888,1162,1.555,1,0
20060625,759,7,24,5,15,76581,76116,,76116,1390,1.86,1,0
20060625,759,7,14,9,16,76514,76301,,76301,1575,2.108,1,0
20060625,759,7,17,3,17,76985,,,76985,2259,3.023,0,0
20060625,759,7,26,5,18,77016,,,77016,2290,3.065,0,0
20060625,759,7,33,13,19,77121,,,77121,2395,3.205,0,0
20060625,759,7,27,13,20,77140,,,77140,2414,3.23,0,0
20060625,759,7,11,8,21,79088,,,79088,4362,5.837,0,0
20060625,759,7,36,8,22,79152,,,79152,4426,5.923,0,0
20060702,760,19,30,6,1,71588,70636,70832,70636,0,0.0,1,1
20060702,760,19,13,6,2,71088,71146,71435,71088,452,0.64,1,1
20060702,760,19,21,4,3,72287,71200,71920,71200,564,0.798,1,1
20060702,760,19,22,11,4,72156,71263,72109,71263,627,0.888,1,1
20060702,760,19,4,4,5,72416,71877,72449,71877,1241,1.757,1,1
20060702,760,19,35,2,6,72114,71724,72479,71724,1088,1.54,1,1
20060702,760,19,18,11,7,72238,71865,72523,71865,1229,1.74,1,1
20060702,760,19,23,7,8,71879,71673,72795,71673,1037,1.468,1,1
20060702,760,19,8,1,9,72777,72135,73174,72135,1499,2.122,1,1
20060702,760,19,2,2,10,71891,71718,75280,71718,1082,1.532,1,1
20060702,760,19,31,1,11,72477,72150,,72150,1514,2.143,1,0
20060702,760,19,17,3,12,72935,72292,,72292,1656,2.344,1,0
20060702,760,19,26,5,13,73167,72792,,72792,2156,3.052,1,0
20060702,760,19,27,13,14,72711,72854,,72711,2075,2.938,1,0
20060702,760,19,33,13,15,72627,72864,,72627,1991,2.819,1,0
20060702,760,19,32,9,16,72773,72925,,72773,2137,3.025,1,0
20060702,760,19,14,9,17,73180,,,73180,2544,3.602,0,0
20060702,760,19,11,8,18,73496,,,73496,2860,4.049,0,0
20060702,760,19,3,3,19,73506,,,73506,2870,4.063,0,0
20060702,760,19,15,7,20,73787,,,73787,3151,4.461,0,0
20060702,760,19,24,5,21,74041,,,74041,3405,4.82,0,0
20060702,760,19,36,8,22,76036,,,76036,5400,7.645,0,0
20060716,761,8,30,6,1,75865,75111,75493,75111,0,0.0,1,1
20060716,761,8,13,6,2,76277,75679,75510,75510,399,0.531,1,1
20060716,761,8,4,4,3,76328,75706,75785,75706,595,0.792,1,1
20060716,761,8,15,7,4,75550,75776,76036,75550,439,0.584,1,1
20060716,761,8,23,7,5,75949,75625,76091,75625,514,0.684,1,1
20060716,761,8,8,1,6,76154,75742,76281,75742,631,0.84,1,1
20060716,761,8,21,4,7,76825,75901,76345,75901,790,1.052,1,1
20060716,761,8,37,1,8,76679,75902,76632,75902,791,1.053,1,1
20060716,761,8,3,3,9,76534,75926,78272,75926,815,1.085,1,1
20060716,761,8,14,9,10,76350,75974,78663,75974,863,1.149,1,1
20060716,761,8,17,3,11,76531,76129,,76129,1018,1.355,1,0
20060716,761,8,2,2,12,76686,76294,,76294,1183,1.575,1,0
20060716,761,8,32,9,13,76921,76433,,76433,1322,1.76,1,0
20060716,761,8,22,11,14,77022,77027,,77022,1911,2.544,1,0
20060716,761,8,26,5,15,77117,77063,,77063,1952,2.599,1,0
20060716,761,8,27,13,16,76962,77105,,76962,1851,2.464,1,0
20060716,761,8,24,5,17,77164,,,77164,2053,2.733,0,0
20060716,761,8,35,2,18,77304,,,77304,2193,2.92,0,0
20060716,761,8,18,11,19,77495,,,77495,2384,3.174,0,0
20060716,761,8,33,13,20,77589,,,77589,2478,3.299,0,0
20060716,761,8,36,8,21,78637,,,78637,3526,4.694,0,0
20060716,761,8,11,8,22,78845,,,78845,3734,4.971,0,0
20060730,762,10,8,1,1,75214,74410,74070,74070,292,0.396,1,1
20060730,762,10,30,6,2,74904,73778,74205,73778,0,0.0,1,1
20060730,762,10,13,6,3,74412,74094,74569,74094,316,0.428,1,1
20060730,762,10,18,11,4,75869,74378,74862,74378,600,0.813,1,1
20060730,762,10,21,4,5,75916,74540,74894,74540,762,1.033,1,1
20060730,762,10,22,11,6,75757,74652,74934,74652,874,1.185,1,1
20060730,762,10,4,4,7,75518,74746,75282,74746,968,1.312,1,1
20060730,762,10,23,7,8,75789,74743,75923,74743,965,1.308,1,1
20060730,762,10,37,1,9,75655,75021,75936,75021,1243,1.685,1,1
20060730,762,10,14,9,10,75836,74826,76326,74826,1048,1.42,1,1
20060730,762,10,17,3,11,75719,75094,,75094,1316,1.784,1,0
20060730,762,10,32,9,12,75816,75141,,75141,1363,1.847,1,0
20060730,762,10,15,7,13,75430,75150,,75150,1372,1.86,1,0
20060730,762,10,35,2,14,76281,75329,,75329,1551,2.102,1,0
20060730,762,10,3,3,15,76183,75380,,75380,1602,2.171,1,0
20060730,762,10,2,2,16,76234,75397,,75397,1619,2.194,1,0
20060730,762,10,24,5,17,76399,,,76399,2621,3.553,0,0
20060730,762,10,27,13,18,77093,,,77093,3315,4.493,0,0
20060730,762,10,11,8,19,77185,,,77185,3407,4.618,0,0
20060730,762,10,33,13,20,77836,,,77836,4058,5.5,0,0
20060730,762,10,29,8,21,80444,,,80444,6666,9.035,0,0
20060730,762,10,26,5,22,,,,,,,0,0
20060806,763,11,8,1,1,80080,79704,79599,79599,95,0.119,1,1
20060806,763,11,13,6,2,79742,79504,79886,79504,0,0.0,1,1
20060806,763,11,22,11,3,81141,79783,80085,79783,279,0.351,1,1
20060806,763,11,18,11,4,80820,79943,80092,79943,439,0.552,1,1
20060806,763,11,37,1,5,81288,79991,80117,79991,487,0.613,1,1
20060806,763,11,17,3,6,81335,80047,80266,80047,543,0.683,1,1
20060806,763,11,23,7,7,81112,80243,80759,80243,739,0.93,1,1
20060806,763,11,21,4,8,81370,80154,80924,80154,650,0.818,1,1
20060806,763,11,15,7,9,81434,80231,81132,80231,727,0.914,1,1
20060806,763,11,9,2,10,80891,80256,82049,80256,752,0.946,1,1
20060806,763,11,2,2,11,81437,80623,,80623,1119,1.407,1,0
20060806,763,11,30,6,12,81440,80875,,80875,1371,1.724,1,0
20060806,763,11,14,9,13,81163,80890,,80890,1386,1.743,1,0
20060806,763,11,32,9,14,82027,81207,,81207,1703,2.142,1,0
20060806,763,11,4,4,15,81792,81364,,81364,1860,2.34,1,0
20060806,763,11,33,13,16,82009,83767,,82009,2505,3.151,1,0
20060806,763,11,24,5,17,82068,,,82068,2564,3.225,0,0
20060806,763,11,3,3,18,82084,,,82084,2580,3.245,0,0
20060806,763,11,26,5,19,82317,,,82317,2813,3.538,0,0
20060806,763,11,11,8,20,82967,,,82967,3463,4.356,0,0
20060806,763,11,27,13,21,83146,,,83146,3642,4.581,0,0
20060806,763,11,29,8,22,84016,,,84016,4512,5.675,0,0
20060827,764,5,13,6,1,87306,87059,86907,86907,1057,1.231,1,1
20060827,764,5,30,6,2,87385,85850,87284,85850,0,0.0,1,1
20060827,764,5,4,4,3,87861,86917,87321,86917,1067,1.243,1,1
20060827,764,5,21,4,4,88175,87346,87564,87346,1496,1.743,1,1
20060827,764,5,23,7,5,87668,87062,87569,87062,1212,1.412,1,1
20060827,764,5,2,2,6,88200,87251,87785,87251,1401,1.632,1,1
20060827,764,5,18,11,7,88222,86872,87790,86872,1022,1.19,1,1
20060827,764,5,8,1,8,88236,87202,87866,87202,1352,1.575,1,1
20060827,764,5,9,2,9,88212,87405,88167,87405,1555,1.811,1,1
20060827,764,5,17,3,10,88307,87608,89436,87608,1758,2.048,1,1
20060827,764,5,32,9,11,88271,87852,,87852,2002,2.332,1,0
20060827,764,5,37,1,12,88403,87897,,87897,2047,2.384,1,0
20060827,764,5,15,7,13,88549,87973,,87973,2123,2.473,1,0
20060827,764,5,22,11,14,88411,88257,,88257,2407,2.804,1,0
20060827,764,5,3,3,15,88889,88386,,88386,2536,2.954,1,0
20060827,764,5,27,13,16,89021,88639,,88639,2789,3.249,1,0
20060827,764,5,14,9,17,89136,,,89136,3286,3.828,0,0
20060827,764,5,26,5,18,89158,,,89158,3308,3.853,0,0
20060827,764,5,24,5,19,89250,,,89250,3400,3.96,0,0
20060827,764,5,33,13,20,89901,,,89901,4051,4.719,0,0
20060827,764,5,29,8,21,90607,,,90607,4757,5.541,0,0
20060827,764,5,11,8,22,90850,,,90850,5000,5.824,0,0
20060910,765,14,8,1,1,81994,81349,81484,81349,124,0.153,1,1
20060910,765,14,30,6,2,81711,81353,81486,81353,128,0.158,1,1
20060910,765,14,2,2,3,81764,81425,81653,81425,200,0.246,1,1
20060910,765,14,13,6,4,82028,81225,81704,81225,0,0.0,1,1
20060910,765,14,18,11,5,82512,81572,82011,81572,347,0.427,1,1
20060910,765,14,9,2,6,82437,81270,82258,81270,45,0.055,1,1
20060910,765,14,37,1,7,82422,81878,82280,81878,653,0.804,1,1
20060910,765,14,22,11,8,82640,81688,82787,81688,463,0.57,1,1
20060910,765,14,21,4,9,82486,81722,83175,81722,497,0.612,1,1
20060910,765,14,4,4,10,81747,81526,85688,81526,301,0.371,1,1
20060910,765,14,15,7,11,82093,81924,,81924,699,0.861,1,0
20060910,765,14,3,3,12,82581,82203,,82203,978,1.204,1,0
20060910,765,14,23,7,13,82622,82280,,82280,1055,1.299,1,0
20060910,765,14,14,9,14,82618,82589,,82589,1364,1.679,1,0
20060910,765,14,26,5,15,82943,83165,,82943,1718,2.115,1,0
20060910,765,14,32,9,16,82898,,,82898,1673,2.06,0,0
20060910,765,14,24,5,17,83043,,,83043,1818,2.238,0,0
20060910,765,14,27,14,18,83116,,,83116,1891,2.328,0,0
20060910,765,14,17,3,19,83341,,,83341,2116,2.605,0,0
20060910,765,14,33,14,20,83920,,,83920,2695,3.318,0,0
20060910,765,14,11,8,21,84289,,,84289,3064,3.772,0,0
20060910,765,14,29,8,22,86001,,,86001,4776,5.88,0,0
20061001,766,17,4,4,1,104128,103951,104360,103951,0,0.0,1,1
20061001,766,17,21,4,2,104378,104336,104992,104336,385,0.37,1,1
20061001,766,17,22,11,3,107072,105228,105503,105228,1277,1.228,1,1
20061001,766,17,18,11,4,105809,104662,105503,104662,711,0.684,1,1
20061001,766,17,8,1,5,104909,105622,105754,104909,958,0.922,1,1
20061001,766,17,30,6,6,107366,105660,105775,105660,1709,1.644,1,1
20061001,766,17,37,1,7,104808,105095,105877,104808,857,0.824,1,1
20061001,766,17,2,2,8,106249,105055,106053,105055,1104,1.062,1,1
20061001,766,17,9,2,9,106049,105576,106632,105576,1625,1.563,1,1
20061001,766,17,38,9,10,106387,105747,108021,105747,1796,1.728,1,1
20061001,766,17,26,5,11,106222,105851,,105851,1900,1.828,1,0
20061001,766,17,14,9,12,105931,105968,,105931,1980,1.905,1,0
20061001,766,17,24,5,13,105564,106172,,105564,1613,1.552,1,0
20061001,766,17,17,3,14,108560,106413,,106413,2462,2.368,1,0
20061001,766,17,3,3,15,107535,107419,,107419,3468,3.336,1,0
20061001,766,17,23,7,16,108894,,,108894,4943,4.755,0,0
20061001,766,17,15,7,17,109098,,,109098,5147,4.951,0,0
20061001,766,17,33,14,18,109903,,,109903,5952,5.726,0,0
20061001,766,17,29,8,19,115560,,,115560,11609,11.168,0,0
20061001,766,17,13,6,20,107231,105970,,105970,2019,1.942,1,0
20061001,766,17,11,8,21,110326,,,110326,6375,6.133,0,0
20061001,766,17,27,14,22,109542,,,109542,5591,5.378,0,0
20061008,767,22,13,6,1,90112,89830,89599,89599,645,0.725,1,1
20061008,767,22,30,6,2,91279,88954,89711,88954,0,0.0,1,1
20061008,767,22,23,7,3,90595,90299,89989,89989,1035,1.164,1,1
20061008,767,22,15,7,4,90420,90204,90039,90039,1085,1.22,1,1
20061008,767,22,4,4,5,90976,90357,90371,90357,1403,1.577,1,1
20061008,767,22,21,4,6,91696,90306,90599,90306,1352,1.52,1,1
20061008,767,22,18,11,7,90847,90268,90992,90268,1314,1.477,1,1
20061008,767,22,22,11,8,91972,90598,91478,90598,1644,1.848,1,1
20061008,767,22,2,2,9,91811,90470,91513,90470,1516,1.704,1,1
20061008,767,22,3,3,10,90585,90321,91856,90321,1367,1.537,1,1
20061008,767,22,8,1,11,92080,90827,,90827,1873,2.106,1,0
20061008,767,22,9,2,12,91204,91094,,91094,2140,2.406,1,0
20061008,767,22,37,1,13,91581,91254,,91254,2300,2.586,1,0
20061008,767,22,17,3,14,91647,91276,,91276,2322,2.61,1,0
20061008,767,22,24,5,15,91741,91943,,91741,2787,3.133,1,0
20061008,767,22,27,14,16,92221,93750,,92221,3267,3.673,1,0
20061008,767,22,14,9,17,92252,,,92252,3298,3.708,0,0
20061008,767,22,38,9,18,92402,,,92402,3448,3.876,0,0
20061008,767,22,26,5,19,92867,,,92867,3913,4.399,0,0
20061008,767,22,11,8,20,93666,,,93666,4712,5.297,0,0
20061008,767,22,33,14,21,93709,,,93709,4755,5.345,0,0
20061008,767,22,29,8,22,,,,,,,0,0
20061022,768,18,13,6,1,70643,70775,70680,70643,330,0.469,1,1
20061022,768,18,8,1,2,72035,71386,71299,71299,986,1.402,1,1
20061022,768,18,15,7,3,71885,71343,71328,71328,1015,1.444,1,1
20061022,768,18,4,4,4,71791,71148,71567,71148,835,1.188,1,1
20061022,768,18,22,11,5,72017,71578,71619,71578,1265,1.799,1,1
20061022,768,18,21,4,6,72042,71461,71629,71461,1148,1.633,1,1
20061022,768,18,23,7,7,71713,71550,71695,71550,1237,1.759,1,1
20061022,768,18,2,2,8,72307,71648,71882,71648,1335,1.899,1,1
20061022,768,18,9,2,9,72040,71589,72131,71589,1276,1.815,1,1
20061022,768,18,30,6,10,71565,70313,,70313,0,0.0,1,0
20061022,768,18,17,3,11,71973,71650,,71650,1337,1.901,1,0
20061022,768,18,37,1,12,71825,71658,,71658,1345,1.913,1,0
20061022,768,18,3,3,13,71974,71679,,71679,1366,1.943,1,0
20061022,768,18,18,11,14,72085,71742,,71742,1429,2.032,1,0
20061022,768,18,38,9,15,72530,72591,,72530,2217,3.153,1,0
20061022,768,18,24,5,16,72855,72861,,72855,2542,3.615,1,0
20061022,768,18,26,5,17,72856,,,72856,2543,3.617,0,0
20061022,768,18,27,14,18,73138,,,73138,2825,4.018,0,0
20061022,768,18,14,9,19,73249,,,73249,2936,4.176,0,0
20061022,768,18,11,8,20,73269,,,73269,2956,4.204,0,0
20061022,768,18,29,8,21,73357,,,73357,3044,4.329,0,0
20061022,768,18,33,14,22,,,,,,,0,0
20050529,738,20,2,3,1,90081,,,90081,0,0.0,0,0
20050529,738,20,8,1,2,90197,,,90197,116,0.129,0,0
20050529,738,20,17,3,3,90368,,,90368,287,0.319,0,0
20050529,738,20,15,7,4,90700,,,90700,619,0.687,0,0
20050529,738,20,31,1,5,90890,,,90890,809,0.898,0,0
20050529,738,20,4,4,6,91056,,,91056,975,1.082,0,0
20050529,738,20,22,6,7,91249,,,91249,1168,1.297,0,0
20050529,738,20,23,7,8,91392,,,91392,1311,1.455,0,0
20050529,738,20,21,4,9,91566,,,91566,1485,1.649,0,0
20050529,738,20,30,6,10,91585,,,91585,1504,1.67,0,0
20050529,738,20,13,15,11,92205,,,92205,2124,2.358,0,0
20050529,738,20,14,9,12,92553,,,92553,2472,2.744,0,0
20050529,738,20,18,16,13,92594,,,92594,2513,2.79,0,0
20050529,738,20,24,9,14,92642,,,92642,2561,2.843,0,0
20050529,738,20,35,15,15,92891,,,92891,2810,3.119,0,0
20050529,738,20,11,16,16,92926,,,92926,2845,3.158,0,0
20050529,738,20,33,17,17,95047,,,95047,4966,5.513,0,0
20050529,738,20,40,18,18,95954,,,95954,5873,6.52,0,0
20050529,738,20,39,17,19,96192,,,96192,6111,6.784,0,0
20050529,738,20,27,18,20,96239,,,96239,6158,6.836,0,0
20050612,739,7,18,16,1,75217,,,75217,0,0.0,0,0
20050612,739,7,30,6,2,75475,,,75475,258,0.343,0,0
20050612,739,7,4,4,3,75561,,,75561,344,0.457,0,0
20050612,739,7,21,4,4,75577,,,75577,360,0.479,0,0
20050612,739,7,31,1,5,75669,,,75669,452,0.601,0,0
20050612,739,7,11,16,6,75729,,,75729,512,0.681,0,0
20050612,739,7,8,1,7,75923,,,75923,706,0.939,0,0
20050612,739,7,35,15,8,76116,,,76116,899,1.195,0,0
20050612,739,7,15,7,9,76201,,,76201,984,1.308,0,0
20050612,739,7,23,7,10,76362,,,76362,1145,1.522,0,0
20050612,739,7,13,15,11,76661,,,76661,1444,1.92,0,0
20050612,739,7,14,9,12,76890,,,76890,1673,2.224,0,0
20050612,739,7,2,3,13,77081,,,77081,1864,2.478,0,0
20050612,739,7,17,3,14,77749,,,77749,2532,3.366,0,0
20050612,739,7,27,18,15,78214,,,78214,2997,3.984,0,0
20050612,739,7,32,9,16,78249,,,78249,3032,4.031,0,0
20050612,739,7,39,17,17,78664,,,78664,3447,4.583,0,0
20050612,739,7,33,17,18,79034,,,79034,3817,5.075,0,0
20050612,739,7,40,18,19,79574,,,79574,4357,5.793,0,0
20050612,739,7,22,6,20,,,,,,,0,0
20050619,740,19,15,7,1,70625,,,70625,0,0.0,0,0
20050619,740,19,8,1,2,70694,,,70694,69,0.098,0,0
20050619,740,19,18,16,3,71277,,,71277,652,0.923,0,0
20050619,740,19,21,4,4,71290,,,71290,665,0.942,0,0
20050619,740,19,30,6,5,71369,,,71369,744,1.053,0,0
20050619,740,19,4,4,6,71380,,,71380,755,1.069,0,0
20050619,740,19,22,6,7,71431,,,71431,806,1.141,0,0
20050619,740,19,11,16,8,71497,,,71497,872,1.235,0,0
20050619,740,19,17,3,9,71527,,,71527,902,1.277,0,0
20050619,740,19,13,15,10,71555,,,71555,930,1.317,0,0
20050619,740,19,31,1,11,71681,,,71681,1056,1.495,0,0
20050619,740,19,35,15,12,71691,,,71691,1066,1.509,0,0
20050619,740,19,41,7,13,71754,,,71754,1129,1.599,0,0
20050619,740,19,32,9,14,72132,,,72132,1507,2.134,0,0
20050619,740,19,2,3,15,72430,,,72430,1805,2.556,0,0
20050619,740,19,14,9,16,72682,,,72682,2057,2.913,0,0
20050619,740,19,33,17,17,73462,,,73462,2837,4.017,0,0
20050619,740,19,27,18,18,73632,,,73632,3007,4.258,0,0
20050619,740,19,39,17,19,73776,,,73776,3151,4.462,0,0
20050619,740,19,40,18,20,74494,,,74494,3869,5.478,0,0
20050703,741,8,4,4,1,74412,,,74412,0,0.0,0,0
20050703,741,8,15,7,2,74521,,,74521,109,0.146,0,0
20050703,741,8,8,1,3,74559,,,74559,147,0.198,0,0
20050703,741,8,30,6,4,74572,,,74572,160,0.215,0,0
20050703,741,8,11,16,5,74655,,,74655,243,0.327,0,0
20050703,741,8,22,6,6,74832,,,74832,420,0.564,0,0
20050703,741,8,21,4,7,74887,,,74887,475,0.638,0,0
20050703,741,8,18,16,8,75051,,,75051,639,0.859,0,0
20050703,741,8,31,1,9,75406,,,75406,994,1.336,0,0
20050703,741,8,13,15,10,75566,,,75566,1154,1.551,0,0
20050703,741,8,35,15,11,75699,,,75699,1287,1.73,0,0
20050703,741,8,23,7,12,75771,,,75771,1359,1.826,0,0
20050703,741,8,17,3,13,75885,,,75885,1473,1.98,0,0
20050703,741,8,2,3,14,76207,,,76207,1795,2.412,0,0
20050703,741,8,14,9,15,76434,,,76434,2022,2.717,0,0
20050703,741,8,32,9,16,76547,,,76547,2135,2.869,0,0
20050703,741,8,39,17,17,77857,,,77857,3445,4.63,0,0
20050703,741,8,40,18,18,77960,,,77960,3548,4.768,0,0
20050703,741,8,33,17,19,78047,,,78047,3635,4.885,0,0
20050703,741,8,27,18,20,78335,,,78335,3923,5.272,0,0
20050710,742,9,4,4,1,79905,,,79905,0,0.0,0,0
20050710,742,9,8,1,2,79932,,,79932,27,0.034,0,0
20050710,742,9,18,16,3,80207,,,80207,302,0.378,0,0
20050710,742,9,31,1,4,80382,,,80382,477,0.597,0,0
20050710,742,9,15,7,5,80459,,,80459,554,0.693,0,0
20050710,742,9,22,6,6,80906,,,80906,1001,1.253,0,0
20050710,742,9,21,4,7,81010,,,81010,1105,1.383,0,0
20050710,742,9,11,16,8,81114,,,81114,1209,1.513,0,0
20050710,742,9,23,7,9,81191,,,81191,1286,1.609,0,0
20050710,742,9,30,6,10,81275,,,81275,1370,1.715,0,0
20050710,742,9,35,15,11,81352,,,81352,1447,1.811,0,0
20050710,742,9,17,3,12,81997,,,81997,2092,2.618,0,0
20050710,742,9,14,9,13,82108,,,82108,2203,2.757,0,0
20050710,742,9,2,3,14,82117,,,82117,2212,2.768,0,0
20050710,742,9,32,9,15,82207,,,82207,2302,2.881,0,0
20050710,742,9,13,15,16,82495,,,82495,2590,3.241,0,0
20050710,742,9,39,17,17,83583,,,83583,3678,4.603,0,0
20050710,742,9,27,18,18,84576,,,84576,4671,5.846,0,0
20050710,742,9,40,18,19,85566,,,85566,5661,7.085,0,0
20050710,742,9,33,17,20,,,,,,,0,0
20050724,743,10,8,1,1,74320,,,74320,0,0.0,0,0
20050724,743,10,18,16,2,74759,,,74759,439,0.591,0,0
20050724,743,10,4,4,3,74904,,,74904,584,0.786,0,0
20050724,743,10,21,4,4,74927,,,74927,607,0.817,0,0
20050724,743,10,30,6,5,75006,,,75006,686,0.923,0,0
20050724,743,10,17,3,6,75070,,,75070,750,1.009,0,0
20050724,743,10,2,3,7,75403,,,75403,1083,1.457,0,0
20050724,743,10,11,16,8,75501,,,75501,1181,1.589,0,0
20050724,743,10,15,7,9,75532,,,75532,1212,1.631,0,0
20050724,743,10,32,9,10,75635,,,75635,1315,1.769,0,0
20050724,743,10,14,9,11,75679,,,75679,1359,1.829,0,0
20050724,743,10,23,7,12,75689,,,75689,1369,1.842,0,0
20050724,743,10,13,15,13,76009,,,76009,1689,2.273,0,0
20050724,743,10,35,15,14,76012,,,76012,1692,2.277,0,0
20050724,743,10,22,6,15,76230,,,76230,1910,2.57,0,0
20050724,743,10,27,18,16,77519,,,77519,3199,4.304,0,0
20050724,743,10,38,18,17,78313,,,78313,3993,5.373,0,0
20050724,743,10,33,17,18,78599,,,78599,4279,5.758,0,0
20050724,743,10,31,1,19,,,,,,,0,0
20050724,743,10,39,17,20,,,,,,,0,0
20050731,744,11,30,6,1,79882,,,79882,0,0.0,0,0
20050731,744,11,31,1,2,80779,,,80779,897,1.123,0,0
20050731,744,11,15,7,3,80839,,,80839,957,1.198,0,0
20050731,744,11,8,1,4,80891,,,80891,1009,1.263,0,0
20050731,744,11,23,7,5,80964,,,80964,1082,1.354,0,0
20050731,744,11,4,4,6,81141,,,81141,1259,1.576,0,0
20050731,744,11,22,6,7,81158,,,81158,1276,1.597,0,0
20050731,744,11,18,16,8,81302,,,81302,1420,1.778,0,0
20050731,744,11,21,4,9,81333,,,81333,1451,1.816,0,0
20050731,744,11,11,16,10,81787,,,81787,1905,2.385,0,0
20050731,744,11,32,9,11,81937,,,81937,2055,2.573,0,0
20050731,744,11,2,3,12,82086,,,82086,2204,2.759,0,0
20050731,744,11,14,9,13,82279,,,82279,2397,3.001,0,0
20050731,744,11,13,15,14,82565,,,82565,2683,3.359,0,0
20050731,744,11,35,15,15,82866,,,82866,2984,3.736,0,0
20050731,744,11,17,3,16,83495,,,83495,3613,4.523,0,0
20050731,744,11,27,18,17,84443,,,84443,4561,5.71,0,0
20050731,744,11,39,17,18,85057,,,85057,5175,6.478,0,0
20050731,744,11,38,18,19,85484,,,85484,5602,7.013,0,0
20050731,744,11,33,17,20,,,,,,,0,0
20050821,745,5,8,1,1,86797,,,86797,0,0.0,0,0
20050821,745,5,21,4,2,87039,,,87039,242,0.279,0,0
20050821,745,5,4,4,3,87050,,,87050,253,0.291,0,0
20050821,745,5,31,1,4,87352,,,87352,555,0.639,0,0
20050821,745,5,15,7,5,87501,,,87501,704,0.811,0,0
20050821,745,5,2,3,6,87929,,,87929,1132,1.304,0,0
20050821,745,5,17,3,7,87944,,,87944,1147,1.321,0,0
20050821,745,5,13,15,8,88419,,,88419,1622,1.869,0,0
20050821,745,5,23,7,9,88594,,,88594,1797,2.07,0,0
20050821,745,5,32,9,10,88963,,,88963,2166,2.495,0,0
20050821,745,5,22,6,11,89369,,,89369,2572,2.963,0,0
20050821,745,5,14,9,12,89764,,,89764,2967,3.418,0,0
20050821,745,5,18,16,13,90063,,,90063,3266,3.763,0,0
20050821,745,5,11,16,14,90175,,,90175,3378,3.892,0,0
20050821,745,5,33,17,15,90710,,,90710,3913,4.508,0,0
20050821,745,5,27,18,16,92186,,,92186,5389,6.209,0,0
20050821,745,5,38,18,17,,,,,,,0,0
20050821,745,5,35,15,18,,,,,,,0,0
20050821,745,5,39,17,19,,,,,,,0,0
20050821,745,5,30,6,20,,,,,,,0,0
20050904,746,14,8,1,1,80878,,,80878,0,0.0,0,0
20050904,746,14,31,1,2,81054,,,81054,176,0.218,0,0
20050904,746,14,4,4,3,81319,,,81319,441,0.545,0,0
20050904,746,14,18,16,4,81369,,,81369,491,0.607,0,0
20050904,746,14,11,16,5,81477,,,81477,599,0.741,0,0
20050904,746,14,15,7,6,81640,,,81640,762,0.942,0,0
20050904,746,14,30,6,7,81721,,,81721,843,1.042,0,0
20050904,746,14,22,6,8,81962,,,81962,1084,1.34,0,0
20050904,746,14,21,4,9,82068,,,82068,1190,1.471,0,0
20050904,746,14,23,7,10,82266,,,82266,1388,1.716,0,0
20050904,746,14,14,9,11,82304,,,82304,1426,1.763,0,0
20050904,746,14,35,15,12,82356,,,82356,1478,1.827,0,0
20050904,746,14,32,9,13,82532,,,82532,1654,2.045,0,0
20050904,746,14,17,3,14,82560,,,82560,1682,2.08,0,0
20050904,746,14,13,15,15,83060,,,83060,2182,2.698,0,0
20050904,746,14,42,3,16,83291,,,83291,2413,2.984,0,0
20050904,746,14,33,17,17,84666,,,84666,3788,4.684,0,0
20050904,746,14,38,18,18,84904,,,84904,4026,4.978,0,0
20050904,746,14,39,17,19,85859,,,85859,4981,6.159,0,0
20050904,746,14,27,18,20,86964,,,86964,6086,7.525,0,0
20050911,747,13,31,1,1,106391,,,106391,0,0.0,0,0
20050911,747,13,8,1,2,106440,,,106440,49,0.046,0,0
20050911,747,13,21,4,3,106497,,,106497,106,0.1,0,0
20050911,747,13,15,7,4,106596,,,106596,205,0.193,0,0
20050911,747,13,4,4,5,106760,,,106760,369,0.347,0,0
20050911,747,13,23,7,6,107401,,,107401,1010,0.949,0,0
20050911,747,13,30,6,7,107476,,,107476,1085,1.02,0,0
20050911,747,13,13,15,8,107867,,,107867,1476,1.387,0,0
20050911,747,13,18,16,9,107978,,,107978,1587,1.492,0,0
20050911,747,13,17,3,10,108071,,,108071,1680,1.579,0,0
20050911,747,13,11,16,11,108353,,,108353,1962,1.844,0,0
20050911,747,13,14,9,12,108508,,,108508,2117,1.99,0,0
20050911,747,13,22,6,13,108550,,,108550,2159,2.029,0,0
20050911,747,13,35,15,14,108889,,,108889,2498,2.348,0,0
20050911,747,13,42,3,15,108898,,,108898,2507,2.356,0,0
20050911,747,13,32,9,16,108994,,,108994,2603,2.447,0,0
20050911,747,13,38,18,17,109779,,,109779,3388,3.184,0,0
20050911,747,13,27,18,18,109842,,,109842,3451,3.244,0,0
20050911,747,13,33,17,19,111498,,,111498,5107,4.8,0,0
20050911,747,13,39,17,20,111675,,,111675,5284,4.967,0,0
20050925,748,18,4,4,1,71988,,,71988,0,0.0,0,0
20050925,748,18,31,1,2,72145,,,72145,157,0.218,0,0
20050925,748,18,21,4,3,72558,,,72558,570,0.792,0,0
20050925,748,18,18,16,4,72696,,,72696,708,0.983,0,0
20050925,748,18,8,1,5,72781,,,72781,793,1.102,0,0
20050925,748,18,32,9,6,72889,,,72889,901,1.252,0,0
20050925,748,18,30,6,7,72976,,,72976,988,1.372,0,0
20050925,748,18,15,7,8,73041,,,73041,1053,1.463,0,0
20050925,748,18,13,15,9,73151,,,73151,1163,1.616,0,0
20050925,748,18,22,6,10,73183,,,73183,1195,1.66,0,0
20050925,748,18,23,7,11,73285,,,73285,1297,1.802,0,0
20050925,748,18,35,15,12,73372,,,73372,1384,1.923,0,0
20050925,748,18,33,17,13,73387,,,73387,1399,1.943,0,0
20050925,748,18,17,3,14,73538,,,73538,1550,2.153,0,0
20050925,748,18,42,3,15,73581,,,73581,1593,2.213,0,0
20050925,748,18,14,9,16,73844,,,73844,1856,2.578,0,0
20050925,748,18,39,17,17,74520,,,74520,2532,3.517,0,0
20050925,748,18,27,18,18,74763,,,74763,2775,3.855,0,0
20050925,748,18,11,16,19,,,,,,,0,0
20050925,748,18,38,18,20,,,,,,,0,0
20051009,749,22,23,7,1,106106,,,106106,0,0.0,0,0
20051009,749,22,18,16,2,106141,,,106141,35,0.033,0,0
20051009,749,22,21,4,3,106276,,,106276,170,0.16,0,0
20051009,749,22,32,9,4,106464,,,106464,358,0.337,0,0
20051009,749,22,11,16,5,106841,,,106841,735,0.693,0,0
20051009,749,22,14,9,6,106892,,,106892,786,0.741,0,0
20051009,749,22,17,3,7,107233,,,107233,1127,1.062,0,0
20051009,749,22,35,15,8,107440,,,107440,1334,1.257,0,0
20051009,749,22,22,6,9,108248,,,108248,2142,2.019,0,0
20051009,749,22,13,15,10,108278,,,108278,2172,2.047,0,0
20051009,749,22,39,17,11,108718,,,108718,2612,2.462,0,0
20051009,749,22,42,3,12,108898,,,108898,2792,2.631,0,0
20051009,749,22,27,18,13,110843,,,110843,4737,4.464,0,0
20051009,749,22,30,6,14,112676,,,112676,6570,6.192,0,0
20051009,749,22,38,18,15,112894,,,112894,6788,6.397,0,0
20051009,749,22,4,4,16,114667,,,114667,8561,8.068,0,0
20051009,749,22,8,1,17,122309,,,122309,16203,15.271,0,0
20051009,749,22,31,1,18,,,,,,,0,0
20051009,749,22,15,7,19,,,,,,,0,0
20051009,749,22,33,17,20,,,,,,,0,0
20051016,750,17,4,4,1,94080,,,94080,0,0.0,0,0
20051016,750,17,21,4,2,94401,,,94401,321,0.341,0,0
20051016,750,17,8,1,3,94488,,,94488,408,0.434,0,0
20051016,750,17,18,16,4,94801,,,94801,721,0.766,0,0
20051016,750,17,31,1,5,95188,,,95188,1108,1.178,0,0
20051016,750,17,30,6,6,95301,,,95301,1221,1.298,0,0
20051016,750,17,14,9,7,95428,,,95428,1348,1.433,0,0
20051016,750,17,22,6,8,95610,,,95610,1530,1.626,0,0
20051016,750,17,23,7,9,95723,,,95723,1643,1.746,0,0
20051016,750,17,17,3,10,95739,,,95739,1659,1.763,0,0
20051016,750,17,13,15,11,95898,,,95898,1818,1.932,0,0
20051016,750,17,15,7,12,96044,,,96044,1964,2.088,0,0
20051016,750,17,42,3,13,96445,,,96445,2365,2.514,0,0
20051016,750,17,32,9,14,96472,,,96472,2392,2.543,0,0
20051016,750,17,39,17,15,96707,,,96707,2627,2.792,0,0
20051016,750,17,35,15,16,96788,,,96788,2708,2.878,0,0
20051016,750,17,11,16,17,97083,,,97083,3003,3.192,0,0
20051016,750,17,27,18,18,99105,,,99105,5025,5.341,0,0
20051016,750,17,33,17,19,99233,,,99233,5153,5.477,0,0
20051016,750,17,38,18,20,99460,,,99460,5380,5.719,0,0
20040912,728,14,22,6,1,80089,,,80089,0,0.0,0,0
20040912,728,14,31,3,2,80620,,,80620,531,0.663,0,0
20040912,728,14,30,6,3,80637,,,80637,548,0.684,0,0
20040912,728,14,4,4,4,80645,,,80645,556,0.694,0,0
20040912,728,14,11,16,5,80715,,,80715,626,0.782,0,0
20040912,728,14,18,16,6,80786,,,80786,697,0.87,0,0
20040912,728,14,8,1,7,80877,,,80877,788,0.984,0,0
20040912,728,14,42,3,8,80888,,,80888,799,0.998,0,0
20040912,728,14,15,4,9,81027,,,81027,938,1.171,0,0
20040912,728,14,14,1,10,81049,,,81049,960,1.199,0,0
20040912,728,14,41,7,11,81520,,,81520,1431,1.787,0,0
20040912,728,14,17,19,12,81602,,,81602,1513,1.889,0,0
20040912,728,14,44,7,13,81841,,,81841,1752,2.188,0,0
20040912,728,14,32,19,14,81989,,,81989,1900,2.372,0,0
20040912,728,14,21,15,15,82239,,,82239,2150,2.685,0,0
20040912,728,14,13,15,16,82287,,,82287,2198,2.744,0,0
20040912,728,14,2,17,17,82301,,,82301,2212,2.762,0,0
20040912,728,14,45,17,18,83239,,,83239,3150,3.933,0,0
20040912,728,14,47,18,19,84808,,,84808,4719,5.892,0,0
20040912,728,14,46,18,20,84910,,,84910,4821,6.02,0,0
20030323,699,2,4,4,1,97044,,,97044,0,0.0,0,0
20030323,699,2,15,4,2,97217,,,97217,173,0.178,0,0
20030323,699,2,30,6,3,97393,,,97393,349,0.36,0,0
20030323,699,2,14,1,4,97454,,,97454,410,0.422,0,0
20030323,699,2,22,6,5,97579,,,97579,535,0.551,0,0
20030323,699,2,2,15,6,97766,,,97766,722,0.744,0,0
20030323,699,2,8,1,7,97858,,,97858,814,0.839,0,0
20030323,699,2,31,3,8,97974,,,97974,930,0.958,0,0
20030323,699,2,18,16,9,98073,,,98073,1029,1.06,0,0
20030323,699,2,44,7,10,98094,,,98094,1050,1.082,0,0
20030323,699,2,43,7,11,98097,,,98097,1053,1.085,0,0
20030323,699,2,35,16,12,98289,,,98289,1245,1.283,0,0
20030323,699,2,49,15,13,98291,,,98291,1247,1.285,0,0
20030323,699,2,21,17,14,98416,,,98416,1372,1.414,0,0
20030323,699,2,42,19,15,98516,,,98516,1472,1.517,0,0
20030323,699,2,17,19,16,98624,,,98624,1580,1.628,0,0
20030323,699,2,23,3,17,98789,,,98789,1745,1.798,0,0
20030323,699,2,50,18,18,100417,,,100417,3373,3.476,0,0
20030323,699,2,51,18,19,100599,,,100599,3555,3.663,0,0
20030323,699,2,52,17,20,100910,,,100910,3866,3.984,0,0
20020317,682,2,30,6,1,95266,,,95266,0,0.0,0,0
20020317,682,2,31,3,2,95497,,,95497,231,0.242,0,0
20020317,682,2,22,6,3,95891,,,95891,625,0.656,0,0
20020317,682,2,23,3,4,96028,,,96028,762,0.8,0,0
20020317,682,2,8,1,5,96468,,,96468,1202,1.262,0,0
20020317,682,2,14,1,6,96477,,,96477,1211,1.271,0,0
20020317,682,2,2,15,7,97199,,,97199,1933,2.029,0,0
20020317,682,2,18,4,8,97245,,,97245,1979,2.077,0,0
20020317,682,2,21,17,9,97536,,,97536,2270,2.383,0,0
20020317,682,2,63,7,10,97694,,,97694,2428,2.549,0,0
20020317,682,2,49,21,11,97919,,,97919,2653,2.785,0,0
20020317,682,2,15,4,12,97920,,,97920,2654,2.786,0,0
20020317,682,2,35,16,13,98039,,,98039,2773,2.911,0,0
20020317,682,2,13,15,14,98057,,,98057,2791,2.93,0,0
20020317,682,2,11,17,15,98141,,,98141,2875,3.018,0,0
20020317,682,2,59,21,16,98284,,,98284,3018,3.168,0,0
20020317,682,2,37,19,17,98374,,,98374,3108,3.262,0,0
20020317,682,2,44,16,18,98390,,,98390,3124,3.279,0,0
20020317,682,2,66,7,19,98959,,,98959,3693,3.877,0,0
20020317,682,2,56,19,20,99121,,,99121,3855,4.047,0,0
20020317,682,2,17,18,21,99454,,,99454,4188,4.396,0,0
20020317,682,2,62,18,22,100158,,,100158,4892,5.135,0,0
20021013,697,22,30,6,1,91317,,,91317,0,0.0,0,0
20021013,697,22,22,6,2,91749,,,91749,432,0.473,0,0
20021013,697,22,14,1,3,92088,,,92088,771,0.844,0,0
20021013,697,22,8,1,4,92197,,,92197,880,0.964,0,0
20021013,697,22,23,3,5,92444,,,92444,1127,1.234,0,0
20021013,697,22,31,3,6,92507,,,92507,1190,1.303,0,0
20021013,697,22,11,17,7,93090,,,93090,1773,1.942,0,0
20021013,697,22,21,17,8,93276,,,93276,1959,2.145,0,0
20021013,697,22,35,16,9,93349,,,93349,2032,2.225,0,0
20021013,697,22,18,4,10,93429,,,93429,2112,2.313,0,0
20021013,697,22,15,4,11,93547,,,93547,2230,2.442,0,0
20021013,697,22,2,15,12,93553,,,93553,2236,2.449,0,0
20021013,697,22,63,7,13,93742,,,93742,2425,2.656,0,0
20021013,697,22,56,19,14,93915,,,93915,2598,2.845,0,0
20021013,697,22,13,15,15,93979,,,93979,2662,2.915,0,0
20021013,697,22,44,16,16,94192,,,94192,2875,3.148,0,0
20021013,697,22,37,19,17,94227,,,94227,2910,3.187,0,0
20021013,697,22,66,7,18,95191,,,95191,3874,4.242,0,0
20021013,697,22,17,18,19,95958,,,95958,4641,5.082,0,0
20021013,697,22,62,18,20,96267,,,96267,4950,5.421,0,0
20010930,679,19,30,6,1,71708,,,71708,0,0.0,0,0
20010930,679,19,23,3,2,71986,,,71986,278,0.388,0,0
20010930,679,19,31,3,3,72252,,,72252,544,0.759,0,0
20010930,679,19,57,1,4,72309,,,72309,601,0.838,0,0
20010930,679,19,22,6,5,72327,,,72327,619,0.863,0,0
20010930,679,19,2,15,6,72434,,,72434,726,1.012,0,0
20010930,679,19,14,1,7,72500,,,72500,792,1.104,0,0
20010930,679,19,15,17,8,72605,,,72605,897,1.251,0,0
20010930,679,19,55,17,9,72607,,,72607,899,1.254,0,0
20010930,679,19,18,22,10,72805,,,72805,1097,1.53,0,0
20010930,679,19,8,15,11,72881,,,72881,1173,1.636,0,0
20010930,679,19,21,22,12,72942,,,72942,1234,1.721,0,0
20010930,679,19,44,16,13,73122,,,73122,1414,1.972,0,0
20010930,679,19,56,19,14,73189,,,73189,1481,2.065,0,0
20010930,679,19,49,20,15,73281,,,73281,1573,2.194,0,0
20010930,679,19,37,19,16,73679,,,73679,1971,2.749,0,0
20010930,679,19,4,18,17,73991,,,73991,2283,3.184,0,0
20010930,679,19,35,16,18,74012,,,74012,2304,3.213,0,0
20010930,679,19,59,21,19,74129,,,74129,2421,3.376,0,0
20010930,679,19,50,21,20,74138,,,74138,2430,3.389,0,0
20010930,679,19,61,20,21,74185,,,74185,2477,3.454,0,0
20010930,679,19,62,18,22,75247,,,75247,3539,4.935,0,0
20000312,647,1,57,1,1,90556,,,90556,0,0.0,0,0
20000312,647,1,14,1,2,90910,,,90910,354,0.391,0,0
20000312,647,1,30,6,3,91075,,,91075,519,0.573,0,0
20000312,647,1,22,6,4,91102,,,91102,546,0.603,0,0
20000312,647,1,49,17,5,91359,,,91359,803,0.887,0,0
20000312,647,1,15,17,6,91504,,,91504,948,1.047,0,0
20000312,647,1,56,19,7,91514,,,91514,958,1.058,0,0
20000312,647,1,35,16,8,91968,,,91968,1412,1.559,0,0
20000312,647,1,21,22,9,91992,,,91992,1436,1.586,0,0
20000312,647,1,63,15,10,92018,,,92018,1462,1.614,0,0
20000312,647,1,23,3,11,92220,,,92220,1664,1.838,0,0
20000312,647,1,37,21,12,92323,,,92323,1767,1.951,0,0
20000312,647,1,50,21,13,92477,,,92477,1921,2.121,0,0
20000312,647,1,25,22,14,92775,,,92775,2219,2.45,0,0
20000312,647,1,2,20,15,93024,,,93024,2468,2.725,0,0
20000312,647,1,41,16,16,93117,,,93117,2561,2.828,0,0
20000312,647,1,55,20,17,93197,,,93197,2641,2.916,0,0
20000312,647,1,48,18,18,93261,,,93261,2705,2.987,0,0
20000312,647,1,64,15,19,93378,,,93378,2822,3.116,0,0
20000312,647,1,65,19,20,93638,,,93638,3082,3.403,0,0
20000312,647,1,18,3,21,93828,,,93828,3272,3.613,0,0
20000312,647,1,60,18,22,94705,,,94705,4149,4.582,0,0
20000409,649,21,57,1,1,84714,,,84714,0,0.0,0,0
20000409,649,21,30,6,2,84805,,,84805,91,0.107,0,0
20000409,649,21,14,1,3,85014,,,85014,300,0.354,0,0
20000409,649,21,22,6,4,85871,,,85871,1157,1.366,0,0
20000409,649,21,23,3,5,85871,,,85871,1157,1.366,0,0
20000409,649,21,49,17,6,85892,,,85892,1178,1.391,0,0
20000409,649,21,56,19,7,85929,,,85929,1215,1.434,0,0
20000409,649,21,15,17,8,86002,,,86002,1288,1.52,0,0
20000409,649,21,35,16,9,86124,,,86124,1410,1.664,0,0
20000409,649,21,64,15,10,86238,,,86238,1524,1.799,0,0
20000409,649,21,25,22,11,86281,,,86281,1567,1.85,0,0
20000409,649,21,63,15,12,86336,,,86336,1622,1.915,0,0
20000409,649,21,37,21,13,86349,,,86349,1635,1.93,0,0
20000409,649,21,41,16,14,86814,,,86814,2100,2.479,0,0
20000409,649,21,55,20,15,86824,,,86824,2110,2.491,0,0
20000409,649,21,50,21,16,86845,,,86845,2131,2.516,0,0
20000409,649,21,65,19,17,87051,,,87051,2337,2.759,0,0
20000409,649,21,18,3,18,87135,,,87135,2421,2.858,0,0
20000409,649,21,21,22,19,87253,,,87253,2539,2.997,0,0
20000409,649,21,60,18,20,88161,,,88161,3447,4.069,0,0
20000409,649,21,48,18,21,88333,,,88333,3619,4.272,0,0
20000409,649,21,2,20,22,88361,,,88361,3647,4.305,0,0
20000423,650,9,22,6,1,85703,,,85703,0,0.0,0,0
20000423,650,9,49,17,2,85706,,,85706,3,0.004,0,0
20000423,650,9,57,1,3,85741,,,85741,38,0.044,0,0
20000423,650,9,14,1,4,86088,,,86088,385,0.449,0,0
20000423,650,9,30,6,5,86161,,,86161,458,0.534,0,0
20000423,650,9,18,3,6,86733,,,86733,1030,1.202,0,0
20000423,650,9,23,3,7,86786,,,86786,1083,1.264,0,0
20000423,650,9,50,21,8,86793,,,86793,1090,1.272,0,0
20000423,650,9,56,19,9,86818,,,86818,1115,1.301,0,0
20000423,650,9,35,16,10,87025,,,87025,1322,1.543,0,0
20000423,650,9,15,17,11,87164,,,87164,1461,1.705,0,0
20000423,650,9,21,22,12,87253,,,87253,1550,1.809,0,0
20000423,650,9,64,15,13,87301,,,87301,1598,1.865,0,0
20000423,650,9,65,19,14,87461,,,87461,1758,2.051,0,0
20000423,650,9,55,20,15,87559,,,87559,1856,2.166,0,0
20000423,650,9,41,16,16,87772,,,87772,2069,2.414,0,0
20000423,650,9,2,20,17,87806,,,87806,2103,2.454,0,0
20000423,650,9,63,15,18,88110,,,88110,2407,2.809,0,0
20000423,650,9,37,21,19,88135,,,88135,2432,2.838,0,0
20000423,650,9,25,22,20,88205,,,88205,2502,2.919,0,0
20000423,650,9,48,18,21,88253,,,88253,2550,2.975,0,0
20000423,650,9,60,18,22,89174,,,89174,3471,4.05,0,0
20001008,662,22,30,6,1,95825,,,95825,0,0.0,0,0
20001008,662,22,57,1,2,95834,,,95834,9,0.009,0,0
20001008,662,22,14,1,3,96236,,,96236,411,0.429,0,0
20001008,662,22,22,6,4,96330,,,96330,505,0.527,0,0
20001008,662,22,18,3,5,96628,,,96628,803,0.838,0,0
20001008,662,22,23,3,6,96788,,,96788,963,1.005,0,0
20001008,662,22,56,19,7,96899,,,96899,1074,1.121,0,0
20001008,662,22,49,17,8,97243,,,97243,1418,1.48,0,0
20001008,662,22,35,16,9,97267,,,97267,1442,1.505,0,0
20001008,662,22,65,19,10,97329,,,97329,1504,1.57,0,0
20001008,662,22,25,22,11,97348,,,97348,1523,1.589,0,0
20001008,662,22,21,22,12,97479,,,97479,1654,1.726,0,0
20001008,662,22,37,21,13,97652,,,97652,1827,1.907,0,0
20001008,662,22,50,21,14,97674,,,97674,1849,1.93,0,0
20001008,662,22,15,17,15,97679,,,97679,1854,1.935,0,0
20001008,662,22,2,20,16,98141,,,98141,2316,2.417,0,0
20001008,662,22,55,20,17,98209,,,98209,2384,2.488,0,0
20001008,662,22,41,16,18,98269,,,98269,2444,2.55,0,0
20001008,662,22,63,15,19,98490,,,98490,2665,2.781,0,0
20001008,662,22,64,15,20,98576,,,98576,2751,2.871,0,0
20001008,662,22,48,18,21,99972,,,99972,4147,4.328,0,0
20001008,662,22,60,18,22,100462,,,100462,4637,4.839,0,0
19990307,631,1,57,1,1,90462,,,90462,0,0.0,0,0
19990307,631,1,14,1,2,90946,,,90946,484,0.535,0,0
19990307,631,1,30,6,3,91781,,,91781,1319,1.458,0,0
19990307,631,1,22,24,4,92148,,,92148,1686,1.864,0,0
19990307,631,1,49,17,5,92276,,,92276,1814,2.005,0,0
19990307,631,1,56,6,6,92289,,,92289,1827,2.02,0,0
19990307,631,1,21,22,7,92540,,,92540,2078,2.297,0,0
19990307,631,1,23,3,8,92691,,,92691,2229,2.464,0,0
19990307,631,1,71,17,9,92695,,,92695,2233,2.468,0,0
19990307,631,1,25,22,10,92789,,,92789,2327,2.572,0,0
19990307,631,1,35,16,11,92888,,,92888,2426,2.682,0,0
19990307,631,1,15,20,12,92971,,,92971,2509,2.774,0,0
19990307,631,1,65,24,13,92991,,,92991,2529,2.796,0,0
19990307,631,1,64,15,14,93374,,,93374,2912,3.219,0,0
19990307,631,1,70,3,15,93549,,,93549,3087,3.412,0,0
19990307,631,1,55,15,16,93910,,,93910,3448,3.812,0,0
19990307,631,1,68,21,17,94182,,,94182,3720,4.112,0,0
19990307,631,1,37,21,18,94244,,,94244,3782,4.181,0,0
19990307,631,1,41,16,19,94412,,,94412,3950,4.366,0,0
19990307,631,1,44,20,20,95068,,,95068,4606,5.092,0,0
19990307,631,1,69,18,21,95316,,,95316,4854,5.366,0,0
19990307,631,1,48,18,22,97013,,,97013,6551,7.242,0,0
19990411,632,18,57,1,1,76568,,,76568,0,0.0,0,0
19990411,632,18,14,1,2,76715,,,76715,147,0.192,0,0
19990411,632,18,22,24,3,77305,,,77305,737,0.963,0,0
19990411,632,18,30,6,4,77578,,,77578,1010,1.319,0,0
19990411,632,18,21,22,5,77810,,,77810,1242,1.622,0,0
19990411,632,18,56,6,6,77843,,,77843,1275,1.665,0,0
19990411,632,18,71,17,7,77884,,,77884,1316,1.719,0,0
19990411,632,18,49,17,8,77902,,,77902,1334,1.742,0,0
19990411,632,18,25,22,9,78334,,,78334,1766,2.306,0,0
19990411,632,18,65,24,10,78374,,,78374,1806,2.359,0,0
19990411,632,18,23,3,11,78506,,,78506,1938,2.531,0,0
19990411,632,18,44,20,12,78636,,,78636,2068,2.701,0,0
19990411,632,18,15,20,13,78684,,,78684,2116,2.764,0,0
19990411,632,18,55,15,14,78716,,,78716,2148,2.805,0,0
19990411,632,18,64,15,15,79194,,,79194,2626,3.43,0,0
19990411,632,18,70,3,16,79452,,,79452,2884,3.767,0,0
19990411,632,18,72,18,17,80016,,,80016,3448,4.503,0,0
19990411,632,18,37,21,18,80075,,,80075,3507,4.58,0,0
19990411,632,18,68,21,19,80096,,,80096,3528,4.608,0,0
19990411,632,18,48,18,20,80710,,,80710,4142,5.41,0,0
19990411,632,18,35,16,21,,,,,,,0,0
19990502,633,21,57,1,1,86362,,,86362,0,0.0,0,0
19990502,633,21,14,1,2,86384,,,86384,22,0.025,0,0
19990502,633,21,30,6,3,86538,,,86538,176,0.204,0,0
19990502,633,21,56,6,4,86993,,,86993,631,0.731,0,0
19990502,633,21,35,16,5,87313,,,87313,951,1.101,0,0
19990502,633,21,22,24,6,87409,,,87409,1047,1.212,0,0
19990502,633,21,49,17,7,87613,,,87613,1251,1.449,0,0
19990502,633,21,71,17,8,87708,,,87708,1346,1.559,0,0
19990502,633,21,23,3,9,87770,,,87770,1408,1.63,0,0
19990502,633,21,70,3,10,88142,,,88142,1780,2.061,0,0
19990502,633,21,44,20,11,88205,,,88205,1843,2.134,0,0
19990502,633,21,65,24,12,88246,,,88246,1884,2.182,0,0
19990502,633,21,55,15,13,88253,,,88253,1891,2.19,0,0
19990502,633,21,15,20,14,88403,,,88403,2041,2.363,0,0
19990502,633,21,64,15,15,88599,,,88599,2237,2.59,0,0
19990502,633,21,21,22,16,88750,,,88750,2388,2.765,0,0
19990502,633,21,25,22,17,88765,,,88765,2403,2.782,0,0
19990502,633,21,37,21,18,89293,,,89293,2931,3.394,0,0
19990502,633,21,63,16,19,89451,,,89451,3089,3.577,0,0
19990502,633,21,68,21,20,89656,,,89656,3294,3.814,0,0
19990502,633,21,48,18,21,90035,,,90035,3673,4.253,0,0
19990502,633,21,69,18,22,90945,,,90945,4583,5.307,0,0
19980308,615,1,57,1,1,90010,,,90010,0,0.0,0,0
19980308,615,1,14,1,2,90053,,,90053,43,0.048,0,0
19980308,615,1,30,6,3,90767,,,90767,757,0.841,0,0
19980308,615,1,35,3,4,90919,,,90919,909,1.01,0,0
19980308,615,1,65,15,5,91384,,,91384,1374,1.526,0,0
19980308,615,1,49,3,6,91397,,,91397,1387,1.541,0,0
19980308,615,1,21,22,7,91733,,,91733,1723,1.914,0,0
19980308,615,1,56,6,8,91767,,,91767,1757,1.952,0,0
19980308,615,1,23,17,9,92392,,,92392,2382,2.646,0,0
19980308,615,1,71,17,10,92399,,,92399,2389,2.654,0,0
19980308,615,1,25,22,11,92726,,,92726,2716,3.017,0,0
19980308,615,1,55,15,12,93240,,,93240,3230,3.588,0,0
19980308,615,1,68,25,13,93291,,,93291,3281,3.645,0,0
19980308,615,1,22,24,14,93383,,,93383,3373,3.747,0,0
19980308,615,1,15,20,15,93739,,,93739,3729,4.143,0,0
19980308,615,1,63,21,16,93927,,,93927,3917,4.352,0,0
19980308,615,1,74,18,17,94646,,,94646,4636,5.151,0,0
19980308,615,1,76,24,18,94906,,,94906,4896,5.439,0,0
19980308,615,1,73,25,19,95119,,,95119,5109,5.676,0,0
19980308,615,1,64,21,20,95140,,,95140,5130,5.699,0,0
19980308,615,1,44,20,21,95215,,,95215,5205,5.783,0,0
19980308,615,1,75,18,22,95301,,,95301,5291,5.878,0,0
19980329,616,18,57,1,1,77092,,,77092,0,0.0,0,0
19980329,616,18,14,1,2,77757,,,77757,665,0.863,0,0
19980329,616,18,49,3,3,78109,,,78109,1017,1.319,0,0
19980329,616,18,30,6,4,78250,,,78250,1158,1.502,0,0
19980329,616,18,25,22,5,78261,,,78261,1169,1.516,0,0
19980329,616,18,56,6,6,78449,,,78449,1357,1.76,0,0
19980329,616,18,21,22,7,78652,,,78652,1560,2.024,0,0
19980329,616,18,23,17,8,78735,,,78735,1643,2.131,0,0
19980329,616,18,44,20,9,78753,,,78753,1661,2.155,0,0
19980329,616,18,35,3,10,78761,,,78761,1669,2.165,0,0
19980329,616,18,71,17,11,78988,,,78988,1896,2.459,0,0
19980329,616,18,15,20,12,79069,,,79069,1977,2.564,0,0
19980329,616,18,22,24,13,79344,,,79344,2252,2.921,0,0
19980329,616,18,65,15,14,79375,,,79375,2283,2.961,0,0
19980329,616,18,55,15,15,79449,,,79449,2357,3.057,0,0
19980329,616,18,76,24,16,79644,,,79644,2552,3.31,0,0
19980329,616,18,68,25,17,80203,,,80203,3111,4.035,0,0
19980329,616,18,75,18,18,80390,,,80390,3298,4.278,0,0
19980329,616,18,74,18,19,80459,,,80459,3367,4.368,0,0
19980329,616,18,63,21,20,80481,,,80481,3389,4.396,0,0
19980329,616,18,73,25,21,80748,,,80748,3656,4.742,0,0
19980329,616,18,64,21,22,80847,,,80847,3755,4.871,0,0
19980412,617,25,14,1,1,85852,,,85852,0,0.0,0,0
19980412,617,25,30,6,2,86251,,,86251,399,0.465,0,0
19980412,617,25,57,1,3,86632,,,86632,780,0.909,0,0
19980412,617,25,56,6,4,86780,,,86780,928,1.081,0,0
19980412,617,25,23,17,5,86827,,,86827,975,1.136,0,0
19980412,617,25,49,3,6,86876,,,86876,1024,1.193,0,0
19980412,617,25,35,3,7,86941,,,86941,1089,1.268,0,0
19980412,617,25,25,22,8,87198,,,87198,1346,1.568,0,0
19980412,617,25,71,17,9,87483,,,87483,1631,1.9,0,0
19980412,617,25,21,22,10,87836,,,87836,1984,2.311,0,0
19980412,617,25,55,15,11,87839,,,87839,1987,2.314,0,0
19980412,617,25,65,15,12,88016,,,88016,2164,2.521,0,0
19980412,617,25,68,25,13,88811,,,88811,2959,3.447,0,0
19980412,617,25,22,24,14,89249,,,89249,3397,3.957,0,0
19980412,617,25,44,20,15,89320,,,89320,3468,4.04,0,0
19980412,617,25,15,20,16,89352,,,89352,3500,4.077,0,0
19980412,617,25,63,21,17,89617,,,89617,3765,4.385,0,0
19980412,617,25,64,21,18,89617,,,89617,3765,4.385,0,0
19980412,617,25,75,18,19,90054,,,90054,4202,4.894,0,0
19980412,617,25,74,18,20,90158,,,90158,4306,5.016,0,0
19980412,617,25,73,25,21,90437,,,90437,4585,5.341,0,0
19980412,617,25,76,24,22,91178,,,91178,5326,6.204,0,0
19980712,623,9,57,1,1,83271,,,83271,0,0.0,0,0
19980712,623,9,30,6,2,83720,,,83720,449,0.539,0,0
19980712,623,9,35,3,3,84102,,,84102,831,0.998,0,0
19980712,623,9,14,1,4,84310,,,84310,1039,1.248,0,0
19980712,623,9,56,6,5,84436,,,84436,1165,1.399,0,0
19980712,623,9,49,3,6,84442,,,84442,1171,1.406,0,0
19980712,623,9,71,17,7,84542,,,84542,1271,1.526,0,0
19980712,623,9,55,15,8,85081,,,85081,1810,2.174,0,0
19980712,623,9,65,15,9,85084,,,85084,1813,2.177,0,0
19980712,623,9,21,22,10,85654,,,85654,2383,2.862,0,0
19980712,623,9,25,22,11,85760,,,85760,2489,2.989,0,0
19980712,623,9,64,21,12,86376,,,86376,3105,3.729,0,0
19980712,623,9,63,21,13,86487,,,86487,3216,3.862,0,0
19980712,623,9,15,20,14,86808,,,86808,3537,4.248,0,0
19980712,623,9,50,24,15,86948,,,86948,3677,4.416,0,0
19980712,623,9,22,24,16,86990,,,86990,3719,4.466,0,0
19980712,623,9,68,25,17,87061,,,87061,3790,4.551,0,0
19980712,623,9,74,18,18,88051,,,88051,4780,5.74,0,0
19980712,623,9,75,18,19,88123,,,88123,4852,5.827,0,0
19980712,623,9,73,25,20,88608,,,88608,5337,6.409,0,0
19980712,623,9,23,17,21,,,,,,,0,0
19980712,623,9,44,20,22,,,,,,,0,0
19980726,624,70,21,22,1,89598,,,89598,0,0.0,0,0
19980726,624,70,55,15,2,90317,,,90317,719,0.802,0,0
19980726,624,70,57,1,3,90517,,,90517,919,1.026,0,0
19980726,624,70,30,6,4,90551,,,90551,953,1.064,0,0
19980726,624,70,22,24,5,91005,,,91005,1407,1.57,0,0
19980726,624,70,63,21,6,91028,,,91028,1430,1.596,0,0
19980726,624,70,49,3,7,91515,,,91515,1917,2.14,0,0
19980726,624,70,56,6,8,91651,,,91651,2053,2.291,0,0
19980726,624,70,23,17,9,91917,,,91917,2319,2.588,0,0
19980726,624,70,44,20,10,92081,,,92081,2483,2.771,0,0
19980726,624,70,35,3,11,92083,,,92083,2485,2.773,0,0
19980726,624,70,50,24,12,92099,,,92099,2501,2.791,0,0
19980726,624,70,64,21,13,92206,,,92206,2608,2.911,0,0
19980726,624,70,14,1,14,92399,,,92399,2801,3.126,0,0
19980726,624,70,71,17,15,92718,,,92718,3120,3.482,0,0
19980726,624,70,15,20,16,92906,,,92906,3308,3.692,0,0
19980726,624,70,25,22,17,93185,,,93185,3587,4.003,0,0
19980726,624,70,65,15,18,93205,,,93205,3607,4.026,0,0
19980726,624,70,74,18,19,93399,,,93399,3801,4.242,0,0
19980726,624,70,68,25,20,94090,,,94090,4492,5.014,0,0
19980726,624,70,75,18,21,94536,,,94536,4938,5.511,0,0
19980726,624,70,73,25,22,94910,,,94910,5312,5.929,0,0
19980802,625,10,57,1,1,101838,,,101838,0,0.0,0,0
19980802,625,10,14,1,2,102347,,,102347,509,0.5,0,0
19980802,625,10,35,3,3,102365,,,102365,527,0.517,0,0
19980802,625,10,23,17,4,102994,,,102994,1156,1.135,0,0
19980802,625,10,71,17,5,103183,,,103183,1345,1.321,0,0
19980802,625,10,56,6,6,103270,,,103270,1432,1.406,0,0
19980802,625,10,25,22,7,103341,,,103341,1503,1.476,0,0
19980802,625,10,21,22,8,103369,,,103369,1531,1.503,0,0
19980802,625,10,30,6,9,103459,,,103459,1621,1.592,0,0
19980802,625,10,49,3,10,103467,,,103467,1629,1.6,0,0
19980802,625,10,55,15,11,103663,,,103663,1825,1.792,0,0
19980802,625,10,65,15,12,104599,,,104599,2761,2.711,0,0
19980802,625,10,22,24,13,104776,,,104776,2938,2.885,0,0
19980802,625,10,15,20,14,104844,,,104844,3006,2.952,0,0
19980802,625,10,68,25,15,104961,,,104961,3123,3.067,0,0
19980802,625,10,44,20,16,105197,,,105197,3359,3.298,0,0
19980802,625,10,63,21,17,105276,,,105276,3438,3.376,0,0
19980802,625,10,64,21,18,105588,,,105588,3750,3.682,0,0
19980802,625,10,50,24,19,105623,,,105623,3785,3.717,0,0
19980802,625,10,75,18,20,106713,,,106713,4875,4.787,0,0
19980802,625,10,74,18,21,107265,,,107265,5427,5.329,0,0
19980830,627,13,57,1,1,108682,,,108682,0,0.0,0,0
19980830,627,13,14,1,2,108845,,,108845,163,0.15,0,0
19980830,627,13,71,17,3,109728,,,109728,1046,0.962,0,0
19980830,627,13,30,6,4,110027,,,110027,1345,1.238,0,0
19980830,627,13,56,6,5,110189,,,110189,1507,1.387,0,0
19980830,627,13,35,3,6,110204,,,110204,1522,1.4,0,0
19980830,627,13,21,22,7,110462,,,110462,1780,1.638,0,0
19980830,627,13,23,17,8,110501,,,110501,1819,1.674,0,0
19980830,627,13,49,3,9,110686,,,110686,2004,1.844,0,0
19980830,627,13,55,15,10,111189,,,111189,2507,2.307,0,0
19980830,627,13,25,22,11,111648,,,111648,2966,2.729,0,0
19980830,627,13,65,15,12,111851,,,111851,3169,2.916,0,0
19980830,627,13,15,20,13,112572,,,112572,3890,3.579,0,0
19980830,627,13,22,24,14,112670,,,112670,3988,3.669,0,0
19980830,627,13,44,20,15,112784,,,112784,4102,3.774,0,0
19980830,627,13,64,21,16,113037,,,113037,4355,4.007,0,0
19980830,627,13,50,24,17,113149,,,113149,4467,4.11,0,0
19980830,627,13,63,21,18,113207,,,113207,4525,4.164,0,0
19980830,627,13,68,25,19,113237,,,113237,4555,4.191,0,0
19980830,627,13,73,25,20,114850,,,114850,6168,5.675,0,0
19980830,627,13,75,18,21,115084,,,115084,6402,5.891,0,0
19980830,627,13,74,18,22,115520,,,115520,6838,6.292,0,0
19970309,598,1,35,3,1,89369,,,89369,0,0.0,0,0
19970309,598,1,49,3,2,91123,,,91123,1754,1.963,0,0
19970309,598,1,30,6,3,91472,,,91472,2103,2.353,0,0
19970309,598,1,14,1,4,91531,,,91531,2162,2.419,0,0
19970309,598,1,56,6,5,91881,,,91881,2512,2.811,0,0
19970309,598,1,57,1,6,91971,,,91971,2602,2.912,0,0
19970309,598,1,65,15,7,92287,,,92287,2918,3.265,0,0
19970309,598,1,55,22,8,92593,,,92593,3224,3.608,0,0
19970309,598,1,44,20,9,92842,,,92842,3473,3.886,0,0
19970309,598,1,77,22,10,92870,,,92870,3501,3.917,0,0
19970309,598,1,22,24,11,93075,,,93075,3706,4.147,0,0
19970309,598,1,23,17,12,93130,,,93130,3761,4.208,0,0
19970309,598,1,78,15,13,93327,,,93327,3958,4.429,0,0
19970309,598,1,21,17,14,93552,,,93552,4183,4.681,0,0
19970309,598,1,79,18,15,93798,,,93798,4429,4.956,0,0
19970309,598,1,75,20,16,93989,,,93989,4620,5.17,0,0
19970309,598,1,15,18,17,94120,,,94120,4751,5.316,0,0
19970309,598,1,63,25,18,94229,,,94229,4860,5.438,0,0
19970309,598,1,76,24,19,94623,,,94623,5254,5.879,0,0
19970309,598,1,71,21,20,94806,,,94806,5437,6.084,0,0
19970309,598,1,50,25,21,94943,,,94943,5574,6.237,0,0
19970309,598,1,64,21,22,95972,,,95972,6603,7.388,0,0
19970330,599,18,35,3,1,76004,,,76004,0,0.0,0,0
19970330,599,18,30,6,2,76594,,,76594,590,0.776,0,0
19970330,599,18,77,22,3,76644,,,76644,640,0.842,0,0
19970330,599,18,57,1,4,76692,,,76692,688,0.905,0,0
19970330,599,18,44,20,5,76756,,,76756,752,0.989,0,0
19970330,599,18,55,22,6,76757,,,76757,753,0.991,0,0
19970330,599,18,21,17,7,76912,,,76912,908,1.195,0,0
19970330,599,18,49,3,8,76971,,,76971,967,1.272,0,0
19970330,599,18,71,21,9,77090,,,77090,1086,1.429,0,0
19970330,599,18,23,17,10,77175,,,77175,1171,1.541,0,0
19970330,599,18,22,24,11,77259,,,77259,1255,1.651,0,0
19970330,599,18,14,1,12,77262,,,77262,1258,1.655,0,0
19970330,599,18,65,15,13,77409,,,77409,1405,1.849,0,0
19970330,599,18,56,6,14,77527,,,77527,1523,2.004,0,0
19970330,599,18,75,20,15,77999,,,77999,1995,2.625,0,0
19970330,599,18,64,21,16,78095,,,78095,2091,2.751,0,0
19970330,599,18,15,18,17,78336,,,78336,2332,3.068,0,0
19970330,599,18,79,18,18,78557,,,78557,2553,3.359,0,0
19970330,599,18,78,15,19,78644,,,78644,2640,3.474,0,0
19970330,599,18,76,24,20,78773,,,78773,2769,3.643,0,0
19970330,599,18,50,25,21,78885,,,78885,2881,3.791,0,0
19970330,599,18,63,25,22,79274,,,79274,3270,4.302,0,0
19970413,600,25,35,3,1,84473,,,84473,0,0.0,0,0
19970413,600,25,49,3,2,85271,,,85271,798,0.945,0,0
19970413,600,25,44,20,3,85491,,,85491,1018,1.205,0,0
19970413,600,25,30,6,4,85773,,,85773,1300,1.539,0,0
19970413,600,25,22,24,5,85942,,,85942,1469,1.739,0,0
19970413,600,25,23,17,6,86218,,,86218,1745,2.066,0,0
19970413,600,25,56,6,7,86327,,,86327,1854,2.195,0,0
19970413,600,25,65,15,8,86564,,,86564,2091,2.475,0,0
19970413,600,25,21,17,9,86619,,,86619,2146,2.54,0,0
19970413,600,25,14,1,10,86799,,,86799,2326,2.754,0,0
19970413,600,25,55,22,11,87076,,,87076,2603,3.081,0,0
19970413,600,25,77,22,12,87259,,,87259,2786,3.298,0,0
19970413,600,25,71,21,13,87281,,,87281,2808,3.324,0,0
19970413,600,25,78,15,14,87690,,,87690,3217,3.808,0,0
19970413,600,25,76,24,15,88035,,,88035,3562,4.217,0,0
19970413,600,25,50,25,16,88094,,,88094,3621,4.287,0,0
19970413,600,25,57,1,17,88135,,,88135,3662,4.335,0,0
19970413,600,25,15,18,18,88160,,,88160,3687,4.365,0,0
19970413,600,25,63,25,19,88224,,,88224,3751,4.44,0,0
19970413,600,25,75,20,20,88366,,,88366,3893,4.609,0,0
19970413,600,25,79,18,21,88413,,,88413,3940,4.664,0,0
19970413,600,25,64,21,22,88696,,,88696,4223,4.999,0,0
19970427,601,21,35,3,1,83303,,,83303,0,0.0,0,0
19970427,601,21,49,3,2,83646,,,83646,343,0.412,0,0
19970427,601,21,30,6,3,83955,,,83955,652,0.783,0,0
19970427,601,21,44,20,4,84075,,,84075,772,0.927,0,0
19970427,601,21,23,17,5,84081,,,84081,778,0.934,0,0
19970427,601,21,21,17,6,84596,,,84596,1293,1.552,0,0
19970427,601,21,65,15,7,84723,,,84723,1420,1.705,0,0
19970427,601,21,57,1,8,84812,,,84812,1509,1.811,0,0
19970427,601,21,56,6,9,84862,,,84862,1559,1.871,0,0
19970427,601,21,14,1,10,85077,,,85077,1774,2.13,0,0
19970427,601,21,77,22,11,85371,,,85371,2068,2.483,0,0
19970427,601,21,78,15,12,85554,,,85554,2251,2.702,0,0
19970427,601,21,22,24,13,85579,,,85579,2276,2.732,0,0
19970427,601,21,55,22,14,85729,,,85729,2426,2.912,0,0
19970427,601,21,71,21,15,85743,,,85743,2440,2.929,0,0
19970427,601,21,76,24,16,86192,,,86192,2889,3.468,0,0
19970427,601,21,64,21,17,86253,,,86253,2950,3.541,0,0
19970427,601,21,75,20,18,86712,,,86712,3409,4.092,0,0
19970427,601,21,63,25,19,86852,,,86852,3549,4.26,0,0
19970427,601,21,15,18,20,86960,,,86960,3657,4.39,0,0
19970427,601,21,50,25,21,87428,,,87428,4125,4.952,0,0
19970427,601,21,79,18,22,88727,,,88727,5424,6.511,0,0
19970511,602,6,49,3,1,78216,,,78216,0,0.0,0,0
19970511,602,6,30,6,2,78235,,,78235,19,0.024,0,0
19970511,602,6,35,3,3,78583,,,78583,367,0.469,0,0
19970511,602,6,21,17,4,78665,,,78665,449,0.574,0,0
19970511,602,6,14,1,5,78779,,,78779,563,0.72,0,0
19970511,602,6,23,17,6,78943,,,78943,727,0.929,0,0
19970511,602,6,65,15,7,79105,,,79105,889,1.137,0,0
19970511,602,6,57,1,8,79119,,,79119,903,1.154,0,0
19970511,602,6,55,22,9,79263,,,79263,1047,1.339,0,0
19970511,602,6,22,24,10,79295,,,79295,1079,1.38,0,0
19970511,602,6,78,15,11,79468,,,79468,1252,1.601,0,0
19970511,602,6,44,20,12,79626,,,79626,1410,1.803,0,0
19970511,602,6,71,21,13,79674,,,79674,1458,1.864,0,0
19970511,602,6,63,25,14,79694,,,79694,1478,1.89,0,0
19970511,602,6,56,6,15,79723,,,79723,1507,1.927,0,0
19970511,602,6,64,21,16,79860,,,79860,1644,2.102,0,0
19970511,602,6,77,22,17,80199,,,80199,1983,2.535,0,0
19970511,602,6,15,18,18,80349,,,80349,2133,2.727,0,0
19970511,602,6,76,24,19,80516,,,80516,2300,2.941,0,0
19970511,602,6,79,18,20,80606,,,80606,2390,3.056,0,0
19970511,602,6,75,20,21,80961,,,80961,2745,3.51,0,0
19970511,602,6,50,25,22,81290,,,81290,3074,3.93,0,0
19970525,603,4,35,3,1,76525,,,76525,0,0.0,0,0
19970525,603,4,49,3,2,76791,,,76791,266,0.348,0,0
19970525,603,4,14,1,3,77521,,,77521,996,1.302,0,0
19970525,603,4,55,22,4,77717,,,77717,1192,1.558,0,0
19970525,603,4,57,1,5,77737,,,77737,1212,1.584,0,0
19970525,603,4,77,22,6,78041,,,78041,1516,1.981,0,0
19970525,603,4,30,6,7,78313,,,78313,1788,2.336,0,0
19970525,603,4,21,17,8,78385,,,78385,1860,2.431,0,0
19970525,603,4,23,17,9,78423,,,78423,1898,2.48,0,0
19970525,603,4,65,15,10,78494,,,78494,1969,2.573,0,0
19970525,603,4,56,6,11,78873,,,78873,2348,3.068,0,0
19970525,603,4,44,20,12,79157,,,79157,2632,3.439,0,0
19970525,603,4,81,15,13,79323,,,79323,2798,3.656,0,0
19970525,603,4,63,25,14,80079,,,80079,3554,4.644,0,0
19970525,603,4,71,21,15,80089,,,80089,3564,4.657,0,0
19970525,603,4,75,20,16,80103,,,80103,3578,4.676,0,0
19970525,603,4,22,24,17,80255,,,80255,3730,4.874,0,0
19970525,603,4,15,18,18,80452,,,80452,3927,5.132,0,0
19970525,603,4,50,25,19,80582,,,80582,4057,5.302,0,0
19970525,603,4,79,18,20,80672,,,80672,4147,5.419,0,0
19970525,603,4,64,21,21,81029,,,81029,4504,5.886,0,0
19970525,603,4,76,24,22,81060,,,81060,4535,5.926,0,0
19970615,604,7,30,6,1,78095,,,78095,0,0.0,0,0
19970615,604,7,35,3,2,78108,,,78108,13,0.017,0,0
19970615,604,7,22,24,3,78388,,,78388,293,0.375,0,0
19970615,604,7,49,3,4,78464,,,78464,369,0.473,0,0
19970615,604,7,14,1,5,78466,,,78466,371,0.475,0,0
19970615,604,7,21,17,6,78750,,,78750,655,0.839,0,0
19970615,604,7,23,17,7,78869,,,78869,774,0.991,0,0
19970615,604,7,55,22,8,78899,,,78899,804,1.03,0,0
19970615,604,7,57,1,9,78916,,,78916,821,1.051,0,0
19970615,604,7,44,20,10,79034,,,79034,939,1.202,0,0
19970615,604,7,25,22,11,79286,,,79286,1191,1.525,0,0
19970615,604,7,56,6,12,79503,,,79503,1408,1.803,0,0
19970615,604,7,65,15,13,79622,,,79622,1527,1.955,0,0
19970615,604,7,50,25,14,80102,,,80102,2007,2.57,0,0
19970615,604,7,71,21,15,80129,,,80129,2034,2.605,0,0
19970615,604,7,64,21,16,80175,,,80175,2080,2.663,0,0
19970615,604,7,63,25,17,80336,,,80336,2241,2.87,0,0
19970615,604,7,81,15,18,80357,,,80357,2262,2.896,0,0
19970615,604,7,75,20,19,80370,,,80370,2275,2.913,0,0
19970615,604,7,15,18,20,80370,,,80370,2275,2.913,0,0
19970615,604,7,76,24,21,80491,,,80491,2396,3.068,0,0
19970615,604,7,79,18,22,81034,,,81034,2939,3.763,0,0
19970629,605,8,30,6,1,74548,,,74548,0,0.0,0,0
19970629,605,8,49,3,2,74749,,,74749,201,0.27,0,0
19970629,605,8,23,17,3,74755,,,74755,207,0.278,0,0
19970629,605,8,35,3,4,74800,,,74800,252,0.338,0,0
19970629,605,8,56,6,5,74860,,,74860,312,0.419,0,0
19970629,605,8,15,20,6,74957,,,74957,409,0.549,0,0
19970629,605,8,25,22,7,74986,,,74986,438,0.588,0,0
19970629,605,8,55,22,8,75228,,,75228,680,0.912,0,0
19970629,605,8,14,1,9,75270,,,75270,722,0.969,0,0
19970629,605,8,57,1,10,75339,,,75339,791,1.061,0,0
19970629,605,8,21,17,11,75453,,,75453,905,1.214,0,0
19970629,605,8,22,24,12,75876,,,75876,1328,1.781,0,0
19970629,605,8,75,20,13,75876,,,75876,1328,1.781,0,0
19970629,605,8,65,15,14,76018,,,76018,1470,1.972,0,0
19970629,605,8,76,24,15,76149,,,76149,1601,2.148,0,0
19970629,605,8,64,21,16,76536,,,76536,1988,2.667,0,0
19970629,605,8,71,21,17,76729,,,76729,2181,2.926,0,0
19970629,605,8,50,25,18,76941,,,76941,2393,3.21,0,0
19970629,605,8,63,25,19,77256,,,77256,2708,3.633,0,0
19970629,605,8,82,15,20,77538,,,77538,2990,4.011,0,0
19970629,605,8,79,18,21,77563,,,77563,3015,4.044,0,0
19970629,605,8,58,18,22,78280,,,78280,3732,5.006,0,0
19970713,606,9,35,3,1,81598,,,81598,0,0.0,0,0
19970713,606,9,49,3,2,81732,,,81732,134,0.164,0,0
19970713,606,9,57,1,3,81797,,,81797,199,0.244,0,0
19970713,606,9,30,6,4,81977,,,81977,379,0.464,0,0
19970713,606,9,23,17,5,82277,,,82277,679,0.832,0,0
19970713,606,9,14,1,6,82279,,,82279,681,0.835,0,0
19970713,606,9,56,6,7,82342,,,82342,744,0.912,0,0
19970713,606,9,25,22,8,82344,,,82344,746,0.914,0,0
19970713,606,9,65,15,9,82368,,,82368,770,0.944,0,0
19970713,606,9,21,17,10,82371,,,82371,773,0.947,0,0
19970713,606,9,55,22,11,82392,,,82392,794,0.973,0,0
19970713,606,9,71,21,12,83271,,,83271,1673,2.05,0,0
19970713,606,9,15,20,13,83366,,,83366,1768,2.167,0,0
19970713,606,9,75,20,14,83887,,,83887,2289,2.805,0,0
19970713,606,9,76,24,15,84067,,,84067,2469,3.026,0,0
19970713,606,9,64,21,16,84239,,,84239,2641,3.237,0,0
19970713,606,9,63,25,17,84478,,,84478,2880,3.529,0,0
19970713,606,9,79,18,18,84553,,,84553,2955,3.621,0,0
19970713,606,9,50,25,19,85010,,,85010,3412,4.181,0,0
19970713,606,9,58,18,20,85154,,,85154,3556,4.358,0,0
19970713,606,9,22,24,21,85525,,,85525,3927,4.813,0,0
19970713,606,9,82,15,22,,,,,,,0,0
19970727,607,10,77,22,1,101873,,,101873,0,0.0,0,0
19970727,607,10,21,17,2,101896,,,101896,23,0.023,0,0
19970727,607,10,57,1,3,102034,,,102034,161,0.158,0,0
19970727,607,10,30,6,4,102181,,,102181,308,0.302,0,0
19970727,607,10,49,3,5,102421,,,102421,548,0.538,0,0
19970727,607,10,55,22,6,102493,,,102493,620,0.609,0,0
19970727,607,10,23,17,7,102498,,,102498,625,0.614,0,0
19970727,607,10,14,1,8,102687,,,102687,814,0.799,0,0
19970727,607,10,35,3,9,102967,,,102967,1094,1.074,0,0
19970727,607,10,56,6,10,103209,,,103209,1336,1.311,0,0
19970727,607,10,15,20,11,103226,,,103226,1353,1.328,0,0
19970727,607,10,22,24,12,103272,,,103272,1399,1.373,0,0
19970727,607,10,71,21,13,103361,,,103361,1488,1.461,0,0
19970727,607,10,65,15,14,103660,,,103660,1787,1.754,0,0
19970727,607,10,76,24,15,103927,,,103927,2054,2.016,0,0
19970727,607,10,64,21,16,104069,,,104069,2196,2.156,0,0
19970727,607,10,75,20,17,104112,,,104112,2239,2.198,0,0
19970727,607,10,82,15,18,104552,,,104552,2679,2.63,0,0
19970727,607,10,63,25,19,105372,,,105372,3499,3.435,0,0
19970727,607,10,50,25,20,105811,,,105811,3938,3.866,0,0
19970727,607,10,58,18,21,105942,,,105942,4069,3.994,0,0
19970727,607,10,79,18,22,106499,,,106499,4626,4.541,0,0
19960310,582,1,35,3,1,92371,,,92371,0,0.0,0,0
19960310,582,1,71,3,2,92509,,,92509,138,0.149,0,0
19960310,582,1,56,6,3,92889,,,92889,518,0.561,0,0
19960310,582,1,30,6,4,93125,,,93125,754,0.816,0,0
19960310,582,1,57,1,5,94054,,,94054,1683,1.822,0,0
19960310,582,1,55,22,6,94257,,,94257,1886,2.042,0,0
19960310,582,1,77,22,7,94344,,,94344,1973,2.136,0,0
19960310,582,1,22,17,8,94474,,,94474,2103,2.277,0,0
19960310,582,1,49,15,9,94494,,,94494,2123,2.298,0,0
19960310,582,1,63,25,10,94832,,,94832,2461,2.664,0,0
19960310,582,1,44,27,11,95330,,,95330,2959,3.203,0,0
19960310,582,1,50,29,12,95338,,,95338,2967,3.212,0,0
19960310,582,1,14,1,13,95351,,,95351,2980,3.226,0,0
19960310,582,1,65,15,14,95453,,,95453,3082,3.337,0,0
19960310,582,1,79,25,15,95715,,,95715,3344,3.62,0,0
19960310,582,1,21,18,16,95898,,,95898,3527,3.818,0,0
19960310,582,1,83,18,17,96109,,,96109,3738,4.047,0,0
19960310,582,1,73,29,18,96198,,,96198,3827,4.143,0,0
19960310,582,1,84,17,19,96286,,,96286,3915,4.238,0,0
19960310,582,1,64,27,20,96298,,,96298,3927,4.251,0,0
19960331,583,18,71,3,1,78111,,,78111,0,0.0,0,0
19960331,583,18,22,17,2,79092,,,79092,981,1.256,0,0
19960331,583,18,35,3,3,79254,,,79254,1143,1.463,0,0
19960331,583,18,30,6,4,79474,,,79474,1363,1.745,0,0
19960331,583,18,55,22,5,79484,,,79484,1373,1.758,0,0
19960331,583,18,84,17,6,79519,,,79519,1408,1.803,0,0
19960331,583,18,57,1,7,79607,,,79607,1496,1.915,0,0
19960331,583,18,77,22,8,79762,,,79762,1651,2.114,0,0
19960331,583,18,49,15,9,79799,,,79799,1688,2.161,0,0
19960331,583,18,56,6,10,79951,,,79951,1840,2.356,0,0
19960331,583,18,63,25,11,80000,,,80000,1889,2.418,0,0
19960331,583,18,65,15,12,80144,,,80144,2033,2.603,0,0
19960331,583,18,50,29,13,80157,,,80157,2046,2.619,0,0
19960331,583,18,14,1,14,80167,,,80167,2056,2.632,0,0
19960331,583,18,44,27,15,80426,,,80426,2315,2.964,0,0
19960331,583,18,79,25,16,80427,,,80427,2316,2.965,0,0
19960331,583,18,73,29,17,80440,,,80440,2329,2.982,0,0
19960331,583,18,83,18,18,81491,,,81491,3380,4.327,0,0
19960331,583,18,69,28,19,83174,,,83174,5063,6.482,0,0
19960331,583,18,85,28,20,83454,,,83454,5343,6.84,0,0
19960331,583,18,58,18,21,,,,,,,0,0
19960331,583,18,64,27,22,,,,,,,0,0
19960407,584,25,71,3,1,90346,,,90346,0,0.0,0,0
19960407,584,25,30,6,2,90598,,,90598,252,0.279,0,0
19960407,584,25,35,3,3,90907,,,90907,561,0.621,0,0
19960407,584,25,55,22,4,91038,,,91038,692,0.766,0,0
19960407,584,25,77,22,5,91262,,,91262,916,1.014,0,0
19960407,584,25,22,17,6,91404,,,91404,1058,1.171,0,0
19960407,584,25,50,29,7,91615,,,91615,1269,1.405,0,0
19960407,584,25,57,1,8,91801,,,91801,1455,1.61,0,0
19960407,584,25,14,1,9,92001,,,92001,1655,1.832,0,0
19960407,584,25,56,6,10,92058,,,92058,1712,1.895,0,0
19960407,584,25,49,15,11,92130,,,92130,1784,1.975,0,0
19960407,584,25,44,27,12,92177,,,92177,1831,2.027,0,0
19960407,584,25,79,25,13,92407,,,92407,2061,2.281,0,0
19960407,584,25,58,18,14,92502,,,92502,2156,2.386,0,0
19960407,584,25,84,17,15,92696,,,92696,2350,2.601,0,0
19960407,584,25,63,25,16,92903,,,92903,2557,2.83,0,0
19960407,584,25,65,15,17,93256,,,93256,2910,3.221,0,0
19960407,584,25,64,27,18,93424,,,93424,3078,3.407,0,0
19960407,584,25,83,18,19,93727,,,93727,3381,3.742,0,0
19960407,584,25,73,29,20,93752,,,93752,3406,3.77,0,0
19960407,584,25,69,28,21,94830,,,94830,4484,4.963,0,0
19960407,584,25,85,28,22,95651,,,95651,5305,5.872,0,0
19960428,585,20,71,3,1,78941,,,78941,0,0.0,0,0
19960428,585,20,35,3,2,79721,,,79721,780,0.988,0,0
19960428,585,20,30,6,3,80149,,,80149,1208,1.53,0,0
19960428,585,20,55,22,4,80711,,,80711,1770,2.242,0,0
19960428,585,20,22,17,5,80818,,,80818,1877,2.378,0,0
19960428,585,20,14,1,6,80888,,,80888,1947,2.466,0,0
19960428,585,20,56,6,7,80931,,,80931,1990,2.521,0,0
19960428,585,20,77,22,8,81054,,,81054,2113,2.677,0,0
19960428,585,20,57,1,9,81078,,,81078,2137,2.707,0,0
19960428,585,20,49,15,10,81113,,,81113,2172,2.751,0,0
19960428,585,20,84,17,11,81177,,,81177,2236,2.832,0,0
19960428,585,20,65,15,12,81210,,,81210,2269,2.874,0,0
19960428,585,20,50,29,13,81367,,,81367,2426,3.073,0,0
19960428,585,20,63,25,14,81458,,,81458,2517,3.188,0,0
19960428,585,20,44,27,15,81509,,,81509,2568,3.253,0,0
19960428,585,20,79,25,16,81812,,,81812,2871,3.637,0,0
19960428,585,20,64,27,17,82733,,,82733,3792,4.804,0,0
19960428,585,20,21,18,18,82921,,,82921,3980,5.042,0,0
19960428,585,20,83,18,19,83139,,,83139,4198,5.318,0,0
19960428,585,20,73,29,20,83620,,,83620,4679,5.927,0,0
19960505,586,21,30,6,1,86890,,,86890,0,0.0,0,0
19960505,586,21,71,3,2,87105,,,87105,215,0.247,0,0
19960505,586,21,35,3,3,87220,,,87220,330,0.38,0,0
19960505,586,21,14,1,4,87688,,,87688,798,0.918,0,0
19960505,586,21,55,22,5,88009,,,88009,1119,1.288,0,0
19960505,586,21,56,6,6,88205,,,88205,1315,1.513,0,0
19960505,586,21,77,22,7,88336,,,88336,1446,1.664,0,0
19960505,586,21,63,25,8,88423,,,88423,1533,1.764,0,0
19960505,586,21,22,17,9,88632,,,88632,1742,2.005,0,0
19960505,586,21,49,15,10,88785,,,88785,1895,2.181,0,0
19960505,586,21,57,1,11,89079,,,89079,2189,2.519,0,0
19960505,586,21,44,27,13,89472,,,89472,2582,2.972,0,0
19960505,586,21,50,29,14,89539,,,89539,2649,3.049,0,0
19960505,586,21,65,15,15,89541,,,89541,2651,3.051,0,0
19960505,586,21,79,25,16,89892,,,89892,3002,3.455,0,0
19960505,586,21,64,27,17,89989,,,89989,3099,3.567,0,0
19960505,586,21,83,18,18,90471,,,90471,3581,4.121,0,0
19960505,586,21,21,18,19,90814,,,90814,3924,4.516,0,0
19960505,586,21,73,29,20,91316,,,91316,4426,5.094,0,0
19960505,586,21,69,28,21,92037,,,92037,5147,5.924,0,0
19960519,587,6,30,6,1,80356,,,80356,0,0.0,0,0
19960519,587,6,71,3,2,80866,,,80866,510,0.635,0,0
19960519,587,6,55,22,3,80918,,,80918,562,0.699,0,0
19960519,587,6,77,22,4,81067,,,81067,711,0.885,0,0
19960519,587,6,14,1,5,81460,,,81460,1104,1.374,0,0
19960519,587,6,22,17,6,81504,,,81504,1148,1.429,0,0
19960519,587,6,56,6,7,81542,,,81542,1186,1.476,0,0
19960519,587,6,57,1,8,81688,,,81688,1332,1.658,0,0
19960519,587,6,49,15,9,81929,,,81929,1573,1.958,0,0
19960519,587,6,35,3,10,81963,,,81963,1607,2.0,0,0
19960519,587,6,63,25,11,82235,,,82235,1879,2.338,0,0
19960519,587,6,50,29,12,82327,,,82327,1971,2.453,0,0
19960519,587,6,65,15,13,82346,,,82346,1990,2.476,0,0
19960519,587,6,44,27,14,82358,,,82358,2002,2.491,0,0
19960519,587,6,79,25,15,82460,,,82460,2104,2.618,0,0
19960519,587,6,84,17,16,82519,,,82519,2163,2.692,0,0
19960519,587,6,64,27,17,82682,,,82682,2326,2.895,0,0
19960519,587,6,21,18,18,82684,,,82684,2328,2.897,0,0
19960519,587,6,83,18,19,83350,,,83350,2994,3.726,0,0
19960519,587,6,73,29,20,84976,,,84976,4620,5.749,0,0
19960519,587,6,69,28,21,85059,,,85059,4703,5.853,0,0
19960519,587,6,85,28,22,85393,,,85393,5037,6.268,0,0
19960602,588,4,71,3,1,80650,,,80650,0,0.0,0,0
19960602,588,4,35,3,2,81084,,,81084,434,0.538,0,0
19960602,588,4,30,6,3,81587,,,81587,937,1.162,0,0
19960602,588,4,55,22,4,82061,,,82061,1411,1.75,0,0
19960602,588,4,77,22,5,82125,,,82125,1475,1.829,0,0
19960602,588,4,56,6,6,82333,,,82333,1683,2.087,0,0
19960602,588,4,22,17,7,82379,,,82379,1729,2.144,0,0
19960602,588,4,44,27,8,82685,,,82685,2035,2.523,0,0
19960602,588,4,65,15,9,83027,,,83027,2377,2.947,0,0
19960602,588,4,57,1,10,83070,,,83070,2420,3.001,0,0
19960602,588,4,49,15,11,83195,,,83195,2545,3.156,0,0
19960602,588,4,63,25,12,83224,,,83224,2574,3.192,0,0
19960602,588,4,50,29,13,83371,,,83371,2721,3.374,0,0
19960602,588,4,14,1,14,83416,,,83416,2766,3.43,0,0
19960602,588,4,84,17,15,83438,,,83438,2788,3.457,0,0
19960602,588,4,79,25,16,84401,,,84401,3751,4.651,0,0
19960602,588,4,64,27,17,84468,,,84468,3818,4.734,0,0
19960602,588,4,83,18,18,85274,,,85274,4624,5.733,0,0
19960602,588,4,21,18,19,85531,,,85531,4881,6.052,0,0
19960602,588,4,73,29,20,85621,,,85621,4971,6.164,0,0
19950326,565,18,71,3,1,80081,,,80081,0,0.0,0,0
19950326,565,18,30,22,2,80382,,,80382,301,0.376,0,0
19950326,565,18,14,3,3,80422,,,80422,341,0.426,0,0
19950326,565,18,65,22,4,80888,,,80888,807,1.008,0,0
19950326,565,18,77,6,5,80906,,,80906,825,1.03,0,0
19950326,565,18,55,6,6,81041,,,81041,960,1.199,0,0
19950326,565,18,57,1,7,81399,,,81399,1318,1.646,0,0
19950326,565,18,56,17,8,81749,,,81749,1668,2.083,0,0
19950326,565,18,87,1,9,81779,,,81779,1698,2.12,0,0
19950326,565,18,44,27,10,81914,,,81914,1833,2.289,0,0
19950326,565,18,79,25,11,82325,,,82325,2244,2.802,0,0
19950326,565,18,63,25,12,82416,,,82416,2335,2.916,0,0
19950326,565,18,81,29,13,82468,,,82468,2387,2.981,0,0
19950326,565,18,49,15,14,82872,,,82872,2791,3.485,0,0
19950326,565,18,88,27,15,82971,,,82971,2890,3.609,0,0
19950326,565,18,22,17,16,82975,,,82975,2894,3.614,0,0
19950326,565,18,94,18,17,84383,,,84383,4302,5.372,0,0
19950326,565,18,69,18,18,84443,,,84443,4362,5.447,0,0
19950326,565,18,91,15,19,84723,,,84723,4642,5.797,0,0
19950326,565,18,92,30,20,85127,,,85127,5046,6.301,0,0
19950326,565,18,89,29,21,85225,,,85225,5144,6.423,0,0
19950326,565,18,85,30,22,85886,,,85886,5805,7.249,0,0
19950326,565,18,90,28,23,86269,,,86269,6188,7.727,0,0
19950326,565,18,50,31,24,87323,,,87323,7242,9.043,0,0
19950326,565,18,64,28,25,87792,,,87792,7711,9.629,0,0
19950326,565,18,93,31,26,88106,,,88106,8025,10.021,0,0
19950409,566,25,14,3,1,113241,,,113241,0,0.0,0,0
19950409,566,25,71,3,2,114057,,,114057,816,0.721,0,0
19950409,566,25,30,22,3,114272,,,114272,1031,0.91,0,0
19950409,566,25,56,17,4,114381,,,114381,1140,1.007,0,0
19950409,566,25,57,1,5,114529,,,114529,1288,1.137,0,0
19950409,566,25,55,6,6,114637,,,114637,1396,1.233,0,0
19950409,566,25,63,25,7,114757,,,114757,1516,1.339,0,0
19950409,566,25,77,6,8,115276,,,115276,2035,1.797,0,0
19950409,566,25,49,15,9,115583,,,115583,2342,2.068,0,0
19950409,566,25,22,17,10,116114,,,116114,2873,2.537,0,0
19950409,566,25,65,22,11,117068,,,117068,3827,3.38,0,0
19950409,566,25,81,29,12,117092,,,117092,3851,3.401,0,0
19950409,566,25,69,18,13,117167,,,117167,3926,3.467,0,0
19950409,566,25,50,31,14,117231,,,117231,3990,3.523,0,0
19950409,566,25,79,25,15,117484,,,117484,4243,3.747,0,0
19950409,566,25,94,18,16,118066,,,118066,4825,4.261,0,0
19950409,566,25,87,1,17,118660,,,118660,5419,4.785,0,0
19950409,566,25,44,27,18,118824,,,118824,5583,4.93,0,0
19950409,566,25,88,27,19,118882,,,118882,5641,4.981,0,0
19950409,566,25,93,31,20,119539,,,119539,6298,5.562,0,0
19950409,566,25,91,15,21,120751,,,120751,7510,6.632,0,0
19950409,566,25,85,30,22,121763,,,121763,8522,7.526,0,0
19950409,566,25,92,30,23,124050,,,124050,10809,9.545,0,0
19950409,566,25,90,28,24,124481,,,124481,11240,9.926,0,0
19950409,566,25,64,28,25,125932,,,125932,12691,11.207,0,0
19950409,566,25,89,29,26,127298,,,127298,14057,12.413,0,0
19950430,567,21,30,22,1,87274,,,87274,0,0.0,0,0
19950430,567,21,77,6,2,87282,,,87282,8,0.009,0,0
19950430,567,21,14,3,3,87459,,,87459,185,0.212,0,0
19950430,567,21,71,3,4,87512,,,87512,238,0.273,0,0
19950430,567,21,55,6,5,87813,,,87813,539,0.618,0,0
19950430,567,21,57,1,6,88343,,,88343,1069,1.225,0,0
19950430,567,21,56,17,7,88516,,,88516,1242,1.423,0,0
19950430,567,21,65,22,8,89350,,,89350,2076,2.379,0,0
19950430,567,21,95,1,9,89517,,,89517,2243,2.57,0,0
19950430,567,21,22,17,10,89551,,,89551,2277,2.609,0,0
19950430,567,21,81,29,11,89582,,,89582,2308,2.645,0,0
19950430,567,21,44,27,12,90760,,,90760,3486,3.994,0,0
19950430,567,21,63,25,13,91035,,,91035,3761,4.309,0,0
19950430,567,21,49,15,14,91358,,,91358,4084,4.68,0,0
19950430,567,21,79,25,15,91630,,,91630,4356,4.991,0,0
19950430,567,21,88,27,16,91913,,,91913,4639,5.315,0,0
19950430,567,21,50,31,17,92156,,,92156,4882,5.594,0,0
19950430,567,21,94,18,18,92445,,,92445,5171,5.925,0,0
19950430,567,21,89,29,19,92710,,,92710,5436,6.229,0,0
19950430,567,21,69,18,20,93071,,,93071,5797,6.642,0,0
19950430,567,21,91,15,21,93494,,,93494,6220,7.127,0,0
19950430,567,21,92,30,22,93892,,,93892,6618,7.583,0,0
19950430,567,21,93,31,23,93965,,,93965,6691,7.667,0,0
19950430,567,21,85,30,24,95169,,,95169,7895,9.046,0,0
19950430,567,21,90,28,25,96065,,,96065,8791,10.073,0,0
19950430,567,21,64,28,26,96624,,,96624,9350,10.713,0,0
19950514,568,4,30,22,1,81452,,,81452,0,0.0,0,0
19950514,568,4,55,6,2,82052,,,82052,600,0.737,0,0
19950514,568,4,77,6,3,82071,,,82071,619,0.76,0,0
19950514,568,4,14,3,4,82332,,,82332,880,1.08,0,0
19950514,568,4,71,3,5,82349,,,82349,897,1.101,0,0
19950514,568,4,56,17,6,83352,,,83352,1900,2.333,0,0
19950514,568,4,65,22,7,83536,,,83536,2084,2.559,0,0
19950514,568,4,22,17,8,83705,,,83705,2253,2.766,0,0
19950514,568,4,57,1,9,83833,,,83833,2381,2.923,0,0
19950514,568,4,95,1,10,83927,,,83927,2475,3.039,0,0
19950514,568,4,84,27,11,84727,,,84727,3275,4.021,0,0
19950514,568,4,49,15,12,84802,,,84802,3350,4.113,0,0
19950514,568,4,63,25,13,84971,,,84971,3519,4.32,0,0
19950514,568,4,81,29,14,85053,,,85053,3601,4.421,0,0
19950514,568,4,44,27,15,85204,,,85204,3752,4.606,0,0
19950514,568,4,50,31,16,85827,,,85827,4375,5.371,0,0
19950514,568,4,79,25,17,85946,,,85946,4494,5.517,0,0
19950514,568,4,89,29,18,86059,,,86059,4607,5.656,0,0
19950514,568,4,94,18,19,86619,,,86619,5167,6.344,0,0
19950514,568,4,91,15,20,87007,,,87007,5555,6.82,0,0
19950514,568,4,69,18,21,87345,,,87345,5893,7.235,0,0
19950514,568,4,93,31,22,87575,,,87575,6123,7.517,0,0
19950514,568,4,85,30,23,88094,,,88094,6642,8.154,0,0
19950514,568,4,92,30,24,88598,,,88598,7146,8.773,0,0
19950514,568,4,90,28,25,88963,,,88963,7511,9.221,0,0
19950514,568,4,64,28,26,89540,,,89540,8088,9.93,0,0
19950528,569,6,71,3,1,81952,,,81952,0,0.0,0,0
19950528,569,6,30,22,2,82742,,,82742,790,0.964,0,0
19950528,569,6,14,3,3,83109,,,83109,1157,1.412,0,0
19950528,569,6,77,6,4,83220,,,83220,1268,1.547,0,0
19950528,569,6,55,6,5,83754,,,83754,1802,2.199,0,0
19950528,569,6,57,1,6,83857,,,83857,1905,2.325,0,0
19950528,569,6,65,22,7,83885,,,83885,1933,2.359,0,0
19950528,569,6,84,27,8,84447,,,84447,2495,3.044,0,0
19950528,569,6,56,17,9,84857,,,84857,2905,3.545,0,0
19950528,569,6,87,1,10,84933,,,84933,2981,3.637,0,0
19950528,569,6,22,17,11,85081,,,85081,3129,3.818,0,0
19950528,569,6,44,27,12,85125,,,85125,3173,3.872,0,0
19950528,569,6,81,29,13,85447,,,85447,3495,4.265,0,0
19950528,569,6,49,15,14,85661,,,85661,3709,4.526,0,0
19950528,569,6,79,25,15,85808,,,85808,3856,4.705,0,0
19950528,569,6,69,18,16,85969,,,85969,4017,4.902,0,0
19950528,569,6,63,25,17,86473,,,86473,4521,5.517,0,0
19950528,569,6,94,18,18,86913,,,86913,4961,6.054,0,0
19950528,569,6,96,15,19,87145,,,87145,5193,6.337,0,0
19950528,569,6,93,31,20,88337,,,88337,6385,7.791,0,0
19950528,569,6,92,30,21,89039,,,89039,7087,8.648,0,0
19950528,569,6,64,28,22,89244,,,89244,7292,8.898,0,0
19950528,569,6,50,31,23,89391,,,89391,7439,9.077,0,0
19950528,569,6,90,28,24,89608,,,89608,7656,9.342,0,0
19950528,569,6,85,30,25,90149,,,90149,8197,10.002,0,0
19950528,569,6,89,29,26,91542,,,91542,9590,11.702,0,0
19950611,570,7,30,22,1,87661,,,87661,0,0.0,0,0
19950611,570,7,71,3,2,88039,,,88039,378,0.431,0,0
19950611,570,7,14,3,3,88091,,,88091,430,0.491,0,0
19950611,570,7,77,6,4,88189,,,88189,528,0.602,0,0
19950611,570,7,55,6,5,88474,,,88474,813,0.927,0,0
19950611,570,7,65,22,6,88498,,,88498,837,0.955,0,0
19950611,570,7,57,1,7,88910,,,88910,1249,1.425,0,0
19950611,570,7,56,17,8,89021,,,89021,1360,1.551,0,0
19950611,570,7,22,17,9,89171,,,89171,1510,1.723,0,0
19950611,570,7,87,1,10,89641,,,89641,1980,2.259,0,0
19950611,570,7,44,27,11,89809,,,89809,2148,2.45,0,0
19950611,570,7,49,15,12,90017,,,90017,2356,2.688,0,0
19950611,570,7,81,29,13,90159,,,90159,2498,2.85,0,0
19950611,570,7,84,27,14,90255,,,90255,2594,2.959,0,0
19950611,570,7,63,25,15,90657,,,90657,2996,3.418,0,0
19950611,570,7,79,25,16,91382,,,91382,3721,4.245,0,0
19950611,570,7,94,18,17,91445,,,91445,3784,4.317,0,0
19950611,570,7,96,15,18,91838,,,91838,4177,4.765,0,0
19950611,570,7,69,18,19,91853,,,91853,4192,4.782,0,0
19950611,570,7,92,30,20,92841,,,92841,5180,5.909,0,0
19950611,570,7,85,30,21,92894,,,92894,5233,5.97,0,0
19950611,570,7,89,29,22,92995,,,92995,5334,6.085,0,0
19950611,570,7,90,28,23,94000,,,94000,6339,7.231,0,0
19950611,570,7,64,28,24,94982,,,94982,7321,8.351,0,0
19950702,571,8,71,3,1,77225,,,77225,0,0.0,0,0
19950702,571,8,30,22,2,77512,,,77512,287,0.372,0,0
19950702,571,8,14,3,3,77925,,,77925,700,0.906,0,0
19950702,571,8,55,6,4,78761,,,78761,1536,1.989,0,0
19950702,571,8,22,17,5,78810,,,78810,1585,2.052,0,0
19950702,571,8,44,27,6,79047,,,79047,1822,2.359,0,0
19950702,571,8,77,6,7,79051,,,79051,1826,2.365,0,0
19950702,571,8,57,1,8,79238,,,79238,2013,2.607,0,0
19950702,571,8,84,27,9,79384,,,79384,2159,2.796,0,0
19950702,571,8,65,22,10,79555,,,79555,2330,3.017,0,0
19950702,571,8,56,17,11,79845,,,79845,2620,3.393,0,0
19950702,571,8,49,15,12,80309,,,80309,3084,3.994,0,0
19950702,571,8,87,1,13,80527,,,80527,3302,4.276,0,0
19950702,571,8,63,25,14,80796,,,80796,3571,4.624,0,0
19950702,571,8,96,15,15,80943,,,80943,3718,4.815,0,0
19950702,571,8,81,29,16,81076,,,81076,3851,4.987,0,0
19950702,571,8,69,18,17,81323,,,81323,4098,5.307,0,0
19950702,571,8,89,29,18,81894,,,81894,4669,6.046,0,0
19950702,571,8,79,25,19,81930,,,81930,4705,6.093,0,0
19950702,571,8,94,18,20,82104,,,82104,4879,6.318,0,0
19950702,571,8,85,30,21,83466,,,83466,6241,8.082,0,0
19950702,571,8,92,30,22,83647,,,83647,6422,8.316,0,0
19950702,571,8,64,28,23,84184,,,84184,6959,9.011,0,0
19950702,571,8,90,28,24,84865,,,84865,7640,9.893,0,0
19950716,572,9,71,3,1,88124,,,88124,0,0.0,0,0
19950716,572,9,30,22,2,88397,,,88397,273,0.31,0,0
19950716,572,9,14,3,3,88947,,,88947,823,0.934,0,0
19950716,572,9,77,6,4,89657,,,89657,1533,1.74,0,0
19950716,572,9,65,22,5,89867,,,89867,1743,1.978,0,0
19950716,572,9,55,6,6,89874,,,89874,1750,1.986,0,0
19950716,572,9,56,17,7,90083,,,90083,1959,2.223,0,0
19950716,572,9,57,1,8,90140,,,90140,2016,2.288,0,0
19950716,572,9,22,17,9,90354,,,90354,2230,2.531,0,0
19950716,572,9,87,1,10,90453,,,90453,2329,2.643,0,0
19950716,572,9,84,27,11,90946,,,90946,2822,3.202,0,0
19950716,572,9,49,15,12,91602,,,91602,3478,3.947,0,0
19950716,572,9,44,27,13,91842,,,91842,3718,4.219,0,0
19950716,572,9,79,25,14,92087,,,92087,3963,4.497,0,0
19950716,572,9,94,18,15,92259,,,92259,4135,4.692,0,0
19950716,572,9,96,15,16,93166,,,93166,5042,5.721,0,0
19950716,572,9,97,29,17,94154,,,94154,6030,6.843,0,0
19950716,572,9,69,18,18,94556,,,94556,6432,7.299,0,0
19950716,572,9,89,29,19,95323,,,95323,7199,8.169,0,0
19950716,572,9,64,28,20,96023,,,96023,7899,8.964,0,0
19950716,572,9,92,30,21,96076,,,96076,7952,9.024,0,0
19950716,572,9,90,28,22,96651,,,96651,8527,9.676,0,0
19950716,572,9,63,25,23,108639,,,108639,20515,23.28,0,0
19950716,572,9,85,30,24,112398,,,112398,24274,27.545,0,0
19950730,573,10,71,3,1,104385,,,104385,0,0.0,0,0
19950730,573,10,30,22,2,104465,,,104465,80,0.077,0,0
19950730,573,10,14,3,3,104540,,,104540,155,0.148,0,0
19950730,573,10,77,6,4,105553,,,105553,1168,1.119,0,0
19950730,573,10,22,17,5,105765,,,105765,1380,1.322,0,0
19950730,573,10,56,17,6,105846,,,105846,1461,1.4,0,0
19950730,573,10,57,1,7,105849,,,105849,1464,1.403,0,0
19950730,573,10,87,1,8,106221,,,106221,1836,1.759,0,0
19950730,573,10,65,22,9,106315,,,106315,1930,1.849,0,0
19950730,573,10,55,6,10,106356,,,106356,1971,1.888,0,0
19950730,573,10,49,15,11,106801,,,106801,2416,2.315,0,0
19950730,573,10,44,27,12,107372,,,107372,2987,2.862,0,0
19950730,573,10,63,25,13,107507,,,107507,3122,2.991,0,0
19950730,573,10,96,15,14,107636,,,107636,3251,3.114,0,0
19950730,573,10,97,29,15,108093,,,108093,3708,3.552,0,0
19950730,573,10,69,18,16,109302,,,109302,4917,4.71,0,0
19950730,573,10,79,25,17,109402,,,109402,5017,4.806,0,0
19950730,573,10,88,27,18,109716,,,109716,5331,5.107,0,0
19950730,573,10,89,29,19,109892,,,109892,5507,5.276,0,0
19950730,573,10,94,18,20,109990,,,109990,5605,5.37,0,0
19950730,573,10,64,28,21,112961,,,112961,8576,8.216,0,0
19950730,573,10,90,28,22,113405,,,113405,9020,8.641,0,0
19950730,573,10,85,30,23,113492,,,113492,9107,8.724,0,0
19950730,573,10,86,30,24,114625,,,114625,10240,9.81,0,0
19950813,574,11,71,3,1,76982,,,76982,0,0.0,0,0
19950813,574,11,14,3,2,77366,,,77366,384,0.499,0,0
19950813,574,11,30,22,3,77558,,,77558,576,0.748,0,0
19950813,574,11,77,6,4,78059,,,78059,1077,1.399,0,0
19950813,574,11,57,1,5,78363,,,78363,1381,1.794,0,0
19950813,574,11,55,6,6,78968,,,78968,1986,2.58,0,0
19950813,574,11,56,17,7,79499,,,79499,2517,3.27,0,0
19950813,574,11,84,27,8,79748,,,79748,2766,3.593,0,0
19950813,574,11,65,22,9,80072,,,80072,3090,4.014,0,0
19950813,574,11,44,27,10,80160,,,80160,3178,4.128,0,0
19950813,574,11,49,15,11,80413,,,80413,3431,4.457,0,0
19950813,574,11,69,18,12,80543,,,80543,3561,4.626,0,0
19950813,574,11,87,1,13,80640,,,80640,3658,4.752,0,0
19950813,574,11,22,17,14,80902,,,80902,3920,5.092,0,0
19950813,574,11,83,18,15,81156,,,81156,4174,5.422,0,0
19950813,574,11,63,25,16,81624,,,81624,4642,6.03,0,0
19950813,574,11,79,25,17,81702,,,81702,4720,6.131,0,0
19950813,574,11,89,29,18,82081,,,82081,5099,6.624,0,0
19950813,574,11,96,15,19,82161,,,82161,5179,6.728,0,0
19950813,574,11,97,29,20,83275,,,83275,6293,8.175,0,0
19950813,574,11,90,28,21,84351,,,84351,7369,9.572,0,0
19950813,574,11,85,30,22,84371,,,84371,7389,9.598,0,0
19950813,574,11,64,28,23,84695,,,84695,7713,10.019,0,0
19950813,574,11,86,30,24,86570,,,86570,9588,12.455,0,0
19950827,575,13,77,6,1,114392,,,114392,0,0.0,0,0
19950827,575,13,55,6,2,114631,,,114631,239,0.209,0,0
19950827,575,13,57,1,3,115435,,,115435,1043,0.912,0,0
19950827,575,13,65,22,4,116085,,,116085,1693,1.48,0,0
19950827,575,13,14,3,5,116254,,,116254,1862,1.628,0,0
19950827,575,13,87,1,6,116622,,,116622,2230,1.949,0,0
19950827,575,13,56,17,7,117001,,,117001,2609,2.281,0,0
19950827,575,13,71,3,8,117768,,,117768,3376,2.951,0,0
19950827,575,13,44,27,9,118021,,,118021,3629,3.172,0,0
19950827,575,13,49,15,10,118148,,,118148,3756,3.283,0,0
19950827,575,13,63,25,11,118224,,,118224,3832,3.35,0,0
19950827,575,13,22,17,12,118293,,,118293,3901,3.41,0,0
19950827,575,13,84,27,13,118314,,,118314,3922,3.429,0,0
19950827,575,13,96,15,14,118356,,,118356,3964,3.465,0,0
19950827,575,13,79,25,15,118551,,,118551,4159,3.636,0,0
19950827,575,13,30,22,16,119079,,,119079,4687,4.097,0,0
19950827,575,13,83,18,17,119256,,,119256,4864,4.252,0,0
19950827,575,13,89,29,18,120990,,,120990,6598,5.768,0,0
19950827,575,13,69,18,19,121013,,,121013,6621,5.788,0,0
19950827,575,13,97,29,20,121685,,,121685,7293,6.375,0,0
19950827,575,13,85,30,21,122405,,,122405,8013,7.005,0,0
19950827,575,13,90,28,22,123817,,,123817,9425,8.239,0,0
19950827,575,13,86,30,23,126407,,,126407,12015,10.503,0,0
19950827,575,13,64,28,24,129537,,,129537,15145,13.24,0,0
19950910,576,14,14,3,1,84462,,,84462,0,0.0,0,0
19950910,576,14,30,22,2,85026,,,85026,564,0.668,0,0
19950910,576,14,77,6,3,85353,,,85353,891,1.055,0,0
19950910,576,14,71,3,4,85699,,,85699,1237,1.465,0,0
19950910,576,14,55,6,5,85707,,,85707,1245,1.474,0,0
19950910,576,14,22,17,6,85919,,,85919,1457,1.725,0,0
19950910,576,14,57,1,7,85920,,,85920,1458,1.726,0,0
19950910,576,14,65,22,8,86433,,,86433,1971,2.334,0,0
19950910,576,14,87,1,9,86472,,,86472,2010,2.38,0,0
19950910,576,14,49,15,10,86541,,,86541,2079,2.461,0,0
19950910,576,14,84,27,11,87067,,,87067,2605,3.084,0,0
19950910,576,14,56,17,12,87271,,,87271,2809,3.326,0,0
19950910,576,14,44,27,13,87384,,,87384,2922,3.46,0,0
19950910,576,14,96,15,14,88741,,,88741,4279,5.066,0,0
19950910,576,14,97,29,15,88870,,,88870,4408,5.219,0,0
19950910,576,14,63,25,16,89028,,,89028,4566,5.406,0,0
19950910,576,14,79,25,17,89287,,,89287,4825,5.713,0,0
19950910,576,14,69,18,18,89559,,,89559,5097,6.035,0,0
19950910,576,14,83,18,19,89936,,,89936,5474,6.481,0,0
19950910,576,14,89,29,20,90515,,,90515,6053,7.167,0,0
19950910,576,14,85,30,21,90721,,,90721,6259,7.41,0,0
19950910,576,14,90,28,22,90834,,,90834,6372,7.544,0,0
19950910,576,14,64,28,23,92102,,,92102,7640,9.045,0,0
19950910,576,14,86,30,24,92470,,,92470,8008,9.481,0,0
19950924,577,27,14,3,1,80537,,,80537,0,0.0,0,0
19950924,577,27,71,3,2,80905,,,80905,368,0.457,0,0
19950924,577,27,30,22,3,81301,,,81301,764,0.949,0,0
19950924,577,27,77,6,4,81970,,,81970,1433,1.779,0,0
19950924,577,27,49,15,5,82226,,,82226,1689,2.097,0,0
19950924,577,27,65,22,6,82322,,,82322,1785,2.216,0,0
19950924,577,27,55,6,7,82391,,,82391,1854,2.302,0,0
19950924,577,27,22,17,8,82538,,,82538,2001,2.485,0,0
19950924,577,27,84,27,9,82588,,,82588,2051,2.547,0,0
19950924,577,27,56,17,10,82831,,,82831,2294,2.848,0,0
19950924,577,27,44,27,11,82904,,,82904,2367,2.939,0,0
19950924,577,27,87,1,12,82914,,,82914,2377,2.951,0,0
19950924,577,27,57,1,13,83064,,,83064,2527,3.138,0,0
19950924,577,27,96,15,14,83934,,,83934,3397,4.218,0,0
19950924,577,27,63,25,15,83936,,,83936,3399,4.22,0,0
19950924,577,27,79,25,16,84287,,,84287,3750,4.656,0,0
19950924,577,27,83,18,17,84657,,,84657,4120,5.116,0,0
19950924,577,27,69,18,18,84778,,,84778,4241,5.266,0,0
19950924,577,27,89,29,19,84883,,,84883,4346,5.396,0,0
19950924,577,27,97,29,20,85179,,,85179,4642,5.764,0,0
19950924,577,27,85,30,21,86172,,,86172,5635,6.997,0,0
19950924,577,27,64,28,22,87292,,,87292,6755,8.387,0,0
19950924,577,27,90,28,23,87523,,,87523,6986,8.674,0,0
19950924,577,27,98,30,24,92769,,,92769,12232,15.188,0,0
19951001,578,20,14,3,1,78738,,,78738,0,0.0,0,0
19951001,578,20,71,3,2,78972,,,78972,234,0.297,0,0
19951001,578,20,30,22,3,79150,,,79150,412,0.523,0,0
19951001,578,20,77,6,4,79821,,,79821,1083,1.375,0,0
19951001,578,20,56,17,5,80488,,,80488,1750,2.223,0,0
19951001,578,20,55,6,6,80510,,,80510,1772,2.251,0,0
19951001,578,20,65,22,7,80653,,,80653,1915,2.432,0,0
19951001,578,20,49,15,8,80749,,,80749,2011,2.554,0,0
19951001,578,20,57,1,9,80866,,,80866,2128,2.703,0,0
19951001,578,20,87,1,10,80909,,,80909,2171,2.757,0,0
19951001,578,20,22,17,11,81211,,,81211,2473,3.141,0,0
19951001,578,20,84,27,12,81541,,,81541,2803,3.56,0,0
19951001,578,20,96,15,13,82059,,,82059,3321,4.218,0,0
19951001,578,20,44,27,14,82062,,,82062,3324,4.222,0,0
19951001,578,20,63,25,15,83058,,,83058,4320,5.487,0,0
19951001,578,20,83,18,16,83328,,,83328,4590,5.829,0,0
19951001,578,20,97,29,17,83689,,,83689,4951,6.288,0,0
19951001,578,20,69,18,18,83760,,,83760,5022,6.378,0,0
19951001,578,20,99,25,19,84286,,,84286,5548,7.046,0,0
19951001,578,20,85,30,20,84696,,,84696,5958,7.567,0,0
19951001,578,20,89,29,21,84900,,,84900,6162,7.826,0,0
19951001,578,20,64,28,22,85157,,,85157,6419,8.152,0,0
19951001,578,20,90,28,23,86098,,,86098,7360,9.347,0,0
19951001,578,20,98,30,24,87853,,,87853,9115,11.576,0,0
19951022,579,28,14,3,1,74013,,,74013,0,0.0,0,0
19951022,579,28,71,3,2,74213,,,74213,200,0.27,0,0
19951022,579,28,30,22,3,74284,,,74284,271,0.366,0,0
19951022,579,28,55,6,4,74919,,,74919,906,1.224,0,0
19951022,579,28,77,6,5,74974,,,74974,961,1.298,0,0
19951022,579,28,56,17,6,75354,,,75354,1341,1.812,0,0
19951022,579,28,65,22,7,75556,,,75556,1543,2.085,0,0
19951022,579,28,49,15,8,75561,,,75561,1548,2.092,0,0
19951022,579,28,44,27,9,75621,,,75621,1608,2.173,0,0
19951022,579,28,87,1,10,75652,,,75652,1639,2.214,0,0
19951022,579,28,22,17,11,75774,,,75774,1761,2.379,0,0
19951022,579,28,76,1,12,76339,,,76339,2326,3.143,0,0
19951022,579,28,88,27,13,76519,,,76519,2506,3.386,0,0
19951022,579,28,83,18,14,76596,,,76596,2583,3.49,0,0
19951022,579,28,96,15,15,76646,,,76646,2633,3.557,0,0
19951022,579,28,69,18,16,76887,,,76887,2874,3.883,0,0
19951022,579,28,79,25,17,77014,,,77014,3001,4.055,0,0
19951022,579,28,63,25,18,77213,,,77213,3200,4.324,0,0
19951022,579,28,81,29,19,78114,,,78114,4101,5.541,0,0
19951022,579,28,89,29,20,78212,,,78212,4199,5.673,0,0
19951022,579,28,64,28,21,79579,,,79579,5566,7.52,0,0
19951022,579,28,90,28,22,79745,,,79745,5732,7.745,0,0
19951022,579,28,85,30,23,80093,,,80093,6080,8.215,0,0
19951022,579,28,92,30,24,81405,,,81405,7392,9.987,0,0
19951029,580,22,30,22,1,98023,,,98023,0,0.0,0,0
19951029,580,22,55,6,2,98888,,,98888,865,0.882,0,0
19951029,580,22,57,1,3,98954,,,98954,931,0.95,0,0
19951029,580,22,71,3,4,99032,,,99032,1009,1.029,0,0
19951029,580,22,77,6,5,99040,,,99040,1017,1.038,0,0
19951029,580,22,14,3,6,99155,,,99155,1132,1.155,0,0
19951029,580,22,56,17,7,99621,,,99621,1598,1.63,0,0
19951029,580,22,49,15,8,100010,,,100010,1987,2.027,0,0
19951029,580,22,65,22,9,100349,,,100349,2326,2.373,0,0
19951029,580,22,22,17,10,100381,,,100381,2358,2.406,0,0
19951029,580,22,44,27,11,100838,,,100838,2815,2.872,0,0
19951029,580,22,63,25,12,101355,,,101355,3332,3.399,0,0
19951029,580,22,88,27,13,101592,,,101592,3569,3.641,0,0
19951029,580,22,79,25,14,101977,,,101977,3954,4.034,0,0
19951029,580,22,81,29,15,102059,,,102059,4036,4.117,0,0
19951029,580,22,91,15,16,102912,,,102912,4889,4.988,0,0
19951029,580,22,83,18,17,103102,,,103102,5079,5.181,0,0
19951029,580,22,69,18,18,103542,,,103542,5519,5.63,0,0
19951029,580,22,89,29,19,104074,,,104074,6051,6.173,0,0
19951029,580,22,85,30,20,106097,,,106097,8074,8.237,0,0
19951029,580,22,64,28,21,106654,,,106654,8631,8.805,0,0
19951029,580,22,90,28,22,108267,,,108267,10244,10.451,0,0
19951029,580,22,92,30,23,108289,,,108289,10266,10.473,0,0
19951029,580,22,87,1,24,1002640,,,1002640,904617,922.862,0,0
19951112,581,29,71,3,1,,,,,,,0,0
19951112,581,29,14,3,2,,,,,,,0,0
19951112,581,29,30,22,3,,,,,,,0,0
19951112,581,29,77,6,4,,,,,,,0,0
19951112,581,29,55,6,5,,,,,,,0,0
19951112,581,29,49,15,6,,,,,,,0,0
19951112,581,29,22,17,7,,,,,,,0,0
19951112,581,29,65,22,8,,,,,,,0,0
19951112,581,29,56,17,9,,,,,,,0,0
19951112,581,29,87,1,10,,,,,,,0,0
19951112,581,29,84,27,11,,,,,,,0,0
19951112,581,29,44,27,12,,,,,,,0,0
19951112,581,29,81,29,13,,,,,,,0,0
19951112,581,29,63,25,14,,,,,,,0,0
19951112,581,29,69,18,15,,,,,,,0,0
19951112,581,29,79,25,16,,,,,,,0,0
19951112,581,29,83,18,17,,,,,,,0,0
19951112,581,29,91,15,18,,,,,,,0,0
19951112,581,29,89,29,19,,,,,,,0,0
19951112,581,29,90,28,20,,,,,,,0,0
19951112,581,29,64,28,21,,,,,,,0,0
19951112,581,29,85,30,22,,,,,,,0,0
19951112,581,29,92,30,23,,,,,,,0,0
19951112,581,29,57,1,24,,,,,,,0,0
19940327,549,18,102,3,1,75962,,,75962,0,0.0,0,0
19940327,549,18,30,22,2,76290,,,76290,328,0.432,0,0
19940327,549,18,55,6,3,77385,,,77385,1423,1.873,0,0
19940327,549,18,71,3,4,77554,,,77554,1592,2.096,0,0
19940327,549,18,49,15,5,77806,,,77806,1844,2.428,0,0
19940327,549,18,81,29,6,77866,,,77866,1904,2.507,0,0
19940327,549,18,91,15,7,77927,,,77927,1965,2.587,0,0
19940327,549,18,57,1,8,78122,,,78122,2160,2.844,0,0
19940327,549,18,50,22,9,78183,,,78183,2221,2.924,0,0
19940327,549,18,79,25,10,78194,,,78194,2232,2.938,0,0
19940327,549,18,104,29,11,78204,,,78204,2242,2.951,0,0
19940327,549,18,87,25,12,78246,,,78246,2284,3.007,0,0
19940327,549,18,100,33,13,78321,,,78321,2359,3.106,0,0
19940327,549,18,22,17,14,78414,,,78414,2452,3.228,0,0
19940327,549,18,94,18,15,78659,,,78659,2697,3.55,0,0
19940327,549,18,56,17,16,78751,,,78751,2789,3.672,0,0
19940327,549,18,77,6,17,78855,,,78855,2893,3.808,0,0
19940327,549,18,84,1,18,78864,,,78864,2902,3.82,0,0
19940327,549,18,44,27,19,79304,,,79304,3342,4.4,0,0
19940327,549,18,103,27,20,79398,,,79398,3436,4.523,0,0
19940327,549,18,65,32,21,79483,,,79483,3521,4.635,0,0
19940327,549,18,105,18,22,79517,,,79517,3555,4.68,0,0
19940327,549,18,106,33,23,79524,,,79524,3562,4.689,0,0
19940327,549,18,83,32,24,79975,,,79975,4013,5.283,0,0
19940327,549,18,92,30,25,80729,,,80729,4767,6.276,0,0
19940327,549,18,101,31,26,81186,,,81186,5224,6.877,0,0
19940417,550,28,102,3,1,70218,,,70218,0,0.0,0,0
19940417,550,28,30,22,2,70440,,,70440,222,0.316,0,0
19940417,550,28,71,3,3,70771,,,70771,553,0.788,0,0
19940417,550,28,57,1,4,71683,,,71683,1465,2.086,0,0
19940417,550,28,77,6,5,71744,,,71744,1526,2.173,0,0
19940417,550,28,84,1,6,72351,,,72351,2133,3.038,0,0
19940417,550,28,78,6,7,72372,,,72372,2154,3.068,0,0
19940417,550,28,22,17,8,72409,,,72409,2191,3.12,0,0
19940417,550,28,104,29,9,72444,,,72444,2226,3.17,0,0
19940417,550,28,50,22,10,72554,,,72554,2336,3.327,0,0
19940417,550,28,49,15,11,72686,,,72686,2468,3.515,0,0
19940417,550,28,87,25,12,72751,,,72751,2533,3.607,0,0
19940417,550,28,81,29,13,72866,,,72866,2648,3.771,0,0
19940417,550,28,79,25,14,73013,,,73013,2795,3.98,0,0
19940417,550,28,105,18,15,73016,,,73016,2798,3.985,0,0
19940417,550,28,100,33,16,73111,,,73111,2893,4.12,0,0
19940417,550,28,94,18,17,73529,,,73529,3311,4.715,0,0
19940417,550,28,103,27,18,73613,,,73613,3395,4.835,0,0
19940417,550,28,91,15,19,73855,,,73855,3637,5.18,0,0
19940417,550,28,88,17,20,73932,,,73932,3714,5.289,0,0
19940417,550,28,106,33,21,74101,,,74101,3883,5.53,0,0
19940417,550,28,44,27,22,74106,,,74106,3888,5.537,0,0
19940417,550,28,65,32,23,74424,,,74424,4206,5.99,0,0
19940417,550,28,83,32,24,74657,,,74657,4439,6.322,0,0
19940417,550,28,101,31,25,74748,,,74748,4530,6.451,0,0
19940417,550,28,107,31,26,76536,,,76536,6318,8.998,0,0
19940501,551,21,102,3,1,81548,,,81548,0,0.0,0,0
19940501,551,21,30,22,2,81885,,,81885,337,0.413,0,0
19940501,551,21,77,6,3,82113,,,82113,565,0.693,0,0
19940501,551,21,71,3,4,82168,,,82168,620,0.76,0,0
19940501,551,21,109,22,5,82717,,,82717,1169,1.434,0,0
19940501,551,21,78,6,6,82841,,,82841,1293,1.586,0,0
19940501,551,21,49,15,7,83119,,,83119,1571,1.926,0,0
19940501,551,21,57,1,8,83140,,,83140,1592,1.952,0,0
19940501,551,21,79,25,9,83322,,,83322,1774,2.175,0,0
19940501,551,21,91,15,10,83347,,,83347,1799,2.206,0,0
19940501,551,21,81,29,11,83663,,,83663,2115,2.594,0,0
19940501,551,21,87,25,12,83703,,,83703,2155,2.643,0,0
19940501,551,21,84,1,13,83858,,,83858,2310,2.833,0,0
19940501,551,21,94,18,14,84078,,,84078,2530,3.102,0,0
19940501,551,21,105,18,15,84276,,,84276,2728,3.345,0,0
19940501,551,21,104,29,16,84472,,,84472,2924,3.586,0,0
19940501,551,21,103,27,17,84678,,,84678,3130,3.838,0,0
19940501,551,21,100,33,18,84852,,,84852,3304,4.052,0,0
19940501,551,21,44,27,19,84996,,,84996,3448,4.228,0,0
19940501,551,21,65,32,20,85114,,,85114,3566,4.373,0,0
19940501,551,21,110,17,21,85234,,,85234,3686,4.52,0,0
19940501,551,21,83,32,22,85295,,,85295,3747,4.595,0,0
19940501,551,21,106,33,23,85991,,,85991,4443,5.448,0,0
19940501,551,21,101,31,24,86817,,,86817,5269,6.461,0,0
19940501,551,21,92,30,25,87143,,,87143,5595,6.861,0,0
19940501,551,21,107,31,26,87584,,,87584,6036,7.402,0,0
19940501,551,21,108,30,27,87881,,,87881,6333,7.766,0,0
19940501,551,21,22,17,28,,,,,,,0,0
19940529,553,4,30,22,1,81908,,,81908,0,0.0,0,0
19940529,553,4,71,3,2,82559,,,82559,651,0.795,0,0
19940529,553,4,57,1,3,82660,,,82660,752,0.918,0,0
19940529,553,4,109,22,4,82983,,,82983,1075,1.312,0,0
19940529,553,4,22,17,5,83594,,,83594,1686,2.058,0,0
19940529,553,4,55,6,6,83700,,,83700,1792,2.188,0,0
19940529,553,4,77,6,7,83715,,,83715,1807,2.206,0,0
19940529,553,4,84,1,8,83763,,,83763,1855,2.265,0,0
19940529,553,4,14,3,9,83782,,,83782,1874,2.288,0,0
19940529,553,4,79,25,10,83969,,,83969,2061,2.516,0,0
19940529,553,4,87,25,11,83981,,,83981,2073,2.531,0,0
19940529,553,4,49,15,12,84254,,,84254,2346,2.864,0,0
19940529,553,4,56,17,13,84930,,,84930,3022,3.69,0,0
19940529,553,4,105,18,14,84996,,,84996,3088,3.77,0,0
19940529,553,4,81,29,15,85018,,,85018,3110,3.797,0,0
19940529,553,4,100,33,16,85050,,,85050,3142,3.836,0,0
19940529,553,4,106,33,17,85161,,,85161,3253,3.972,0,0
19940529,553,4,94,18,18,85247,,,85247,3339,4.077,0,0
19940529,553,4,44,27,19,85577,,,85577,3669,4.479,0,0
19940529,553,4,103,27,20,85766,,,85766,3858,4.71,0,0
19940529,553,4,104,29,21,86084,,,86084,4176,5.098,0,0
19940529,553,4,65,32,22,86397,,,86397,4489,5.481,0,0
19940529,553,4,70,32,23,87685,,,87685,5777,7.053,0,0
19940529,553,4,101,31,24,88151,,,88151,6243,7.622,0,0
19940529,553,4,92,30,25,88873,,,88873,6965,8.503,0,0
19940529,553,4,108,30,26,90657,,,90657,8749,10.681,0,0
19940612,554,7,30,22,1,86178,,,86178,0,0.0,0,0
19940612,554,7,55,6,2,86277,,,86277,99,0.115,0,0
19940612,554,7,77,6,3,87059,,,87059,881,1.022,0,0
19940612,554,7,71,3,4,87094,,,87094,916,1.063,0,0
19940612,554,7,14,3,5,87211,,,87211,1033,1.199,0,0
19940612,554,7,22,17,6,87554,,,87554,1376,1.597,0,0
19940612,554,7,57,1,7,87616,,,87616,1438,1.669,0,0
19940612,554,7,56,17,8,87780,,,87780,1602,1.859,0,0
19940612,554,7,79,25,9,87827,,,87827,1649,1.913,0,0
19940612,554,7,49,15,10,87977,,,87977,1799,2.088,0,0
19940612,554,7,81,29,11,87989,,,87989,1811,2.101,0,0
19940612,554,7,84,1,12,88197,,,88197,2019,2.343,0,0
19940612,554,7,87,25,13,88579,,,88579,2401,2.786,0,0
19940612,554,7,110,15,14,88694,,,88694,2516,2.92,0,0
19940612,554,7,94,18,15,88847,,,88847,2669,3.097,0,0
19940612,554,7,104,29,16,88882,,,88882,2704,3.138,0,0
19940612,554,7,65,32,17,88889,,,88889,2711,3.146,0,0
19940612,554,7,105,18,18,88903,,,88903,2725,3.162,0,0
19940612,554,7,44,27,19,88950,,,88950,2772,3.217,0,0
19940612,554,7,109,22,20,88993,,,88993,2815,3.266,0,0
19940612,554,7,100,33,21,89039,,,89039,2861,3.32,0,0
19940612,554,7,106,33,22,89403,,,89403,3225,3.742,0,0
19940612,554,7,70,32,23,90160,,,90160,3982,4.621,0,0
19940612,554,7,103,27,24,90493,,,90493,4315,5.007,0,0
19940612,554,7,101,31,25,91632,,,91632,5454,6.329,0,0
19940612,554,7,92,30,26,92838,,,92838,6660,7.728,0,0
19940703,555,8,71,3,1,76282,,,76282,0,0.0,0,0
19940703,555,8,95,3,2,76359,,,76359,77,0.101,0,0
19940703,555,8,30,22,3,76707,,,76707,425,0.557,0,0
19940703,555,8,55,6,4,76954,,,76954,672,0.881,0,0
19940703,555,8,77,6,5,76959,,,76959,677,0.887,0,0
19940703,555,8,56,17,6,77441,,,77441,1159,1.519,0,0
19940703,555,8,22,17,7,77482,,,77482,1200,1.573,0,0
19940703,555,8,50,22,8,77645,,,77645,1363,1.787,0,0
19940703,555,8,57,1,9,77768,,,77768,1486,1.948,0,0
19940703,555,8,49,15,10,77830,,,77830,1548,2.029,0,0
19940703,555,8,110,15,11,77866,,,77866,1584,2.077,0,0
19940703,555,8,84,1,12,78031,,,78031,1749,2.293,0,0
19940703,555,8,44,27,13,78044,,,78044,1762,2.31,0,0
19940703,555,8,79,25,14,78192,,,78192,1910,2.504,0,0
19940703,555,8,103,27,15,78236,,,78236,1954,2.562,0,0
19940703,555,8,94,18,16,78248,,,78248,1966,2.577,0,0
19940703,555,8,87,25,17,78381,,,78381,2099,2.752,0,0
19940703,555,8,104,29,18,78568,,,78568,2286,2.997,0,0
19940703,555,8,65,32,19,78715,,,78715,2433,3.189,0,0
19940703,555,8,100,33,20,78811,,,78811,2529,3.315,0,0
19940703,555,8,105,18,21,78890,,,78890,2608,3.419,0,0
19940703,555,8,81,29,22,78936,,,78936,2654,3.479,0,0
19940703,555,8,70,32,23,79066,,,79066,2784,3.65,0,0
19940703,555,8,101,31,24,79771,,,79771,3489,4.574,0,0
19940703,555,8,106,33,25,79863,,,79863,3581,4.694,0,0
19940703,555,8,111,31,26,81829,,,81829,5547,7.272,0,0
19940710,556,9,71,3,1,84960,,,84960,0,0.0,0,0
19940710,556,9,30,22,2,84963,,,84963,3,0.004,0,0
19940710,556,9,77,6,3,84980,,,84980,20,0.024,0,0
19940710,556,9,55,6,4,85541,,,85541,581,0.684,0,0
19940710,556,9,57,1,5,86268,,,86268,1308,1.54,0,0
19940710,556,9,22,17,6,86271,,,86271,1311,1.543,0,0
19940710,556,9,14,3,7,86337,,,86337,1377,1.621,0,0
19940710,556,9,79,25,8,86414,,,86414,1454,1.711,0,0
19940710,556,9,84,1,9,86768,,,86768,1808,2.128,0,0
19940710,556,9,50,22,10,86841,,,86841,1881,2.214,0,0
19940710,556,9,87,25,11,86920,,,86920,1960,2.307,0,0
19940710,556,9,56,17,12,87065,,,87065,2105,2.478,0,0
19940710,556,9,49,15,13,87284,,,87284,2324,2.735,0,0
19940710,556,9,94,18,14,87522,,,87522,2562,3.016,0,0
19940710,556,9,44,27,15,87785,,,87785,2825,3.325,0,0
19940710,556,9,81,29,16,87886,,,87886,2926,3.444,0,0
19940710,556,9,105,18,17,88100,,,88100,3140,3.696,0,0
19940710,556,9,110,15,18,88212,,,88212,3252,3.828,0,0
19940710,556,9,70,32,19,88225,,,88225,3265,3.843,0,0
19940710,556,9,104,29,20,88231,,,88231,3271,3.85,0,0
19940710,556,9,65,32,21,88340,,,88340,3380,3.978,0,0
19940710,556,9,100,33,22,88519,,,88519,3559,4.189,0,0
19940710,556,9,103,27,23,88955,,,88955,3995,4.702,0,0
19940710,556,9,106,33,24,89299,,,89299,4339,5.107,0,0
19940710,556,9,101,31,25,90690,,,90690,5730,6.744,0,0
19940710,556,9,111,31,26,90722,,,90722,5762,6.782,0,0
19940731,557,10,77,6,1,103582,,,103582,0,0.0,0,0
19940731,557,10,55,6,2,104012,,,104012,430,0.415,0,0
19940731,557,10,71,3,3,104026,,,104026,444,0.429,0,0
19940731,557,10,30,22,4,104268,,,104268,686,0.662,0,0
19940731,557,10,79,25,5,104718,,,104718,1136,1.097,0,0
19940731,557,10,14,3,6,105146,,,105146,1564,1.51,0,0
19940731,557,10,87,25,7,105474,,,105474,1892,1.827,0,0
19940731,557,10,57,1,8,105487,,,105487,1905,1.839,0,0
19940731,557,10,49,15,9,105893,,,105893,2311,2.231,0,0
19940731,557,10,56,17,10,105911,,,105911,2329,2.248,0,0
19940731,557,10,22,17,11,105939,,,105939,2357,2.275,0,0
19940731,557,10,44,27,12,106185,,,106185,2603,2.513,0,0
19940731,557,10,84,1,13,106218,,,106218,2636,2.545,0,0
19940731,557,10,103,27,14,106290,,,106290,2708,2.614,0,0
19940731,557,10,65,32,15,106630,,,106630,3048,2.943,0,0
19940731,557,10,81,29,16,106817,,,106817,3235,3.123,0,0
19940731,557,10,104,29,17,107102,,,107102,3520,3.398,0,0
19940731,557,10,110,15,18,107235,,,107235,3653,3.527,0,0
19940731,557,10,50,22,19,107316,,,107316,3734,3.605,0,0
19940731,557,10,94,18,20,107402,,,107402,3820,3.688,0,0
19940731,557,10,70,32,21,107425,,,107425,3843,3.71,0,0
19940731,557,10,100,33,22,108229,,,108229,4647,4.486,0,0
19940731,557,10,105,18,23,108295,,,108295,4713,4.55,0,0
19940731,557,10,106,33,24,108681,,,108681,5099,4.923,0,0
19940731,557,10,101,31,25,108870,,,108870,5288,5.105,0,0
19940731,557,10,111,31,26,109204,,,109204,5622,5.428,0,0
19940814,558,11,30,22,1,78258,,,78258,0,0.0,0,0
19940814,558,11,71,3,2,78824,,,78824,566,0.723,0,0
19940814,558,11,14,3,3,80205,,,80205,1947,2.488,0,0
19940814,558,11,77,6,4,80219,,,80219,1961,2.506,0,0
19940814,558,11,79,25,5,80232,,,80232,1974,2.522,0,0
19940814,558,11,84,1,6,80629,,,80629,2371,3.03,0,0
19940814,558,11,56,17,7,80698,,,80698,2440,3.118,0,0
19940814,558,11,49,15,8,80858,,,80858,2600,3.322,0,0
19940814,558,11,44,27,9,80929,,,80929,2671,3.413,0,0
19940814,558,11,22,17,10,80952,,,80952,2694,3.442,0,0
19940814,558,11,87,25,11,80984,,,80984,2726,3.483,0,0
19940814,558,11,50,22,12,81141,,,81141,2883,3.684,0,0
19940814,558,11,55,6,13,81206,,,81206,2948,3.767,0,0
19940814,558,11,112,1,14,81498,,,81498,3240,4.14,0,0
19940814,558,11,94,18,15,81837,,,81837,3579,4.573,0,0
19940814,558,11,104,29,16,81873,,,81873,3615,4.619,0,0
19940814,558,11,110,15,17,81946,,,81946,3688,4.713,0,0
19940814,558,11,103,27,18,82038,,,82038,3780,4.83,0,0
19940814,558,11,81,29,19,82311,,,82311,4053,5.179,0,0
19940814,558,11,105,18,20,82379,,,82379,4121,5.266,0,0
19940814,558,11,100,33,21,82487,,,82487,4229,5.404,0,0
19940814,558,11,70,32,22,82513,,,82513,4255,5.437,0,0
19940814,558,11,101,31,23,82614,,,82614,4356,5.566,0,0
19940814,558,11,65,32,24,82705,,,82705,4447,5.682,0,0
19940814,558,11,106,33,25,82899,,,82899,4641,5.93,0,0
19940814,558,11,111,31,26,84191,,,84191,5933,7.581,0,0
19940828,559,13,22,17,1,141163,,,141163,0,0.0,0,0
19940828,559,13,30,22,2,141494,,,141494,331,0.234,0,0
19940828,559,13,71,3,3,141681,,,141681,518,0.367,0,0
19940828,559,13,56,17,4,142074,,,142074,911,0.645,0,0
19940828,559,13,55,6,5,142202,,,142202,1039,0.736,0,0
19940828,559,13,50,22,6,142218,,,142218,1055,0.747,0,0
19940828,559,13,14,3,7,142359,,,142359,1196,0.847,0,0
19940828,559,13,57,1,8,142441,,,142441,1278,0.905,0,0
19940828,559,13,49,15,9,142634,,,142634,1471,1.042,0,0
19940828,559,13,94,18,10,143326,,,143326,2163,1.532,0,0
19940828,559,13,77,6,11,143895,,,143895,2732,1.935,0,0
19940828,559,13,87,25,12,144048,,,144048,2885,2.044,0,0
19940828,559,13,84,1,13,144117,,,144117,2954,2.093,0,0
19940828,559,13,81,29,14,145114,,,145114,3951,2.799,0,0
19940828,559,13,110,15,15,145695,,,145695,4532,3.21,0,0
19940828,559,13,103,27,16,146044,,,146044,4881,3.458,0,0
19940828,559,13,44,27,17,146079,,,146079,4916,3.482,0,0
19940828,559,13,105,18,18,146738,,,146738,5575,3.949,0,0
19940828,559,13,112,33,19,146901,,,146901,5738,4.065,0,0
19940828,559,13,65,32,20,147155,,,147155,5992,4.245,0,0
19940828,559,13,101,31,21,147212,,,147212,6049,4.285,0,0
19940828,559,13,100,33,22,148156,,,148156,6993,4.954,0,0
19940828,559,13,79,25,23,148979,,,148979,7816,5.537,0,0
19940828,559,13,104,29,24,150931,,,150931,9768,6.92,0,0
19940828,559,13,111,31,25,151755,,,151755,10592,7.503,0,0
19940828,559,13,113,32,26,153885,,,153885,12722,9.012,0,0
19940911,560,14,55,6,1,83844,,,83844,0,0.0,0,0
19940911,560,14,77,6,2,83978,,,83978,134,0.16,0,0
19940911,560,14,71,3,3,84158,,,84158,314,0.375,0,0
19940911,560,14,65,32,4,84374,,,84374,530,0.632,0,0
19940911,560,14,14,3,5,84502,,,84502,658,0.785,0,0
19940911,560,14,44,27,6,85455,,,85455,1611,1.921,0,0
19940911,560,14,57,1,7,85528,,,85528,1684,2.008,0,0
19940911,560,14,110,15,8,85540,,,85540,1696,2.023,0,0
19940911,560,14,56,17,9,85568,,,85568,1724,2.056,0,0
19940911,560,14,50,22,10,85618,,,85618,1774,2.116,0,0
19940911,560,14,49,15,11,85628,,,85628,1784,2.128,0,0
19940911,560,14,103,27,12,85718,,,85718,1874,2.235,0,0
19940911,560,14,70,32,13,85733,,,85733,1889,2.253,0,0
19940911,560,14,79,25,14,85889,,,85889,2045,2.439,0,0
19940911,560,14,84,1,15,85933,,,85933,2089,2.492,0,0
19940911,560,14,22,17,16,85946,,,85946,2102,2.507,0,0
19940911,560,14,81,29,17,86002,,,86002,2158,2.574,0,0
19940911,560,14,94,18,18,86056,,,86056,2212,2.638,0,0
19940911,560,14,104,29,19,86337,,,86337,2493,2.973,0,0
19940911,560,14,109,22,20,86384,,,86384,2540,3.029,0,0
19940911,560,14,87,25,21,86574,,,86574,2730,3.256,0,0
19940911,560,14,105,18,22,86832,,,86832,2988,3.564,0,0
19940911,560,14,114,33,23,87846,,,87846,4002,4.773,0,0
19940911,560,14,100,33,24,87894,,,87894,4050,4.83,0,0
19940911,560,14,111,31,25,88353,,,88353,4509,5.378,0,0
19940911,560,14,101,31,26,88619,,,88619,4775,5.695,0,0
19940925,561,27,77,6,1,80608,,,80608,0,0.0,0,0
19940925,561,27,71,3,2,80766,,,80766,158,0.196,0,0
19940925,561,27,14,3,3,81033,,,81033,425,0.527,0,0
19940925,561,27,57,1,4,81251,,,81251,643,0.798,0,0
19940925,561,27,55,6,5,81517,,,81517,909,1.128,0,0
19940925,561,27,79,25,6,81590,,,81590,982,1.218,0,0
19940925,561,27,84,1,7,81656,,,81656,1048,1.3,0,0
19940925,561,27,22,17,8,81796,,,81796,1188,1.474,0,0
19940925,561,27,49,15,9,81921,,,81921,1313,1.629,0,0
19940925,561,27,50,22,10,82000,,,82000,1392,1.727,0,0
19940925,561,27,104,29,11,82132,,,82132,1524,1.891,0,0
19940925,561,27,87,25,12,82288,,,82288,1680,2.084,0,0
19940925,561,27,56,17,13,82294,,,82294,1686,2.092,0,0
19940925,561,27,109,22,14,82369,,,82369,1761,2.185,0,0
19940925,561,27,44,27,15,82672,,,82672,2064,2.561,0,0
19940925,561,27,81,29,16,82756,,,82756,2148,2.665,0,0
19940925,561,27,110,15,17,82885,,,82885,2277,2.825,0,0
19940925,561,27,94,18,18,83243,,,83243,2635,3.269,0,0
19940925,561,27,105,18,19,83364,,,83364,2756,3.419,0,0
19940925,561,27,65,32,20,83408,,,83408,2800,3.474,0,0
19940925,561,27,103,27,21,83699,,,83699,3091,3.835,0,0
19940925,561,27,100,33,22,84192,,,84192,3584,4.446,0,0
19940925,561,27,114,33,23,84438,,,84438,3830,4.751,0,0
19940925,561,27,101,31,24,84514,,,84514,3906,4.846,0,0
19940925,561,27,113,32,25,85313,,,85313,4705,5.837,0,0
19940925,561,27,111,31,26,85649,,,85649,5041,6.254,0,0
19941016,562,26,30,22,1,82762,,,82762,0,0.0,0,0
19941016,562,26,71,3,2,82892,,,82892,130,0.157,0,0
19941016,562,26,95,3,3,83392,,,83392,630,0.761,0,0
19941016,562,26,49,15,4,83431,,,83431,669,0.808,0,0
19941016,562,26,22,17,5,83455,,,83455,693,0.837,0,0
19941016,562,26,77,6,6,83677,,,83677,915,1.106,0,0
19941016,562,26,65,27,7,84040,,,84040,1278,1.544,0,0
19941016,562,26,81,29,8,84079,,,84079,1317,1.591,0,0
19941016,562,26,57,1,9,84122,,,84122,1360,1.643,0,0
19941016,562,26,56,17,10,84157,,,84157,1395,1.686,0,0
19941016,562,26,44,27,11,84432,,,84432,1670,2.018,0,0
19941016,562,26,50,22,12,84643,,,84643,1881,2.273,0,0
19941016,562,26,79,25,13,84738,,,84738,1976,2.388,0,0
19941016,562,26,87,25,14,84770,,,84770,2008,2.426,0,0
19941016,562,26,84,1,15,85110,,,85110,2348,2.837,0,0
19941016,562,26,55,6,16,85182,,,85182,2420,2.924,0,0
19941016,562,26,94,18,17,85294,,,85294,2532,3.059,0,0
19941016,562,26,110,15,18,85407,,,85407,2645,3.196,0,0
19941016,562,26,104,29,19,85427,,,85427,2665,3.22,0,0
19941016,562,26,105,18,20,85511,,,85511,2749,3.322,0,0
19941016,562,26,70,32,21,85557,,,85557,2795,3.377,0,0
19941016,562,26,103,32,22,85595,,,85595,2833,3.423,0,0
19941016,562,26,100,33,23,86272,,,86272,3510,4.241,0,0
19941016,562,26,115,33,24,87168,,,87168,4406,5.324,0,0
19941016,562,26,101,31,25,87201,,,87201,4439,5.364,0,0
19941016,562,26,93,31,26,87976,,,87976,5214,6.3,0,0
19941106,563,22,30,22,1,97209,,,97209,0,0.0,0,0
19941106,563,22,71,3,2,97696,,,97696,487,0.501,0,0
19941106,563,22,49,15,3,97742,,,97742,533,0.548,0,0
19941106,563,22,95,3,4,97768,,,97768,559,0.575,0,0
19941106,563,22,65,22,5,97828,,,97828,619,0.637,0,0
19941106,563,22,56,17,6,97880,,,97880,671,0.69,0,0
19941106,563,22,55,6,7,97907,,,97907,698,0.718,0,0
19941106,563,22,57,1,8,97998,,,97998,789,0.812,0,0
19941106,563,22,84,1,9,98076,,,98076,867,0.892,0,0
19941106,563,22,22,17,10,98533,,,98533,1324,1.362,0,0
19941106,563,22,77,6,11,98570,,,98570,1361,1.4,0,0
19941106,563,22,81,29,12,99030,,,99030,1821,1.873,0,0
19941106,563,22,87,25,13,99266,,,99266,2057,2.116,0,0
19941106,563,22,79,25,14,99462,,,99462,2253,2.318,0,0
19941106,563,22,109,15,15,99483,,,99483,2274,2.339,0,0
19941106,563,22,94,18,16,99548,,,99548,2339,2.406,0,0
19941106,563,22,70,32,17,99721,,,99721,2512,2.584,0,0
19941106,563,22,104,29,18,99868,,,99868,2659,2.735,0,0
19941106,563,22,44,27,19,100042,,,100042,2833,2.914,0,0
19941106,563,22,116,27,20,100577,,,100577,3368,3.465,0,0
19941106,563,22,105,18,21,100652,,,100652,3443,3.542,0,0
19941106,563,22,100,33,22,100978,,,100978,3769,3.877,0,0
19941106,563,22,115,33,23,100990,,,100990,3781,3.89,0,0
19941106,563,22,101,31,24,101659,,,101659,4450,4.578,0,0
19941106,563,22,63,32,25,101805,,,101805,4596,4.728,0,0
19941106,563,22,89,31,26,105004,,,105004,7795,8.019,0,0
19941113,564,29,95,3,1,76179,,,76179,0,0.0,0,0
19941113,564,29,30,22,2,76197,,,76197,18,0.024,0,0
19941113,564,29,71,3,3,76830,,,76830,651,0.855,0,0
19941113,564,29,57,1,4,76992,,,76992,813,1.067,0,0
19941113,564,29,22,17,5,77537,,,77537,1358,1.783,0,0
19941113,564,29,56,17,6,77667,,,77667,1488,1.953,0,0
19941113,564,29,65,22,7,77727,,,77727,1548,2.032,0,0
19941113,564,29,55,6,8,77801,,,77801,1622,2.129,0,0
19941113,564,29,84,1,9,77950,,,77950,1771,2.325,0,0
19941113,564,29,49,15,10,77962,,,77962,1783,2.341,0,0
19941113,564,29,77,6,11,78070,,,78070,1891,2.482,0,0
19941113,564,29,44,27,12,78072,,,78072,1893,2.485,0,0
19941113,564,29,87,25,13,78237,,,78237,2058,2.702,0,0
19941113,564,29,70,32,14,78331,,,78331,2152,2.825,0,0
19941113,564,29,79,25,15,78411,,,78411,2232,2.93,0,0
19941113,564,29,105,18,16,78755,,,78755,2576,3.382,0,0
19941113,564,29,109,15,17,78806,,,78806,2627,3.448,0,0
19941113,564,29,94,18,18,78957,,,78957,2778,3.647,0,0
19941113,564,29,104,29,19,79061,,,79061,2882,3.783,0,0
19941113,564,29,116,27,20,79153,,,79153,2974,3.904,0,0
19941113,564,29,81,29,21,79610,,,79610,3431,4.504,0,0
19941113,564,29,63,32,22,79844,,,79844,3665,4.811,0,0
19941113,564,29,115,33,23,80145,,,80145,3966,5.206,0,0
19941113,564,29,101,31,24,80442,,,80442,4263,5.596,0,0
19941113,564,29,98,33,25,82422,,,82422,6243,8.195,0,0
19941113,564,29,93,31,26,82529,,,82529,6350,8.336,0,0
20090329,804,1,18,23,1,85211,84855,86202,84855,72,0.085,1,1
20090329,804,1,22,23,2,85006,84783,86505,84783,0,0.0,1,1
20090329,804,1,20,9,3,85938,85121,86830,85121,338,0.399,1,1
20090329,804,1,9,2,4,85922,85152,86914,85152,369,0.435,1,1
20090329,804,1,3,3,5,85846,85123,86973,85123,340,0.401,1,1
20090329,804,1,10,7,6,85499,85281,86975,85281,498,0.587,1,1
20090329,804,1,13,6,7,85844,85319,87033,85319,536,0.632,1,1
20090329,804,1,15,7,8,86194,85265,87127,85265,482,0.569,1,1
20090329,804,1,8,6,9,85899,85380,87163,85380,597,0.704,1,1
20090329,804,1,17,9,10,85427,85241,87246,85241,458,0.54,1,1
20090329,804,1,2,2,11,85827,85504,,85504,721,0.85,1,0
20090329,804,1,4,4,12,86026,85605,,85605,822,0.97,1,0
20090329,804,1,6,3,13,86074,85607,,85607,824,0.972,1,0
20090329,804,1,5,1,14,86184,85726,,85726,943,1.112,1,0
20090329,804,1,1,1,15,86454,,,86454,1671,1.971,0,0
20090329,804,1,67,5,16,86503,,,86503,1720,2.029,0,0
20090329,804,1,12,4,17,86598,,,86598,1815,2.141,0,0
20090329,804,1,21,10,18,86677,,,86677,1894,2.234,0,0
20090329,804,1,16,10,19,86742,,,86742,1959,2.311,0,0
20090329,804,1,7,5,20,86964,,,86964,2181,2.572,0,0
20090405,805,2,18,23,1,95058,93784,95181,93784,0,0.0,1,1
20090405,805,2,15,7,2,94745,93990,95273,93990,206,0.22,1,1
20090405,805,2,20,9,3,94935,94276,95518,94276,492,0.525,1,1
20090405,805,2,22,23,4,94681,94387,95651,94387,603,0.643,1,1
20090405,805,2,10,7,5,94907,94258,95690,94258,474,0.505,1,1
20090405,805,2,3,3,6,95083,94547,95750,94547,763,0.814,1,1
20090405,805,2,17,9,7,95027,94222,95797,94222,438,0.467,1,1
20090405,805,2,9,2,8,95166,94562,96106,94562,778,0.83,1,1
20090405,805,2,8,6,9,95476,94456,96170,94456,672,0.717,1,1
20090405,805,2,4,4,10,95260,94706,97659,94706,922,0.983,1,1
20090405,805,2,2,2,11,95110,94769,,94769,985,1.05,1,0
20090405,805,2,6,3,12,95341,94788,,94788,1004,1.071,1,0
20090405,805,2,1,1,13,95280,94905,,94905,1121,1.195,1,0
20090405,805,2,5,1,14,95023,94924,,94924,1140,1.216,1,0
20090405,805,2,7,5,15,95507,95431,,95431,1647,1.756,1,0
20090405,805,2,13,6,16,95642,,,95642,1858,1.981,0,0
20090405,805,2,12,4,17,95708,,,95708,1924,2.052,0,0
20090405,805,2,21,10,18,95908,,,95908,2124,2.265,0,0
20090405,805,2,16,10,19,95951,,,95951,2167,2.311,0,0
20090405,805,2,67,5,20,96107,,,96107,2323,2.477,0,0
20090419,806,17,20,9,1,96565,95130,96184,95130,0,0.0,1,1
20090419,806,17,4,4,2,96443,95803,96381,95803,673,0.707,1,1
20090419,806,17,17,9,3,95751,95173,96466,95173,43,0.045,1,1
20090419,806,17,22,23,4,95701,95503,96493,95503,373,0.392,1,1
20090419,806,17,18,23,5,95533,95556,96532,95533,403,0.424,1,1
20090419,806,17,15,7,6,96308,95645,96835,95645,515,0.541,1,1
20090419,806,17,3,3,7,95941,95809,97397,95809,679,0.714,1,1
20090419,806,17,8,6,8,96137,95856,98089,95856,726,0.763,1,1
20090419,806,17,1,1,9,95776,95740,98595,95740,610,0.641,1,1
20090419,806,17,67,5,10,96284,95965,99321,95965,835,0.878,1,1
20090419,806,17,2,2,11,96525,95975,,95975,845,0.888,1,0
20090419,806,17,5,1,12,96646,96032,,96032,902,0.948,1,0
20090419,806,17,13,6,13,96178,96033,,96033,903,0.949,1,0
20090419,806,17,10,7,14,96364,96066,,96066,936,0.984,1,0
20090419,806,17,6,3,15,96673,96193,,96193,1063,1.117,1,0
20090419,806,17,7,5,16,96906,,,96906,1776,1.867,0,0
20090419,806,17,12,4,17,96908,,,96908,1778,1.869,0,0
20090419,806,17,9,2,18,96966,,,96966,1836,1.93,0,0
20090419,806,17,16,10,19,97669,,,97669,2539,2.669,0,0
20090419,806,17,21,10,20,97672,,,97672,2542,2.672,0,0
20090426,807,3,15,7,1,92799,92671,93431,92671,197,0.213,1,1
20090426,807,3,10,7,2,93165,92613,93712,92613,139,0.15,1,1
20090426,807,3,20,9,3,92680,92474,94015,92474,0,0.0,1,1
20090426,807,3,18,23,4,92978,92842,94044,92842,368,0.398,1,1
20090426,807,3,1,1,5,92851,92877,94196,92851,377,0.408,1,1
20090426,807,3,22,23,6,93116,92842,94239,92842,368,0.398,1,1
20090426,807,3,4,4,7,93627,92860,94578,92860,386,0.417,1,1
20090426,807,3,13,6,8,93297,93014,94818,93014,540,0.584,1,1
20090426,807,3,3,3,9,93672,93166,95134,93166,692,0.748,1,1
20090426,807,3,8,6,10,93117,92827,95380,92827,353,0.382,1,1
20090426,807,3,5,1,11,93479,93242,,93242,768,0.831,1,0
20090426,807,3,6,3,12,93221,93348,,93221,747,0.808,1,0
20090426,807,3,9,2,13,93495,93487,,93487,1013,1.095,1,0
20090426,807,3,2,2,14,93377,93562,,93377,903,0.976,1,0
20090426,807,3,12,4,15,93608,93941,,93608,1134,1.226,1,0
20090426,807,3,16,10,16,93722,,,93722,1248,1.35,0,0
20090426,807,3,67,5,17,93753,,,93753,1279,1.383,0,0
20090426,807,3,21,10,18,93910,,,93910,1436,1.553,0,0
20090426,807,3,17,9,19,94038,,,94038,1564,1.691,0,0
20090426,807,3,7,5,20,94159,,,94159,1685,1.822,0,0
20090510,808,4,18,23,1,80707,80192,80527,80192,238,0.298,1,1
20090510,808,4,20,9,2,80715,80220,80660,80220,266,0.333,1,1
20090510,808,4,22,23,3,80808,79954,80762,79954,0,0.0,1,1
20090510,808,4,13,6,4,80484,80149,80934,80149,195,0.244,1,1
20090510,808,4,17,9,5,80689,80007,81049,80007,53,0.066,1,1
20090510,808,4,10,7,6,80877,80107,81247,80107,153,0.191,1,1
20090510,808,4,15,7,7,81189,80420,81254,80420,466,0.583,1,1
20090510,808,4,4,4,8,81186,80509,81392,80509,555,0.694,1,1
20090510,808,4,3,3,9,80745,80256,82558,80256,302,0.378,1,1
20090510,808,4,9,2,10,80931,80408,82685,80408,454,0.568,1,1
20090510,808,4,6,3,11,80818,80531,,80531,577,0.722,1,0
20090510,808,4,12,4,12,81128,80604,,80604,650,0.813,1,0
20090510,808,4,2,2,13,81095,80676,,80676,722,0.903,1,0
20090510,808,4,1,1,14,80991,80805,,80805,851,1.064,1,0
20090510,808,4,67,5,15,81033,81067,,81033,1079,1.35,1,0
20090510,808,4,8,6,16,81291,,,81291,1337,1.672,0,0
20090510,808,4,7,5,17,81300,,,81300,1346,1.683,0,0
20090510,808,4,5,1,18,81675,,,81675,1721,2.152,0,0
20090510,808,4,16,10,19,81742,,,81742,1788,2.236,0,0
20090510,808,4,21,10,20,82204,,,82204,2250,2.814,0,0
20090524,809,6,18,23,1,75210,75016,74902,74902,388,0.521,1,1
20090524,809,6,8,6,2,75746,74514,74927,74514,0,0.0,1,1
20090524,809,6,22,23,3,75425,74829,75077,74829,315,0.423,1,1
20090524,809,6,20,9,4,75915,74879,75271,74879,365,0.49,1,1
20090524,809,6,13,6,5,75340,75001,75437,75001,487,0.654,1,1
20090524,809,6,3,3,6,75094,74846,75455,74846,332,0.446,1,1
20090524,809,6,5,1,7,75495,74809,75516,74809,295,0.396,1,1
20090524,809,6,17,9,8,75260,74825,75653,74825,311,0.417,1,1
20090524,809,6,4,4,9,75898,75200,76009,75200,686,0.921,1,1
20090524,809,6,6,3,10,75930,75579,77344,75579,1065,1.429,1,1
20090524,809,6,67,5,11,75834,75833,,75833,1319,1.77,1,0
20090524,809,6,12,4,12,76013,75837,,75837,1323,1.776,1,0
20090524,809,6,21,10,13,76063,76146,,76063,1549,2.079,1,0
20090524,809,6,7,5,14,76120,76281,,76120,1606,2.155,1,0
20090524,809,6,16,10,15,76248,76545,,76248,1734,2.327,1,0
20090524,809,6,1,1,16,76264,,,76264,1750,2.349,0,0
20090524,809,6,2,2,17,76264,,,76264,1750,2.349,0,0
20090524,809,6,9,2,18,76405,,,76405,1891,2.538,0,0
20090524,809,6,15,7,19,76548,,,76548,2034,2.73,0,0
20090524,809,6,10,7,20,76788,,,76788,2274,3.052,0,0
20090607,810,5,20,9,1,87330,87016,88316,87016,0,0.0,1,1
20090607,810,5,18,23,2,87355,87230,88421,87230,214,0.246,1,1
20090607,810,5,22,23,3,87371,87418,88579,87371,355,0.408,1,1
20090607,810,5,17,9,4,87466,87416,88613,87416,400,0.46,1,1
20090607,810,5,15,7,5,87529,87195,88666,87195,179,0.206,1,1
20090607,810,5,8,6,6,87556,87387,88815,87387,371,0.426,1,1
20090607,810,5,13,6,7,87508,87349,88858,87349,333,0.383,1,1
20090607,810,5,4,4,8,87988,87473,89075,87473,457,0.525,1,1
20090607,810,5,3,3,9,87517,87418,89191,87418,402,0.462,1,1
20090607,810,5,9,2,10,87788,87455,89357,87455,439,0.505,1,1
20090607,810,5,2,2,11,87795,87521,,87521,505,0.58,1,0
20090607,810,5,6,3,12,87691,87629,,87629,613,0.704,1,0
20090607,810,5,10,7,13,88160,87795,,87795,779,0.895,1,0
20090607,810,5,5,1,14,88199,88207,,88199,1183,1.36,1,0
20090607,810,5,16,10,15,88278,88391,,88278,1262,1.45,1,0
20090607,810,5,1,1,16,88318,,,88318,1302,1.496,0,0
20090607,810,5,12,4,17,88582,,,88582,1566,1.8,0,0
20090607,810,5,67,5,18,88708,,,88708,1692,1.944,0,0
20090607,810,5,21,10,19,88717,,,88717,1701,1.955,0,0
20090607,810,5,7,5,20,88918,,,88918,1902,2.186,0,0
20090621,811,9,20,9,1,78685,78119,79509,78119,0,0.0,1,1
20090621,811,9,22,23,2,79325,78335,79856,78335,216,0.277,1,1
20090621,811,9,17,9,3,78674,78209,79868,78209,90,0.115,1,1
20090621,811,9,15,7,4,78886,78240,80091,78240,121,0.155,1,1
20090621,811,9,6,3,5,78530,78575,80216,78530,411,0.526,1,1
20090621,811,9,18,23,6,78957,78663,80289,78663,544,0.696,1,1
20090621,811,9,3,3,7,79228,78591,80361,78591,472,0.604,1,1
20090621,811,9,10,7,8,79198,78791,80490,78791,672,0.86,1,1
20090621,811,9,8,6,9,79010,78566,80715,78566,447,0.572,1,1
20090621,811,9,4,4,10,79167,78761,80741,78761,642,0.822,1,1
20090621,811,9,13,6,11,79148,78927,,78927,808,1.034,1,0
20090621,811,9,9,2,12,79730,79308,,79308,1189,1.522,1,0
20090621,811,9,5,1,13,79732,79353,,79353,1234,1.58,1,0
20090621,811,9,12,4,14,79555,79392,,79392,1273,1.63,1,0
20090621,811,9,2,2,15,79559,79448,,79448,1329,1.701,1,0
20090621,811,9,21,10,16,79802,,,79802,1683,2.154,0,0
20090621,811,9,7,5,17,79898,,,79898,1779,2.277,0,0
20090621,811,9,16,10,18,79909,,,79909,1790,2.291,0,0
20090621,811,9,1,1,19,79917,,,79917,1798,2.302,0,0
20090621,811,9,67,5,20,80236,,,80236,2117,2.71,0,0
20090712,812,20,17,9,1,91257,98038,92230,91257,0,0.0,1,1
20090712,812,20,22,23,2,91482,94455,92357,91482,225,0.247,1,1
20090712,812,20,18,23,3,91568,99032,92473,91568,311,0.341,1,1
20090712,812,20,20,9,4,91430,99504,92480,91430,173,0.19,1,1
20090712,812,20,1,1,5,91473,99149,92616,91473,216,0.237,1,1
20090712,812,20,5,1,6,91881,100826,93859,91881,624,0.684,1,1
20090712,812,20,16,10,7,92015,96740,94316,92015,758,0.831,1,1
20090712,812,20,13,6,8,91600,101708,94574,91600,343,0.376,1,1
20090712,812,20,8,6,9,91869,101730,94710,91869,612,0.671,1,1
20090712,812,20,12,4,10,92128,95737,94803,92128,871,0.954,1,1
20090712,812,20,2,2,11,91771,102310,,91771,514,0.563,1,0
20090712,812,20,4,4,12,91302,102318,,91302,45,0.049,1,0
20090712,812,20,6,3,13,91884,102500,,91884,627,0.687,1,0
20090712,812,20,15,7,14,91760,102771,,91760,503,0.551,1,0
20090712,812,20,3,3,15,91598,102859,,91598,341,0.374,1,0
20090712,812,20,9,2,16,92190,,,92190,933,1.022,0,0
20090712,812,20,67,5,17,92251,,,92251,994,1.089,0,0
20090712,812,20,21,10,18,92402,,,92402,1145,1.255,0,0
20090712,812,20,10,7,19,92423,,,92423,1166,1.278,0,0
20090712,812,20,7,5,20,93559,,,93559,2302,2.523,0,0
20090726,813,11,4,4,1,81313,80826,81569,80826,468,0.582,1,1
20090726,813,11,20,9,2,81178,80604,81607,80604,246,0.306,1,1
20090726,813,11,17,9,3,80964,80358,81741,80358,0,0.0,1,1
20090726,813,11,1,1,4,80842,80465,81839,80465,107,0.133,1,1
20090726,813,11,3,3,5,80793,80862,81890,80793,435,0.541,1,1
20090726,813,11,5,1,6,81659,80807,82095,80807,449,0.559,1,1
20090726,813,11,8,6,7,81500,80647,82468,80647,289,0.36,1,1
20090726,813,11,18,23,8,81471,80707,82511,80707,349,0.434,1,1
20090726,813,11,6,3,9,81407,80570,82835,80570,212,0.264,1,1
20090726,813,11,13,6,10,81420,80823,,80823,465,0.579,1,0
20090726,813,11,67,5,11,81571,81002,,81002,644,0.801,1,0
20090726,813,11,15,7,12,81416,81082,,81082,724,0.901,1,0
20090726,813,11,22,23,13,81558,81222,,81222,864,1.075,1,0
20090726,813,11,10,7,14,81584,81242,,81242,884,1.1,1,0
20090726,813,11,12,4,15,81278,81389,,81278,920,1.145,1,0
20090726,813,11,2,2,16,81738,,,81738,1380,1.717,0,0
20090726,813,11,21,10,17,81807,,,81807,1449,1.803,0,0
20090726,813,11,16,10,18,81868,,,81868,1510,1.879,0,0
20090726,813,11,9,2,19,81901,,,81901,1543,1.92,0,0
20090726,813,11,153,5,20,82359,,,82359,2001,2.49,0,0
20090823,814,12,1,1,1,98649,98182,99489,98182,106,0.108,1,1
20090823,814,12,5,1,2,98816,98230,99532,98230,154,0.157,1,1
20090823,814,12,22,23,3,99019,98076,99563,98076,0,0.0,1,1
20090823,814,12,20,9,4,99295,98273,99789,98273,197,0.201,1,1
20090823,814,12,18,23,5,98531,98601,99821,98531,455,0.464,1,1
20090823,814,12,8,6,6,98843,98782,100144,98782,706,0.72,1,1
20090823,814,12,3,3,7,99039,98346,100185,98346,270,0.275,1,1
20090823,814,12,4,4,8,99155,98717,100236,98717,641,0.654,1,1
20090823,814,12,17,9,9,98983,98625,100239,98625,549,0.56,1,1
20090823,814,12,9,2,10,98806,98747,100512,98747,671,0.684,1,1
20090823,814,12,2,2,11,99032,98826,,98826,750,0.765,1,0
20090823,814,12,16,10,12,99145,98846,,98846,770,0.785,1,0
20090823,814,12,10,7,13,99459,98991,,98991,915,0.933,1,0
20090823,814,12,154,4,14,99322,99040,,99040,964,0.983,1,0
20090823,814,12,67,5,15,98912,99514,,98912,836,0.852,1,0
20090823,814,12,21,10,16,99531,,,99531,1455,1.484,0,0
20090823,814,12,6,3,17,99795,,,99795,1719,1.753,0,0
20090823,814,12,15,7,18,99807,,,99807,1731,1.765,0,0
20090823,814,12,153,5,19,99925,,,99925,1849,1.885,0,0
20090823,814,12,69,6,20,101413,,,101413,3337,3.402,0,0
20090830,815,13,21,10,1,105102,104667,106308,104667,164,0.157,1,1
20090830,815,13,15,7,2,105140,104503,106395,104503,0,0.0,1,1
20090830,815,13,2,2,3,105566,104709,106500,104709,206,0.197,1,1
20090830,815,13,22,23,4,105237,104834,106513,104834,331,0.317,1,1
20090830,815,13,9,2,5,105655,104557,106586,104557,54,0.052,1,1
20090830,815,13,8,6,6,105579,104953,106633,104953,450,0.431,1,1
20090830,815,13,10,7,7,105450,104877,106677,104877,374,0.358,1,1
20090830,815,13,20,9,8,105372,104592,106761,104592,89,0.085,1,1
20090830,815,13,17,9,9,105350,104924,106788,104924,421,0.403,1,1
20090830,815,13,3,3,10,105486,105047,107362,105047,544,0.521,1,1
20090830,815,13,16,10,11,105239,105119,,105119,616,0.589,1,0
20090830,815,13,1,1,12,105767,105122,,105122,619,0.592,1,0
20090830,815,13,4,4,13,105707,105136,,105136,633,0.606,1,0
20090830,815,13,18,23,14,105761,105251,,105251,748,0.716,1,0
20090830,815,13,5,1,15,105705,105259,,105259,756,0.723,1,0
20090830,815,13,67,5,16,105951,,,105951,1448,1.386,0,0
20090830,815,13,153,5,17,106302,,,106302,1799,1.721,0,0
20090830,815,13,6,3,18,106307,,,106307,1804,1.726,0,0
20090830,815,13,154,4,19,106359,,,106359,1856,1.776,0,0
20090830,815,13,69,6,20,106957,,,106957,2454,2.348,0,0
20090913,816,14,1,1,1,83375,82973,84066,82973,18,0.022,1,1
20090913,816,14,16,10,2,83576,83070,84261,83070,115,0.139,1,1
20090913,816,14,8,6,3,83349,83426,84523,83349,394,0.475,1,1
20090913,816,14,5,1,4,83515,83528,84845,83515,560,0.675,1,1
20090913,816,14,22,23,5,83483,82976,85015,82976,21,0.025,1,1
20090913,816,14,18,23,6,83403,82955,85030,82955,0,0.0,1,1
20090913,816,14,24,10,7,83578,83207,85043,83207,252,0.304,1,1
20090913,816,14,4,4,8,83708,83497,85072,83497,542,0.653,1,1
20090913,816,14,20,9,9,83558,83545,85180,83545,590,0.711,1,1
20090913,816,14,17,9,10,83755,83273,85314,83273,318,0.383,1,1
20090913,816,14,15,7,11,84014,83611,,83611,656,0.791,1,0
20090913,816,14,154,4,12,83975,83728,,83728,773,0.932,1,0
20090913,816,14,9,2,13,84001,83866,,83866,911,1.098,1,0
20090913,816,14,21,6,14,83828,83901,,83828,873,1.052,1,0
20090913,816,14,2,2,15,83584,84275,,83584,629,0.758,1,0
20090913,816,14,10,7,16,84036,,,84036,1081,1.303,0,0
20090913,816,14,6,3,17,84074,,,84074,1119,1.349,0,0
20090913,816,14,3,3,18,84121,,,84121,1166,1.406,0,0
20090913,816,14,67,5,19,84220,,,84220,1265,1.525,0,0
20090913,816,14,153,5,20,84951,,,84951,1996,2.406,0,0
20090927,817,15,1,1,1,106977,106657,107891,106657,460,0.433,1,1
20090927,817,15,20,9,2,107541,106362,108204,106362,165,0.155,1,1
20090927,817,15,3,3,3,107390,106197,108348,106197,0,0.0,1,1
20090927,817,15,17,9,4,107646,106328,108722,106328,131,0.123,1,1
20090927,817,15,22,23,5,107397,106787,108828,106787,590,0.556,1,1
20090927,817,15,4,4,6,107757,106767,109054,106767,570,0.537,1,1
20090927,817,15,10,7,7,107770,106707,109180,106707,510,0.48,1,1
20090927,817,15,2,2,8,107347,106832,109307,106832,635,0.598,1,1
20090927,817,15,9,2,9,107615,106813,109514,106813,616,0.58,1,1
20090927,817,15,5,1,10,107542,106842,109778,106842,645,0.607,1,1
20090927,817,15,6,3,11,107637,107013,,107013,816,0.768,1,0
20090927,817,15,18,23,12,107180,107141,,107141,944,0.889,1,0
20090927,817,15,8,6,13,107293,107177,,107177,980,0.923,1,0
20090927,817,15,67,5,14,107677,107369,,107369,1172,1.104,1,0
20090927,817,15,15,7,15,107690,107413,,107413,1216,1.145,1,0
20090927,817,15,16,10,16,108231,,,108231,2034,1.915,0,0
20090927,817,15,153,5,17,108340,,,108340,2143,2.018,0,0
20090927,817,15,21,6,18,108350,,,108350,2153,2.027,0,0
20090927,817,15,154,4,19,108544,,,108544,2347,2.21,0,0
20090927,817,15,24,10,20,108792,,,108792,2595,2.444,0,0
20091004,818,22,20,9,1,90883,90341,92160,90341,0,0.0,1,1
20091004,818,22,15,7,2,91063,90737,92220,90737,396,0.438,1,1
20091004,818,22,1,1,3,90917,90627,92395,90627,286,0.317,1,1
20091004,818,22,16,10,4,91386,91222,92466,91222,881,0.975,1,1
20091004,818,22,22,23,5,91272,91055,92660,91055,714,0.79,1,1
20091004,818,22,2,2,6,91501,91260,92945,91260,919,1.017,1,1
20091004,818,22,18,23,7,91041,90880,92962,90880,539,0.597,1,1
20091004,818,22,8,6,8,91288,91052,92980,91052,711,0.787,1,1
20091004,818,22,5,1,9,91499,91223,,91223,882,0.976,1,0
20091004,818,22,67,5,10,91196,91103,,91103,762,0.843,1,0
20091004,818,22,3,3,11,91286,91482,,91286,945,1.046,1,0
20091004,818,22,4,4,12,91401,91638,,91401,1060,1.173,1,0
20091004,818,22,9,2,13,91417,92341,,91417,1076,1.191,1,0
20091004,818,22,10,7,14,91550,,,91550,1209,1.338,0,0
20091004,818,22,153,5,15,91571,,,91571,1230,1.362,0,0
20091004,818,22,21,6,16,91704,,,91704,1363,1.509,0,0
20091004,818,22,6,3,17,91718,,,91718,1377,1.524,0,0
20091004,818,22,154,4,18,92073,,,92073,1732,1.917,0,0
20091004,818,22,24,10,19,92087,,,92087,1746,1.933,0,0
20091004,818,22,17,9,20,,,,,,,0,0
20091018,819,18,22,23,1,84100,81659,79576,79576,0,0.0,1,1
20091018,819,18,17,9,2,84722,80803,79668,79668,92,0.116,1,1
20091018,819,18,16,10,3,84447,80753,79912,79912,336,0.422,1,1
20091018,819,18,15,7,4,84621,80635,80097,80097,521,0.655,1,1
20091018,819,18,8,6,5,83047,81378,80168,80168,592,0.744,1,1
20091018,819,18,67,5,6,84591,80701,80250,80250,674,0.847,1,1
20091018,819,18,3,3,7,82828,80368,80326,80326,750,0.942,1,1
20091018,819,18,9,2,8,83072,81147,80631,80631,1055,1.326,1,1
20091018,819,18,6,3,9,83161,80427,80674,80427,851,1.069,1,1
20091018,819,18,4,4,10,84842,81657,81422,81422,1846,2.32,1,1
20091018,819,18,155,7,11,84335,81960,,81960,2384,2.996,1,0
20091018,819,18,153,5,12,84773,82231,,82231,2655,3.336,1,0
20091018,819,18,154,4,13,84394,82477,,82477,2901,3.646,1,0
20091018,819,18,18,23,14,84297,82504,,82504,2928,3.68,1,0
20091018,819,18,24,10,15,84645,,,84645,5069,6.37,0,0
20091018,819,18,20,9,16,85009,,,85009,5433,6.827,0,0
20091018,819,18,5,1,17,85052,,,85052,5476,6.881,0,0
20091018,819,18,1,1,18,85192,,,85192,5616,7.057,0,0
20091018,819,18,2,2,19,85515,,,85515,5939,7.463,0,0
20091018,819,18,21,6,20,100703,,,100703,21127,26.549,0,0
20091101,820,24,1,1,1,99873,99695,100948,99695,0,0.0,1,1
20091101,820,24,20,9,2,100666,99984,101615,99984,289,0.29,1,1
20091101,820,24,17,9,3,100667,100272,101726,100272,577,0.579,1,1
20091101,820,24,22,23,4,100574,100421,101786,100421,726,0.728,1,1
20091101,820,24,18,23,5,100378,100148,101892,100148,453,0.454,1,1
20091101,820,24,15,7,6,100517,100373,101897,100373,678,0.68,1,1
20091101,820,24,9,2,7,100520,100545,101992,100520,825,0.828,1,1
20091101,820,24,2,2,8,100558,100635,102343,100558,863,0.866,1,1
20091101,820,24,3,3,9,100842,100661,102583,100661,966,0.969,1,1
20091101,820,24,67,5,10,100908,100430,102713,100430,735,0.737,1,1
20091101,820,24,8,6,11,101100,100726,,100726,1031,1.034,1,0
20091101,820,24,155,7,12,101035,100777,,100777,1082,1.085,1,0
20091101,820,24,5,1,13,100808,100983,,100808,1113,1.116,1,0
20091101,820,24,6,3,14,101096,101148,,101096,1401,1.405,1,0
20091101,820,24,153,5,15,101503,101689,,101503,1808,1.814,1,0
20091101,820,24,4,4,16,101667,,,101667,1972,1.978,0,0
20091101,820,24,24,10,17,101701,,,101701,2006,2.012,0,0
20091101,820,24,16,10,18,101836,,,101836,2141,2.148,0,0
20091101,820,24,154,4,19,101950,,,101950,2255,2.262,0,0
20091101,820,24,21,6,20,102184,,,102184,2489,2.497,0,0
20100314,821,3,20,9,1,115029,113883,114101,113883,0,0.0,1,1
20100314,821,3,13,6,2,115313,114331,114242,114242,359,0.315,1,1
20100314,821,3,4,6,3,114612,114172,114608,114172,289,0.254,1,1
20100314,821,3,1,1,4,115341,114707,115217,114707,824,0.724,1,1
20100314,821,3,3,130,5,115463,114682,115241,114682,799,0.702,1,1
20100314,821,3,17,9,6,115298,114318,115284,114318,435,0.382,1,1
20100314,821,3,30,130,7,115593,115105,115524,115105,1222,1.073,1,1
20100314,821,3,18,1,8,115715,115168,115672,115168,1285,1.128,1,1
20100314,821,3,9,4,9,115511,114963,115885,114963,1080,0.948,1,1
20100314,821,3,16,10,10,115213,114996,116309,114996,1113,0.977,1,1
20100314,821,3,22,3,11,115969,115330,,115330,1447,1.271,1,0
20100314,821,3,24,10,12,115628,115623,,115623,1740,1.528,1,0
20100314,821,3,808,3,13,116375,115857,,115857,1974,1.733,1,0
20100314,821,3,37,15,14,116428,116237,,116237,2354,2.067,1,0
20100314,821,3,67,5,15,116189,116265,,116189,2306,2.025,1,0
20100314,821,3,155,15,16,116541,116270,,116270,2387,2.096,1,0
20100314,821,3,809,4,17,116167,116619,,116167,2284,2.006,1,0
20100314,821,3,153,5,18,117071,,,117071,3188,2.799,0,0
20100314,821,3,10,165,19,119728,,,119728,5845,5.132,0,0
20100314,821,3,15,203,20,119852,,,119852,5969,5.241,0,0
20100314,821,3,5,203,21,120313,,,120313,6430,5.646,0,0
20100314,821,3,810,165,22,120587,,,120587,6704,5.887,0,0
20100314,821,3,811,163,23,123204,,,123204,9321,8.185,0,0
20100314,821,3,812,163,24,124904,,,124904,11021,9.677,0,0
20100328,822,1,20,9,1,84774,84096,83919,83919,0,0.0,1,1
20100328,822,1,17,9,2,85286,84276,84035,84035,116,0.138,1,1
20100328,822,1,4,6,3,85082,84335,84111,84111,192,0.229,1,1
20100328,822,1,18,1,4,84897,84531,84675,84531,612,0.729,1,1
20100328,822,1,13,6,5,85548,85010,84837,84837,918,1.094,1,1
20100328,822,1,3,130,6,84788,84788,84884,84788,869,1.036,1,1
20100328,822,1,30,130,7,85351,84871,84927,84871,952,1.134,1,1
20100328,822,1,22,3,8,85702,85085,85217,85085,1166,1.389,1,1
20100328,822,1,9,4,9,85588,85122,85372,85122,1203,1.434,1,1
20100328,822,1,16,10,10,85504,85046,86036,85046,1127,1.343,1,1
20100328,822,1,1,1,11,85046,85184,,85046,1127,1.343,1,0
20100328,822,1,67,5,12,86061,85638,,85638,1719,2.048,1,0
20100328,822,1,24,10,13,86170,85743,,85743,1824,2.174,1,0
20100328,822,1,37,15,14,86089,85747,,85747,1828,2.178,1,0
20100328,822,1,808,3,15,85866,85748,,85748,1829,2.179,1,0
20100328,822,1,155,15,16,86251,85777,,85777,1858,2.214,1,0
20100328,822,1,153,5,17,86095,86089,,86089,2170,2.586,1,0
20100328,822,1,809,4,18,86471,,,86471,2552,3.041,0,0
20100328,822,1,5,203,19,88797,,,88797,4878,5.813,0,0
20100328,822,1,15,203,20,89111,,,89111,5192,6.187,0,0
20100328,822,1,10,165,21,89592,,,89592,5673,6.76,0,0
20100328,822,1,810,165,22,90185,,,90185,6266,7.467,0,0
20100328,822,1,811,163,23,90526,,,90526,6607,7.873,0,0
20100328,822,1,812,163,24,90613,,,90613,6694,7.977,0,0
20100404,823,2,17,9,1,111886,108210,109327,108210,1927,1.813,1,1
20100404,823,2,3,130,2,112560,107417,110673,107417,1134,1.067,1,1
20100404,823,2,20,9,3,107632,106828,110789,106828,545,0.513,1,1
20100404,823,2,16,10,4,109479,107085,110914,107085,802,0.755,1,1
20100404,823,2,808,3,5,109664,107346,111001,107346,1063,1.0,1,1
20100404,823,2,9,4,6,106283,106951,111051,106283,0,0.0,1,1
20100404,823,2,22,3,7,110301,108371,111511,108371,2088,1.965,1,1
20100404,823,2,30,130,8,112239,108400,111717,108400,2117,1.992,1,1
20100404,823,2,155,15,9,108467,107792,111767,107792,1509,1.42,1,1
20100404,823,2,24,10,10,109922,108238,112254,108238,1955,1.839,1,1
20100404,823,2,809,4,11,107952,108760,,107952,1669,1.57,1,0
20100404,823,2,37,15,12,107153,108771,,107153,870,0.819,1,0
20100404,823,2,67,5,13,108945,109207,,108945,2662,2.505,1,0
20100404,823,2,153,5,14,108655,109464,,108655,2372,2.232,1,0
20100404,823,2,5,203,15,112875,112270,,112270,5987,5.633,1,0
20100404,823,2,10,165,16,112398,112520,,112398,6115,5.754,1,0
20100404,823,2,18,1,17,112211,,,112211,5928,5.578,0,0
20100404,823,2,15,203,18,112884,,,112884,6601,6.211,0,0
20100404,823,2,4,6,19,113044,,,113044,6761,6.361,0,0
20100404,823,2,1,1,20,113050,,,113050,6767,6.367,0,0
20100404,823,2,13,6,21,113283,,,113283,7000,6.586,0,0
20100404,823,2,812,163,22,116299,,,116299,10016,9.424,0,0
20100404,823,2,811,163,23,117269,,,117269,10986,10.337,0,0
20100404,823,2,810,165,24,119977,,,119977,13694,12.884,0,0
20100418,824,17,20,9,1,96317,95280,94558,94558,0,0.0,1,1
20100418,824,17,17,9,2,95978,95100,94808,94808,250,0.264,1,1
20100418,824,17,4,6,3,95987,95235,94913,94913,355,0.375,1,1
20100418,824,17,3,130,4,95952,95134,94923,94923,365,0.386,1,1
20100418,824,17,18,1,5,96122,95443,94979,94979,421,0.445,1,1
20100418,824,17,1,1,6,95641,94928,95034,94928,370,0.391,1,1
20100418,824,17,13,6,7,96076,95290,95180,95180,622,0.658,1,1
20100418,824,17,9,4,8,96348,95550,95364,95364,806,0.852,1,1
20100418,824,17,30,130,9,96484,95715,95646,95646,1088,1.151,1,1
20100418,824,17,16,10,10,96671,95665,95963,95665,1107,1.171,1,1
20100418,824,17,22,3,11,96664,95748,,95748,1190,1.258,1,0
20100418,824,17,153,5,12,96618,96047,,96047,1489,1.575,1,0
20100418,824,17,67,5,13,96793,96149,,96149,1591,1.683,1,0
20100418,824,17,809,4,14,97031,96311,,96311,1753,1.854,1,0
20100418,824,17,155,15,15,97044,96422,,96422,1864,1.971,1,0
20100418,824,17,808,3,16,97049,96647,,96647,2089,2.209,1,0
20100418,824,17,37,15,17,97050,97020,,97020,2462,2.604,1,0
20100418,824,17,24,10,18,97161,,,97161,2603,2.753,0,0
20100418,824,17,10,165,19,99278,,,99278,4720,4.992,0,0
20100418,824,17,15,203,20,99399,,,99399,4841,5.12,0,0
20100418,824,17,5,203,21,99520,,,99520,4962,5.248,0,0
20100418,824,17,810,165,22,99783,,,99783,5225,5.526,0,0
20100418,824,17,811,163,23,100469,,,100469,5911,6.251,0,0
20100418,824,17,812,163,24,100578,,,100578,6020,6.366,0,0
20100509,825,4,17,9,1,81412,80655,79995,79995,0,0.0,1,1
20100509,825,4,20,9,2,81680,80772,80101,80101,106,0.133,1,1
20100509,825,4,1,1,3,81723,81415,80829,80829,834,1.043,1,1
20100509,825,4,4,6,4,81957,81549,80937,80937,942,1.178,1,1
20100509,825,4,18,1,5,81915,81168,80991,80991,996,1.245,1,1
20100509,825,4,30,130,6,82528,81557,81294,81294,1299,1.624,1,1
20100509,825,4,9,4,7,82488,81599,81353,81353,1358,1.698,1,1
20100509,825,4,3,130,8,82419,81867,81408,81408,1413,1.766,1,1
20100509,825,4,13,6,9,82564,81841,81585,81585,1590,1.988,1,1
20100509,825,4,155,15,10,82577,81725,81984,81725,1730,2.163,1,1
20100509,825,4,16,10,11,82628,81985,,81985,1990,2.488,1,0
20100509,825,4,37,15,12,82211,82026,,82026,2031,2.539,1,0
20100509,825,4,808,3,13,82857,82131,,82131,2136,2.67,1,0
20100509,825,4,809,4,14,82976,82139,,82139,2144,2.68,1,0
20100509,825,4,67,5,15,82699,82191,,82191,2196,2.745,1,0
20100509,825,4,153,5,16,82593,82207,,82207,2212,2.765,1,0
20100509,825,4,24,10,17,83084,82854,,82854,2859,3.574,1,0
20100509,825,4,22,3,18,83125,,,83125,3130,3.913,0,0
20100509,825,4,15,203,19,84674,,,84674,4679,5.849,0,0
20100509,825,4,5,203,20,84748,,,84748,4753,5.942,0,0
20100509,825,4,10,165,21,85475,,,85475,5480,6.85,0,0
20100509,825,4,810,165,22,85556,,,85556,5561,6.952,0,0
20100509,825,4,812,163,23,86750,,,86750,6755,8.444,0,0
20100509,825,4,811,163,24,87122,,,87122,7127,8.909,0,0
20100516,826,6,17,9,1,75035,74462,73826,73826,0,0.0,1,1
20100516,826,6,9,4,2,75045,74549,74120,74120,294,0.398,1,1
20100516,826,6,20,9,3,75110,74568,74227,74227,401,0.543,1,1
20100516,826,6,13,6,4,74757,74405,74283,74283,457,0.619,1,1
20100516,826,6,1,1,5,75676,74527,74432,74432,606,0.821,1,1
20100516,826,6,3,130,6,75188,74375,74544,74375,549,0.744,1,1
20100516,826,6,30,130,7,75649,74691,74590,74590,764,1.035,1,1
20100516,826,6,18,1,8,75623,75150,74637,74637,811,1.099,1,1
20100516,826,6,22,3,9,75590,75083,74901,74901,1075,1.456,1,1
20100516,826,6,24,10,10,75397,75061,75170,75061,1235,1.673,1,1
20100516,826,6,808,3,11,76030,75317,,75317,1491,2.02,1,0
20100516,826,6,16,10,12,75445,75318,,75318,1492,2.021,1,0
20100516,826,6,67,5,13,75961,75413,,75413,1587,2.15,1,0
20100516,826,6,809,4,14,75482,75576,,75482,1656,2.243,1,0
20100516,826,6,37,15,15,75908,75692,,75692,1866,2.528,1,0
20100516,826,6,155,15,16,76175,75992,,75992,2166,2.934,1,0
20100516,826,6,153,5,17,76021,76176,,76021,2195,2.973,1,0
20100516,826,6,5,203,18,77094,,,77094,3268,4.427,0,0
20100516,826,6,15,203,19,77134,,,77134,3308,4.481,0,0
20100516,826,6,10,165,20,77377,,,77377,3551,4.81,0,0
20100516,826,6,810,165,21,77864,,,77864,4038,5.47,0,0
20100516,826,6,811,163,22,78509,,,78509,4683,6.343,0,0
20100516,826,6,812,163,23,79559,,,79559,5733,7.766,0,0
20100516,826,6,4,6,24,,,,,,,0,0
20100530,827,5,17,9,1,87500,86818,86295,86295,0,0.0,1,1
20100530,827,5,1,1,2,87667,87013,86433,86433,138,0.16,1,1
20100530,827,5,20,9,3,87067,86729,86760,86729,434,0.503,1,1
20100530,827,5,18,1,4,87555,87277,86781,86781,486,0.563,1,1
20100530,827,5,30,130,5,87756,87438,86857,86857,562,0.651,1,1
20100530,827,5,3,130,6,87649,87141,86952,86952,657,0.761,1,1
20100530,827,5,9,4,7,87766,87426,87039,87039,744,0.862,1,1
20100530,827,5,13,6,8,87993,87200,87082,87082,787,0.912,1,1
20100530,827,5,809,4,9,87620,87387,87430,87387,1092,1.265,1,1
20100530,827,5,155,15,10,88158,87434,88122,87434,1139,1.32,1,1
20100530,827,5,16,10,11,87951,87525,,87525,1230,1.425,1,0
20100530,827,5,4,6,12,87857,87612,,87612,1317,1.526,1,0
20100530,827,5,37,15,13,88147,87879,,87879,1584,1.836,1,0
20100530,827,5,67,5,14,88534,88273,,88273,1978,2.292,1,0
20100530,827,5,22,3,15,88336,88392,,88336,2041,2.365,1,0
20100530,827,5,153,5,16,88460,88540,,88460,2165,2.509,1,0
20100530,827,5,808,3,17,88227,88841,,88227,1932,2.239,1,0
20100530,827,5,24,10,18,88958,,,88958,2663,3.086,0,0
20100530,827,5,15,203,19,90237,,,90237,3942,4.568,0,0
20100530,827,5,5,203,20,90519,,,90519,4224,4.895,0,0
20100530,827,5,10,165,21,90744,,,90744,4449,5.156,0,0
20100530,827,5,811,163,22,91266,,,91266,4971,5.76,0,0
20100530,827,5,810,165,23,91989,,,91989,5694,6.598,0,0
20100530,827,5,812,163,24,92060,,,92060,5765,6.681,0,0
20100613,828,7,1,1,1,75889,75528,75105,75105,0,0.0,1,1
20100613,828,7,17,9,2,76423,75692,75373,75373,268,0.357,1,1
20100613,828,7,20,9,3,76129,75556,75420,75420,315,0.419,1,1
20100613,828,7,4,6,4,76171,75597,75435,75435,330,0.439,1,1
20100613,828,7,18,1,5,76371,75742,75520,75520,415,0.553,1,1
20100613,828,7,24,10,6,77086,76171,75648,75648,543,0.723,1,1
20100613,828,7,13,6,7,76673,76314,75688,75688,583,0.776,1,1
20100613,828,7,9,4,8,76370,75682,75715,75682,577,0.768,1,1
20100613,828,7,16,10,9,76495,76295,75881,75881,776,1.033,1,1
20100613,828,7,3,130,10,76350,76001,76071,76001,896,1.193,1,1
20100613,828,7,22,3,11,76880,76434,,76434,1329,1.77,1,0
20100613,828,7,808,3,12,76770,76438,,76438,1333,1.775,1,0
20100613,828,7,30,130,13,76598,76492,,76492,1387,1.847,1,0
20100613,828,7,809,4,14,76569,76844,,76569,1464,1.949,1,0
20100613,828,7,67,5,15,77356,76928,,76928,1823,2.427,1,0
20100613,828,7,153,5,16,77027,77029,,77027,1922,2.559,1,0
20100613,828,7,37,15,17,77611,77384,,77384,2279,3.034,1,0
20100613,828,7,155,15,18,78019,,,78019,2914,3.88,0,0
20100613,828,7,5,203,19,78237,,,78237,3132,4.17,0,0
20100613,828,7,15,203,20,78698,,,78698,3593,4.784,0,0
20100613,828,7,10,165,21,78941,,,78941,3836,5.108,0,0
20100613,828,7,811,163,22,79484,,,79484,4379,5.831,0,0
20100613,828,7,810,165,23,79675,,,79675,4570,6.085,0,0
20100613,828,7,812,163,24,87757,,,87757,12652,16.846,0,0
20100627,829,12,20,9,1,98324,98015,97587,97587,0,0.0,1,1
20100627,829,12,17,9,2,98549,98041,97662,97662,75,0.077,1,1
20100627,829,12,1,1,3,98697,98158,97969,97969,382,0.391,1,1
20100627,829,12,4,6,4,98472,98179,98075,98075,488,0.5,1,1
20100627,829,12,13,6,5,98657,98046,98127,98046,459,0.47,1,1
20100627,829,12,9,4,6,98132,98062,98137,98062,475,0.487,1,1
20100627,829,12,18,1,7,98360,98399,98210,98210,623,0.638,1,1
20100627,829,12,808,3,8,98843,98523,98428,98428,841,0.862,1,1
20100627,829,12,22,3,9,98449,98326,98428,98326,739,0.757,1,1
20100627,829,12,809,4,10,99004,98552,98523,98523,936,0.959,1,1
20100627,829,12,67,5,11,99096,98586,,98586,999,1.024,1,0
20100627,829,12,3,130,12,98752,98627,,98627,1040,1.066,1,0
20100627,829,12,16,10,13,99021,98851,,98851,1264,1.295,1,0
20100627,829,12,24,10,14,98969,98884,,98884,1297,1.329,1,0
20100627,829,12,30,130,15,98994,99234,,98994,1407,1.442,1,0
20100627,829,12,37,15,16,99003,99264,,99003,1416,1.451,1,0
20100627,829,12,153,5,17,99128,99458,,99128,1541,1.579,1,0
20100627,829,12,155,15,18,99343,,,99343,1756,1.799,0,0
20100627,829,12,15,203,19,100658,,,100658,3071,3.147,0,0
20100627,829,12,5,203,20,100882,,,100882,3295,3.376,0,0
20100627,829,12,810,165,21,102086,,,102086,4499,4.61,0,0
20100627,829,12,10,165,22,102140,,,102140,4553,4.666,0,0
20100627,829,12,812,163,23,102600,,,102600,5013,5.137,0,0
20100627,829,12,811,163,24,102851,,,102851,5264,5.394,0,0
20100711,830,9,20,9,1,90841,90480,89615,89615,0,0.0,1,1
20100711,830,9,17,9,2,90858,90114,89758,89758,143,0.16,1,1
20100711,830,9,4,6,3,90997,90700,90426,90426,811,0.905,1,1
20100711,830,9,1,1,4,91297,91118,90556,90556,941,1.05,1,1
20100711,830,9,3,130,5,91626,91085,90625,90625,1010,1.127,1,1
20100711,830,9,9,4,6,91680,91344,91040,91040,1425,1.59,1,1
20100711,830,9,13,6,7,91313,91010,91172,91010,1395,1.557,1,1
20100711,830,9,22,3,8,91424,91126,91175,91126,1511,1.686,1,1
20100711,830,9,37,15,9,91533,91327,91274,91274,1659,1.851,1,1
20100711,830,9,30,130,10,92058,91022,91430,91022,1407,1.57,1,1
20100711,830,9,16,10,11,91109,91399,,91109,1494,1.667,1,0
20100711,830,9,155,15,12,91851,91421,,91421,1806,2.015,1,0
20100711,830,9,808,3,13,92144,91635,,91635,2020,2.254,1,0
20100711,830,9,18,1,14,91435,91699,,91435,1820,2.031,1,0
20100711,830,9,24,10,15,92226,91708,,91708,2093,2.336,1,0
20100711,830,9,809,4,16,91638,91796,,91638,2023,2.257,1,0
20100711,830,9,67,5,17,91901,92012,,91901,2286,2.551,1,0
20100711,830,9,153,5,18,92430,,,92430,2815,3.141,0,0
20100711,830,9,5,203,19,94405,,,94405,4790,5.345,0,0
20100711,830,9,10,165,20,94775,,,94775,5160,5.758,0,0
20100711,830,9,15,203,21,94864,,,94864,5249,5.857,0,0
20100711,830,9,810,165,22,95212,,,95212,5597,6.246,0,0
20100711,830,9,812,163,23,96576,,,96576,6961,7.768,0,0
20100711,830,9,29,163,24,96968,,,96968,7353,8.205,0,0
20100725,831,10,20,9,1,75152,74249,73791,73791,0,0.0,1,1
20100725,831,10,4,6,2,74808,74081,73793,73793,2,0.003,1,1
20100725,831,10,13,6,3,75216,74478,74290,74290,499,0.676,1,1
20100725,831,10,17,9,4,75334,74340,74347,74340,549,0.744,1,1
20100725,831,10,18,1,5,75823,74716,74427,74427,636,0.862,1,1
20100725,831,10,1,1,6,75505,74488,74566,74488,697,0.945,1,1
20100725,831,10,9,4,7,75736,74835,75079,74835,1044,1.415,1,1
20100725,831,10,22,3,8,76398,74698,75109,74698,907,1.229,1,1
20100725,831,10,3,130,9,76178,75018,75179,75018,1227,1.663,1,1
20100725,831,10,808,3,10,76387,74943,75339,74943,1152,1.561,1,1
20100725,831,10,30,130,11,76084,75026,,75026,1235,1.674,1,0
20100725,831,10,155,15,12,75951,75084,,75084,1293,1.752,1,0
20100725,831,10,809,4,13,76521,75307,,75307,1516,2.054,1,0
20100725,831,10,16,10,14,76220,75467,,75467,1676,2.271,1,0
20100725,831,10,37,15,15,76450,75550,,75550,1759,2.384,1,0
20100725,831,10,153,5,16,76664,75588,,75588,1797,2.435,1,0
20100725,831,10,67,5,17,76029,75974,,75974,2183,2.958,1,0
20100725,831,10,15,203,18,77583,,,77583,3792,5.139,0,0
20100725,831,10,5,203,19,78300,,,78300,4509,6.111,0,0
20100725,831,10,10,165,20,78343,,,78343,4552,6.169,0,0
20100725,831,10,811,163,21,78592,,,78592,4801,6.506,0,0
20100725,831,10,24,10,22,78952,,,78952,5161,6.994,0,0
20100725,831,10,29,163,23,79844,,,79844,6053,8.203,0,0
20100725,831,10,810,165,24,,,,,,,0,0
20100801,832,11,20,9,1,80417,79573,78773,78773,0,0.0,1,1
20100801,832,11,17,9,2,81132,79531,79184,79184,411,0.522,1,1
20100801,832,11,4,6,3,81278,80237,79987,79987,1214,1.541,1,1
20100801,832,11,13,6,4,81299,80857,80331,80331,1558,1.978,1,1
20100801,832,11,1,1,5,81455,80877,80499,80499,1726,2.191,1,1
20100801,832,11,3,130,6,81212,80811,81082,80811,2038,2.587,1,1
20100801,832,11,809,4,7,81558,80797,81229,80797,2024,2.569,1,1
20100801,832,11,9,4,8,81159,80867,81328,80867,2094,2.658,1,1
20100801,832,11,37,15,9,81891,81273,81411,81273,2500,3.174,1,1
20100801,832,11,808,3,10,81598,81275,81710,81275,2502,3.176,1,1
20100801,832,11,18,1,11,81422,81292,,81292,2519,3.198,1,0
20100801,832,11,22,3,12,81478,81331,,81331,2558,3.247,1,0
20100801,832,11,16,10,13,82080,81517,,81517,2744,3.483,1,0
20100801,832,11,30,130,14,81840,81630,,81630,2857,3.627,1,0
20100801,832,11,67,5,15,81982,81897,,81897,3124,3.966,1,0
20100801,832,11,24,10,16,81789,81927,,81789,3016,3.829,1,0
20100801,832,11,153,5,17,81978,81998,,81978,3205,4.069,1,0
20100801,832,11,155,15,18,82222,,,82222,3449,4.378,0,0
20100801,832,11,10,165,19,84050,,,84050,5277,6.699,0,0
20100801,832,11,5,203,20,84120,,,84120,5347,6.788,0,0
20100801,832,11,15,203,21,84199,,,84199,5426,6.888,0,0
20100801,832,11,810,165,22,85118,,,85118,6345,8.055,0,0
20100801,832,11,811,163,23,86391,,,86391,7618,9.671,0,0
20100801,832,11,29,163,24,86453,,,86453,7680,9.75,0,0
20100829,833,13,17,9,1,117352,107253,105778,105778,0,0.0,1,1
20100829,833,13,1,1,2,116706,106211,105863,105863,85,0.08,1,1
20100829,833,13,9,4,3,116041,107320,106100,106100,322,0.304,1,1
20100829,833,13,20,9,4,118487,107245,106127,106127,349,0.33,1,1
20100829,833,13,18,1,5,117981,106790,106206,106206,428,0.405,1,1
20100829,833,13,13,6,6,118323,107322,106314,106314,536,0.507,1,1
20100829,833,13,22,3,7,115757,107797,106602,106602,824,0.779,1,1
20100829,833,13,16,10,8,118730,107292,106659,106659,881,0.833,1,1
20100829,833,13,808,3,9,115442,107821,107053,107053,1275,1.205,1,1
20100829,833,13,4,6,10,117023,107544,107441,107441,1663,1.572,1,1
20100829,833,13,30,130,11,116313,107874,,107874,2096,1.982,1,0
20100829,833,13,3,130,12,114826,107885,,107885,2107,1.992,1,0
20100829,833,13,153,5,13,118944,108267,,108267,2489,2.353,1,0
20100829,833,13,24,10,14,121102,108680,,108680,2902,2.743,1,0
20100829,833,13,67,5,15,120386,109209,,109209,3431,3.244,1,0
20100829,833,13,5,203,16,121343,110980,,110980,5202,4.918,1,0
20100829,833,13,10,165,17,121316,112049,,112049,6271,5.928,1,0
20100829,833,13,15,203,18,121491,,,121491,15713,14.855,0,0
20100829,833,13,155,15,19,122284,,,122284,16506,15.604,0,0
20100829,833,13,811,163,20,123612,,,123612,17834,16.86,0,0
20100829,833,13,29,163,21,123941,,,123941,18163,17.171,0,0
20100829,833,13,37,15,22,125294,,,125294,19516,18.45,0,0
20100829,833,13,810,165,23,138754,,,138754,32976,31.175,0,0
20100829,833,13,809,4,24,,,,,,,0,0
20100912,834,14,4,6,1,82646,82297,81962,81962,0,0.0,1,1
20100912,834,14,18,1,2,83085,82354,82084,82084,122,0.149,1,1
20100912,834,14,13,6,3,82421,82610,82293,82293,331,0.404,1,1
20100912,834,14,17,9,4,83431,82706,82433,82433,471,0.575,1,1
20100912,834,14,1,1,5,82830,82394,82623,82394,432,0.527,1,1
20100912,834,14,20,9,6,83235,82701,82675,82675,713,0.87,1,1
20100912,834,14,3,130,7,83529,83055,83027,83027,1065,1.299,1,1
20100912,834,14,808,3,8,83516,82989,83037,82989,1027,1.253,1,1
20100912,834,14,9,4,9,83234,82880,83039,82880,918,1.12,1,1
20100912,834,14,22,3,10,83695,83142,83328,83142,1180,1.44,1,1
20100912,834,14,16,10,11,83493,83199,,83199,1237,1.509,1,0
20100912,834,14,30,130,12,83840,83388,,83388,1426,1.74,1,0
20100912,834,14,155,15,13,84273,83659,,83659,1697,2.07,1,0
20100912,834,14,67,5,14,83744,83681,,83681,1719,2.097,1,0
20100912,834,14,809,4,15,84086,83819,,83819,1857,2.266,1,0
20100912,834,14,153,5,16,84083,83919,,83919,1957,2.388,1,0
20100912,834,14,37,15,17,84442,84044,,84044,2082,2.54,1,0
20100912,834,14,15,203,18,85540,,,85540,3578,4.365,0,0
20100912,834,14,5,203,19,85742,,,85742,3780,4.612,0,0
20100912,834,14,24,10,20,85774,,,85774,3812,4.651,0,0
20100912,834,14,10,165,21,85934,,,85934,3972,4.846,0,0
20100912,834,14,810,165,22,85974,,,85974,4012,4.895,0,0
20100912,834,14,811,163,23,86847,,,86847,4885,5.96,0,0
20100912,834,14,29,163,24,87020,,,87020,5058,6.171,0,0
20100926,835,15,4,6,1,106541,105809,105390,105390,0,0.0,1,1
20100926,835,15,20,9,2,106960,105561,105457,105457,67,0.064,1,1
20100926,835,15,1,1,3,108296,106042,105571,105571,181,0.172,1,1
20100926,835,15,18,1,4,108032,106490,105944,105944,554,0.526,1,1
20100926,835,15,17,9,5,107088,105908,105977,105908,518,0.492,1,1
20100926,835,15,22,3,6,108183,107019,106236,106236,846,0.803,1,1
20100926,835,15,3,130,7,108554,106783,106443,106443,1053,0.999,1,1
20100926,835,15,9,4,8,107657,106949,106593,106593,1203,1.141,1,1
20100926,835,15,30,130,9,108425,107160,106702,106702,1312,1.245,1,1
20100926,835,15,155,15,10,108908,107559,107884,107559,2169,2.058,1,1
20100926,835,15,153,5,11,108127,107666,,107666,2276,2.16,1,0
20100926,835,15,808,3,12,107984,107674,,107674,2284,2.167,1,0
20100926,835,15,809,4,13,108906,108165,,108165,2775,2.633,1,0
20100926,835,15,67,5,14,109063,108502,,108502,3112,2.953,1,0
20100926,835,15,2,15,15,108696,108557,,108557,3167,3.005,1,0
20100926,835,15,16,10,16,108496,108899,,108496,3106,2.947,1,0
20100926,835,15,24,10,17,108988,108961,,108961,3571,3.388,1,0
20100926,835,15,10,165,18,110271,,,110271,4881,4.631,0,0
20100926,835,15,5,203,19,110915,,,110915,5525,5.242,0,0
20100926,835,15,810,165,20,111107,,,111107,5717,5.425,0,0
20100926,835,15,15,203,21,111641,,,111641,6251,5.931,0,0
20100926,835,15,32,163,22,112946,,,112946,7556,7.17,0,0
20100926,835,15,811,163,23,114174,,,114174,8784,8.335,0,0
20100926,835,15,13,6,24,,,,,,,0,0
20101010,836,22,20,9,1,92035,91184,90785,90785,0,0.0,1,1
20101010,836,22,17,9,2,92476,91241,90853,90853,68,0.075,1,1
20101010,836,22,1,1,3,92809,91523,91169,91169,384,0.423,1,1
20101010,836,22,9,4,4,92808,92042,91231,91231,446,0.491,1,1
20101010,836,22,4,6,5,92555,91819,91352,91352,567,0.625,1,1
20101010,836,22,18,1,6,92636,91763,91378,91378,593,0.653,1,1
20101010,836,22,3,130,7,92238,91886,91494,91494,709,0.781,1,1
20101010,836,22,22,3,8,92361,91874,91535,91535,750,0.826,1,1
20101010,836,22,808,3,9,92211,91926,91559,91559,774,0.853,1,1
20101010,836,22,30,130,10,92513,92073,91846,91846,1061,1.169,1,1
20101010,836,22,2,15,11,93011,92187,,92187,1402,1.544,1,0
20101010,836,22,13,6,12,92721,92321,,92321,1536,1.692,1,0
20101010,836,22,809,4,13,92849,92422,,92422,1637,1.803,1,0
20101010,836,22,155,15,14,92783,92427,,92427,1642,1.809,1,0
20101010,836,22,16,10,15,93186,92659,,92659,1874,2.064,1,0
20101010,836,22,153,5,16,93471,93071,,93071,2286,2.518,1,0
20101010,836,22,24,10,17,93216,93154,,93154,2369,2.609,1,0
20101010,836,22,67,5,18,93568,,,93568,2783,3.065,0,0
20101010,836,22,15,203,19,95346,,,95346,4561,5.024,0,0
20101010,836,22,5,203,20,95464,,,95464,4679,5.154,0,0
20101010,836,22,810,165,21,96265,,,96265,5480,6.036,0,0
20101010,836,22,10,165,22,96332,,,96332,5547,6.11,0,0
20101010,836,22,811,163,23,97270,,,97270,6485,7.143,0,0
20101010,836,22,29,163,24,97365,,,97365,6580,7.248,0,0
20101024,837,35,20,9,1,97123,96074,95585,95585,0,0.0,1,1
20101024,837,35,17,9,2,97373,96039,95659,95659,74,0.077,1,1
20101024,837,35,4,6,3,97144,96287,95766,95766,181,0.189,1,1
20101024,837,35,1,1,4,97113,96197,96062,96062,477,0.499,1,1
20101024,837,35,3,130,5,97708,96791,96535,96535,950,0.994,1,1
20101024,837,35,13,6,6,97515,96169,96571,96169,584,0.611,1,1
20101024,837,35,18,1,7,98123,97064,96731,96731,1146,1.199,1,1
20101024,837,35,9,4,8,97703,97179,96824,96824,1239,1.296,1,1
20101024,837,35,30,130,9,97980,97077,96950,96950,1365,1.428,1,1
20101024,837,35,22,3,10,98257,97511,96998,96998,1413,1.478,1,1
20101024,837,35,808,3,11,98115,97620,,97620,2035,2.129,1,0
20101024,837,35,155,15,12,98429,97643,,97643,2058,2.153,1,0
20101024,837,35,2,15,13,98171,97715,,97715,2130,2.228,1,0
20101024,837,35,16,10,14,98572,97783,,97783,2198,2.3,1,0
20101024,837,35,809,4,15,98174,97799,,97799,2214,2.316,1,0
20101024,837,35,153,5,16,98583,97853,,97853,2268,2.373,1,0
20101024,837,35,67,5,17,98621,98594,,98594,3009,3.148,1,0
20101024,837,35,24,10,18,98955,,,98955,3370,3.526,0,0
20101024,837,35,15,203,19,100521,,,100521,4936,5.164,0,0
20101024,837,35,10,165,20,100748,,,100748,5163,5.401,0,0
20101024,837,35,5,203,21,101768,,,101768,6183,6.469,0,0
20101024,837,35,810,165,22,102325,,,102325,6740,7.051,0,0
20101024,837,35,29,163,23,102444,,,102444,6859,7.176,0,0
20101024,837,35,811,163,24,103283,,,103283,7698,8.054,0,0
20101107,838,18,808,3,1,80050,79144,74470,74470,0,0.0,1,1
20101107,838,18,20,9,2,79160,78691,75519,75519,1049,1.409,1,1
20101107,838,18,17,9,3,79025,78516,75637,75637,1167,1.567,1,1
20101107,838,18,1,1,4,79931,78921,75747,75747,1277,1.715,1,1
20101107,838,18,4,6,5,78987,79010,75989,75989,1519,2.04,1,1
20101107,838,18,22,3,6,79799,78925,76203,76203,1733,2.327,1,1
20101107,838,18,9,4,7,79249,78877,76552,76552,2082,2.796,1,1
20101107,838,18,30,130,8,79879,78923,76925,76925,2455,3.297,1,1
20101107,838,18,13,6,9,79778,79200,77101,77101,2631,3.533,1,1
20101107,838,18,809,4,10,80189,79153,77656,77656,3186,4.278,1,1
20101107,838,18,18,1,11,79905,79288,,79288,4818,6.47,1,0
20101107,838,18,155,15,12,79741,79385,,79385,4915,6.6,1,0
20101107,838,18,3,130,13,80153,79486,,79486,5016,6.736,1,0
20101107,838,18,153,5,14,80158,79581,,79581,5111,6.863,1,0
20101107,838,18,67,5,15,80096,79847,,79847,5377,7.22,1,0
20101107,838,18,2,15,16,80174,79899,,79899,5429,7.29,1,0
20101107,838,18,24,10,17,80592,80357,,80357,5887,7.905,1,0
20101107,838,18,16,10,18,80830,,,80830,6360,8.54,0,0
20101107,838,18,10,165,19,82130,,,82130,7660,10.286,0,0
20101107,838,18,15,203,20,82250,,,82250,7780,10.447,0,0
20101107,838,18,5,203,21,82378,,,82378,7908,10.619,0,0
20101107,838,18,810,165,22,82810,,,82810,8340,11.199,0,0
20101107,838,18,32,163,23,83083,,,83083,8613,11.566,0,0
20101107,838,18,811,163,24,83796,,,83796,9326,12.523,0,0
20101114,839,24,20,9,1,100318,99874,99394,99394,0,0.0,1,1
20101114,839,24,1,1,2,100335,100119,99425,99425,31,0.031,1,1
20101114,839,24,4,6,3,100170,100311,99792,99792,398,0.4,1,1
20101114,839,24,18,1,4,100877,100014,99823,99823,429,0.432,1,1
20101114,839,24,17,9,5,100690,100074,99925,99925,531,0.534,1,1
20101114,839,24,13,6,6,100942,100323,100202,100202,808,0.813,1,1
20101114,839,24,22,3,7,100904,100476,100203,100203,809,0.814,1,1
20101114,839,24,30,130,8,101222,100452,100516,100452,1058,1.064,1,1
20101114,839,24,3,130,9,100231,100060,100589,100060,666,0.67,1,1
20101114,839,24,809,4,10,101018,100658,100901,100658,1264,1.272,1,1
20101114,839,24,9,4,11,101336,100780,,100780,1386,1.394,1,0
20101114,839,24,155,15,12,101045,100783,,100783,1389,1.397,1,0
20101114,839,24,16,10,13,101473,100914,,100914,1520,1.529,1,0
20101114,839,24,2,15,14,101409,101113,,101113,1719,1.729,1,0
20101114,839,24,808,3,15,101015,101418,,101015,1621,1.631,1,0
20101114,839,24,24,10,16,101681,101642,,101642,2248,2.262,1,0
20101114,839,24,153,5,17,101707,101738,,101707,2313,2.327,1,0
20101114,839,24,67,5,18,101824,,,101824,2430,2.445,0,0
20101114,839,24,15,203,19,103516,,,103516,4122,4.147,0,0
20101114,839,24,5,203,20,103712,,,103712,4318,4.344,0,0
20101114,839,24,10,165,21,104095,,,104095,4701,4.73,0,0
20101114,839,24,810,165,22,104510,,,104510,5116,5.147,0,0
20101114,839,24,811,163,23,105085,,,105085,5691,5.726,0,0
20101114,839,24,32,163,24,105296,,,105296,5902,5.938,0,0
20030309,698,1,30,6,1,87173,,,87173,0,0.0,0,0
20030309,698,1,22,6,2,87418,,,87418,245,0.281,0,0
20030309,698,1,31,3,3,88101,,,88101,928,1.065,0,0
20030309,698,1,49,15,4,88274,,,88274,1101,1.263,0,0
20030309,698,1,44,7,5,88288,,,88288,1115,1.279,0,0
20030309,698,1,35,16,6,88420,,,88420,1247,1.43,0,0
20030309,698,1,2,15,7,88464,,,88464,1291,1.481,0,0
20030309,698,1,18,16,8,88682,,,88682,1509,1.731,0,0
20030309,698,1,23,3,9,88830,,,88830,1657,1.901,0,0
20030309,698,1,4,4,10,88928,,,88928,1755,2.013,0,0
20030309,698,1,14,1,11,89105,,,89105,1932,2.216,0,0
20030309,698,1,15,4,12,89136,,,89136,1963,2.252,0,0
20030309,698,1,21,17,13,89344,,,89344,2171,2.49,0,0
20030309,698,1,17,19,14,89367,,,89367,2194,2.517,0,0
20030309,698,1,8,1,15,89470,,,89470,2297,2.635,0,0
20030309,698,1,43,7,16,89538,,,89538,2365,2.713,0,0
20030309,698,1,52,17,17,91242,,,91242,4069,4.668,0,0
20030309,698,1,42,19,18,91723,,,91723,4550,5.22,0,0
20030309,698,1,51,18,19,,,,,,,0,0
20030309,698,1,50,18,20,,,,,,,0,0
20030406,700,18,22,6,1,73807,,,73807,0,0.0,0,0
20030406,700,18,14,1,2,73818,,,73818,11,0.015,0,0
20030406,700,18,17,19,3,73851,,,73851,44,0.06,0,0
20030406,700,18,8,1,4,73866,,,73866,59,0.08,0,0
20030406,700,18,15,4,5,73953,,,73953,146,0.198,0,0
20030406,700,18,23,3,6,74124,,,74124,317,0.429,0,0
20030406,700,18,30,6,7,74130,,,74130,323,0.438,0,0
20030406,700,18,21,17,8,74191,,,74191,384,0.52,0,0
20030406,700,18,31,3,9,74223,,,74223,416,0.564,0,0
20030406,700,18,4,4,10,74384,,,74384,577,0.782,0,0
20030406,700,18,18,16,11,74504,,,74504,697,0.944,0,0
20030406,700,18,2,15,12,74631,,,74631,824,1.116,0,0
20030406,700,18,35,16,13,74668,,,74668,861,1.167,0,0
20030406,700,18,49,15,14,74839,,,74839,1032,1.398,0,0
20030406,700,18,44,7,15,74839,,,74839,1032,1.398,0,0
20030406,700,18,52,17,16,75240,,,75240,1433,1.942,0,0
20030406,700,18,42,19,17,75317,,,75317,1510,2.046,0,0
20030406,700,18,43,7,18,75641,,,75641,1834,2.485,0,0
20030406,700,18,50,18,19,76542,,,76542,2735,3.706,0,0
20030406,700,18,51,18,20,76586,,,76586,2779,3.765,0,0
20030420,701,21,30,6,1,82327,,,82327,0,0.0,0,0
20030420,701,21,23,3,2,82341,,,82341,14,0.017,0,0
20030420,701,21,22,6,3,82557,,,82557,230,0.279,0,0
20030420,701,21,31,3,4,82789,,,82789,462,0.561,0,0
20030420,701,21,17,19,5,83015,,,83015,688,0.836,0,0
20030420,701,21,8,1,6,83148,,,83148,821,0.997,0,0
20030420,701,21,35,16,7,83160,,,83160,833,1.012,0,0
20030420,701,21,4,4,8,83169,,,83169,842,1.023,0,0
20030420,701,21,18,16,9,83381,,,83381,1054,1.28,0,0
20030420,701,21,44,7,10,83460,,,83460,1133,1.376,0,0
20030420,701,21,2,15,11,83700,,,83700,1373,1.668,0,0
20030420,701,21,14,1,12,83818,,,83818,1491,1.811,0,0
20030420,701,21,43,7,13,83838,,,83838,1511,1.835,0,0
20030420,701,21,49,15,14,83932,,,83932,1605,1.95,0,0
20030420,701,21,42,19,15,84147,,,84147,1820,2.211,0,0
20030420,701,21,15,4,16,84190,,,84190,1863,2.263,0,0
20030420,701,21,21,17,17,84317,,,84317,1990,2.417,0,0
20030420,701,21,51,18,18,85826,,,85826,3499,4.25,0,0
20030420,701,21,52,17,19,86357,,,86357,4030,4.895,0,0
20030420,701,21,50,18,20,,,,,,,0,0
20030504,702,4,30,6,1,77762,,,77762,0,0.0,0,0
20030504,702,4,22,6,2,78020,,,78020,258,0.332,0,0
20030504,702,4,4,4,3,78233,,,78233,471,0.606,0,0
20030504,702,4,15,4,4,78615,,,78615,853,1.097,0,0
20030504,702,4,18,16,5,78704,,,78704,942,1.211,0,0
20030504,702,4,44,7,6,78811,,,78811,1049,1.349,0,0
20030504,702,4,23,3,7,79006,,,79006,1244,1.6,0,0
20030504,702,4,14,1,8,79128,,,79128,1366,1.757,0,0
20030504,702,4,31,3,9,79377,,,79377,1615,2.077,0,0
20030504,702,4,49,15,10,79427,,,79427,1665,2.141,0,0
20030504,702,4,35,16,11,79563,,,79563,1801,2.316,0,0
20030504,702,4,17,19,12,79615,,,79615,1853,2.383,0,0
20030504,702,4,43,7,13,79623,,,79623,1861,2.393,0,0
20030504,702,4,2,15,14,79646,,,79646,1884,2.423,0,0
20030504,702,4,52,17,15,80215,,,80215,2453,3.154,0,0
20030504,702,4,42,19,16,80308,,,80308,2546,3.274,0,0
20030504,702,4,21,17,17,80976,,,80976,3214,4.133,0,0
20030504,702,4,51,18,18,82104,,,82104,4342,5.584,0,0
20030504,702,4,50,18,19,82237,,,82237,4475,5.755,0,0
20030504,702,4,8,1,20,,,,,,,0,0
20030518,703,70,30,6,1,69150,,,69150,0,0.0,0,0
20030518,703,70,8,1,2,69189,,,69189,39,0.056,0,0
20030518,703,70,31,3,3,69391,,,69391,241,0.349,0,0
20030518,703,70,2,15,4,69725,,,69725,575,0.832,0,0
20030518,703,70,22,6,5,69784,,,69784,634,0.917,0,0
20030518,703,70,15,4,6,69890,,,69890,740,1.07,0,0
20030518,703,70,18,16,7,69935,,,69935,785,1.135,0,0
20030518,703,70,42,19,8,70045,,,70045,895,1.294,0,0
20030518,703,70,21,17,9,70105,,,70105,955,1.381,0,0
20030518,703,70,23,3,10,70279,,,70279,1129,1.633,0,0
20030518,703,70,44,7,11,70402,,,70402,1252,1.811,0,0
20030518,703,70,35,16,12,70618,,,70618,1468,2.123,0,0
20030518,703,70,43,7,13,70834,,,70834,1684,2.435,0,0
20030518,703,70,14,1,14,70893,,,70893,1743,2.521,0,0
20030518,703,70,49,15,15,71307,,,71307,2157,3.119,0,0
20030518,703,70,52,17,16,71505,,,71505,2355,3.406,0,0
20030518,703,70,17,19,17,71662,,,71662,2512,3.633,0,0
20030518,703,70,51,18,18,74508,,,74508,5358,7.748,0,0
20030518,703,70,4,4,19,80113,,,80113,10963,15.854,0,0
20030518,703,70,50,18,20,,,,,,,0,0
20030601,704,6,23,3,1,75259,,,75259,0,0.0,0,0
20030601,704,6,8,1,2,75295,,,75295,36,0.048,0,0
20030601,704,6,31,3,3,75415,,,75415,156,0.207,0,0
20030601,704,6,15,4,4,75500,,,75500,241,0.32,0,0
20030601,704,6,30,6,5,75644,,,75644,385,0.512,0,0
20030601,704,6,14,1,6,75700,,,75700,441,0.586,0,0
20030601,704,6,22,6,7,75820,,,75820,561,0.745,0,0
20030601,704,6,4,4,8,75884,,,75884,625,0.83,0,0
20030601,704,6,17,19,9,76237,,,76237,978,1.3,0,0
20030601,704,6,43,7,10,76744,,,76744,1485,1.973,0,0
20030601,704,6,35,16,11,76755,,,76755,1496,1.988,0,0
20030601,704,6,21,17,12,76967,,,76967,1708,2.269,0,0
20030601,704,6,42,19,13,77103,,,77103,1844,2.45,0,0
20030601,704,6,2,15,14,77176,,,77176,1917,2.547,0,0
20030601,704,6,49,15,15,77402,,,77402,2143,2.847,0,0
20030601,704,6,52,17,16,77452,,,77452,2193,2.914,0,0
20030601,704,6,44,7,17,77464,,,77464,2205,2.93,0,0
20030601,704,6,50,18,18,78706,,,78706,3447,4.58,0,0
20030601,704,6,51,18,19,80063,,,80063,4804,6.383,0,0
20030615,705,7,23,3,1,75529,,,75529,0,0.0,0,0
20030615,705,7,31,3,2,75923,,,75923,394,0.522,0,0
20030615,705,7,30,6,3,76047,,,76047,518,0.686,0,0
20030615,705,7,4,4,4,76048,,,76048,519,0.687,0,0
20030615,705,7,22,6,5,76143,,,76143,614,0.813,0,0
20030615,705,7,17,19,6,76182,,,76182,653,0.865,0,0
20030615,705,7,44,7,7,76598,,,76598,1069,1.415,0,0
20030615,705,7,15,4,8,76718,,,76718,1189,1.574,0,0
20030615,705,7,43,7,9,76826,,,76826,1297,1.717,0,0
20030615,705,7,49,15,10,76939,,,76939,1410,1.867,0,0
20030615,705,7,14,1,11,77024,,,77024,1495,1.979,0,0
20030615,705,7,2,15,12,77086,,,77086,1557,2.061,0,0
20030615,705,7,42,19,13,77337,,,77337,1808,2.394,0,0
20030615,705,7,35,16,14,77347,,,77347,1818,2.407,0,0
20030615,705,7,50,18,15,78014,,,78014,2485,3.29,0,0
20030615,705,7,21,17,16,78036,,,78036,2507,3.319,0,0
20030615,705,7,18,16,17,78205,,,78205,2676,3.543,0,0
20030615,705,7,51,18,18,78560,,,78560,3031,4.013,0,0
20030615,705,7,52,17,19,78692,,,78692,3163,4.188,0,0
20030615,705,7,8,1,20,,,,,,,0,0
20030629,706,20,8,1,1,91523,,,91523,0,0.0,0,0
20030629,706,20,30,6,2,91555,,,91555,32,0.035,0,0
20030629,706,20,23,3,3,91619,,,91619,96,0.105,0,0
20030629,706,20,31,3,4,91765,,,91765,242,0.264,0,0
20030629,706,20,22,6,5,91780,,,91780,257,0.281,0,0
20030629,706,20,15,4,6,91976,,,91976,453,0.495,0,0
20030629,706,20,44,7,7,92350,,,92350,827,0.904,0,0
20030629,706,20,4,4,8,92424,,,92424,901,0.984,0,0
20030629,706,20,14,1,9,92742,,,92742,1219,1.332,0,0
20030629,706,20,43,7,10,92949,,,92949,1426,1.558,0,0
20030629,706,20,17,19,11,93066,,,93066,1543,1.686,0,0
20030629,706,20,18,16,12,93395,,,93395,1872,2.045,0,0
20030629,706,20,21,17,13,93553,,,93553,2030,2.218,0,0
20030629,706,20,52,17,14,93827,,,93827,2304,2.517,0,0
20030629,706,20,49,15,15,94000,,,94000,2477,2.706,0,0
20030629,706,20,42,19,16,94159,,,94159,2636,2.88,0,0
20030629,706,20,35,16,17,94596,,,94596,3073,3.358,0,0
20030629,706,20,50,18,18,96318,,,96318,4795,5.239,0,0
20030629,706,20,51,18,19,96485,,,96485,4962,5.422,0,0
20030629,706,20,2,15,20,,,,,,,0,0
20030706,707,8,23,3,1,75019,,,75019,0,0.0,0,0
20030706,707,8,31,3,2,75136,,,75136,117,0.156,0,0
20030706,707,8,30,6,3,75480,,,75480,461,0.615,0,0
20030706,707,8,8,1,4,75533,,,75533,514,0.685,0,0
20030706,707,8,14,1,5,75628,,,75628,609,0.812,0,0
20030706,707,8,15,4,6,75967,,,75967,948,1.264,0,0
20030706,707,8,4,4,7,76087,,,76087,1068,1.424,0,0
20030706,707,8,22,6,8,76166,,,76166,1147,1.529,0,0
20030706,707,8,17,19,9,76308,,,76308,1289,1.718,0,0
20030706,707,8,44,7,10,76345,,,76345,1326,1.768,0,0
20030706,707,8,42,19,11,76965,,,76965,1946,2.594,0,0
20030706,707,8,35,16,12,76990,,,76990,1971,2.627,0,0
20030706,707,8,43,7,13,77068,,,77068,2049,2.731,0,0
20030706,707,8,18,16,14,77077,,,77077,2058,2.743,0,0
20030706,707,8,2,15,15,77445,,,77445,2426,3.234,0,0
20030706,707,8,49,15,16,77562,,,77562,2543,3.39,0,0
20030706,707,8,21,17,17,78431,,,78431,3412,4.548,0,0
20030706,707,8,52,17,18,78514,,,78514,3495,4.659,0,0
20030706,707,8,50,18,19,78709,,,78709,3690,4.919,0,0
20030706,707,8,51,18,20,79619,,,79619,4600,6.132,0,0
20030720,708,9,22,6,1,81209,,,81209,0,0.0,0,0
20030720,708,9,15,4,2,81381,,,81381,172,0.212,0,0
20030720,708,9,8,1,3,81695,,,81695,486,0.598,0,0
20030720,708,9,23,3,4,81727,,,81727,518,0.638,0,0
20030720,708,9,30,6,5,81867,,,81867,658,0.81,0,0
20030720,708,9,43,7,6,82081,,,82081,872,1.074,0,0
20030720,708,9,31,3,7,82214,,,82214,1005,1.238,0,0
20030720,708,9,4,4,8,82404,,,82404,1195,1.472,0,0
20030720,708,9,35,16,9,82591,,,82591,1382,1.702,0,0
20030720,708,9,42,19,10,82634,,,82634,1425,1.755,0,0
20030720,708,9,17,19,11,82647,,,82647,1438,1.771,0,0
20030720,708,9,14,1,12,82811,,,82811,1602,1.973,0,0
20030720,708,9,44,7,13,83042,,,83042,1833,2.257,0,0
20030720,708,9,49,15,14,83187,,,83187,1978,2.436,0,0
20030720,708,9,21,17,15,83574,,,83574,2365,2.912,0,0
20030720,708,9,2,15,16,83844,,,83844,2635,3.245,0,0
20030720,708,9,52,17,17,84385,,,84385,3176,3.911,0,0
20030720,708,9,51,18,18,85468,,,85468,4259,5.244,0,0
20030720,708,9,50,18,19,85759,,,85759,4550,5.603,0,0
20030720,708,9,18,16,20,,,,,,,0,0
20030803,709,10,31,3,1,75167,,,75167,0,0.0,0,0
20030803,709,10,23,3,2,75185,,,75185,18,0.024,0,0
20030803,709,10,22,6,3,75488,,,75488,321,0.427,0,0
20030803,709,10,15,4,4,75679,,,75679,512,0.681,0,0
20030803,709,10,8,1,5,75874,,,75874,707,0.941,0,0
20030803,709,10,30,6,6,75898,,,75898,731,0.973,0,0
20030803,709,10,44,7,7,76034,,,76034,867,1.153,0,0
20030803,709,10,4,4,8,76483,,,76483,1316,1.751,0,0
20030803,709,10,43,7,9,76550,,,76550,1383,1.84,0,0
20030803,709,10,14,1,10,76666,,,76666,1499,1.994,0,0
20030803,709,10,17,19,11,76775,,,76775,1608,2.139,0,0
20030803,709,10,21,17,12,76831,,,76831,1664,2.214,0,0
20030803,709,10,35,16,13,77090,,,77090,1923,2.558,0,0
20030803,709,10,49,15,14,77169,,,77169,2002,2.663,0,0
20030803,709,10,2,15,15,77557,,,77557,2390,3.18,0,0
20030803,709,10,51,19,16,78021,,,78021,2854,3.797,0,0
20030803,709,10,18,16,17,78085,,,78085,2918,3.882,0,0
20030803,709,10,52,17,18,78341,,,78341,3174,4.223,0,0
20030803,709,10,50,18,19,79023,,,79023,3856,5.13,0,0
20030803,709,10,53,18,20,79174,,,79174,4007,5.331,0,0
20030824,710,11,4,4,1,81688,,,81688,0,0.0,0,0
20030824,710,11,23,3,2,81944,,,81944,256,0.313,0,0
20030824,710,11,17,19,3,82027,,,82027,339,0.415,0,0
20030824,710,11,31,3,4,82180,,,82180,492,0.602,0,0
20030824,710,11,22,6,5,82180,,,82180,492,0.602,0,0
20030824,710,11,15,4,6,82610,,,82610,922,1.129,0,0
20030824,710,11,8,1,7,82742,,,82742,1054,1.29,0,0
20030824,710,11,30,6,8,82755,,,82755,1067,1.306,0,0
20030824,710,11,14,1,9,83060,,,83060,1372,1.68,0,0
20030824,710,11,44,7,10,83369,,,83369,1681,2.058,0,0
20030824,710,11,2,15,11,83621,,,83621,1933,2.366,0,0
20030824,710,11,51,19,12,83660,,,83660,1972,2.414,0,0
20030824,710,11,21,17,13,83726,,,83726,2038,2.495,0,0
20030824,710,11,18,16,14,83847,,,83847,2159,2.643,0,0
20030824,710,11,43,7,15,83982,,,83982,2294,2.808,0,0
20030824,710,11,35,16,16,84100,,,84100,2412,2.953,0,0
20030824,710,11,49,15,17,84569,,,84569,2881,3.527,0,0
20030824,710,11,50,18,18,86423,,,86423,4735,5.796,0,0
20030824,710,11,47,17,19,86678,,,86678,4990,6.109,0,0
20030824,710,11,53,18,20,88907,,,88907,7219,8.837,0,0
20030914,711,14,30,6,1,80963,,,80963,0,0.0,0,0
20030914,711,14,31,3,2,81014,,,81014,51,0.063,0,0
20030914,711,14,22,6,3,81242,,,81242,279,0.345,0,0
20030914,711,14,8,1,4,81466,,,81466,503,0.621,0,0
20030914,711,14,48,3,5,81834,,,81834,871,1.076,0,0
20030914,711,14,15,4,6,81944,,,81944,981,1.212,0,0
20030914,711,14,18,16,7,82301,,,82301,1338,1.653,0,0
20030914,711,14,14,1,8,82471,,,82471,1508,1.863,0,0
20030914,711,14,44,7,9,82488,,,82488,1525,1.884,0,0
20030914,711,14,35,16,10,82717,,,82717,1754,2.166,0,0
20030914,711,14,17,19,11,82754,,,82754,1791,2.212,0,0
20030914,711,14,43,7,12,82914,,,82914,1951,2.41,0,0
20030914,711,14,21,17,13,82992,,,82992,2029,2.506,0,0
20030914,711,14,49,15,14,83216,,,83216,2253,2.783,0,0
20030914,711,14,51,19,15,83484,,,83484,2521,3.114,0,0
20030914,711,14,2,15,16,83803,,,83803,2840,3.508,0,0
20030914,711,14,50,18,17,85078,,,85078,4115,5.083,0,0
20030914,711,14,47,17,18,85881,,,85881,4918,6.074,0,0
20030914,711,14,53,18,19,86778,,,86778,5815,7.182,0,0
20030914,711,14,4,4,20,100405,,,100405,19442,24.013,0,0
20030928,712,19,8,1,1,71670,,,71670,0,0.0,0,0
20030928,712,19,22,6,2,71794,,,71794,124,0.173,0,0
20030928,712,19,44,7,3,71920,,,71920,250,0.349,0,0
20030928,712,19,31,3,4,71948,,,71948,278,0.388,0,0
20030928,712,19,23,3,5,72078,,,72078,408,0.569,0,0
20030928,712,19,4,4,6,72087,,,72087,417,0.582,0,0
20030928,712,19,30,6,7,72194,,,72194,524,0.731,0,0
20030928,712,19,14,1,8,72297,,,72297,627,0.875,0,0
20030928,712,19,43,7,9,72326,,,72326,656,0.915,0,0
20030928,712,19,15,4,10,72566,,,72566,896,1.25,0,0
20030928,712,19,18,16,11,72695,,,72695,1025,1.43,0,0
20030928,712,19,35,16,12,73050,,,73050,1380,1.925,0,0
20030928,712,19,2,15,13,73083,,,73083,1413,1.972,0,0
20030928,712,19,17,19,14,73269,,,73269,1599,2.231,0,0
20030928,712,19,49,15,15,73447,,,73447,1777,2.479,0,0
20030928,712,19,51,19,16,73585,,,73585,1915,2.672,0,0
20030928,712,19,21,17,17,73798,,,73798,2128,2.969,0,0
20030928,712,19,52,17,18,74027,,,74027,2357,3.289,0,0
20030928,712,19,50,18,19,75360,,,75360,3690,5.149,0,0
20030928,712,19,53,18,20,75644,,,75644,3974,5.545,0,0
20031012,713,22,22,6,1,91713,,,91713,0,0.0,0,0
20031012,713,22,31,3,2,92412,,,92412,699,0.762,0,0
20031012,713,22,43,7,3,92419,,,92419,706,0.77,0,0
20031012,713,22,44,7,4,92862,,,92862,1149,1.253,0,0
20031012,713,22,4,4,5,93044,,,93044,1331,1.451,0,0
20031012,713,22,17,19,6,93106,,,93106,1393,1.519,0,0
20031012,713,22,14,1,7,93137,,,93137,1424,1.553,0,0
20031012,713,22,8,1,8,93272,,,93272,1559,1.7,0,0
20031012,713,22,18,16,9,93474,,,93474,1761,1.92,0,0
20031012,713,22,51,19,10,93558,,,93558,1845,2.012,0,0
20031012,713,22,2,15,11,93632,,,93632,1919,2.092,0,0
20031012,713,22,49,15,12,93896,,,93896,2183,2.38,0,0
20031012,713,22,11,16,13,93924,,,93924,2211,2.411,0,0
20031012,713,22,30,6,14,94302,,,94302,2589,2.823,0,0
20031012,713,22,52,17,15,94771,,,94771,3058,3.334,0,0
20031012,713,22,21,17,16,94912,,,94912,3199,3.488,0,0
20031012,713,22,50,18,17,94975,,,94975,3262,3.557,0,0
20031012,713,22,53,18,18,97226,,,97226,5513,6.011,0,0
20031012,713,22,23,3,19,,,,,,,0,0
20031012,713,22,15,4,20,,,,,,,0,0
20040307,714,1,30,6,1,84408,,,84408,0,0.0,0,0
20040307,714,1,22,6,2,84482,,,84482,74,0.088,0,0
20040307,714,1,31,3,3,84998,,,84998,590,0.699,0,0
20040307,714,1,18,16,4,84998,,,84998,590,0.699,0,0
20040307,714,1,4,4,5,85699,,,85699,1291,1.529,0,0
20040307,714,1,17,19,6,85805,,,85805,1397,1.655,0,0
20040307,714,1,11,16,7,85851,,,85851,1443,1.71,0,0
20040307,714,1,23,3,8,85925,,,85925,1517,1.797,0,0
20040307,714,1,15,4,9,86290,,,86290,1882,2.23,0,0
20040307,714,1,8,1,10,86297,,,86297,1889,2.238,0,0
20040307,714,1,13,15,11,87065,,,87065,2657,3.148,0,0
20040307,714,1,14,1,12,87294,,,87294,2886,3.419,0,0
20040307,714,1,43,7,13,87823,,,87823,3415,4.046,0,0
20040307,714,1,21,15,14,87845,,,87845,3437,4.072,0,0
20040307,714,1,2,17,15,88178,,,88178,3770,4.466,0,0
20040307,714,1,45,17,16,90140,,,90140,5732,6.791,0,0
20040307,714,1,47,18,17,90681,,,90681,6273,7.432,0,0
20040307,714,1,44,7,18,,,,,,,0,0
20040307,714,1,32,19,19,,,,,,,0,0
20040307,714,1,46,18,20,,,,,,,0,0
20040321,715,2,30,6,1,93074,,,93074,0,0.0,0,0
20040321,715,2,17,19,2,93715,,,93715,641,0.689,0,0
20040321,715,2,22,6,3,93756,,,93756,682,0.733,0,0
20040321,715,2,31,3,4,94054,,,94054,980,1.053,0,0
20040321,715,2,8,1,5,94164,,,94164,1090,1.171,0,0
20040321,715,2,18,16,6,94221,,,94221,1147,1.232,0,0
20040321,715,2,23,3,7,94235,,,94235,1161,1.247,0,0
20040321,715,2,15,4,8,94413,,,94413,1339,1.439,0,0
20040321,715,2,14,1,9,94602,,,94602,1528,1.642,0,0
20040321,715,2,43,7,10,94917,,,94917,1843,1.98,0,0
20040321,715,2,13,15,11,95039,,,95039,1965,2.111,0,0
20040321,715,2,21,15,12,95061,,,95061,1987,2.135,0,0
20040321,715,2,32,19,13,95158,,,95158,2084,2.239,0,0
20040321,715,2,44,7,14,95617,,,95617,2543,2.732,0,0
20040321,715,2,2,17,15,96569,,,96569,3495,3.755,0,0
20040321,715,2,46,18,16,98577,,,98577,5503,5.912,0,0
20040321,715,2,47,18,17,99272,,,99272,6198,6.659,0,0
20040321,715,2,45,17,18,99902,,,99902,6828,7.336,0,0
20040321,715,2,4,4,19,,,,,,,0,0
20040321,715,2,11,16,20,,,,,,,0,0
20040404,716,3,30,6,1,90139,,,90139,0,0.0,0,0
20040404,716,3,22,6,2,90530,,,90530,391,0.434,0,0
20040404,716,3,31,3,3,90581,,,90581,442,0.49,0,0
20040404,716,3,23,3,4,90633,,,90633,494,0.548,0,0
20040404,716,3,11,16,5,90827,,,90827,688,0.763,0,0
20040404,716,3,18,16,6,90856,,,90856,717,0.795,0,0
20040404,716,3,15,4,7,90971,,,90971,832,0.923,0,0
20040404,716,3,44,7,8,91686,,,91686,1547,1.716,0,0
20040404,716,3,43,7,9,91717,,,91717,1578,1.751,0,0
20040404,716,3,14,1,10,91719,,,91719,1580,1.753,0,0
20040404,716,3,21,15,11,91731,,,91731,1592,1.766,0,0
20040404,716,3,32,19,12,92332,,,92332,2193,2.433,0,0
20040404,716,3,13,15,13,92536,,,92536,2397,2.659,0,0
20040404,716,3,17,19,14,92625,,,92625,2486,2.758,0,0
20040404,716,3,2,17,15,93506,,,93506,3367,3.735,0,0
20040404,716,3,45,17,16,94105,,,94105,3966,4.4,0,0
20040404,716,3,4,4,17,94130,,,94130,3991,4.428,0,0
20040404,716,3,46,18,18,94584,,,94584,4445,4.931,0,0
20040404,716,3,47,18,19,95787,,,95787,5648,6.266,0,0
20040404,716,3,8,1,20,,,,,,,0,0
20040425,717,21,18,16,1,79753,,,79753,0,0.0,0,0
20040425,717,21,30,6,2,80011,,,80011,258,0.323,0,0
20040425,717,21,31,3,3,80212,,,80212,459,0.576,0,0
20040425,717,21,22,6,4,80451,,,80451,698,0.875,0,0
20040425,717,21,23,3,5,80538,,,80538,785,0.984,0,0
20040425,717,21,4,4,6,80895,,,80895,1142,1.432,0,0
20040425,717,21,11,16,7,80913,,,80913,1160,1.454,0,0
20040425,717,21,17,19,8,80921,,,80921,1168,1.465,0,0
20040425,717,21,15,4,9,81034,,,81034,1281,1.606,0,0
20040425,717,21,43,7,10,81087,,,81087,1334,1.673,0,0
20040425,717,21,14,1,11,81091,,,81091,1338,1.678,0,0
20040425,717,21,13,15,12,81532,,,81532,1779,2.231,0,0
20040425,717,21,44,7,13,81558,,,81558,1805,2.263,0,0
20040425,717,21,32,19,14,81949,,,81949,2196,2.754,0,0
20040425,717,21,45,17,15,83352,,,83352,3599,4.513,0,0
20040425,717,21,2,17,16,83488,,,83488,3735,4.683,0,0
20040425,717,21,46,18,17,86899,,,86899,7146,8.96,0,0
20040425,717,21,47,18,18,106299,,,106299,26546,33.285,0,0
20040425,717,21,21,15,19,,,,,,,0,0
20040425,717,21,8,1,20,,,,,,,0,0
20040509,718,4,30,6,1,75022,,,75022,0,0.0,0,0
20040509,718,4,31,3,2,75639,,,75639,617,0.822,0,0
20040509,718,4,11,16,3,75809,,,75809,787,1.049,0,0
20040509,718,4,15,4,4,76144,,,76144,1122,1.496,0,0
20040509,718,4,22,6,5,76272,,,76272,1250,1.666,0,0
20040509,718,4,23,3,6,76293,,,76293,1271,1.694,0,0
20040509,718,4,44,7,7,76313,,,76313,1291,1.721,0,0
20040509,718,4,4,4,8,76422,,,76422,1400,1.866,0,0
20040509,718,4,17,19,9,76514,,,76514,1492,1.989,0,0
20040509,718,4,14,1,10,76636,,,76636,1614,2.151,0,0
20040509,718,4,43,7,11,77038,,,77038,2016,2.687,0,0
20040509,718,4,21,15,12,77444,,,77444,2422,3.228,0,0
20040509,718,4,8,1,13,77445,,,77445,2423,3.23,0,0
20040509,718,4,18,16,14,77575,,,77575,2553,3.403,0,0
20040509,718,4,2,17,15,77802,,,77802,2780,3.706,0,0
20040509,718,4,32,19,16,77812,,,77812,2790,3.719,0,0
20040509,718,4,13,15,17,77866,,,77866,2844,3.791,0,0
20040509,718,4,46,18,18,79817,,,79817,4795,6.391,0,0
20040509,718,4,45,17,19,80607,,,80607,5585,7.444,0,0
20040509,718,4,47,18,20,81470,,,81470,6448,8.595,0,0
20040523,719,6,15,4,1,73985,,,73985,0,0.0,0,0
20040523,719,6,23,3,2,74345,,,74345,360,0.487,0,0
20040523,719,6,18,16,3,74396,,,74396,411,0.556,0,0
20040523,719,6,4,4,4,74408,,,74408,423,0.572,0,0
20040523,719,6,30,6,5,74516,,,74516,531,0.718,0,0
20040523,719,6,8,1,6,74592,,,74592,607,0.82,0,0
20040523,719,6,22,6,7,74716,,,74716,731,0.988,0,0
20040523,719,6,11,16,8,74827,,,74827,842,1.138,0,0
20040523,719,6,14,1,9,74951,,,74951,966,1.306,0,0
20040523,719,6,31,3,10,75039,,,75039,1054,1.425,0,0
20040523,719,6,21,15,11,75352,,,75352,1367,1.848,0,0
20040523,719,6,17,19,12,75725,,,75725,1740,2.352,0,0
20040523,719,6,44,7,13,75859,,,75859,1874,2.533,0,0
20040523,719,6,32,19,14,75919,,,75919,1934,2.614,0,0
20040523,719,6,43,7,15,76169,,,76169,2184,2.952,0,0
20040523,719,6,13,15,16,76248,,,76248,2263,3.059,0,0
20040523,719,6,2,17,17,76488,,,76488,2503,3.383,0,0
20040523,719,6,45,17,18,77443,,,77443,3458,4.674,0,0
20040523,719,6,47,18,19,80060,,,80060,6075,8.211,0,0
20040523,719,6,46,18,20,80115,,,80115,6130,8.285,0,0
20040530,720,20,30,6,1,88351,,,88351,0,0.0,0,0
20040530,720,20,11,16,2,88986,,,88986,635,0.719,0,0
20040530,720,20,15,4,3,89135,,,89135,784,0.887,0,0
20040530,720,20,8,1,4,89137,,,89137,786,0.89,0,0
20040530,720,20,18,16,5,89245,,,89245,894,1.012,0,0
20040530,720,20,4,4,6,89313,,,89313,962,1.089,0,0
20040530,720,20,22,6,7,89353,,,89353,1002,1.134,0,0
20040530,720,20,31,3,8,89354,,,89354,1003,1.135,0,0
20040530,720,20,23,3,9,89459,,,89459,1108,1.254,0,0
20040530,720,20,44,7,10,89697,,,89697,1346,1.523,0,0
20040530,720,20,43,7,11,89706,,,89706,1355,1.534,0,0
20040530,720,20,32,19,12,91431,,,91431,3080,3.486,0,0
20040530,720,20,2,17,13,91604,,,91604,3253,3.682,0,0
20040530,720,20,17,19,14,91797,,,91797,3446,3.9,0,0
20040530,720,20,45,17,15,91979,,,91979,3628,4.106,0,0
20040530,720,20,13,15,16,91982,,,91982,3631,4.11,0,0
20040530,720,20,47,18,17,94398,,,94398,6047,6.844,0,0
20040530,720,20,14,1,18,,,,,,,0,0
20040530,720,20,21,15,19,,,,,,,0,0
20040530,720,20,46,18,20,,,,,,,0,0
20040613,721,7,23,3,1,72275,,,72275,0,0.0,0,0
20040613,721,7,18,16,2,72341,,,72341,66,0.091,0,0
20040613,721,7,15,4,3,73023,,,73023,748,1.035,0,0
20040613,721,7,31,3,4,73072,,,73072,797,1.103,0,0
20040613,721,7,4,4,5,73308,,,73308,1033,1.429,0,0
20040613,721,7,30,6,6,73355,,,73355,1080,1.494,0,0
20040613,721,7,22,6,7,73562,,,73562,1287,1.781,0,0
20040613,721,7,8,1,8,73595,,,73595,1320,1.826,0,0
20040613,721,7,14,1,9,73681,,,73681,1406,1.945,0,0
20040613,721,7,32,19,10,74532,,,74532,2257,3.123,0,0
20040613,721,7,21,15,11,74674,,,74674,2399,3.319,0,0
20040613,721,7,43,7,12,74851,,,74851,2576,3.564,0,0
20040613,721,7,44,7,13,74891,,,74891,2616,3.62,0,0
20040613,721,7,17,19,14,75148,,,75148,2873,3.975,0,0
20040613,721,7,2,17,15,75321,,,75321,3046,4.214,0,0
20040613,721,7,10,17,16,76323,,,76323,4048,5.601,0,0
20040613,721,7,11,16,17,77004,,,77004,4729,6.543,0,0
20040613,721,7,47,18,18,77064,,,77064,4789,6.626,0,0
20040613,721,7,13,15,19,,,,,,,0,0
20040613,721,7,46,18,20,,,,,,,0,0
20040620,722,19,22,6,1,70223,,,70223,0,0.0,0,0
20040620,722,19,30,6,2,70400,,,70400,177,0.252,0,0
20040620,722,19,11,16,3,70601,,,70601,378,0.538,0,0
20040620,722,19,18,16,4,70820,,,70820,597,0.85,0,0
20040620,722,19,31,3,5,71062,,,71062,839,1.195,0,0
20040620,722,19,23,3,6,71106,,,71106,883,1.257,0,0
20040620,722,19,8,1,7,71137,,,71137,914,1.302,0,0
20040620,722,19,44,7,8,71167,,,71167,944,1.344,0,0
20040620,722,19,4,4,9,71185,,,71185,962,1.37,0,0
20040620,722,19,17,19,10,71286,,,71286,1063,1.514,0,0
20040620,722,19,43,7,11,71691,,,71691,1468,2.09,0,0
20040620,722,19,14,1,12,72026,,,72026,1803,2.568,0,0
20040620,722,19,32,19,13,72170,,,72170,1947,2.773,0,0
20040620,722,19,21,15,14,72470,,,72470,2247,3.2,0,0
20040620,722,19,13,15,15,72721,,,72721,2498,3.557,0,0
20040620,722,19,2,17,16,73147,,,73147,2924,4.164,0,0
20040620,722,19,45,17,17,73375,,,73375,3152,4.489,0,0
20040620,722,19,46,18,18,74010,,,74010,3787,5.393,0,0
20040620,722,19,47,18,19,74812,,,74812,4589,6.535,0,0
20040620,722,19,15,4,20,,,,,,,0,0
20040704,723,8,4,4,1,73698,,,73698,0,0.0,0,0
20040704,723,8,30,6,2,73971,,,73971,273,0.37,0,0
20040704,723,8,14,1,3,73987,,,73987,289,0.392,0,0
20040704,723,8,18,16,4,73995,,,73995,297,0.403,0,0
20040704,723,8,15,4,5,74070,,,74070,372,0.505,0,0
20040704,723,8,31,3,6,74172,,,74172,474,0.643,0,0
20040704,723,8,11,16,7,74240,,,74240,542,0.735,0,0
20040704,723,8,48,3,8,74275,,,74275,577,0.783,0,0
20040704,723,8,8,1,9,74346,,,74346,648,0.879,0,0
20040704,723,8,22,6,10,74478,,,74478,780,1.058,0,0
20040704,723,8,43,7,11,74553,,,74553,855,1.16,0,0
20040704,723,8,17,19,12,74798,,,74798,1100,1.493,0,0
20040704,723,8,32,19,13,75065,,,75065,1367,1.855,0,0
20040704,723,8,44,7,14,75130,,,75130,1432,1.943,0,0
20040704,723,8,21,15,15,76177,,,76177,2479,3.364,0,0
20040704,723,8,13,15,16,76200,,,76200,2502,3.395,0,0
20040704,723,8,2,17,17,76807,,,76807,3109,4.219,0,0
20040704,723,8,45,17,18,77462,,,77462,3764,5.107,0,0
20040704,723,8,46,18,19,77913,,,77913,4215,5.719,0,0
20040704,723,8,47,18,20,78247,,,78247,4549,6.172,0,0
20040711,724,9,8,1,1,78233,,,78233,0,0.0,0,0
20040711,724,9,22,6,2,78305,,,78305,72,0.092,0,0
20040711,724,9,18,16,3,78580,,,78580,347,0.444,0,0
20040711,724,9,30,6,4,78710,,,78710,477,0.61,0,0
20040711,724,9,15,4,5,78715,,,78715,482,0.616,0,0
20040711,724,9,4,4,6,78811,,,78811,578,0.739,0,0
20040711,724,9,14,1,7,79148,,,79148,915,1.17,0,0
20040711,724,9,31,3,8,79378,,,79378,1145,1.464,0,0
20040711,724,9,11,16,9,79688,,,79688,1455,1.86,0,0
20040711,724,9,17,19,10,80004,,,80004,1771,2.264,0,0
20040711,724,9,13,15,11,80202,,,80202,1969,2.517,0,0
20040711,724,9,44,7,12,80335,,,80335,2102,2.687,0,0
20040711,724,9,48,3,13,80335,,,80335,2102,2.687,0,0
20040711,724,9,43,7,14,80545,,,80545,2312,2.955,0,0
20040711,724,9,32,19,15,81559,,,81559,3326,4.251,0,0
20040711,724,9,45,17,16,82458,,,82458,4225,5.401,0,0
20040711,724,9,2,17,17,82677,,,82677,4444,5.68,0,0
20040711,724,9,46,18,18,83437,,,83437,5204,6.652,0,0
20040711,724,9,47,18,19,84117,,,84117,5884,7.521,0,0
20040711,724,9,21,15,20,,,,,,,0,0
20040725,725,10,30,6,1,73306,,,73306,0,0.0,0,0
20040725,725,10,31,3,2,73668,,,73668,362,0.494,0,0
20040725,725,10,18,16,3,73674,,,73674,368,0.502,0,0
20040725,725,10,8,1,4,73690,,,73690,384,0.524,0,0
20040725,725,10,14,1,5,73821,,,73821,515,0.703,0,0
20040725,725,10,4,4,6,73874,,,73874,568,0.775,0,0
20040725,725,10,15,4,7,74134,,,74134,828,1.13,0,0
20040725,725,10,22,6,8,74278,,,74278,972,1.326,0,0
20040725,725,10,11,16,9,74287,,,74287,981,1.338,0,0
20040725,725,10,44,7,10,74368,,,74368,1062,1.449,0,0
20040725,725,10,42,3,11,74556,,,74556,1250,1.705,0,0
20040725,725,10,17,19,12,74802,,,74802,1496,2.041,0,0
20040725,725,10,32,19,13,75011,,,75011,1705,2.326,0,0
20040725,725,10,21,15,14,75395,,,75395,2089,2.85,0,0
20040725,725,10,43,7,15,75454,,,75454,2148,2.93,0,0
20040725,725,10,13,15,16,75616,,,75616,2310,3.151,0,0
20040725,725,10,45,17,17,76192,,,76192,2886,3.937,0,0
20040725,725,10,2,17,18,76310,,,76310,3004,4.098,0,0
20040725,725,10,46,18,19,78055,,,78055,4749,6.478,0,0
20040725,725,10,47,18,20,78400,,,78400,5094,6.949,0,0
20040815,726,11,30,6,1,79146,,,79146,0,0.0,0,0
20040815,726,11,22,6,2,79323,,,79323,177,0.224,0,0
20040815,726,11,11,16,3,79693,,,79693,547,0.691,0,0
20040815,726,11,18,16,4,79700,,,79700,554,0.7,0,0
20040815,726,11,4,4,5,79996,,,79996,850,1.074,0,0
20040815,726,11,42,3,6,80170,,,80170,1024,1.294,0,0
20040815,726,11,31,3,7,80199,,,80199,1053,1.33,0,0
20040815,726,11,21,15,8,80324,,,80324,1178,1.488,0,0
20040815,726,11,15,4,9,80411,,,80411,1265,1.598,0,0
20040815,726,11,8,1,10,80570,,,80570,1424,1.799,0,0
20040815,726,11,17,19,11,80730,,,80730,1584,2.001,0,0
20040815,726,11,14,1,12,80897,,,80897,1751,2.212,0,0
20040815,726,11,44,7,13,81068,,,81068,1922,2.428,0,0
20040815,726,11,32,19,14,81118,,,81118,1972,2.492,0,0
20040815,726,11,41,7,15,81135,,,81135,1989,2.513,0,0
20040815,726,11,2,17,16,82180,,,82180,3034,3.833,0,0
20040815,726,11,45,17,17,82356,,,82356,3210,4.056,0,0
20040815,726,11,47,18,18,84329,,,84329,5183,6.549,0,0
20040815,726,11,46,18,19,84679,,,84679,5533,6.991,0,0
20040815,726,11,13,15,20,,,,,,,0,0
20040829,727,13,15,4,1,116232,,,116232,0,0.0,0,0
20040829,727,13,30,6,2,116304,,,116304,72,0.062,0,0
20040829,727,13,4,4,3,116686,,,116686,454,0.391,0,0
20040829,727,13,14,1,4,117990,,,117990,1758,1.512,0,0
20040829,727,13,21,15,5,118040,,,118040,1808,1.556,0,0
20040829,727,13,22,6,6,118175,,,118175,1943,1.672,0,0
20040829,727,13,17,19,7,118729,,,118729,2497,2.148,0,0
20040829,727,13,13,15,8,119008,,,119008,2776,2.388,0,0
20040829,727,13,44,7,9,119552,,,119552,3320,2.856,0,0
20040829,727,13,8,1,10,119635,,,119635,3403,2.928,0,0
20040829,727,13,31,3,11,119681,,,119681,3449,2.967,0,0
20040829,727,13,18,16,12,120237,,,120237,4005,3.446,0,0
20040829,727,13,32,19,13,121246,,,121246,5014,4.314,0,0
20040829,727,13,42,3,14,121447,,,121447,5215,4.487,0,0
20040829,727,13,11,16,15,121813,,,121813,5581,4.802,0,0
20040829,727,13,2,17,16,122645,,,122645,6413,5.517,0,0
20040829,727,13,46,18,17,122651,,,122651,6419,5.523,0,0
20040829,727,13,47,18,18,123303,,,123303,7071,6.084,0,0
20040829,727,13,45,17,19,123833,,,123833,7601,6.54,0,0
20040829,727,13,41,7,20,123895,,,123895,7663,6.593,0,0
20040926,729,17,22,6,1,94012,,,94012,0,0.0,0,0
20040926,729,17,8,1,2,94178,,,94178,166,0.177,0,0
20040926,729,17,18,16,3,94295,,,94295,283,0.301,0,0
20040926,729,17,13,15,4,94759,,,94759,747,0.795,0,0
20040926,729,17,23,3,5,94891,,,94891,879,0.935,0,0
20040926,729,17,4,4,6,94917,,,94917,905,0.963,0,0
20040926,729,17,21,15,7,94951,,,94951,939,0.999,0,0
20040926,729,17,44,7,8,94975,,,94975,963,1.024,0,0
20040926,729,17,11,16,9,94993,,,94993,981,1.043,0,0
20040926,729,17,14,1,10,95029,,,95029,1017,1.082,0,0
20040926,729,17,31,3,11,95245,,,95245,1233,1.312,0,0
20040926,729,17,17,19,12,95286,,,95286,1274,1.355,0,0
20040926,729,17,35,4,13,95384,,,95384,1372,1.459,0,0
20040926,729,17,41,7,14,95410,,,95410,1398,1.487,0,0
20040926,729,17,2,17,15,96507,,,96507,2495,2.654,0,0
20040926,729,17,32,19,16,96535,,,96535,2523,2.684,0,0
20040926,729,17,10,17,17,97140,,,97140,3128,3.327,0,0
20040926,729,17,47,18,18,100240,,,100240,6228,6.625,0,0
20040926,729,17,46,18,19,,,,,,,0,0
20040926,729,17,30,6,20,,,,,,,0,0
20041010,730,22,30,6,1,93542,,,93542,0,0.0,0,0
20041010,730,22,23,3,2,94032,,,94032,490,0.524,0,0
20041010,730,22,17,19,3,94571,,,94571,1029,1.1,0,0
20041010,730,22,11,16,4,94897,,,94897,1355,1.449,0,0
20041010,730,22,18,16,5,95157,,,95157,1615,1.726,0,0
20041010,730,22,15,7,6,95213,,,95213,1671,1.786,0,0
20041010,730,22,21,15,7,96136,,,96136,2594,2.773,0,0
20041010,730,22,14,1,8,96156,,,96156,2614,2.794,0,0
20041010,730,22,35,4,9,96274,,,96274,2732,2.921,0,0
20041010,730,22,44,7,10,96420,,,96420,2878,3.077,0,0
20041010,730,22,4,4,11,96663,,,96663,3121,3.336,0,0
20041010,730,22,8,1,12,96820,,,96820,3278,3.504,0,0
20041010,730,22,31,3,13,97653,,,97653,4111,4.395,0,0
20041010,730,22,32,19,14,98258,,,98258,4716,5.042,0,0
20041010,730,22,22,6,15,98637,,,98637,5095,5.447,0,0
20041010,730,22,2,17,16,101953,,,101953,8411,8.992,0,0
20041010,730,22,10,17,17,103533,,,103533,9991,10.681,0,0
20041010,730,22,46,18,18,108069,,,108069,14527,15.53,0,0
20041010,730,22,47,18,19,,,,,,,0,0
20041010,730,22,13,15,20,,,,,,,0,0
20041024,731,18,22,6,1,70646,,,70646,0,0.0,0,0
20041024,731,18,31,3,2,70850,,,70850,204,0.289,0,0
20041024,731,18,8,1,3,70892,,,70892,246,0.348,0,0
20041024,731,18,13,15,4,70922,,,70922,276,0.391,0,0
20041024,731,18,18,16,5,71092,,,71092,446,0.631,0,0
20041024,731,18,11,16,6,71120,,,71120,474,0.671,0,0
20041024,731,18,23,3,7,71131,,,71131,485,0.687,0,0
20041024,731,18,30,6,8,71386,,,71386,740,1.047,0,0
20041024,731,18,4,4,9,71454,,,71454,808,1.144,0,0
20041024,731,18,15,7,10,71483,,,71483,837,1.185,0,0
20041024,731,18,21,15,11,71571,,,71571,925,1.309,0,0
20041024,731,18,17,19,12,71665,,,71665,1019,1.442,0,0
20041024,731,18,14,1,13,71750,,,71750,1104,1.563,0,0
20041024,731,18,35,4,14,71836,,,71836,1190,1.684,0,0
20041024,731,18,41,7,15,71974,,,71974,1328,1.88,0,0
20041024,731,18,32,19,16,72211,,,72211,1565,2.215,0,0
20041024,731,18,2,17,17,72829,,,72829,2183,3.09,0,0
20041024,731,18,10,17,18,73502,,,73502,2856,4.043,0,0
20041024,731,18,47,18,19,73550,,,73550,2904,4.111,0,0
20041024,731,18,46,18,20,,,,,,,0,0
20050306,732,1,21,4,1,93171,88289,,88289,10,0.011,1,0
20050306,732,1,15,7,2,95270,89159,,89159,880,0.997,1,0
20050306,732,1,17,3,3,96717,88279,,88279,0,0.0,1,0
20050306,732,1,35,15,4,96984,89862,,89862,1583,1.793,1,0
20050306,732,1,14,9,5,98320,88892,,88892,613,0.694,1,0
20050306,732,1,32,9,6,97486,89991,,89991,1712,1.939,1,0
20050306,732,1,2,3,7,99717,89413,,89413,1134,1.285,1,0
20050306,732,1,18,16,8,101512,90616,,90616,2337,2.647,1,0
20050306,732,1,31,1,9,105325,89320,,89320,1041,1.179,1,0
20050306,732,1,8,1,10,104997,90561,,90561,2282,2.585,1,0
20050306,732,1,22,6,11,105481,91341,,91341,3062,3.469,1,0
20050306,732,1,39,17,12,104357,92735,,92735,4456,5.048,1,0
20050306,732,1,4,4,13,107708,89758,,89758,1479,1.675,1,0
20050306,732,1,33,17,14,106846,93483,,93483,5204,5.895,1,0
20050306,732,1,23,7,15,111495,91222,,91222,2943,3.334,1,0
20050306,732,1,40,18,16,110864,97499,,97499,9220,10.444,1,0
20050306,732,1,27,18,17,109230,,,109230,20951,23.733,0,0
20050306,732,1,30,6,18,117931,,,117931,29652,33.589,0,0
20050306,732,1,11,16,19,,,,,,,0,0
20050306,732,1,13,15,20,,,,,,,0,0
20050320,733,2,4,4,1,92582,95090,,92582,0,0.0,1,0
20050320,733,2,15,7,2,92672,95253,,92672,90,0.097,1,0
20050320,733,2,21,4,3,92765,95683,,92765,183,0.198,1,0
20050320,733,2,17,3,4,93204,95700,,93204,622,0.672,1,0
20050320,733,2,23,7,5,93106,95901,,93106,524,0.566,1,0
20050320,733,2,8,1,6,92839,96644,,92839,257,0.278,1,0
20050320,733,2,32,9,7,93724,95865,,93724,1142,1.234,1,0
20050320,733,2,14,9,8,93809,95891,,93809,1227,1.325,1,0
20050320,733,2,18,16,9,93616,96216,,93616,1034,1.117,1,0
20050320,733,2,2,3,10,93464,96453,,93464,882,0.953,1,0
20050320,733,2,31,1,11,93333,96757,,93333,751,0.811,1,0
20050320,733,2,22,6,12,94162,97340,,94162,1580,1.707,1,0
20050320,733,2,30,6,13,94072,97561,,94072,1490,1.609,1,0
20050320,733,2,13,15,14,94151,97733,,94151,1569,1.695,1,0
20050320,733,2,19,16,15,94866,97024,,94866,2284,2.467,1,0
20050320,733,2,35,15,16,94887,98108,,94887,2305,2.49,1,0
20050320,733,2,39,17,17,97806,99850,,97806,5224,5.643,1,0
20050320,733,2,33,17,18,97856,100106,,97856,5274,5.697,1,0
20050320,733,2,40,18,19,99268,101918,,99268,6686,7.222,1,0
20050320,733,2,27,18,20,100432,102569,,100432,7850,8.479,1,0
20050403,734,3,4,4,1,89848,92054,,89848,0,0.0,1,0
20050403,734,3,30,6,2,90237,92120,,90237,389,0.433,1,0
20050403,734,3,15,7,3,89993,92667,,89993,145,0.161,1,0
20050403,734,3,2,3,4,90390,92827,,90390,542,0.603,1,0
20050403,734,3,17,3,5,90592,92670,,90592,744,0.828,1,0
20050403,734,3,23,7,6,90952,92319,,90952,1104,1.229,1,0
20050403,734,3,32,9,7,90646,92723,,90646,798,0.888,1,0
20050403,734,3,37,1,8,90725,92648,,90725,877,0.976,1,0
20050403,734,3,8,1,9,90594,92930,,90594,746,0.83,1,0
20050403,734,3,21,4,10,90445,93320,,90445,597,0.664,1,0
20050403,734,3,18,16,11,90957,93391,,90957,1109,1.234,1,0
20050403,734,3,13,15,12,90933,94269,,90933,1085,1.208,1,0
20050403,734,3,11,16,13,91113,94450,,91113,1265,1.408,1,0
20050403,734,3,14,9,14,91211,94633,,91211,1363,1.517,1,0
20050403,734,3,22,6,15,91826,95867,,91826,1978,2.201,1,0
20050403,734,3,35,15,16,92318,95665,,92318,2470,2.749,1,0
20050403,734,3,33,17,17,93424,96004,,93424,3576,3.98,1,0
20050403,734,3,39,17,18,93190,96953,,93190,3342,3.72,1,0
20050403,734,3,27,18,19,94005,96417,,94005,4157,4.627,1,0
20050403,734,3,40,18,20,94848,96413,,94848,5000,5.565,1,0
20050424,735,21,8,1,1,79886,82994,,79886,0,0.0,1,0
20050424,735,21,4,4,2,79889,83552,,79889,3,0.004,1,0
20050424,735,21,18,16,3,80464,83641,,80464,578,0.724,1,0
20050424,735,21,17,3,4,80442,84069,,80442,556,0.696,1,0
20050424,735,21,15,7,5,80492,84026,,80492,606,0.759,1,0
20050424,735,21,11,16,6,80851,83807,,80851,965,1.208,1,0
20050424,735,21,25,1,7,80632,84057,,80632,746,0.934,1,0
20050424,735,21,13,15,8,80593,84337,,80593,707,0.885,1,0
20050424,735,21,2,3,9,80807,84389,,80807,921,1.153,1,0
20050424,735,21,22,6,10,80892,84351,,80892,1006,1.259,1,0
20050424,735,21,23,7,11,80994,84422,,80994,1108,1.387,1,0
20050424,735,21,35,15,12,80999,85260,,80999,1113,1.393,1,0
20050424,735,21,21,4,13,81708,85002,,81708,1822,2.281,1,0
20050424,735,21,30,6,14,80260,86984,,80260,374,0.468,1,0
20050424,735,21,14,9,15,81632,86438,,81632,1746,2.186,1,0
20050424,735,21,24,9,16,81804,86351,,81804,1918,2.401,1,0
20050424,735,21,39,17,17,83123,88976,,83123,3237,4.052,1,0
20050424,735,21,33,17,18,85100,89152,,85100,5214,6.527,1,0
20050424,735,21,40,18,19,86484,90564,,86484,6598,8.259,1,0
20050424,735,21,27,18,20,85921,,,85921,6035,7.555,0,0
20050508,736,4,8,1,1,74819,76602,,74819,24,0.032,1,0
20050508,736,4,17,3,2,75042,76626,,75042,247,0.33,1,0
20050508,736,4,4,4,3,74811,76880,,74811,16,0.021,1,0
20050508,736,4,23,7,4,74870,77047,,74870,75,0.1,1,0
20050508,736,4,15,7,5,74795,77200,,74795,0,0.0,1,0
20050508,736,4,21,4,6,75601,77229,,75601,806,1.078,1,0
20050508,736,4,31,1,7,75902,77570,,75902,1107,1.48,1,0
20050508,736,4,30,6,8,75398,78153,,75398,603,0.806,1,0
20050508,736,4,14,9,9,75795,78373,,75795,1000,1.337,1,0
20050508,736,4,13,15,10,75863,78361,,75863,1068,1.428,1,0
20050508,736,4,24,9,11,76288,79014,,76288,1493,1.996,1,0
20050508,736,4,35,15,12,76794,79686,,76794,1999,2.673,1,0
20050508,736,4,39,17,13,78557,80711,,78557,3762,5.03,1,0
20050508,736,4,33,17,14,79040,80903,,79040,4245,5.676,1,0
20050508,736,4,27,18,15,79563,81578,,79563,4768,6.375,1,0
20050508,736,4,40,18,16,80306,82453,,80306,5511,7.368,1,0
20050508,736,4,2,3,17,75038,,,75038,243,0.325,0,0
20050508,736,4,22,6,18,75746,,,75746,951,1.271,0,0
20050522,737,6,8,1,1,73644,76681,,73644,0,0.0,1,0
20050522,737,6,4,4,2,74125,76281,,74125,481,0.653,1,0
20050522,737,6,17,3,3,74584,77072,,74584,940,1.276,1,0
20050522,737,6,21,4,4,74783,77317,,74783,1139,1.547,1,0
20050522,737,6,15,7,5,75189,77401,,75189,1545,2.098,1,0
20050522,737,6,2,3,6,75128,77755,,75128,1484,2.015,1,0
20050522,737,6,14,9,7,75329,78538,,75329,1685,2.288,1,0
20050522,737,6,30,6,8,76186,78550,,76186,2542,3.452,1,0
20050522,737,6,35,15,9,75921,79015,,75921,2277,3.092,1,0
20050522,737,6,22,6,10,76142,78841,,76142,2498,3.392,1,0
20050522,737,6,13,15,11,76218,78902,,76218,2574,3.495,1,0
20050522,737,6,24,9,12,76817,80335,,76817,3173,4.309,1,0
20050522,737,6,40,18,13,78574,82236,,78574,4930,6.694,1,0
20050522,737,6,27,18,14,79229,82977,,79229,5585,7.584,1,0
20050522,737,6,33,17,15,79408,83670,,79408,5764,7.827,1,0
20050522,737,6,31,1,16,74858,,,74858,1214,1.648,0,0
20050522,737,6,39,17,17,79474,83948,,79474,5830,7.916,1,0
20050522,737,6,23,7,18,,,,,,,0,0
20110327,840,1,20,9,1,85296,84090,83529,83529,0,0.0,1,1
20110327,840,1,1,1,2,85384,84595,84307,84307,778,0.931,1,1
20110327,840,1,17,9,3,85900,84658,84395,84395,866,1.037,1,1
20110327,840,1,18,1,4,85886,84957,84779,84779,1250,1.496,1,1
20110327,840,1,4,6,5,85707,85242,84974,84974,1445,1.73,1,1
20110327,840,1,809,4,6,85543,85582,85247,85247,1718,2.057,1,1
20110327,840,1,3,130,7,85856,85606,85421,85421,1892,2.265,1,1
20110327,840,1,13,6,8,86031,85611,85599,85599,2070,2.478,1,1
20110327,840,1,155,15,9,85717,85405,85626,85405,1876,2.246,1,1
20110327,840,1,67,5,10,86232,85882,87066,85882,2353,2.817,1,1
20110327,840,1,30,130,11,85962,85971,,85962,2433,2.913,1,0
20110327,840,1,153,5,12,86620,86103,,86103,2574,3.082,1,0
20110327,840,1,815,15,13,85812,86108,,85812,2283,2.733,1,0
20110327,840,1,814,10,14,87222,86739,,86739,3210,3.843,1,0
20110327,840,1,813,3,15,86298,86768,,86298,2769,3.315,1,0
20110327,840,1,16,10,16,86245,91407,,86245,2716,3.252,1,0
20110327,840,1,22,3,17,86270,,,86270,2741,3.281,0,0
20110327,840,1,2,4,18,87239,,,87239,3710,4.442,0,0
20110327,840,1,5,203,19,89254,,,89254,5725,6.854,0,0
20110327,840,1,15,203,20,89342,,,89342,5813,6.959,0,0
20110327,840,1,10,165,21,89858,,,89858,6329,7.577,0,0
20110327,840,1,816,165,22,90822,,,90822,7293,8.731,0,0
20110410,841,2,20,9,1,97468,95934,94870,94870,0,0.0,1,1
20110327,840,1,24,163,23,92978,,,92978,9449,11.312,0,0
20110327,840,1,39,163,24,94293,,,94293,10764,12.887,0,0
20110410,841,2,1,1,2,96861,95852,94974,94974,104,0.11,1,1
20110410,841,2,17,9,3,97924,96080,95179,95179,309,0.326,1,1
20110410,841,2,18,1,4,97033,95569,95200,95200,330,0.348,1,1
20110410,841,2,4,6,5,96897,96320,95802,95802,932,0.982,1,1
20110410,841,2,2,4,6,97224,96811,96124,96124,1254,1.322,1,1
20110410,841,2,13,6,7,96744,96557,96251,96251,1381,1.456,1,1
20110410,841,2,809,4,8,97210,96642,96324,96324,1454,1.533,1,1
20110410,841,2,3,130,9,97316,96388,96809,96388,1518,1.6,1,1
20110410,841,2,155,15,10,96994,96691,96820,96691,1821,1.919,1,1
20110410,841,2,30,130,11,96904,97035,,96904,2034,2.144,1,0
20110410,841,2,67,5,12,97693,97160,,97160,2290,2.414,1,0
20110410,841,2,153,5,13,97677,97347,,97347,2477,2.611,1,0
20110410,841,2,814,10,14,98045,97370,,97370,2500,2.635,1,0
20110410,841,2,22,3,15,98163,97496,,97496,2626,2.768,1,0
20110410,841,2,815,15,16,97759,97528,,97528,2658,2.802,1,0
20110410,841,2,16,10,17,97693,97593,,97593,2723,2.87,1,0
20110410,841,2,813,3,18,98276,,,98276,3406,3.59,0,0
20110410,841,2,5,203,19,98645,,,98645,3775,3.979,0,0
20110410,841,2,15,203,20,98791,,,98791,3921,4.133,0,0
20110410,841,2,10,165,21,100648,,,100648,5778,6.09,0,0
20110410,841,2,816,165,22,101001,,,101001,6131,6.463,0,0
20110410,841,2,24,163,23,101549,,,101549,6679,7.04,0,0
20110410,841,2,39,163,24,102574,,,102574,7704,8.121,0,0
20110417,842,17,20,9,1,95674,94776,93706,93706,0,0.0,1,1
20110417,842,17,18,1,2,95924,94662,94421,94421,715,0.763,1,1
20110417,842,17,1,1,3,96091,94486,94463,94463,757,0.808,1,1
20110417,842,17,3,130,4,95272,95850,94670,94670,964,1.029,1,1
20110417,842,17,4,6,5,95389,95165,95119,95119,1413,1.508,1,1
20110417,842,17,13,6,6,95478,95437,95145,95145,1439,1.536,1,1
20110417,842,17,153,5,7,96133,95563,96158,95563,1857,1.982,1,1
20110417,842,17,814,10,8,95702,95858,96190,95702,1996,2.13,1,1
20110417,842,17,67,5,9,96110,95500,96203,95500,1794,1.914,1,1
20110417,842,17,809,4,10,95370,95149,,95149,1443,1.54,1,0
20110417,842,17,16,10,11,96092,95874,,95874,2168,2.314,1,0
20110417,842,17,815,15,12,96046,96053,,96046,2340,2.497,1,0
20110417,842,17,155,15,13,96147,96236,,96147,2441,2.605,1,0
20110417,842,17,30,130,14,95508,96457,,95508,1802,1.923,1,0
20110417,842,17,22,3,15,95911,96465,,95911,2205,2.353,1,0
20110417,842,17,2,4,16,95910,96611,,95910,2204,2.352,1,0
20110417,842,17,813,3,17,96121,96956,,96121,2415,2.577,1,0
20110417,842,17,17,9,18,96468,,,96468,2762,2.948,0,0
20110417,842,17,5,203,19,97894,,,97894,4188,4.469,0,0
20110417,842,17,15,203,20,98318,,,98318,4612,4.922,0,0
20110417,842,17,816,165,21,99119,,,99119,5413,5.777,0,0
20110417,842,17,10,165,22,99708,,,99708,6002,6.405,0,0
20110417,842,17,24,163,23,100212,,,100212,6506,6.943,0,0
20110417,842,17,39,163,24,100445,,,100445,6739,7.192,0,0
20110508,843,5,20,9,1,87039,85610,85049,85049,0,0.0,1,1
20110508,843,5,17,9,2,87090,86075,85454,85454,405,0.476,1,1
20110508,843,5,3,130,3,87514,85801,85574,85574,525,0.617,1,1
20110508,843,5,1,1,4,87091,86066,85595,85595,546,0.642,1,1
20110508,843,5,4,6,5,87349,86152,85851,85851,802,0.943,1,1
20110508,843,5,18,1,6,87374,86485,85982,85982,933,1.097,1,1
20110508,843,5,809,4,7,87475,86654,86296,86296,1247,1.466,1,1
20110508,843,5,30,130,8,87697,86121,86646,86121,1072,1.26,1,1
20110508,843,5,2,4,9,87901,86740,86659,86659,1610,1.893,1,1
20110508,843,5,13,6,10,87013,86395,,86395,1346,1.583,1,0
20110508,843,5,22,3,11,88246,86764,,86764,1715,2.016,1,0
20110508,843,5,16,10,12,87392,87027,,87027,1978,2.326,1,0
20110508,843,5,814,10,13,87625,87145,,87145,2096,2.464,1,0
20110508,843,5,813,3,14,87396,87236,,87236,2187,2.571,1,0
20110508,843,5,815,15,15,87778,87244,,87244,2195,2.581,1,0
20110508,843,5,67,5,16,87620,87255,,87255,2206,2.594,1,0
20110508,843,5,153,5,17,88055,87572,,87572,2523,2.967,1,0
20110508,843,5,5,203,18,88780,,,88780,3731,4.387,0,0
20110508,843,5,15,203,19,89673,,,89673,4624,5.437,0,0
20110508,843,5,816,165,20,90445,,,90445,5396,6.345,0,0
20110508,843,5,24,163,21,90692,,,90692,5643,6.635,0,0
20110508,843,5,10,165,22,90813,,,90813,5764,6.777,0,0
20110508,843,5,39,163,23,91564,,,91564,6515,7.66,0,0
20110522,844,4,17,9,1,83619,81773,80981,80981,0,0.0,1,1
20110522,844,4,20,9,2,84142,81540,81181,81181,200,0.247,1,1
20110522,844,4,1,1,3,84370,82148,81961,81961,980,1.21,1,1
20110522,844,4,4,6,4,83485,82813,81964,81964,983,1.214,1,1
20110522,844,4,18,1,5,84428,82050,81996,81996,1015,1.253,1,1
20110522,844,4,809,4,6,83069,82948,82471,82471,1490,1.84,1,1
20110522,844,4,3,130,7,83507,82569,82599,82569,1588,1.961,1,1
20110522,844,4,13,6,8,83506,83026,82888,82888,1907,2.355,1,1
20110522,844,4,813,3,9,83406,82854,82952,82854,1873,2.313,1,1
20110522,844,4,30,130,10,82960,82671,,82671,1690,2.087,1,0
20110522,844,4,67,5,11,83962,83231,,83231,2250,2.778,1,0
20110522,844,4,815,15,12,84209,83367,,83367,2386,2.946,1,0
20110522,844,4,153,5,13,84049,83694,,83694,2713,3.35,1,0
20110522,844,4,155,15,14,83656,83702,,83656,2675,3.303,1,0
20110522,844,4,5,203,15,85874,85403,,85403,4422,5.461,1,0
20110522,844,4,814,10,16,84332,86126,,84332,3351,4.138,1,0
20110522,844,4,16,10,17,84648,86571,,84648,3667,4.528,1,0
20110522,844,4,15,203,18,86521,,,86521,5540,6.841,0,0
20110522,844,4,22,3,19,86910,,,86910,5929,7.321,0,0
20110522,844,4,10,165,20,87315,,,87315,6334,7.822,0,0
20110522,844,4,24,163,21,87809,,,87809,6828,8.432,0,0
20110522,844,4,39,163,22,87908,,,87908,6927,8.554,0,0
20110522,844,4,816,165,23,88556,,,88556,7575,9.354,0,0
20110529,845,6,20,9,1,75606,74277,73556,73556,0,0.0,1,1
20110529,845,6,18,1,2,75397,74545,73997,73997,441,0.6,1,1
20110529,845,6,17,9,3,76087,74742,74019,74019,463,0.629,1,1
20110529,845,6,4,6,4,76051,74569,74483,74483,927,1.26,1,1
20110529,845,6,30,130,5,76092,74981,74682,74682,1126,1.531,1,1
20110529,845,6,13,6,6,76309,74648,74877,74648,1092,1.485,1,1
20110529,845,6,1,1,7,75207,74275,75280,74275,719,0.977,1,1
20110529,845,6,3,130,8,75858,74741,75766,74741,1185,1.611,1,1
20110529,845,6,813,3,9,75819,75545,76528,75545,1989,2.704,1,1
20110529,845,6,815,15,10,75918,75482,,75482,1926,2.618,1,0
20110529,845,6,809,4,11,76378,75815,,75815,2259,3.071,1,0
20110529,845,6,22,3,12,76616,75826,,75826,2270,3.086,1,0
20110529,845,6,155,15,13,76513,75973,,75973,2417,3.286,1,0
20110529,845,6,814,10,14,76813,76118,,76118,2562,3.483,1,0
20110529,845,6,16,10,15,76600,76121,,76121,2565,3.487,1,0
20110529,845,6,2,4,16,76681,76214,,76214,2658,3.614,1,0
20110529,845,6,67,5,17,76358,76300,,76300,2744,3.73,1,0
20110529,845,6,5,203,18,77343,,,77343,3787,5.148,0,0
20110529,845,6,15,203,19,77381,,,77381,3825,5.2,0,0
20110529,845,6,153,5,20,77820,,,77820,4264,5.797,0,0
20110529,845,6,10,165,21,77914,,,77914,4358,5.925,0,0
20110529,845,6,816,165,22,78736,,,78736,5180,7.042,0,0
20110529,845,6,39,163,23,,,,,,,0,0
20110529,845,6,24,163,24,,,,,,,0,0
20110612,846,7,20,9,1,74011,73486,73014,73014,0,0.0,1,1
20110612,846,7,4,6,2,73822,73672,73199,73199,185,0.253,1,1
20110612,846,7,13,6,3,74026,73431,73217,73217,203,0.278,1,1
20110612,846,7,17,9,4,74375,73654,73429,73429,415,0.568,1,1
20110612,846,7,1,1,5,74114,73926,73565,73565,551,0.755,1,1
20110612,846,7,3,130,6,74920,73950,73814,73814,800,1.096,1,1
20110612,846,7,18,1,7,74374,73955,73838,73838,824,1.129,1,1
20110612,846,7,30,130,8,74970,74242,73864,73864,850,1.164,1,1
20110612,846,7,2,4,9,75096,74467,74062,74062,1048,1.435,1,1
20110612,846,7,809,4,10,74699,74354,74085,74085,1071,1.467,1,1
20110612,846,7,814,10,11,74874,74752,,74752,1738,2.38,1,0
20110612,846,7,813,3,12,75585,75043,,75043,2029,2.779,1,0
20110612,846,7,155,15,13,75694,75285,,75285,2271,3.11,1,0
20110612,846,7,16,10,14,74931,75287,,74931,1917,2.626,1,0
20110612,846,7,67,5,15,75901,75334,,75334,2320,3.177,1,0
20110612,846,7,22,3,16,75331,75361,,75331,2317,3.173,1,0
20110612,846,7,37,15,17,76229,75587,,75587,2573,3.524,1,0
20110612,846,7,153,5,18,76294,,,76294,3280,4.492,0,0
20110612,846,7,15,203,19,76745,,,76745,3731,5.11,0,0
20110612,846,7,5,203,20,76786,,,76786,3772,5.166,0,0
20110612,846,7,24,163,21,78424,,,78424,5410,7.41,0,0
20110612,846,7,10,165,22,78537,,,78537,5523,7.564,0,0
20110612,846,7,39,163,23,78574,,,78574,5560,7.615,0,0
20110612,846,7,816,165,24,79414,,,79414,6400,8.765,0,0
20110626,847,12,20,9,1,99116,97305,96975,96975,0,0.0,1,1
20110626,847,12,17,9,2,99956,98058,97163,97163,188,0.194,1,1
20110626,847,12,1,1,3,99244,97727,97380,97380,405,0.418,1,1
20110626,847,12,4,6,4,99725,97930,97454,97454,479,0.494,1,1
20110626,847,12,13,6,5,98413,98566,97535,97535,560,0.577,1,1
20110626,847,12,18,1,6,99453,97749,97645,97645,670,0.691,1,1
20110626,847,12,3,130,7,99266,98373,98231,98231,1256,1.295,1,1
20110626,847,12,30,130,8,99198,98365,98240,98240,1265,1.304,1,1
20110626,847,12,2,4,9,99877,98781,,98781,1806,1.862,1,0
20110626,847,12,16,10,10,99329,99034,,99034,2059,2.123,1,0
20110626,847,12,809,4,11,99690,99068,,99068,2093,2.158,1,0
20110626,847,12,814,10,12,99852,99422,,99422,2447,2.523,1,0
20110626,847,12,22,3,13,99602,99489,,99489,2514,2.592,1,0
20110626,847,12,155,15,14,100131,99525,,99525,2550,2.63,1,0
20110626,847,12,813,3,15,99690,99645,,99645,2670,2.753,1,0
20110626,847,12,815,15,16,99494,99657,,99494,2519,2.598,1,0
20110626,847,12,67,5,17,99679,99711,,99679,2704,2.788,1,0
20110626,847,12,153,5,18,100232,,,100232,3257,3.359,0,0
20110626,847,12,5,203,19,101664,,,101664,4689,4.835,0,0
20110626,847,12,15,203,20,102234,,,102234,5259,5.423,0,0
20110626,847,12,10,165,21,102553,,,102553,5578,5.752,0,0
20110626,847,12,24,163,22,103584,,,103584,6609,6.815,0,0
20110626,847,12,816,165,23,103735,,,103735,6760,6.971,0,0
20110626,847,12,39,163,24,104363,,,104363,7388,7.618,0,0
20110710,848,9,17,9,1,92670,91673,90399,90399,0,0.0,1,1
20110710,848,9,20,9,2,92977,92379,90431,90431,32,0.035,1,1
20110710,848,9,4,6,3,92986,91727,90516,90516,117,0.129,1,1
20110710,848,9,13,6,4,92760,91640,91124,91124,725,0.802,1,1
20110710,848,9,18,1,5,94230,92273,91898,91898,1499,1.658,1,1
20110710,848,9,814,10,6,94472,92569,91929,91929,1530,1.692,1,1
20110710,848,9,813,3,7,92702,92588,91933,91933,1534,1.697,1,1
20110710,848,9,155,15,8,94324,92399,92128,92128,1729,1.913,1,1
20110710,848,9,3,130,9,94186,92295,92209,92209,1810,2.002,1,1
20110710,848,9,1,1,10,93581,92505,92376,92376,1977,2.187,1,1
20110710,848,9,16,10,11,94454,92617,,92617,2218,2.454,1,0
20110710,848,9,815,15,12,94145,92624,,92624,2225,2.461,1,0
20110710,848,9,30,130,13,94160,92656,,92656,2257,2.497,1,0
20110710,848,9,809,4,14,94428,92734,,92734,2335,2.583,1,0
20110710,848,9,22,3,15,93532,93119,,93119,2720,3.009,1,0
20110710,848,9,2,4,16,95132,93805,,93805,3406,3.768,1,0
20110710,848,9,5,203,17,94923,94821,,94821,4422,4.892,1,0
20110710,848,9,153,5,18,95245,,,95245,4846,5.361,0,0
20110710,848,9,67,5,19,95749,,,95749,5350,5.918,0,0
20110710,848,9,10,165,20,96203,,,96203,5804,6.42,0,0
20110710,848,9,15,203,21,96456,,,96456,6057,6.7,0,0
20110710,848,9,816,165,22,97154,,,97154,6755,7.472,0,0
20110710,848,9,24,163,23,97484,,,97484,7085,7.837,0,0
20110710,848,9,817,163,24,98059,,,98059,7660,8.474,0,0
20110724,849,20,17,9,1,93096,91311,90079,90079,0,0.0,1,1
20110724,849,20,1,1,2,92934,90998,90134,90134,55,0.061,1,1
20110724,849,20,20,9,3,92973,91017,90216,90216,137,0.152,1,1
20110724,849,20,4,6,4,92916,91150,90442,90442,363,0.403,1,1
20110724,849,20,13,6,5,91826,91582,90910,90910,831,0.923,1,1
20110724,849,20,3,130,6,92785,91343,91263,91263,1184,1.314,1,1
20110724,849,20,18,1,7,93224,91532,91288,91288,1209,1.342,1,1
20110724,849,20,16,10,8,92286,91809,92010,91809,1730,1.921,1,1
20110724,849,20,809,4,9,93187,91985,92187,91985,1906,2.116,1,1
20110724,849,20,30,130,10,92603,92180,92482,92180,2101,2.332,1,1
20110724,849,20,2,4,11,92505,92215,,92215,2136,2.371,1,0
20110724,849,20,814,10,12,92651,92560,,92560,2481,2.754,1,0
20110724,849,20,813,3,13,93003,92635,,92635,2556,2.838,1,0
20110724,849,20,22,3,14,93664,93043,,93043,2964,3.29,1,0
20110724,849,20,815,15,15,93295,93176,,93176,3097,3.438,1,0
20110724,849,20,67,5,16,93635,93546,,93546,3467,3.849,1,0
20110724,849,20,153,5,17,93658,93698,,93658,3579,3.973,1,0
20110724,849,20,155,15,18,93786,,,93786,3707,4.115,0,0
20110724,849,20,5,203,19,95599,,,95599,5520,6.128,0,0
20110724,849,20,10,165,20,96400,,,96400,6321,7.017,0,0
20110724,849,20,812,203,21,96422,,,96422,6343,7.042,0,0
20110724,849,20,816,165,22,96641,,,96641,6562,7.285,0,0
20110724,849,20,24,163,23,97011,,,97011,6932,7.695,0,0
20110724,849,20,817,163,24,97036,,,97036,6957,7.723,0,0
20110731,850,11,20,9,1,81740,81095,79815,79815,0,0.0,1,1
20110731,850,11,1,1,2,81636,81105,79978,79978,163,0.204,1,1
20110731,850,11,18,1,3,82038,80578,80024,80024,209,0.262,1,1
20110731,850,11,13,6,4,82130,81099,80350,80350,535,0.67,1,1
20110731,850,11,4,6,5,81578,80262,80365,80262,447,0.56,1,1
20110731,850,11,17,9,6,82208,80890,80474,80474,659,0.826,1,1
20110731,850,11,3,130,7,82996,81243,81098,81098,1283,1.607,1,1
20110731,850,11,16,10,8,82237,82000,81445,81445,1630,2.042,1,1
20110731,850,11,30,130,9,82876,81852,81907,81852,2037,2.552,1,1
20110731,850,11,815,15,10,83067,82157,,82157,2342,2.934,1,0
20110731,850,11,814,10,11,82976,82256,,82256,2441,3.058,1,0
20110731,850,11,809,4,12,83070,82284,,82284,2469,3.093,1,0
20110731,850,11,155,15,13,83278,82435,,82435,2620,3.283,1,0
20110731,850,11,2,4,14,83024,82470,,82470,2655,3.326,1,0
20110731,850,11,22,3,15,83075,82684,,82684,2869,3.595,1,0
20110731,850,11,153,5,16,83285,82979,,82979,3164,3.964,1,0
20110731,850,11,813,3,17,83847,,,83847,4032,5.052,0,0
20110731,850,11,67,5,18,84070,,,84070,4255,5.331,0,0
20110731,850,11,5,203,19,84362,,,84362,4547,5.697,0,0
20110731,850,11,15,203,20,84534,,,84534,4719,5.912,0,0
20110731,850,11,10,165,21,86294,,,86294,6479,8.118,0,0
20110731,850,11,24,163,22,86323,,,86323,6508,8.154,0,0
20110731,850,11,817,163,23,86479,,,86479,6664,8.349,0,0
20110731,850,11,816,165,24,86510,,,86510,6695,8.388,0,0
20110828,851,13,20,9,1,123029,123317,108298,108298,0,0.0,1,1
20110828,851,13,1,1,2,123008,122823,108730,108730,432,0.399,1,1
20110828,851,13,17,9,3,122827,123302,109376,109376,1078,0.995,1,1
20110828,851,13,13,6,4,125834,124507,110256,110256,1958,1.808,1,1
20110828,851,13,3,130,5,125091,123723,110552,110552,2254,2.081,1,1
20110828,851,13,153,5,6,125419,124561,110773,110773,2475,2.285,1,1
20110828,851,13,811,4,7,125047,124452,111121,111121,2823,2.607,1,1
20110828,851,13,4,6,8,124450,122768,111251,111251,2953,2.727,1,1
20110828,851,13,815,15,9,126284,124625,111374,111374,3076,2.84,1,1
20110828,851,13,809,4,10,125292,123466,112303,112303,4005,3.698,1,1
20110828,851,13,67,5,11,124744,124692,,124692,16394,15.138,1,0
20110828,851,13,155,15,12,127194,124757,,124757,16459,15.198,1,0
20110828,851,13,18,1,13,121813,125150,,121813,13515,12.479,1,0
20110828,851,13,22,3,14,125720,127349,,125720,17422,16.087,1,0
20110828,851,13,16,10,15,126000,127777,,126000,17702,16.346,1,0
20110828,851,13,813,3,16,125621,128106,,125621,17323,15.996,1,0
20110828,851,13,5,203,17,126780,128354,,126780,18482,17.066,1,0
20110828,851,13,814,10,18,127758,,,127758,19460,17.969,0,0
20110828,851,13,15,203,19,128773,,,128773,20475,18.906,0,0
20110828,851,13,10,165,20,129566,,,129566,21268,19.638,0,0
20110828,851,13,816,165,21,131601,,,131601,23303,21.517,0,0
20110828,851,13,24,163,22,131616,,,131616,23318,21.531,0,0
20110828,851,13,817,163,23,133077,,,133077,24779,22.88,0,0
20110925,853,15,20,9,1,106397,104931,104381,104381,0,0.0,1,1
20110925,853,15,17,9,2,107332,105651,104732,104732,351,0.336,1,1
20110925,853,15,18,1,3,106956,105472,104804,104804,423,0.405,1,1
20110925,853,15,1,1,4,107014,106829,104809,104809,428,0.41,1,1
20110925,853,15,4,6,5,107054,105779,104874,104874,493,0.472,1,1
20110925,853,15,13,6,6,107945,105955,105800,105800,1419,1.359,1,1
20110925,853,15,3,130,7,107688,106405,106013,106013,1632,1.564,1,1
20110925,853,15,30,130,8,108819,106043,,106043,1662,1.592,1,0
20110925,853,15,16,10,9,107952,107093,,107093,2712,2.598,1,0
20110925,853,15,814,10,10,108022,107486,,107486,3105,2.975,1,0
20110925,853,15,815,15,11,107717,107616,,107616,3235,3.099,1,0
20110925,853,15,22,3,12,108061,108082,,108061,3680,3.526,1,0
20110925,853,15,813,3,13,109710,108270,,108270,3889,3.726,1,0
20110925,853,15,67,5,14,108753,108634,,108634,4253,4.074,1,0
20110925,853,15,811,4,15,108861,108662,,108662,4281,4.101,1,0
20110925,853,15,153,5,16,109588,109862,,109588,5207,4.988,1,0
20110925,853,15,155,15,17,108054,,,108054,3673,3.519,0,0
20110925,853,15,809,4,18,109835,,,109835,5454,5.225,0,0
20110925,853,15,5,203,19,110948,,,110948,6567,6.291,0,0
20110925,853,15,15,203,20,111012,,,111012,6631,6.353,0,0
20110925,853,15,10,165,21,112154,,,112154,7773,7.447,0,0
20110925,853,15,816,165,22,112363,,,112363,7982,7.647,0,0
20110925,853,15,817,163,23,112404,,,112404,8023,7.686,0,0
20110925,853,15,24,163,24,112810,,,112810,8429,8.075,0,0
20111009,854,22,20,9,1,93051,91424,90466,90466,0,0.0,1,1
20111009,854,22,18,1,2,92947,91434,90475,90475,9,0.01,1,1
20111009,854,22,1,1,3,92843,91139,90617,90617,151,0.167,1,1
20111009,854,22,13,6,4,93235,91909,90804,90804,338,0.374,1,1
20111009,854,22,4,6,5,92817,91612,90886,90886,420,0.464,1,1
20111009,854,22,17,9,6,93135,91576,91156,91156,690,0.763,1,1
20111009,854,22,155,15,10,92626,92380,,92380,1914,2.116,1,0
20111009,854,22,30,130,7,93748,92116,,92116,1650,1.824,1,0
20111009,854,22,811,4,8,93359,92297,,92297,1831,2.024,1,0
20111009,854,22,809,4,9,92877,92245,,92245,1779,1.966,1,0
20111009,854,22,16,10,11,92761,92463,,92463,1997,2.207,1,0
20111009,854,22,814,10,12,93499,92746,,92746,2280,2.52,1,0
20111009,854,22,22,3,13,93921,93079,,93079,2613,2.888,1,0
20111009,854,22,813,3,14,93781,93224,,93224,2758,3.049,1,0
20111009,854,22,67,5,15,93064,93227,,93064,2598,2.872,1,0
20111009,854,22,153,5,16,95111,93427,,93427,2961,3.273,1,0
20111009,854,22,815,15,17,94704,,,94704,4238,4.685,0,0
20111009,854,22,5,203,18,95454,,,95454,4988,5.514,0,0
20111009,854,22,15,203,19,95514,,,95514,5048,5.58,0,0
20111009,854,22,816,165,20,96439,,,96439,5973,6.602,0,0
20111009,854,22,10,165,21,96507,,,96507,6041,6.678,0,0
20111009,854,22,817,163,22,97846,,,97846,7380,8.158,0,0
20111009,854,22,3,130,23,,,,,,,0,0
20111009,854,22,24,163,24,,,,,,,0,0
20111016,855,35,1,1,1,97525,96526,95820,95820,0,0.0,1,1
20111016,855,35,20,9,2,99093,97285,96042,96042,222,0.232,1,1
20111016,855,35,18,1,3,97929,97302,96126,96126,306,0.319,1,1
20111016,855,35,17,9,4,99071,97292,96468,96468,648,0.676,1,1
20111016,855,35,13,6,5,98670,97313,96831,96831,1011,1.055,1,1
20111016,855,35,4,6,6,98393,97352,96980,96980,1160,1.211,1,1
20111016,855,35,3,130,7,98426,97892,97754,97754,1934,2.018,1,1
20111016,855,35,809,4,8,98378,98186,98124,98124,2304,2.405,1,1
20111016,855,35,814,10,9,98549,98254,,98254,2434,2.54,1,0
20111016,855,35,16,10,10,98789,98219,,98219,2399,2.504,1,0
20111016,855,35,153,5,11,99392,98315,,98315,2495,2.604,1,0
20111016,855,35,30,130,12,98502,98354,,98354,2534,2.645,1,0
20111016,855,35,67,5,13,99352,98508,,98508,2688,2.805,1,0
20111016,855,35,155,15,14,99464,98775,,98775,2955,3.084,1,0
20111016,855,35,811,4,15,99316,98791,,98791,2971,3.101,1,0
20111016,855,35,813,3,16,99436,99189,,99189,3369,3.516,1,0
20111016,855,35,815,15,17,99097,99443,,99097,3277,3.42,1,0
20111016,855,35,22,3,18,99538,,,99538,3718,3.88,0,0
20111016,855,35,5,203,19,100522,,,100522,4702,4.907,0,0
20111016,855,35,15,203,20,101101,,,101101,5281,5.511,0,0
20111016,855,35,10,165,21,102091,,,102091,6271,6.545,0,0
20111016,855,35,816,165,22,103483,,,103483,7663,7.997,0,0
20111016,855,35,24,163,23,103758,,,103758,7938,8.284,0,0
20111016,855,35,817,163,24,,,,,,,0,0
20111030,856,68,20,9,1,86218,84657,84178,84178,0,0.0,1,1
20111030,856,68,1,1,2,86563,85019,84474,84474,296,0.352,1,1
20111030,856,68,17,9,3,86473,85282,84508,84508,330,0.392,1,1
20111030,856,68,4,6,4,86774,85158,84519,84519,341,0.405,1,1
20111030,856,68,18,1,5,86225,85299,84950,84950,772,0.917,1,1
20111030,856,68,13,6,6,87012,85522,85122,85122,944,1.121,1,1
20111030,856,68,3,130,7,86364,85555,85451,85451,1273,1.512,1,1
20111030,856,68,16,10,8,86271,86140,,86140,1962,2.331,1,0
20111030,856,68,67,5,9,86608,86161,,86161,1983,2.356,1,0
20111030,856,68,153,5,10,86557,86319,,86319,2141,2.543,1,0
20111030,856,68,809,4,11,86189,86319,,86189,2011,2.389,1,0
20111030,856,68,30,130,12,86790,86337,,86337,2159,2.565,1,0
20111030,856,68,814,10,13,86864,86503,,86503,2325,2.762,1,0
20111030,856,68,813,3,14,86829,86537,,86537,2359,2.802,1,0
20111030,856,68,811,4,15,86766,86651,,86651,2473,2.938,1,0
20111030,856,68,22,3,16,87479,87247,,87247,3069,3.646,1,0
20111030,856,68,815,15,17,87249,87562,,87249,3071,3.648,1,0
20111030,856,68,155,15,18,87876,,,87876,3698,4.393,0,0
20111030,856,68,5,203,19,88565,,,88565,4387,5.212,0,0
20111030,856,68,15,203,20,88752,,,88752,4574,5.434,0,0
20111030,856,68,817,163,21,90216,,,90216,6038,7.173,0,0
20111030,856,68,39,163,22,90238,,,90238,6060,7.199,0,0
20111030,856,68,816,165,23,90866,,,90866,6688,7.945,0,0
20111030,856,68,10,165,24,94046,,,94046,9868,11.723,0,0
20111113,857,24,20,9,1,100478,98516,98481,98481,47,0.048,1,1
20111113,857,24,1,1,2,99782,98434,98622,98434,0,0.0,1,1
20111113,857,24,18,1,3,100227,99097,98631,98631,197,0.2,1,1
20111113,857,24,17,9,4,100167,98821,98858,98821,387,0.393,1,1
20111113,857,24,4,6,5,101380,99058,99058,99058,624,0.634,1,1
20111113,857,24,13,6,6,101592,99623,99695,99623,1189,1.208,1,1
20111113,857,24,3,130,7,101120,99420,99773,99420,986,1.002,1,1
20111113,857,24,30,130,8,102605,100554,100662,100554,2120,2.154,1,1
20111113,857,24,16,10,9,100595,100205,100768,100205,1771,1.799,1,1
20111113,857,24,814,10,10,101064,100414,,100414,1980,2.012,1,0
20111113,857,24,815,15,11,101311,100874,,100874,2440,2.479,1,0
20111113,857,24,809,4,12,100955,100919,,100919,2485,2.525,1,0
20111113,857,24,67,5,13,101737,101009,,101009,2575,2.616,1,0
20111113,857,24,811,4,14,101391,101079,,101079,2645,2.687,1,0
20111113,857,24,153,5,15,101386,101162,,101162,2728,2.771,1,0
20111113,857,24,155,15,16,101613,101240,,101240,2806,2.851,1,0
20111113,857,24,813,3,17,102258,101760,,101760,3326,3.379,1,0
20111113,857,24,5,203,18,102979,,,102979,4545,4.617,0,0
20111113,857,24,15,203,19,103884,,,103884,5450,5.537,0,0
20111113,857,24,10,165,20,104515,,,104515,6081,6.178,0,0
20111113,857,24,817,163,21,104641,,,104641,6207,6.306,0,0
20111113,857,24,816,165,22,104699,,,104699,6265,6.365,0,0
20111113,857,24,24,163,23,105159,,,105159,6725,6.832,0,0
20111127,858,18,20,9,1,73664,72446,71918,71918,0,0.0,1,1
20111127,858,18,17,9,2,73467,72658,72099,72099,181,0.252,1,1
20111127,858,18,18,1,3,73281,72820,72283,72283,365,0.508,1,1
20111127,858,18,1,1,4,73361,72811,72480,72480,562,0.781,1,1
20111127,858,18,4,6,5,73969,72870,72591,72591,673,0.936,1,1
20111127,858,18,3,130,6,74083,72569,73050,72569,651,0.905,1,1
20111127,858,18,13,6,7,74269,73291,73068,73068,1150,1.599,1,1
20111127,858,18,16,10,8,73480,73261,73298,73261,1343,1.867,1,1
20111127,858,18,811,4,9,74453,73300,73761,73300,1382,1.922,1,1
20111127,858,18,30,130,10,73694,73571,,73571,1653,2.298,1,0
20111127,858,18,814,10,11,73733,73584,,73584,1666,2.317,1,0
20111127,858,18,22,3,12,74117,73801,,73801,1883,2.618,1,0
20111127,858,18,153,5,13,74225,73804,,73804,1886,2.622,1,0
20111127,858,18,67,5,14,74500,73919,,73919,2001,2.782,1,0
20111127,858,18,809,4,15,73859,74053,,73859,1941,2.699,1,0
20111127,858,18,155,15,16,74571,74129,,74129,2211,3.074,1,0
20111127,858,18,815,15,17,74430,74182,,74182,2264,3.148,1,0
20111127,858,18,813,3,18,74625,,,74625,2707,3.764,0,0
20111127,858,18,5,203,19,75068,,,75068,3150,4.38,0,0
20111127,858,18,15,203,20,75358,,,75358,3440,4.783,0,0
20111127,858,18,24,163,21,76631,,,76631,4713,6.553,0,0
20111127,858,18,817,163,22,76890,,,76890,4972,6.913,0,0
20111127,858,18,816,165,23,77019,,,77019,5101,7.093,0,0
20111127,858,18,10,165,24,77060,,,77060,5142,7.15,0,0
20120318,859,1,1,1,1,86800,85626,84922,84922,0,0.0,1,1
20120318,859,1,18,1,2,86832,85663,85074,85074,152,0.179,1,1
20120318,859,1,154,206,3,86498,85845,85302,85302,380,0.447,1,1
20120318,859,1,30,130,4,86586,85571,85336,85336,414,0.488,1,1
20120318,859,1,17,9,5,87117,86597,85651,85651,729,0.858,1,1
20120318,859,1,20,9,6,86773,85982,85668,85668,746,0.878,1,1
20120318,859,1,3,130,7,86763,85469,85686,85469,547,0.644,1,1
20120318,859,1,813,3,8,86803,86206,85908,85908,986,1.161,1,1
20120318,859,1,808,10,9,87464,86314,86451,86314,1392,1.639,1,1
20120318,859,1,817,5,10,87024,86319,,86319,1397,1.645,1,0
20120318,859,1,818,5,11,86493,86429,,86429,1507,1.775,1,0
20120318,859,1,4,6,12,86688,86494,,86494,1572,1.851,1,0
20120318,859,1,155,15,13,86182,86590,,86182,1260,1.484,1,0
20120318,859,1,811,3,14,87004,86663,,86663,1741,2.05,1,0
20120318,859,1,814,10,15,87469,87086,,87086,2164,2.548,1,0
20120318,859,1,13,6,16,87633,87497,,87497,2575,3.032,1,0
20120318,859,1,815,15,17,86596,,,86596,1674,1.971,0,0
20120318,859,1,8,206,18,87758,,,87758,2836,3.34,0,0
20120318,859,1,5,205,19,88679,,,88679,3757,4.424,0,0
20120318,859,1,809,205,20,89018,,,89018,4096,4.823,0,0
20120318,859,1,10,204,21,90923,,,90923,6001,7.066,0,0
20120318,859,1,819,204,22,91670,,,91670,6748,7.946,0,0
20120318,859,1,37,163,23,93495,,,93495,8573,10.095,0,0
20120318,859,1,39,163,24,93643,,,93643,8721,10.269,0,0
20120325,860,2,1,1,1,97813,97106,96219,96219,0,0.0,1,1
20120325,860,2,18,1,2,97575,96928,96368,96368,149,0.155,1,1
20120325,860,2,30,130,3,97517,97017,96391,96391,172,0.179,1,1
20120325,860,2,17,9,4,97172,97375,96461,96461,242,0.252,1,1
20120325,860,2,8,206,5,97961,96715,96461,96461,242,0.252,1,1
20120325,860,2,20,9,6,98102,97419,96634,96634,415,0.431,1,1
20120325,860,2,154,206,7,98058,97338,96658,96658,439,0.456,1,1
20120325,860,2,3,130,8,97696,96996,96664,96664,445,0.462,1,1
20120325,860,2,4,6,9,98151,97379,97566,97379,1160,1.206,1,1
20120325,860,2,815,15,10,97933,97477,97698,97477,1258,1.307,1,1
20120325,860,2,813,3,11,97789,97589,,97589,1370,1.424,1,0
20120325,860,2,13,6,12,98381,97731,,97731,1512,1.571,1,0
20120325,860,2,811,3,13,98437,97841,,97841,1622,1.686,1,0
20120325,860,2,814,10,14,98325,97877,,97877,1658,1.723,1,0
20120325,860,2,817,5,15,98419,97883,,97883,1664,1.729,1,0
20120325,860,2,808,10,16,98303,97890,,97890,1671,1.737,1,0
20120325,860,2,155,15,17,98372,98069,,98069,1850,1.923,1,0
20120325,860,2,818,5,18,99077,,,99077,2858,2.97,0,0
20120325,860,2,5,205,19,99306,,,99306,3087,3.208,0,0
20120325,860,2,809,205,20,99567,,,99567,3348,3.48,0,0
20120325,860,2,10,204,21,100903,,,100903,4684,4.868,0,0
20120325,860,2,819,204,22,101250,,,101250,5031,5.229,0,0
20120325,860,2,37,163,23,102914,,,102914,6695,6.958,0,0
20120325,860,2,39,163,24,103655,,,103655,7436,7.728,0,0
20120415,861,17,3,130,1,96875,95725,95121,95121,0,0.0,1,1
20120415,861,17,1,1,2,96763,95902,95626,95626,505,0.531,1,1
20120415,861,17,30,130,3,96797,95794,95691,95691,570,0.599,1,1
20120415,861,17,155,15,4,96863,95853,95784,95784,663,0.697,1,1
20120415,861,17,8,206,5,96850,95921,95898,95898,777,0.817,1,1
20120415,861,17,18,1,6,96746,95942,96191,95942,821,0.863,1,1
20120415,861,17,17,9,7,96682,95700,96290,95700,579,0.609,1,1
20120415,861,17,815,15,8,96198,95831,96524,95831,710,0.746,1,1
20120415,861,17,4,6,9,96292,95982,96622,95982,861,0.905,1,1
20120415,861,17,154,206,10,96343,95903,,95903,782,0.822,1,0
20120415,861,17,20,9,11,96911,96031,,96031,910,0.957,1,0
20120415,861,17,13,6,12,96556,96255,,96255,1134,1.192,1,0
20120415,861,17,813,3,13,96528,96283,,96283,1162,1.222,1,0
20120415,861,17,811,3,14,96674,96289,,96289,1168,1.228,1,0
20120415,861,17,814,10,15,96639,96317,,96317,1196,1.257,1,0
20120415,861,17,808,10,16,96921,96745,,96745,1624,1.707,1,0
20120415,861,17,817,5,17,96933,96956,,96933,1812,1.905,1,0
20120415,861,17,818,5,18,97714,,,97714,2593,2.726,0,0
20120415,861,17,5,205,19,98463,,,98463,3342,3.513,0,0
20120415,861,17,809,205,20,98677,,,98677,3556,3.738,0,0
20120415,861,17,10,204,21,99282,,,99282,4161,4.374,0,0
20120415,861,17,819,204,22,99717,,,99717,4596,4.832,0,0
20120415,861,17,37,163,23,100411,,,100411,5290,5.561,0,0
20120415,861,17,39,163,24,101000,,,101000,5879,6.181,0,0
20120422,862,3,20,9,1,94308,93527,92422,92422,0,0.0,1,1
20120422,862,3,1,1,2,94813,93209,92520,92520,98,0.106,1,1
20120422,862,3,17,9,3,94015,93311,92637,92637,215,0.233,1,1
20120422,862,3,18,1,4,94792,93416,92711,92711,289,0.313,1,1
20120422,862,3,3,130,5,94588,93219,92821,92821,399,0.432,1,1
20120422,862,3,817,5,6,93988,93556,92912,92912,490,0.53,1,1
20120422,862,3,154,206,7,94041,93246,93008,93008,586,0.634,1,1
20120422,862,3,815,15,8,93814,93660,93394,93394,972,1.052,1,1
20120422,862,3,4,6,9,94760,93403,,93403,981,1.061,1,0
20120422,862,3,814,10,10,96624,93510,,93510,1088,1.177,1,0
20120422,862,3,8,206,11,94552,93789,,93789,1367,1.479,1,0
20120422,862,3,155,15,12,94131,93806,,93806,1384,1.497,1,0
20120422,862,3,808,10,13,94601,93807,,93807,1385,1.499,1,0
20120422,862,3,13,6,14,94372,93912,,93912,1490,1.612,1,0
20120422,862,3,811,3,15,94466,94017,,94017,1595,1.726,1,0
20120422,862,3,5,205,16,94852,96132,,94852,2430,2.629,1,0
20120422,862,3,813,3,17,94639,,,94639,2217,2.399,0,0
20120422,862,3,30,130,18,94865,,,94865,2443,2.643,0,0
20120422,862,3,818,5,19,95014,,,95014,2592,2.805,0,0
20120422,862,3,809,205,20,95823,,,95823,3401,3.68,0,0
20120422,862,3,819,204,21,97683,,,97683,5261,5.692,0,0
20120422,862,3,37,163,22,97883,,,97883,5461,5.909,0,0
20120422,862,3,10,204,23,97905,,,97905,5483,5.933,0,0
20120422,862,3,39,163,24,98314,,,98314,5892,6.375,0,0
20120513,863,4,1,1,1,82583,82465,81707,81707,0,0.0,1,1
20120513,863,4,813,3,2,83380,82105,82285,82105,398,0.487,1,1
20120513,863,4,4,6,3,83276,82862,82302,82302,595,0.728,1,1
20120513,863,4,154,206,4,83248,82667,82424,82424,717,0.878,1,1
20120513,863,4,8,206,5,83406,82856,82487,82487,780,0.955,1,1
20120513,863,4,815,15,6,84261,82773,82533,82533,826,1.011,1,1
20120513,863,4,3,130,7,83370,82882,83005,82882,1175,1.438,1,1
20120513,863,4,20,9,8,83850,82884,,82884,1177,1.441,1,0
20120513,863,4,30,130,9,83757,82904,,82904,1197,1.465,1,0
20120513,863,4,155,15,10,83386,82897,,82897,1190,1.456,1,0
20120513,863,4,18,1,11,83510,82944,,82944,1237,1.514,1,0
20120513,863,4,17,9,12,83592,82977,,82977,1270,1.554,1,0
20120513,863,4,814,10,13,83852,83125,,83125,1418,1.735,1,0
20120513,863,4,808,10,14,83720,83177,,83177,1470,1.799,1,0
20120513,863,4,818,5,15,84362,83265,,83265,1558,1.907,1,0
20120513,863,4,817,5,16,83906,83442,,83442,1735,2.123,1,0
20120513,863,4,13,6,17,83886,83444,,83444,1737,2.126,1,0
20120513,863,4,811,3,18,84981,,,84981,3274,4.007,0,0
20120513,863,4,809,205,19,85277,,,85277,3570,4.369,0,0
20120513,863,4,5,205,20,85507,,,85507,3800,4.651,0,0
20120513,863,4,819,204,21,86582,,,86582,4875,5.966,0,0
20120513,863,4,10,204,22,87032,,,87032,5325,6.517,0,0
20120513,863,4,37,163,23,87555,,,87555,5848,7.157,0,0
20120513,863,4,39,163,24,91122,,,91122,9415,11.523,0,0
20120527,864,6,30,130,1,75873,75062,74301,74301,0,0.0,1,1
20120527,864,6,17,9,2,76013,75035,74381,74381,80,0.108,1,1
20120527,864,6,3,130,3,75900,75022,74448,74448,147,0.198,1,1
20120527,864,6,1,1,4,76063,75166,74583,74583,282,0.38,1,1
20120527,864,6,154,206,5,75718,75219,74639,74639,338,0.455,1,1
20120527,864,6,4,6,6,76153,75128,74948,74948,647,0.871,1,1
20120527,864,6,13,6,7,75983,74911,75049,74911,610,0.821,1,1
20120527,864,6,8,206,8,75889,75322,75199,75199,898,1.209,1,1
20120527,864,6,813,3,9,76017,75026,75245,75026,725,0.976,1,1
20120527,864,6,20,9,10,75757,75234,,75234,933,1.256,1,0
20120527,864,6,808,10,11,75418,75421,,75418,1117,1.503,1,0
20120527,864,6,155,15,12,75648,75508,,75508,1207,1.624,1,0
20120527,864,6,18,1,13,76399,75536,,75536,1235,1.662,1,0
20120527,864,6,811,3,14,75923,75709,,75709,1408,1.895,1,0
20120527,864,6,814,10,15,76062,75718,,75718,1417,1.907,1,0
20120527,864,6,817,5,16,76360,75878,,75878,1577,2.122,1,0
20120527,864,6,818,5,17,76491,76885,,76491,2190,2.947,1,0
20120527,864,6,5,205,18,76538,,,76538,2237,3.011,0,0
20120527,864,6,809,205,19,77404,,,77404,3103,4.176,0,0
20120527,864,6,10,204,20,77947,,,77947,3646,4.907,0,0
20120527,864,6,37,163,21,78096,,,78096,3795,5.108,0,0
20120527,864,6,819,204,22,78476,,,78476,4175,5.619,0,0
20120527,864,6,39,163,23,79310,,,79310,5009,6.741,0,0
20120610,865,7,20,9,1,74661,74187,73784,73784,0,0.0,1,1
20120610,865,7,1,1,2,74891,74371,74087,74087,303,0.411,1,1
20120610,865,7,4,6,3,74916,74314,74151,74151,367,0.497,1,1
20120610,865,7,17,9,4,74956,74479,74346,74346,562,0.762,1,1
20120610,865,7,3,130,5,75098,74568,74411,74411,627,0.85,1,1
20120610,865,7,13,6,6,75194,74641,74465,74465,681,0.923,1,1
20120610,865,7,154,206,7,75163,74627,74645,74627,843,1.143,1,1
20120610,865,7,814,10,8,75019,74639,74705,74639,855,1.159,1,1
20120610,865,7,30,130,9,74892,74480,74812,74480,696,0.943,1,1
20120610,865,7,18,1,10,74799,74680,75182,74680,896,1.214,1,1
20120610,865,7,155,15,11,75101,74688,,74688,904,1.225,1,0
20120610,865,7,8,206,12,74995,74734,,74734,950,1.288,1,0
20120610,865,7,808,10,13,75106,74748,,74748,964,1.307,1,0
20120610,865,7,817,5,14,75552,75078,,75078,1294,1.754,1,0
20120610,865,7,815,15,15,75326,75156,,75156,1372,1.859,1,0
20120610,865,7,811,3,16,74995,75170,,74995,1211,1.641,1,0
20120610,865,7,813,3,17,74979,75231,,74979,1195,1.62,1,0
20120610,865,7,5,205,18,76263,,,76263,2479,3.36,0,0
20120610,865,7,809,205,19,76482,,,76482,2698,3.657,0,0
20120610,865,7,818,5,20,76602,,,76602,2818,3.819,0,0
20120610,865,7,37,163,21,77492,,,77492,3708,5.025,0,0
20120610,865,7,10,204,22,77901,,,77901,4117,5.58,0,0
20120610,865,7,819,204,23,78255,,,78255,4471,6.06,0,0
20120610,865,7,39,163,24,78330,,,78330,4546,6.161,0,0
20120624,866,12,20,9,1,99626,98530,98086,98086,0,0.0,1,1
20120624,866,12,1,1,2,99169,98616,98410,98410,324,0.33,1,1
20120624,866,12,813,3,3,98825,98570,98475,98475,389,0.397,1,1
20120624,866,12,154,206,4,99530,98489,98505,98489,403,0.411,1,1
20120624,866,12,8,206,5,99464,98531,98513,98513,427,0.435,1,1
20120624,866,12,3,130,6,99061,98504,98623,98504,418,0.426,1,1
20120624,866,12,155,15,7,99651,98703,98741,98703,617,0.629,1,1
20120624,866,12,808,10,8,99009,98689,98752,98689,603,0.615,1,1
20120624,866,12,18,1,9,99622,98563,98801,98563,477,0.486,1,1
20120624,866,12,814,10,10,98858,98519,98992,98519,433,0.441,1,1
20120624,866,12,4,6,11,99409,98707,,98707,621,0.633,1,0
20120624,866,12,30,130,12,99447,98770,,98770,684,0.697,1,0
20120624,866,12,13,6,13,99388,98780,,98780,694,0.708,1,0
20120624,866,12,811,3,14,99449,99207,,99207,1121,1.143,1,0
20120624,866,12,815,15,15,99353,99358,,99353,1267,1.292,1,0
20120624,866,12,5,205,16,100087,100295,,100087,2001,2.04,1,0
20120624,866,12,817,5,17,99924,100358,,99924,1838,1.874,1,0
20120624,866,12,818,5,18,100203,,,100203,2117,2.158,0,0
20120624,866,12,17,9,19,100395,,,100395,2309,2.354,0,0
20120624,866,12,809,205,20,100457,,,100457,2371,2.417,0,0
20120624,866,12,37,163,21,102171,,,102171,4085,4.165,0,0
20120624,866,12,39,163,22,102527,,,102527,4441,4.528,0,0
20120624,866,12,819,204,23,102675,,,102675,4589,4.679,0,0
20120708,867,9,4,6,1,106515,116921,111746,106515,236,0.222,1,1
20120708,867,9,17,9,2,107276,115898,111793,107276,997,0.938,1,1
20120708,867,9,30,130,3,106571,115799,112020,106571,292,0.275,1,1
20120708,867,9,20,9,4,106279,116931,112199,106279,0,0.0,1,1
20120708,867,9,13,6,5,107401,116388,113065,107401,1122,1.056,1,1
20120708,867,9,8,206,6,107309,116469,113290,107309,1030,0.969,1,1
20120708,867,9,813,3,7,106449,116802,113539,106449,170,0.16,1,1
20120708,867,9,1,1,8,107433,114897,113543,107433,1154,1.086,1,1
20120708,867,9,808,10,9,106334,115556,114382,106334,55,0.052,1,1
20120708,867,9,154,206,10,107043,116388,,107043,764,0.719,1,0
20120708,867,9,814,10,11,107582,117009,,107582,1303,1.226,1,0
20120708,867,9,155,15,12,106649,117071,,106649,370,0.348,1,0
20120708,867,9,3,130,13,107724,117108,,107724,1445,1.36,1,0
20120708,867,9,817,5,14,107266,117132,,107266,987,0.929,1,0
20120708,867,9,811,3,15,107105,117426,,107105,826,0.777,1,0
20120708,867,9,818,5,16,107705,117719,,107705,1426,1.342,1,0
20120708,867,9,815,15,17,106494,117895,,106494,215,0.202,1,0
20120708,867,9,18,1,18,108044,,,108044,1765,1.661,0,0
20120708,867,9,809,205,19,109027,,,109027,2748,2.586,0,0
20120708,867,9,5,205,20,109477,,,109477,3198,3.009,0,0
20120708,867,9,10,204,21,111618,,,111618,5339,5.024,0,0
20120708,867,9,37,163,22,112742,,,112742,6463,6.081,0,0
20120708,867,9,39,163,23,113040,,,113040,6761,6.362,0,0
20120708,867,9,819,204,24,114143,,,114143,7864,7.399,0,0
20120722,868,10,4,6,1,76073,98521,100621,76073,380,0.502,1,1
20120722,868,10,20,9,2,76393,98309,101026,76393,700,0.925,1,1
20120722,868,10,17,9,3,76500,99382,101496,76500,807,1.066,1,1
20120722,868,10,30,130,4,76686,98010,102459,76686,993,1.312,1,1
20120722,868,10,808,10,5,76271,99467,103501,76271,578,0.764,1,1
20120722,868,10,813,3,6,76181,98731,103950,76181,488,0.645,1,1
20120722,868,10,18,1,7,76507,98659,104113,76507,814,1.075,1,1
20120722,868,10,1,1,8,76221,97365,104186,76221,528,0.698,1,1
20120722,868,10,814,10,9,76352,99703,104889,76352,659,0.871,1,1
20120722,868,10,8,206,10,75693,99729,105811,75693,0,0.0,1,1
20120722,868,10,817,5,11,76516,99789,,76516,823,1.087,1,0
20120722,868,10,815,15,12,75726,99933,,75726,33,0.044,1,0
20120722,868,10,155,15,13,76481,99985,,76481,788,1.041,1,0
20120722,868,10,13,6,14,76265,100212,,76265,572,0.756,1,0
20120722,868,10,154,206,15,76685,100574,,76685,992,1.311,1,0
20120722,868,10,811,3,16,76426,100752,,76426,733,0.968,1,0
20120722,868,10,3,130,17,75988,101551,,75988,295,0.39,1,0
20120722,868,10,818,5,18,76741,,,76741,1048,1.385,0,0
20120722,868,10,5,205,19,77620,,,77620,1927,2.546,0,0
20120722,868,10,809,205,20,78531,,,78531,2838,3.749,0,0
20120722,868,10,819,204,21,79220,,,79220,3527,4.66,0,0
20120722,868,10,10,204,22,79291,,,79291,3598,4.753,0,0
20120722,868,10,37,163,23,79912,,,79912,4219,5.574,0,0
20120722,868,10,39,163,24,80230,,,80230,4537,5.994,0,0
20120729,869,11,1,1,1,81794,81060,80953,80953,0,0.0,1,1
20120729,869,11,154,206,2,82755,81657,81366,81366,413,0.51,1,1
20120729,869,11,20,9,3,82948,81407,81416,81407,454,0.561,1,1
20120729,869,11,18,1,4,82028,81618,81583,81583,630,0.778,1,1
20120729,869,11,8,206,5,82234,81583,81730,81583,630,0.778,1,1
20120729,869,11,4,6,6,82095,81598,81844,81598,645,0.797,1,1
20120729,869,11,13,6,7,82203,81534,81900,81534,581,0.718,1,1
20120729,869,11,813,3,8,82475,81504,81939,81504,551,0.681,1,1
20120729,869,11,811,3,9,82271,81697,82343,81697,744,0.919,1,1
20120729,869,11,808,10,10,82176,81653,82847,81653,700,0.865,1,1
20120729,869,11,17,9,11,82829,81715,,81715,762,0.941,1,0
20120729,869,11,814,10,12,81912,81813,,81813,860,1.062,1,0
20120729,869,11,3,130,13,82079,81895,,81895,942,1.164,1,0
20120729,869,11,815,15,14,82110,81895,,81895,942,1.164,1,0
20120729,869,11,155,15,15,82801,82300,,82300,1347,1.664,1,0
20120729,869,11,818,5,16,82799,82380,,82380,1427,1.763,1,0
20120729,869,11,30,130,17,82436,82723,,82436,1483,1.832,1,0
20120729,869,11,817,5,18,83250,,,83250,2297,2.837,0,0
20120729,869,11,5,205,19,83576,,,83576,2623,3.24,0,0
20120729,869,11,809,205,20,84167,,,84167,3214,3.97,0,0
20120729,869,11,819,204,21,85244,,,85244,4291,5.301,0,0
20120729,869,11,10,204,22,85476,,,85476,4523,5.587,0,0
20120729,869,11,37,163,23,85916,,,85916,4963,6.131,0,0
20120729,869,11,39,163,24,86178,,,86178,5225,6.454,0,0
20120902,870,13,18,1,1,109250,107654,107573,107573,0,0.0,1,1
20120902,870,13,155,15,2,109686,108569,107871,107871,298,0.277,1,1
20120902,870,13,813,3,3,108993,108780,107893,107893,320,0.297,1,1
20120902,870,13,8,206,4,109546,108414,108205,108205,632,0.588,1,1
20120902,870,13,815,15,5,109642,107980,108219,107980,407,0.378,1,1
20120902,870,13,4,6,6,109401,108598,108313,108313,740,0.688,1,1
20120902,870,13,17,9,7,109859,108546,108392,108392,819,0.761,1,1
20120902,870,13,1,1,8,109605,108563,108394,108394,821,0.763,1,1
20120902,870,13,154,206,9,110126,108714,108538,108538,965,0.897,1,1
20120902,870,13,814,10,10,110033,108729,108890,108729,1156,1.075,1,1
20120902,870,13,20,9,11,109722,108792,,108792,1219,1.133,1,0
20120902,870,13,808,10,12,109362,108855,,108855,1282,1.192,1,0
20120902,870,13,30,130,13,109742,109081,,109081,1508,1.402,1,0
20120902,870,13,13,6,14,109588,109147,,109147,1574,1.463,1,0
20120902,870,13,818,5,15,109763,109354,,109354,1781,1.656,1,0
20120902,870,13,817,5,16,109572,109543,,109543,1970,1.831,1,0
20120902,870,13,811,3,17,109958,110088,,109958,2385,2.217,1,0
20120902,870,13,3,130,18,110181,,,110181,2608,2.424,0,0
20120902,870,13,5,205,19,111739,,,111739,4166,3.873,0,0
20120902,870,13,809,205,20,111967,,,111967,4394,4.085,0,0
20120902,870,13,10,204,21,112336,,,112336,4763,4.428,0,0
20120902,870,13,37,163,22,113030,,,113030,5457,5.073,0,0
20120902,870,13,819,204,23,113493,,,113493,5920,5.503,0,0
20120902,870,13,39,163,24,114989,,,114989,7416,6.894,0,0
20120909,871,14,1,1,1,84211,84394,84010,84010,0,0.0,1,1
20120909,871,14,18,1,2,84672,84255,84133,84133,123,0.146,1,1
20120909,871,14,13,6,3,84882,84505,84247,84247,237,0.282,1,1
20120909,871,14,814,10,4,84875,84345,84304,84304,294,0.35,1,1
20120909,871,14,30,130,5,85302,84675,84540,84540,530,0.631,1,1
20120909,871,14,20,9,6,85011,84687,84802,84687,677,0.806,1,1
20120909,871,14,3,130,7,84689,84515,84833,84515,505,0.601,1,1
20120909,871,14,8,206,8,85151,84742,84855,84742,732,0.871,1,1
20120909,871,14,155,15,9,85317,84683,85109,84683,673,0.801,1,1
20120909,871,14,4,6,10,84175,84242,85678,84175,165,0.196,1,1
20120909,871,14,17,9,11,85556,84809,,84809,799,0.951,1,0
20120909,871,14,813,3,12,85103,84820,,84820,810,0.964,1,0
20120909,871,14,815,15,13,85300,84901,,84901,891,1.061,1,0
20120909,871,14,811,3,14,85135,85042,,85042,1032,1.228,1,0
20120909,871,14,817,5,15,85728,85312,,85312,1302,1.55,1,0
20120909,871,14,816,206,16,85834,85408,,85408,1398,1.664,1,0
20120909,871,14,818,5,17,85649,85441,,85441,1431,1.703,1,0
20120909,871,14,5,205,18,86382,,,86382,2372,2.823,0,0
20120909,871,14,809,205,19,86887,,,86887,2877,3.425,0,0
20120909,871,14,10,204,20,87039,,,87039,3029,3.606,0,0
20120909,871,14,819,204,21,87073,,,87073,3063,3.646,0,0
20120909,871,14,39,163,22,87441,,,87441,3431,4.084,0,0
20120909,871,14,37,163,23,87629,,,87629,3619,4.308,0,0
20120923,872,15,1,1,1,108285,106665,106362,106362,0,0.0,1,1
20120923,872,15,813,3,2,109494,107602,106804,106804,442,0.416,1,1
20120923,872,15,20,9,3,108240,106791,106905,106791,429,0.403,1,1
20120923,872,15,18,1,4,109381,107661,106939,106939,577,0.542,1,1
20120923,872,15,4,6,5,109391,107567,107216,107216,854,0.803,1,1
20120923,872,15,814,10,6,108028,107667,107241,107241,879,0.826,1,1
20120923,872,15,17,9,7,108717,107513,107475,107475,1113,1.046,1,1
20120923,872,15,154,206,8,107688,107529,107788,107529,1167,1.097,1,1
20120923,872,15,30,130,9,109546,107823,,107823,1461,1.374,1,0
20120923,872,15,3,130,10,109463,107943,,107943,1581,1.486,1,0
20120923,872,15,808,10,11,109547,107975,,107975,1613,1.517,1,0
20120923,872,15,8,206,12,108169,108261,,108169,1807,1.699,1,0
20120923,872,15,13,6,13,109767,108344,,108344,1982,1.863,1,0
20120923,872,15,815,15,14,109055,108505,,108505,2143,2.015,1,0
20120923,872,15,817,5,15,109023,108774,,108774,2412,2.268,1,0
20120923,872,15,818,5,16,109564,108849,,108849,2487,2.338,1,0
20120923,872,15,811,3,17,109809,,,109809,3447,3.241,0,0
20120923,872,15,155,15,18,109933,,,109933,3571,3.357,0,0
20120923,872,15,809,205,19,110846,,,110846,4484,4.216,0,0
20120923,872,15,5,205,20,111137,,,111137,4775,4.489,0,0
20120923,872,15,10,204,21,111370,,,111370,5008,4.708,0,0
20120923,872,15,819,204,22,111762,,,111762,5400,5.077,0,0
20120923,872,15,39,163,23,112372,,,112372,6010,5.651,0,0
20120923,872,15,37,163,24,113355,,,113355,6993,6.575,0,0
20121007,873,22,20,9,1,92608,91501,90839,90839,0,0.0,1,1
20121007,873,22,17,9,2,92951,91950,91090,91090,251,0.276,1,1
20121007,873,22,18,1,3,93077,91772,91290,91290,451,0.496,1,1
20121007,873,22,155,15,4,92042,91886,91700,91700,861,0.948,1,1
20121007,873,22,154,206,5,92029,91988,91898,91898,1059,1.166,1,1
20121007,873,22,815,15,6,92147,92169,92022,92022,1183,1.302,1,1
20121007,873,22,4,6,7,92459,91833,92114,91833,994,1.094,1,1
20121007,873,22,8,206,8,92221,91826,92208,91826,987,1.087,1,1
20121007,873,22,1,1,9,93061,92121,92327,92121,1282,1.411,1,1
20121007,873,22,808,10,10,92828,92272,,92272,1433,1.578,1,0
20121007,873,22,13,6,11,92946,92293,,92293,1454,1.601,1,0
20121007,873,22,814,10,12,92898,92327,,92327,1488,1.638,1,0
20121007,873,22,30,130,13,93349,92469,,92469,1630,1.794,1,0
20121007,873,22,813,3,14,92834,92512,,92512,1673,1.842,1,0
20121007,873,22,3,130,15,93015,92625,,92625,1786,1.966,1,0
20121007,873,22,817,5,16,93059,92954,,92954,2115,2.328,1,0
20121007,873,22,818,5,17,93370,93368,,93368,2529,2.784,1,0
20121007,873,22,811,3,18,93405,,,93405,2566,2.825,0,0
20121007,873,22,5,205,19,94657,,,94657,3818,4.203,0,0
20121007,873,22,10,204,20,95213,,,95213,4374,4.815,0,0
20121007,873,22,37,163,21,95385,,,95385,4546,5.004,0,0
20121007,873,22,819,204,22,95429,,,95429,4590,5.053,0,0
20121007,873,22,809,205,23,95432,,,95432,4593,5.056,0,0
20121007,873,22,39,163,24,96734,,,96734,5895,6.49,0,0
20121014,874,35,17,9,1,98397,98220,97242,97242,0,0.0,1,1
20121014,874,35,20,9,2,98208,97767,97316,97316,74,0.076,1,1
20121014,874,35,1,1,3,99180,98000,97469,97469,227,0.233,1,1
20121014,874,35,4,6,4,99144,97987,97534,97534,292,0.3,1,1
20121014,874,35,8,206,5,98887,98227,97625,97625,383,0.394,1,1
20121014,874,35,13,6,6,98937,98253,97884,97884,642,0.66,1,1
20121014,874,35,154,206,7,98863,98275,97934,97934,692,0.712,1,1
20121014,874,35,808,10,8,98981,98428,98266,98266,1024,1.053,1,1
20121014,874,35,3,130,9,98999,98417,98361,98361,1119,1.151,1,1
20121014,874,35,30,130,10,98808,98436,98513,98436,1194,1.228,1,1
20121014,874,35,18,1,11,98615,98441,,98441,1199,1.233,1,0
20121014,874,35,815,15,12,98630,98460,,98460,1218,1.253,1,0
20121014,874,35,155,15,13,98719,98594,,98594,1352,1.39,1,0
20121014,874,35,814,10,14,98942,98643,,98643,1401,1.441,1,0
20121014,874,35,813,3,15,99024,98725,,98725,1483,1.525,1,0
20121014,874,35,817,5,16,98784,99084,,98784,1542,1.586,1,0
20121014,874,35,818,5,17,98744,99340,,98744,1502,1.545,1,0
20121014,874,35,811,3,18,99443,,,99443,2201,2.263,0,0
20121014,874,35,809,205,19,100207,,,100207,2965,3.049,0,0
20121014,874,35,5,205,20,100333,,,100333,3091,3.179,0,0
20121014,874,35,819,204,21,101317,,,101317,4075,4.191,0,0
20121014,874,35,10,204,22,101371,,,101371,4129,4.246,0,0
20121014,874,35,37,163,23,102881,,,102881,5639,5.799,0,0
20121028,875,68,20,9,1,86387,85435,85283,85283,0,0.0,1,1
20121028,875,68,17,9,2,86744,85610,85327,85327,44,0.052,1,1
20121028,875,68,1,1,3,86516,85816,85544,85544,261,0.306,1,1
20121028,875,68,18,1,4,86564,85467,85659,85467,184,0.216,1,1
20121028,875,68,4,6,5,86829,85834,85773,85773,490,0.575,1,1
20121028,875,68,13,6,6,86939,86111,85857,85857,574,0.673,1,1
20121028,875,68,8,206,7,86740,86101,86236,86101,818,0.959,1,1
20121028,875,68,815,15,8,87179,86076,86360,86076,793,0.93,1,1
20121028,875,68,813,3,9,86048,85983,86713,85983,700,0.821,1,1
20121028,875,68,3,130,10,86458,85976,,85976,693,0.813,1,0
20121028,875,68,154,206,11,86897,86136,,86136,853,1.0,1,0
20121028,875,68,808,10,12,87185,86241,,86241,958,1.123,1,0
20121028,875,68,811,3,13,86851,86331,,86331,1048,1.229,1,0
20121028,875,68,30,130,14,87482,86574,,86574,1291,1.514,1,0
20121028,875,68,817,5,15,87006,86777,,86777,1494,1.752,1,0
20121028,875,68,814,10,16,87462,86989,,86989,1706,2.0,1,0
20121028,875,68,155,15,17,87517,87219,,87219,1936,2.27,1,0
20121028,875,68,818,5,18,87525,,,87525,2242,2.629,0,0
20121028,875,68,809,205,19,88756,,,88756,3473,4.072,0,0
20121028,875,68,5,205,20,89500,,,89500,4217,4.945,0,0
20121028,875,68,10,204,21,89613,,,89613,4330,5.077,0,0
20121028,875,68,37,163,22,90592,,,90592,5309,6.225,0,0
20121028,875,68,39,163,23,90593,,,90593,5310,6.226,0,0
20121028,875,68,819,204,24,90662,,,90662,5379,6.307,0,0
20121104,876,24,1,1,1,101497,100901,100630,100630,0,0.0,1,1
20121104,876,24,17,9,2,101933,101277,100978,100978,348,0.346,1,1
20121104,876,24,20,9,3,102160,101511,101073,101073,443,0.44,1,1
20121104,876,24,813,3,4,101981,101907,101226,101226,596,0.592,1,1
20121104,876,24,8,206,5,102222,101532,101260,101260,630,0.626,1,1
20121104,876,24,18,1,6,102342,101873,101290,101290,660,0.656,1,1
20121104,876,24,4,6,7,101939,101514,101582,101514,884,0.878,1,1
20121104,876,24,3,130,8,101926,101698,101603,101603,973,0.967,1,1
20121104,876,24,13,6,9,101974,101846,101723,101723,1093,1.086,1,1
20121104,876,24,154,206,10,102046,101620,101778,101620,990,0.984,1,1
20121104,876,24,808,10,11,102579,102019,,102019,1389,1.38,1,0
20121104,876,24,815,15,12,102624,102084,,102084,1454,1.445,1,0
20121104,876,24,814,10,13,102572,102218,,102218,1588,1.578,1,0
20121104,876,24,30,130,14,102735,102289,,102289,1659,1.649,1,0
20121104,876,24,811,3,15,103298,102330,,102330,1700,1.689,1,0
20121104,876,24,155,15,16,103582,102606,,102606,1976,1.964,1,0
20121104,876,24,817,5,17,103280,102765,,102765,2135,2.122,1,0
20121104,876,24,818,5,18,104058,,,104058,3428,3.407,0,0
20121104,876,24,5,205,19,104956,,,104956,4326,4.299,0,0
20121104,876,24,819,204,20,105089,,,105089,4459,4.431,0,0
20121104,876,24,809,205,21,105151,,,105151,4521,4.493,0,0
20121104,876,24,10,204,22,105426,,,105426,4796,4.766,0,0
20121104,876,24,37,163,23,105766,,,105766,5136,5.104,0,0
20121104,876,24,39,163,24,106382,,,106382,5752,5.716,0,0
20121118,877,69,20,9,1,96558,95796,95657,95657,0,0.0,1,1
20121118,877,69,1,1,2,97058,96795,95766,95766,109,0.114,1,1
20121118,877,69,17,9,3,97215,96298,96174,96174,517,0.54,1,1
20121118,877,69,154,206,4,97486,96906,96587,96587,930,0.972,1,1
20121118,877,69,8,206,5,98051,97404,96708,96708,1051,1.099,1,1
20121118,877,69,30,130,6,97927,97102,96794,96794,1137,1.189,1,1
20121118,877,69,13,6,7,97667,96549,96937,96549,892,0.932,1,1
20121118,877,69,808,10,8,97756,97066,97141,97066,1409,1.473,1,1
20121118,877,69,4,6,9,97968,97123,97300,97123,1466,1.533,1,1
20121118,877,69,813,3,10,97537,97011,97842,97011,1354,1.415,1,1
20121118,877,69,811,3,11,97520,97604,,97520,1863,1.948,1,0
20121118,877,69,18,1,12,97565,97616,,97565,1908,1.995,1,0
20121118,877,69,814,10,13,98104,97665,,97665,2008,2.099,1,0
20121118,877,69,818,5,14,98434,97879,,97879,2222,2.323,1,0
20121118,877,69,815,15,15,98500,98206,,98206,2549,2.665,1,0
20121118,877,69,155,15,16,98418,98437,,98418,2761,2.886,1,0
20121118,877,69,3,130,17,98862,98501,,98501,2844,2.973,1,0
20121118,877,69,817,5,18,99114,,,99114,3457,3.614,0,0
20121118,877,69,10,204,19,100056,,,100056,4399,4.599,0,0
20121118,877,69,819,204,20,100664,,,100664,5007,5.234,0,0
20121118,877,69,809,205,21,100809,,,100809,5152,5.386,0,0
20121118,877,69,5,205,22,101166,,,101166,5509,5.759,0,0
20121118,877,69,37,163,23,102011,,,102011,6354,6.642,0,0
20121118,877,69,39,163,24,102740,,,102740,7083,7.405,0,0
20121125,878,18,1,1,1,75075,73398,72458,72458,0,0.0,1,1
20121125,878,18,18,1,2,75456,73515,72513,72513,55,0.076,1,1
20121125,878,18,17,9,3,76180,73667,72581,72581,123,0.17,1,1
20121125,878,18,20,9,4,75644,73209,72760,72760,302,0.417,1,1
20121125,878,18,13,6,5,76263,74048,72987,72987,529,0.73,1,1
20121125,878,18,813,3,6,76266,73698,73174,73174,716,0.988,1,1
20121125,878,18,808,10,7,75536,73704,73206,73206,748,1.032,1,1
20121125,878,18,4,6,8,76097,73856,73253,73253,795,1.097,1,1
20121125,878,18,8,206,9,76432,73698,73298,73298,840,1.159,1,1
20121125,878,18,3,130,10,75929,73848,73489,73489,1031,1.423,1,1
20121125,878,18,814,10,11,75901,74121,,74121,1663,2.295,1,0
20121125,878,18,811,3,12,75333,74219,,74219,1761,2.43,1,0
20121125,878,18,815,15,13,75974,74234,,74234,1776,2.451,1,0
20121125,878,18,30,130,14,76005,74334,,74334,1876,2.589,1,0
20121125,878,18,155,15,15,76400,74380,,74380,1922,2.653,1,0
20121125,878,18,817,5,16,76744,74574,,74574,2116,2.92,1,0
20121125,878,18,818,5,17,76722,74619,,74619,2161,2.982,1,0
20121125,878,18,154,206,18,76967,,,76967,4509,6.223,0,0
20121125,878,18,809,205,19,77073,,,77073,4615,6.369,0,0
20121125,878,18,5,205,20,77086,,,77086,4628,6.387,0,0
20121125,878,18,10,204,21,77508,,,77508,5050,6.97,0,0
20121125,878,18,819,204,22,78104,,,78104,5646,7.792,0,0
20121125,878,18,39,163,23,79576,,,79576,7118,9.824,0,0
20121125,878,18,37,163,24,79699,,,79699,7241,9.993,0,0
20130317,879,1,20,9,1,104657,96745,87407,87407,0,0.0,1,1
20130317,879,1,17,9,2,104472,96524,87827,87827,420,0.481,1,1
20130317,879,1,1,130,3,105456,96625,88087,88087,680,0.778,1,1
20130317,879,1,13,6,4,104635,96666,88490,88490,1083,1.239,1,1
20130317,879,1,4,6,5,103850,96691,88493,88493,1086,1.242,1,1
20130317,879,1,3,130,6,103380,96194,88523,88523,1116,1.277,1,1
20130317,879,1,8,206,7,105545,97517,88738,88738,1331,1.523,1,1
20130317,879,1,154,206,8,104284,97641,89013,89013,1606,1.837,1,1
20130317,879,1,814,10,9,105601,96901,89305,89305,1898,2.171,1,1
20130317,879,1,18,1,10,104688,96644,90357,90357,2950,3.375,1,1
20130317,879,1,808,15,11,105930,98067,,98067,10660,12.196,1,0
20130317,879,1,16,10,12,107330,98134,,98134,10727,12.272,1,0
20130317,879,1,818,5,13,104871,98778,,98778,11371,13.009,1,0
20130317,879,1,817,5,14,106450,99042,,99042,11635,13.311,1,0
20130317,879,1,815,1,15,104400,99900,,99900,12493,14.293,1,0
20130317,879,1,822,3,16,107328,100290,,100290,12883,14.739,1,0
20130317,879,1,813,3,17,107614,,,107614,20207,23.118,0,0
20130317,879,1,821,15,18,107776,,,107776,20369,23.304,0,0
20130317,879,1,824,204,19,108147,,,108147,20740,23.728,0,0
20130317,879,1,820,204,20,108909,,,108909,21502,24.6,0,0
20130317,879,1,823,205,21,109519,,,109519,22112,25.298,0,0
20130317,879,1,819,205,22,110626,,,110626,23219,26.564,0,0
20130324,880,2,20,9,1,97899,97245,109674,97245,1055,1.097,1,1
20130324,880,2,13,6,2,97712,96874,110587,96874,684,0.711,1,1
20130324,880,2,4,6,3,97314,96877,110727,96877,687,0.714,1,1
20130324,880,2,1,130,4,97513,96517,111699,96517,327,0.34,1,1
20130324,880,2,17,9,5,97619,96449,112244,96449,259,0.269,1,1
20130324,880,2,3,130,6,97239,96190,112519,96190,0,0.0,1,1
20130324,880,2,8,206,7,96959,96640,112970,96640,450,0.468,1,1
20130324,880,2,18,1,8,97487,97117,113175,97117,927,0.964,1,1
20130324,880,2,16,10,9,96809,96834,113439,96809,619,0.644,1,1
20130324,880,2,815,1,10,97702,97342,114136,97342,1152,1.198,1,1
20130324,880,2,154,206,11,97363,97636,,97363,1173,1.219,1,0
20130324,880,2,808,15,12,97931,98125,,97931,1741,1.81,1,0
20130324,880,2,817,5,13,97722,98822,,97722,1532,1.593,1,0
20130324,880,2,821,15,14,97707,99221,,97707,1517,1.577,1,0
20130324,880,2,814,10,15,97493,104509,,97493,1303,1.355,1,0
20130324,880,2,813,3,16,97867,,,97867,1677,1.743,0,0
20130324,880,2,818,5,17,98157,,,98157,1967,2.045,0,0
20130324,880,2,822,3,18,98207,,,98207,2017,2.097,0,0
20130324,880,2,824,204,19,98434,,,98434,2244,2.333,0,0
20130324,880,2,819,205,20,99314,,,99314,3124,3.248,0,0
20130324,880,2,820,204,21,99672,,,99672,3482,3.62,0,0
20130324,880,2,823,205,22,99932,,,99932,3742,3.89,0,0
20130414,881,17,1,130,1,95793,95078,94484,94484,0,0.0,1,1
20130414,881,17,8,206,2,97046,95659,94761,94761,277,0.293,1,1
20130414,881,17,4,6,3,96253,95148,94788,94788,304,0.322,1,1
20130414,881,17,3,130,4,95959,95537,94861,94861,377,0.399,1,1
20130414,881,17,13,6,5,95972,95403,94933,94933,449,0.475,1,1
20130414,881,17,154,206,6,96929,96065,95364,95364,880,0.931,1,1
20130414,881,17,817,5,7,96993,96258,95998,95998,1514,1.602,1,1
20130414,881,17,18,1,8,96667,95784,125673,95784,1300,1.376,1,1
20130414,881,17,20,9,9,96537,95343,,95343,859,0.909,1,0
20130414,881,17,808,15,10,96985,96261,,96261,1777,1.881,1,0
20130414,881,17,814,10,11,97478,96287,,96287,1803,1.908,1,0
20130414,881,17,815,1,12,96952,96314,,96314,1830,1.937,1,0
20130414,881,17,16,10,13,97349,96405,,96405,1921,2.033,1,0
20130414,881,17,17,9,14,96148,96679,,96148,1664,1.761,1,0
20130414,881,17,813,3,15,97281,97139,,97139,2655,2.81,1,0
20130414,881,17,818,5,16,97508,97199,,97199,2715,2.874,1,0
20130414,881,17,822,3,17,97769,,,97769,3285,3.477,0,0
20130414,881,17,821,15,18,97990,,,97990,3506,3.711,0,0
20130414,881,17,824,204,19,98780,,,98780,4296,4.547,0,0
20130414,881,17,820,204,20,99537,,,99537,5053,5.348,0,0
20130414,881,17,819,205,21,99614,,,99614,5130,5.429,0,0
20130414,881,17,823,205,22,99660,,,99660,5176,5.478,0,0
20130421,882,3,3,130,1,93364,92867,92330,92330,0,0.0,1,1
20130421,882,3,20,9,2,93327,92746,92584,92584,254,0.275,1,1
20130421,882,3,4,6,3,92878,93316,92667,92667,337,0.365,1,1
20130421,882,3,1,130,4,93498,93346,92762,92762,432,0.468,1,1
20130421,882,3,17,9,5,93966,93098,93078,93078,748,0.81,1,1
20130421,882,3,13,6,6,93780,93358,93207,93207,877,0.95,1,1
20130421,882,3,814,10,7,93762,93335,93235,93235,905,0.98,1,1
20130421,882,3,16,10,8,94048,93378,93246,93246,916,0.992,1,1
20130421,882,3,8,206,9,93827,93146,93327,93146,816,0.884,1,1
20130421,882,3,18,1,10,94071,93702,,93702,1372,1.486,1,0
20130421,882,3,154,206,11,93498,93762,,93498,1168,1.265,1,0
20130421,882,3,815,1,12,94310,93914,,93914,1584,1.716,1,0
20130421,882,3,817,5,13,94120,93974,,93974,1644,1.781,1,0
20130421,882,3,808,15,14,94409,93976,,93976,1646,1.783,1,0
20130421,882,3,822,3,15,94425,94105,,94105,1775,1.922,1,0
20130421,882,3,818,5,16,94314,94284,,94284,1954,2.116,1,0
20130421,882,3,813,3,17,94425,,,94425,2095,2.269,0,0
20130421,882,3,821,15,18,94730,,,94730,2400,2.599,0,0
20130421,882,3,819,205,19,95283,,,95283,2953,3.198,0,0
20130421,882,3,824,204,20,96178,,,96178,3848,4.168,0,0
20130421,882,3,823,205,21,96304,,,96304,3974,4.304,0,0
20130421,882,3,820,204,22,96476,,,96476,4146,4.49,0,0
20130512,883,4,3,130,1,81913,81776,80718,80718,0,0.0,1,1
20130512,883,4,1,130,2,81728,81001,80972,80972,254,0.315,1,1
20130512,883,4,20,9,3,82158,81602,81054,81054,336,0.416,1,1
20130512,883,4,8,206,4,82210,81676,81177,81177,459,0.569,1,1
20130512,883,4,4,6,5,82264,81646,81218,81218,500,0.619,1,1
20130512,883,4,13,6,6,82492,81978,81219,81219,501,0.621,1,1
20130512,883,4,154,206,7,82613,81998,81308,81308,590,0.731,1,1
20130512,883,4,17,9,8,82342,81718,81570,81570,852,1.056,1,1
20130512,883,4,815,1,9,83116,81790,82069,81790,1072,1.328,1,1
20130512,883,4,814,10,10,82663,82019,82233,82019,1301,1.612,1,1
20130512,883,4,817,5,11,82905,82127,,82127,1409,1.746,1,0
20130512,883,4,818,5,12,82775,82166,,82166,1448,1.794,1,0
20130512,883,4,16,10,13,82952,82346,,82346,1628,2.017,1,0
20130512,883,4,18,1,14,83166,82355,,82355,1637,2.028,1,0
20130512,883,4,808,15,15,83058,82389,,82389,1671,2.07,1,0
20130512,883,4,821,15,16,83218,82793,,82793,2075,2.571,1,0
20130512,883,4,822,3,17,83260,,,83260,2542,3.149,0,0
20130512,883,4,813,3,18,83318,,,83318,2600,3.221,0,0
20130512,883,4,823,205,19,84661,,,84661,3943,4.885,0,0
20130512,883,4,824,204,20,84713,,,84713,3995,4.949,0,0
20130512,883,4,820,204,21,84996,,,84996,4278,5.3,0,0
20130512,883,4,819,205,22,85070,,,85070,4352,5.392,0,0
20130526,884,6,3,130,1,84620,76135,73876,73876,0,0.0,1,1
20130526,884,6,1,130,2,83779,76265,73967,73967,91,0.123,1,1
20130526,884,6,20,9,3,84243,75988,73980,73980,104,0.141,1,1
20130526,884,6,17,9,4,85352,77322,74181,74181,305,0.413,1,1
20130526,884,6,8,206,5,85835,76040,74822,74822,946,1.281,1,1
20130526,884,6,4,6,6,83712,76510,74824,74824,948,1.283,1,1
20130526,884,6,815,1,7,84682,77748,75138,75138,1262,1.708,1,1
20130526,884,6,16,10,8,85108,77261,75383,75383,1507,2.04,1,1
20130526,884,6,18,1,9,83744,77420,75647,75647,1771,2.397,1,1
20130526,884,6,818,5,10,83699,77623,75703,75703,1827,2.473,1,1
20130526,884,6,808,15,11,85547,78331,,78331,4455,6.03,1,0
20130526,884,6,817,5,12,84852,78344,,78344,4468,6.048,1,0
20130526,884,6,154,206,13,83738,78603,,78603,4727,6.399,1,0
20130526,884,6,822,3,14,84681,79077,,79077,5201,7.04,1,0
20130526,884,6,823,205,15,86095,79408,,79408,5532,7.488,1,0
20130526,884,6,813,3,16,83452,81688,,81688,7812,10.574,1,0
20130526,884,6,814,10,17,86322,,,86322,12446,16.847,0,0
20130526,884,6,819,205,18,86633,,,86633,12757,17.268,0,0
20130526,884,6,821,15,19,86917,,,86917,13041,17.653,0,0
20130526,884,6,820,204,20,87303,,,87303,13427,18.175,0,0
20130526,884,6,824,204,21,,,,,,,0,0
20130526,884,6,13,6,22,,,,,,,0,0
20130609,885,7,20,9,1,82318,88166,85425,82318,0,0.0,1,1
20130609,885,7,1,130,2,83801,87649,85512,83801,1483,1.802,1,1
20130609,885,7,822,3,3,83446,88419,85897,83446,1128,1.37,1,1
20130609,885,7,3,130,4,83840,88420,86008,83840,1522,1.849,1,1
20130609,885,7,17,9,5,83247,88145,86208,83247,929,1.129,1,1
20130609,885,7,4,6,6,83224,88788,86504,83224,906,1.101,1,1
20130609,885,7,818,5,7,84159,88527,86543,84159,1841,2.236,1,1
20130609,885,7,16,10,8,84551,88799,87348,84551,2233,2.713,1,1
20130609,885,7,8,206,9,84451,88667,87432,84451,2133,2.591,1,1
20130609,885,7,817,5,10,84770,89359,87946,84770,2452,2.979,1,1
20130609,885,7,808,15,11,83899,89435,,83899,1581,1.921,1,0
20130609,885,7,815,1,12,84176,89761,,84176,1858,2.257,1,0
20130609,885,7,813,3,13,84776,89917,,84776,2458,2.986,1,0
20130609,885,7,18,1,14,84021,90068,,84021,1703,2.069,1,0
20130609,885,7,821,15,15,84408,90315,,84408,2090,2.539,1,0
20130609,885,7,13,6,16,83735,90354,,83735,1417,1.721,1,0
20130609,885,7,814,10,17,84908,,,84908,2590,3.146,0,0
20130609,885,7,819,205,18,85626,,,85626,3308,4.019,0,0
20130609,885,7,154,206,19,85716,,,85716,3398,4.128,0,0
20130609,885,7,824,204,20,86508,,,86508,4190,5.09,0,0
20130609,885,7,820,204,21,87062,,,87062,4744,5.763,0,0
20130609,885,7,823,205,22,87110,,,87110,4792,5.821,0,0
20130630,886,9,1,130,1,90995,91224,89607,89607,0,0.0,1,1
20130630,886,9,3,130,2,91355,91028,90059,90059,452,0.504,1,1
20130630,886,9,20,9,3,91559,90990,90211,90211,604,0.674,1,1
20130630,886,9,17,9,4,91605,91002,90220,90220,613,0.684,1,1
20130630,886,9,814,10,5,92062,91291,90736,90736,1129,1.26,1,1
20130630,886,9,817,5,6,92097,91182,90757,90757,1150,1.283,1,1
20130630,886,9,16,10,7,92002,91097,90908,90908,1301,1.452,1,1
20130630,886,9,154,206,8,91466,91530,90955,90955,1348,1.504,1,1
20130630,886,9,8,206,9,91400,91592,90962,90962,1355,1.512,1,1
20130630,886,9,4,6,10,92266,91387,90979,90979,1372,1.531,1,1
20130630,886,9,18,1,11,91979,91649,,91649,2042,2.279,1,0
20130630,886,9,13,6,12,92241,91779,,91779,2172,2.424,1,0
20130630,886,9,818,5,13,92105,91785,,91785,2178,2.431,1,0
20130630,886,9,815,1,14,91953,92082,,91953,2346,2.618,1,0
20130630,886,9,808,15,15,92168,92211,,92168,2561,2.858,1,0
20130630,886,9,813,3,16,92512,92359,,92359,2752,3.071,1,0
20130630,886,9,822,3,17,92664,,,92664,3057,3.412,0,0
20130630,886,9,821,15,18,92666,,,92666,3059,3.414,0,0
20130630,886,9,819,205,19,93866,,,93866,4259,4.753,0,0
20130630,886,9,824,204,20,94108,,,94108,4501,5.023,0,0
20130630,886,9,823,205,21,95481,,,95481,5874,6.555,0,0
20130630,886,9,820,204,22,95858,,,95858,6251,6.976,0,0
20130707,887,20,1,130,1,91131,90152,89398,89398,0,0.0,1,1
20130707,887,20,20,9,2,91269,89992,89501,89501,103,0.115,1,1
20130707,887,20,17,9,3,91428,90217,89608,89608,210,0.235,1,1
20130707,887,20,8,206,4,90676,89852,89892,89852,454,0.508,1,1
20130707,887,20,154,206,5,91242,90005,89959,89959,561,0.628,1,1
20130707,887,20,817,5,6,91081,90223,90528,90223,825,0.923,1,1
20130707,887,20,13,6,7,90547,89825,91126,89825,427,0.478,1,1
20130707,887,20,4,6,8,90709,89962,91209,89962,564,0.631,1,1
20130707,887,20,18,1,9,91181,90269,,90269,871,0.974,1,0
20130707,887,20,808,15,10,91132,90231,,90231,833,0.932,1,0
20130707,887,20,3,130,11,91322,90326,,90326,928,1.038,1,0
20130707,887,20,814,10,12,91322,90697,,90697,1299,1.453,1,0
20130707,887,20,815,1,13,91498,90933,,90933,1535,1.717,1,0
20130707,887,20,821,15,14,91681,91010,,91010,1612,1.803,1,0
20130707,887,20,16,10,15,91320,91010,,91010,1612,1.803,1,0
20130707,887,20,818,5,16,91629,91104,,91104,1706,1.908,1,0
20130707,887,20,822,3,17,91693,,,91693,2295,2.567,0,0
20130707,887,20,813,3,18,91707,,,91707,2309,2.583,0,0
20130707,887,20,819,205,19,92937,,,92937,3539,3.959,0,0
20130707,887,20,824,204,20,93063,,,93063,3665,4.1,0,0
20130707,887,20,823,205,21,93734,,,93734,4336,4.85,0,0
20130707,887,20,820,204,22,94098,,,94098,4700,5.257,0,0
20130728,888,11,1,130,1,80363,79862,79388,79388,0,0.0,1,1
20130728,888,11,20,9,2,80646,79992,79426,79426,38,0.048,1,1
20130728,888,11,154,206,3,80447,80101,79595,79595,207,0.261,1,1
20130728,888,11,3,130,4,80350,79778,79720,79720,332,0.418,1,1
20130728,888,11,4,6,5,80652,80183,79791,79791,403,0.508,1,1
20130728,888,11,8,206,6,80867,80243,79851,79851,463,0.583,1,1
20130728,888,11,13,6,7,81004,80460,79929,79929,541,0.681,1,1
20130728,888,11,817,5,8,81181,80527,80641,80527,1139,1.435,1,1
20130728,888,11,815,1,9,81612,80545,82398,80545,1157,1.457,1,1
20130728,888,11,17,9,10,81264,80503,,80503,1115,1.404,1,0
20130728,888,11,16,10,11,81471,80569,,80569,1181,1.488,1,0
20130728,888,11,808,15,12,81028,80580,,80580,1192,1.501,1,0
20130728,888,11,18,1,13,81131,80777,,80777,1389,1.75,1,0
20130728,888,11,818,5,14,81345,81029,,81029,1641,2.067,1,0
20130728,888,11,813,3,15,80816,81133,,80816,1428,1.799,1,0
20130728,888,11,822,3,16,81135,81219,,81135,1747,2.201,1,0
20130728,888,11,821,15,17,81724,,,81724,2336,2.943,0,0
20130728,888,11,814,10,18,82043,,,82043,2655,3.344,0,0
20130728,888,11,819,205,19,83007,,,83007,3619,4.559,0,0
20130728,888,11,823,205,20,83333,,,83333,3945,4.969,0,0
20130728,888,11,824,204,21,83787,,,83787,4399,5.541,0,0
20130728,888,11,820,204,22,83997,,,83997,4609,5.806,0,0
20130825,889,13,1,130,1,120368,109067,121012,109067,771,0.712,1,1
20130825,889,13,20,9,2,121863,108646,121200,108646,350,0.323,1,1
20130825,889,13,17,9,3,121597,108641,121325,108641,345,0.319,1,1
20130825,889,13,3,130,4,121099,108552,122251,108552,256,0.236,1,1
20130825,889,13,814,10,5,122338,108925,122332,108925,629,0.581,1,1
20130825,889,13,18,1,6,121301,108641,123075,108641,345,0.319,1,1
20130825,889,13,154,206,7,122476,108649,123081,108649,353,0.326,1,1
20130825,889,13,8,206,8,121151,108296,123390,108296,0,0.0,1,1
20130825,889,13,4,6,9,120190,108309,123482,108309,13,0.012,1,1
20130825,889,13,13,6,10,121462,109020,124059,109020,724,0.669,1,1
20130825,889,13,808,15,11,121712,109088,,109088,792,0.731,1,0
20130825,889,13,16,10,12,122749,109103,,109103,807,0.745,1,0
20130825,889,13,815,1,13,122425,109304,,109304,1008,0.931,1,0
20130825,889,13,823,205,14,120564,112036,,112036,3740,3.453,1,0
20130825,889,13,824,204,15,122110,112563,,112563,4267,3.94,1,0
20130825,889,13,820,204,16,122948,112762,,112762,4466,4.124,1,0
20130825,889,13,813,3,17,123072,,,123072,14776,13.644,0,0
20130825,889,13,818,5,18,123300,,,123300,15004,13.855,0,0
20130825,889,13,817,5,19,123317,,,123317,15021,13.87,0,0
20130825,889,13,822,3,20,123432,,,123432,15136,13.977,0,0
20130825,889,13,821,15,21,124324,,,124324,16028,14.8,0,0
20130825,889,13,819,205,22,127384,,,127384,19088,17.626,0,0
20130908,890,14,20,9,1,84319,83977,83755,83755,0,0.0,1,1
20130908,890,14,17,9,2,84923,84263,83968,83968,213,0.254,1,1
20130908,890,14,808,15,3,84776,84305,84065,84065,310,0.37,1,1
20130908,890,14,13,6,4,84950,84479,84132,84132,377,0.45,1,1
20130908,890,14,4,6,5,84661,84227,84142,84142,387,0.462,1,1
20130908,890,14,3,130,6,84527,84393,84192,84192,437,0.522,1,1
20130908,890,14,817,5,7,84655,84290,84209,84209,454,0.542,1,1
20130908,890,14,815,1,8,84635,84592,84502,84502,747,0.892,1,1
20130908,890,14,18,1,9,84739,84563,84515,84515,760,0.907,1,1
20130908,890,14,818,5,10,84630,84575,88050,84575,820,0.979,1,1
20130908,890,14,8,206,11,84819,84610,,84610,855,1.021,1,0
20130908,890,14,1,130,12,84589,84803,,84589,834,0.996,1,0
20130908,890,14,154,206,13,84737,84848,,84737,982,1.172,1,0
20130908,890,14,16,10,14,85030,84932,,84932,1177,1.405,1,0
20130908,890,14,813,3,15,84905,85011,,84905,1150,1.373,1,0
20130908,890,14,814,10,16,85009,85077,,85009,1254,1.497,1,0
20130908,890,14,821,15,17,85226,,,85226,1471,1.756,0,0
20130908,890,14,822,3,18,85291,,,85291,1536,1.834,0,0
20130908,890,14,823,205,19,86406,,,86406,2651,3.165,0,0
20130908,890,14,819,205,20,86563,,,86563,2808,3.353,0,0
20130908,890,14,824,204,21,87085,,,87085,3330,3.976,0,0
20130908,890,14,820,204,22,87480,,,87480,3725,4.447,0,0
20130922,891,15,20,9,1,105376,102905,102841,102841,0,0.0,1,1
20130922,891,15,3,130,2,105208,103892,102932,102932,91,0.088,1,1
20130922,891,15,154,206,3,105851,103957,103058,103058,217,0.211,1,1
20130922,891,15,17,9,4,105271,103272,103152,103152,311,0.302,1,1
20130922,891,15,1,130,5,104196,103920,103254,103254,413,0.402,1,1
20130922,891,15,13,6,6,105658,104376,103890,103890,1049,1.02,1,1
20130922,891,15,4,6,7,105115,104153,103938,103938,1097,1.067,1,1
20130922,891,15,18,1,8,105009,104497,104282,104282,1441,1.401,1,1
20130922,891,15,817,5,9,105379,104407,104439,104407,1566,1.523,1,1
20130922,891,15,821,15,10,105483,104245,,104245,1404,1.365,1,0
20130922,891,15,808,15,11,105381,104555,,104555,1714,1.667,1,0
20130922,891,15,818,5,12,105657,104588,,104588,1747,1.699,1,0
20130922,891,15,8,206,13,105522,104658,,104658,1817,1.767,1,0
20130922,891,15,815,1,14,105164,104752,,104752,1911,1.858,1,0
20130922,891,15,16,10,15,105960,105185,,105185,2344,2.279,1,0
20130922,891,15,822,3,16,105982,105388,,105388,2547,2.477,1,0
20130922,891,15,814,10,17,106121,,,106121,3280,3.189,0,0
20130922,891,15,813,3,18,106619,,,106619,3778,3.674,0,0
20130922,891,15,819,205,19,108111,,,108111,5270,5.124,0,0
20130922,891,15,823,205,20,108320,,,108320,5479,5.328,0,0
20130922,891,15,824,204,21,108830,,,108830,5989,5.824,0,0
20130922,891,15,820,204,22,108930,,,108930,6089,5.921,0,0
20131006,892,35,20,9,1,98683,97569,97202,97202,0,0.0,1,1
20131006,892,35,1,130,2,98574,97824,97420,97420,218,0.224,1,1
20131006,892,35,17,9,3,99138,97840,97464,97464,262,0.27,1,1
20131006,892,35,154,206,4,99065,98076,97531,97531,329,0.338,1,1
20131006,892,35,3,130,5,98418,98031,97679,97679,477,0.491,1,1
20131006,892,35,4,6,6,98520,97978,98038,97978,776,0.798,1,1
20131006,892,35,13,6,7,98884,98295,98223,98223,1021,1.05,1,1
20131006,892,35,808,15,8,98427,97913,98237,97913,711,0.731,1,1
20131006,892,35,821,15,9,98725,98327,98405,98327,1125,1.157,1,1
20131006,892,35,8,206,10,98341,98181,98822,98181,979,1.007,1,1
20131006,892,35,815,1,11,99049,98362,,98362,1160,1.193,1,0
20131006,892,35,18,1,12,98882,98365,,98365,1163,1.196,1,0
20131006,892,35,817,5,13,98525,98417,,98417,1215,1.25,1,0
20131006,892,35,16,10,14,98988,98431,,98431,1229,1.264,1,0
20131006,892,35,814,10,15,99185,98718,,98718,1516,1.56,1,0
20131006,892,35,818,5,16,99075,98781,,98781,1579,1.624,1,0
20131006,892,35,822,3,17,99470,,,99470,2268,2.333,0,0
20131006,892,35,813,3,18,99987,,,99987,2785,2.865,0,0
20131006,892,35,819,205,19,100864,,,100864,3662,3.767,0,0
20131006,892,35,823,205,20,100871,,,100871,3669,3.775,0,0
20131006,892,35,824,204,21,101169,,,101169,3967,4.081,0,0
20131006,892,35,820,204,22,101322,,,101322,4120,4.239,0,0
20131013,893,22,17,9,1,92271,91513,90915,90915,0,0.0,1,1
20131013,893,22,20,9,2,92397,91290,91089,91089,174,0.191,1,1
20131013,893,22,1,130,3,92340,91636,91253,91253,338,0.372,1,1
20131013,893,22,154,206,4,91824,91565,91365,91365,450,0.495,1,1
20131013,893,22,13,6,5,91994,91668,91378,91378,463,0.509,1,1
20131013,893,22,3,130,6,92244,91764,91397,91397,482,0.53,1,1
20131013,893,22,808,15,7,92465,91848,91644,91644,729,0.802,1,1
20131013,893,22,4,6,8,92371,91828,91665,91665,750,0.825,1,1
20131013,893,22,8,206,9,92377,91662,91684,91662,747,0.822,1,1
20131013,893,22,18,1,10,92606,91838,91827,91827,912,1.003,1,1
20131013,893,22,815,1,11,92718,91989,,91989,1074,1.181,1,0
20131013,893,22,814,10,12,92286,91992,,91992,1077,1.185,1,0
20131013,893,22,822,3,13,92613,92013,,92013,1098,1.208,1,0
20131013,893,22,821,15,14,92673,92063,,92063,1148,1.263,1,0
20131013,893,22,813,3,15,92875,92093,,92093,1178,1.296,1,0
20131013,893,22,817,5,16,92804,92485,,92485,1570,1.727,1,0
20131013,893,22,16,10,17,92890,,,92890,1975,2.172,0,0
20131013,893,22,818,5,18,93357,,,93357,2442,2.686,0,0
20131013,893,22,820,204,19,94320,,,94320,3405,3.745,0,0
20131013,893,22,819,205,20,94556,,,94556,3641,4.005,0,0
20131013,893,22,823,205,21,94879,,,94879,3964,4.36,0,0
20131013,893,22,824,204,22,94958,,,94958,4043,4.447,0,0
20131027,894,68,20,9,1,85943,84568,84119,84119,0,0.0,1,1
20131027,894,68,3,130,2,85833,85304,84871,84871,752,0.894,1,1
20131027,894,68,1,130,3,85802,85259,84941,84941,822,0.977,1,1
20131027,894,68,17,9,4,85665,85097,85047,85047,928,1.103,1,1
20131027,894,68,13,6,5,85793,85389,85201,85201,1082,1.286,1,1
20131027,894,68,8,206,6,85819,85191,85248,85191,1072,1.274,1,1
20131027,894,68,808,15,7,85883,85339,85334,85334,1215,1.444,1,1
20131027,894,68,4,6,8,85934,84885,85826,84885,766,0.911,1,1
20131027,894,68,815,1,9,86107,85365,86153,85365,1246,1.481,1,1
20131027,894,68,18,1,10,85574,85458,86487,85458,1339,1.592,1,1
20131027,894,68,817,5,11,85673,85519,,85519,1400,1.664,1,0
20131027,894,68,814,10,12,85908,85711,,85711,1592,1.893,1,0
20131027,894,68,16,10,13,86164,85740,,85740,1621,1.927,1,0
20131027,894,68,818,5,14,86155,85798,,85798,1679,1.996,1,0
20131027,894,68,822,3,15,86178,86134,,86134,2015,2.395,1,0
20131027,894,68,821,15,16,86057,86366,,86057,1938,2.304,1,0
20131027,894,68,154,206,17,86577,,,86577,2458,2.922,0,0
20131027,894,68,813,3,18,86842,,,86842,2723,3.237,0,0
20131027,894,68,824,204,19,86970,,,86970,2851,3.389,0,0
20131027,894,68,823,205,20,87105,,,87105,2986,3.55,0,0
20131027,894,68,819,205,21,87487,,,87487,3368,4.004,0,0
20131027,894,68,820,204,22,88138,,,88138,4019,4.778,0,0
20131103,895,24,17,9,1,101568,100575,99957,99957,0,0.0,1,1
20131103,895,24,20,9,2,101683,100781,100075,100075,118,0.118,1,1
20131103,895,24,3,130,3,101420,100473,100419,100419,462,0.462,1,1
20131103,895,24,1,130,4,100693,100477,100501,100477,520,0.52,1,1
20131103,895,24,8,206,5,101276,100971,100542,100542,585,0.585,1,1
20131103,895,24,808,15,6,101631,100931,100576,100576,619,0.619,1,1
20131103,895,24,154,206,7,101447,100948,100997,100948,991,0.991,1,1
20131103,895,24,13,6,8,101254,100989,101015,100989,1032,1.032,1,1
20131103,895,24,815,1,9,101687,100812,101068,100812,855,0.855,1,1
20131103,895,24,817,5,10,101884,100852,101111,100852,895,0.895,1,1
20131103,895,24,4,6,11,101397,101093,,101093,1136,1.136,1,0
20131103,895,24,814,10,12,101676,101133,,101133,1176,1.177,1,0
20131103,895,24,18,1,13,101817,101200,,101200,1243,1.244,1,0
20131103,895,24,818,5,14,101692,101279,,101279,1322,1.323,1,0
20131103,895,24,813,3,15,101365,101395,,101365,1408,1.409,1,0
20131103,895,24,822,3,16,101862,101447,,101447,1490,1.491,1,0
20131103,895,24,821,15,17,101999,,,101999,2042,2.043,0,0
20131103,895,24,16,10,18,102051,,,102051,2094,2.095,0,0
20131103,895,24,823,205,19,103252,,,103252,3295,3.296,0,0
20131103,895,24,824,204,20,103398,,,103398,3441,3.442,0,0
20131103,895,24,819,205,21,103528,,,103528,3571,3.573,0,0
20131103,895,24,820,204,22,104198,,,104198,4241,4.243,0,0
20131117,896,69,20,9,1,98516,97065,96338,96338,0,0.0,1,1
20131117,896,69,17,9,2,98161,97312,96441,96441,103,0.107,1,1
20131117,896,69,154,206,3,98676,97523,97155,97155,817,0.848,1,1
20131117,896,69,808,15,4,98339,97828,97296,97296,958,0.994,1,1
20131117,896,69,1,130,5,97959,97854,97345,97345,1007,1.045,1,1
20131117,896,69,4,6,6,98929,97368,97376,97368,1030,1.069,1,1
20131117,896,69,815,1,7,98367,98040,97452,97452,1114,1.156,1,1
20131117,896,69,5,206,8,98375,98078,97715,97715,1377,1.429,1,1
20131117,896,69,822,3,9,97821,97439,97836,97439,1101,1.143,1,1
20131117,896,69,821,15,10,98082,98031,98034,98031,1693,1.757,1,1
20131117,896,69,817,5,11,98882,98131,,98131,1793,1.861,1,0
20131117,896,69,814,10,12,98894,98139,,98139,1801,1.869,1,0
20131117,896,69,18,1,13,98588,98217,,98217,1879,1.95,1,0
20131117,896,69,3,130,14,98743,98364,,98364,2026,2.103,1,0
20131117,896,69,13,6,15,99094,98592,,98592,2254,2.34,1,0
20131117,896,69,818,5,16,98880,98696,,98696,2358,2.448,1,0
20131117,896,69,16,10,17,99250,,,99250,2912,3.023,0,0
20131117,896,69,813,3,18,99351,,,99351,3013,3.128,0,0
20131117,896,69,823,205,19,100491,,,100491,4153,4.311,0,0
20131117,896,69,824,204,20,100528,,,100528,4190,4.349,0,0
20131117,896,69,819,205,21,100596,,,100596,4258,4.42,0,0
20131117,896,69,820,204,22,101401,,,101401,5063,5.255,0,0
20131124,897,18,20,9,1,85381,86420,86479,85381,39,0.046,1,1
20131124,897,18,3,130,2,85556,86626,87102,85556,214,0.251,1,1
20131124,897,18,4,6,3,86656,86590,87539,86590,1248,1.462,1,1
20131124,897,18,17,9,4,86689,86963,87572,86689,1347,1.578,1,1
20131124,897,18,1,130,5,85342,86698,87677,85342,0,0.0,1,1
20131124,897,18,154,206,6,86453,86161,87737,86161,819,0.96,1,1
20131124,897,18,817,5,7,87209,87078,88052,87078,1736,2.034,1,1
20131124,897,18,818,5,8,87124,87363,88081,87124,1782,2.088,1,1
20131124,897,18,13,6,9,86817,87049,88109,86817,1475,1.728,1,1
20131124,897,18,808,15,10,86071,87441,89582,86071,729,0.854,1,1
20131124,897,18,5,206,11,86266,87456,,86266,924,1.083,1,0
20131124,897,18,814,10,12,86275,87798,,86275,933,1.093,1,0
20131124,897,18,822,3,13,86790,87954,,86790,1448,1.697,1,0
20131124,897,18,815,1,14,86741,88269,,86741,1399,1.639,1,0
20131124,897,18,18,1,15,86398,88308,,86398,1056,1.237,1,0
20131124,897,18,16,10,16,86874,88586,,86874,1532,1.795,1,0
20131124,897,18,813,3,17,87367,,,87367,2025,2.373,0,0
20131124,897,18,821,15,18,87455,,,87455,2113,2.476,0,0
20131124,897,18,819,205,19,87843,,,87843,2501,2.931,0,0
20131124,897,18,823,205,20,88320,,,88320,2978,3.489,0,0
20131124,897,18,824,204,21,88366,,,88366,3024,3.543,0,0
20131124,897,18,820,204,22,88950,,,88950,3608,4.228,0,0
20140316,898,1,1,130,1,91699,102890,104231,91699,924,1.018,1,1
20140316,898,1,817,9,2,90775,102295,104548,90775,0,0.0,1,1
20140316,898,1,3,130,3,92564,102264,104595,92564,1789,1.971,1,1
20140316,898,1,825,1,4,90949,103247,105745,90949,174,0.192,1,1
20140316,898,1,4,6,5,91388,102805,105819,91388,613,0.675,1,1
20140316,898,1,818,5,6,93488,103849,105864,93488,2713,2.989,1,1
20140316,898,1,808,10,7,93893,103658,106030,93893,3118,3.435,1,1
20140316,898,1,826,5,8,93777,104331,107368,93777,3002,3.307,1,1
20140316,898,1,13,3,9,91228,104242,108079,91228,453,0.499,1,1
20140316,898,1,822,3,10,91601,103852,108147,91601,826,0.91,1,1
20140316,898,1,18,1,11,91396,104437,,91396,621,0.684,1,0
20140316,898,1,8,6,12,92439,104494,,92439,1664,1.833,1,0
20140316,898,1,20,9,13,91931,104688,,91931,1156,1.273,1,0
20140316,898,1,16,15,14,93673,105655,,93673,2898,3.193,1,0
20140316,898,1,155,205,15,94274,105867,,94274,3499,3.855,1,0
20140316,898,1,815,10,16,94141,107293,,94141,3366,3.708,1,0
20140316,898,1,820,204,17,94293,,,94293,3518,3.876,0,0
20140316,898,1,824,204,18,94794,,,94794,4019,4.427,0,0
20140316,898,1,821,15,19,95117,,,95117,4342,4.783,0,0
20140316,898,1,828,205,20,95157,,,95157,4382,4.827,0,0
20140316,898,1,154,206,21,96993,,,96993,6218,6.85,0,0
20140316,898,1,813,206,22,,,,,,,0,0
20140330,899,2,1,130,1,117202,119041,119431,117202,19,0.016,1,1
20140330,899,2,20,9,2,117654,119399,119486,117654,471,0.402,1,1
20140330,899,2,3,130,3,117183,119445,120050,117183,0,0.0,1,1
20140330,899,2,4,6,4,118889,121356,120175,118889,1706,1.456,1,1
20140330,899,2,817,9,5,118913,120147,120541,118913,1730,1.476,1,1
20140330,899,2,8,6,6,119257,121532,121218,119257,2074,1.77,1,1
20140330,899,2,808,10,7,118883,120839,121712,118883,1700,1.451,1,1
20140330,899,2,825,1,8,120356,122094,122213,120356,3173,2.708,1,1
20140330,899,2,818,5,9,121689,122096,123078,121689,4506,3.845,1,1
20140330,899,2,18,1,10,120889,121810,124053,120889,3706,3.163,1,1
20140330,899,2,826,5,11,121175,122351,,121175,3992,3.407,1,0
20140330,899,2,821,15,12,121134,122369,,121134,3951,3.372,1,0
20140330,899,2,13,3,13,120047,122460,,120047,2864,2.444,1,0
20140330,899,2,815,10,14,120076,122511,,120076,2893,2.469,1,0
20140330,899,2,822,3,15,119709,122756,,119709,2526,2.156,1,0
20140330,899,2,154,206,16,120202,122885,,120202,3019,2.576,1,0
20140330,899,2,813,206,17,122074,,,122074,4891,4.174,0,0
20140330,899,2,16,15,18,122131,,,122131,4948,4.222,0,0
20140330,899,2,824,204,19,122702,,,122702,5519,4.71,0,0
20140330,899,2,155,205,20,123595,,,123595,6412,5.472,0,0
20140330,899,2,820,204,21,124388,,,124388,7205,6.149,0,0
20140330,899,2,828,205,22,124407,,,124407,7224,6.165,0,0
20140406,900,3,3,130,1,95439,93708,93185,93185,0,0.0,1,1
20140406,900,3,1,130,2,95323,93872,93464,93464,279,0.299,1,1
20140406,900,3,817,9,3,96220,94592,94051,94051,866,0.929,1,1
20140406,900,3,822,3,4,94934,94842,94247,94247,1062,1.14,1,1
20140406,900,3,815,10,5,94998,94747,94346,94346,1161,1.246,1,1
20140406,900,3,8,6,6,95234,94925,94368,94368,1183,1.27,1,1
20140406,900,3,18,1,7,95699,94714,94387,94387,1202,1.29,1,1
20140406,900,3,13,3,8,95085,94842,94511,94511,1326,1.423,1,1
20140406,900,3,825,1,9,95288,94904,94712,94712,1527,1.639,1,1
20140406,900,3,4,6,10,95251,94723,94992,94723,1538,1.65,1,1
20140406,900,3,20,9,11,95549,94985,,94985,1800,1.932,1,0
20140406,900,3,808,10,12,94874,95116,,94874,1689,1.813,1,0
20140406,900,3,826,5,13,95395,95145,,95145,1960,2.103,1,0
20140406,900,3,818,5,14,95815,95286,,95286,2101,2.255,1,0
20140406,900,3,821,15,15,96567,95891,,95891,2706,2.904,1,0
20140406,900,3,154,206,16,96654,95908,,95908,2723,2.922,1,0
20140406,900,3,813,206,17,96663,,,96663,3478,3.732,0,0
20140406,900,3,16,15,18,96840,,,96840,3655,3.922,0,0
20140406,900,3,155,205,19,97085,,,97085,3900,4.185,0,0
20140406,900,3,824,204,20,97310,,,97310,4125,4.427,0,0
20140406,900,3,828,205,21,97875,,,97875,4690,5.033,0,0
20140406,900,3,820,204,22,97913,,,97913,4728,5.074,0,0
20110911,852,14,20,9,1,84002,82914,82275,82275,0,0.0,1,1
20110911,852,14,1,1,2,83976,83172,82725,82725,450,0.547,1,1
20110911,852,14,18,1,3,84013,83031,82777,82777,502,0.61,1,1
20110911,852,14,4,6,4,84134,83342,82841,82841,566,0.688,1,1
20110911,852,14,17,9,5,84148,83387,82972,82972,697,0.847,1,1
20110911,852,14,13,6,6,84523,83681,83188,83188,913,1.11,1,1
20110911,852,14,809,4,7,84486,83741,83530,83530,1255,1.525,1,1
20110911,852,14,30,130,8,85108,83671,83777,83671,1396,1.697,1,1
20110911,852,14,3,130,9,84550,83335,84477,83335,1060,1.288,1,1
20110911,852,14,811,4,10,84914,84157,,84157,1882,2.287,1,0
20110911,852,14,814,10,11,84574,84163,,84163,1888,2.295,1,0
20110911,852,14,16,10,12,84595,84209,,84209,1934,2.351,1,0
20110911,852,14,22,3,13,84975,84648,,84648,2373,2.884,1,0
20110911,852,14,813,3,14,84798,84726,,84726,2451,2.979,1,0
20110911,852,14,815,15,15,85113,84845,,84845,2570,3.124,1,0
20110911,852,14,67,5,16,85164,84932,,84932,2657,3.229,1,0
20110911,852,14,155,15,17,84879,85065,,84879,2604,3.165,1,0
20110911,852,14,153,5,18,85334,,,85334,3059,3.718,0,0
20110911,852,14,15,203,19,86647,,,86647,4372,5.314,0,0
20110911,852,14,5,203,20,87184,,,87184,4909,5.967,0,0
20110911,852,14,10,165,21,87591,,,87591,5316,6.461,0,0
20110911,852,14,816,165,22,87609,,,87609,5334,6.483,0,0
20110911,852,14,817,163,23,88054,,,88054,5779,7.024,0,0
20110911,852,14,24,163,24,88231,,,88231,5956,7.239,0,0
20140420,901,17,1,130,1,115516,114029,113860,113860,0,0.0,1,1
20140420,901,17,817,9,2,116641,115302,114455,114455,595,0.523,1,1
20140420,901,17,20,9,3,115926,114499,114960,114499,639,0.561,1,1
20140420,901,17,3,130,4,116058,115294,115143,115143,1283,1.127,1,1
20140420,901,17,4,6,5,116961,115765,115637,115637,1777,1.561,1,1
20140420,901,17,13,3,6,116850,116757,116147,116147,2287,2.009,1,1
20140420,901,17,822,3,7,116501,116253,116282,116253,2393,2.102,1,1
20140420,901,17,808,10,8,115913,116847,116366,115913,2053,1.803,1,1
20140420,901,17,818,5,9,117477,116584,116773,116584,2724,2.392,1,1
20140420,901,17,154,206,10,118411,116407,117079,116407,2547,2.237,1,1
20140420,901,17,8,6,11,118279,116860,,116860,3000,2.635,1,0
20140420,901,17,18,1,12,117783,116963,,116963,3103,2.725,1,0
20140420,901,17,826,5,13,117261,117289,,117261,3401,2.987,1,0
20140420,901,17,16,15,14,118138,117393,,117393,3533,3.103,1,0
20140420,901,17,825,1,15,117369,117675,,117369,3509,3.082,1,0
20140420,901,17,815,10,16,118362,118264,,118264,4404,3.868,1,0
20140420,901,17,821,15,17,118988,,,118988,5128,4.504,0,0
20140420,901,17,155,205,18,119260,,,119260,5400,4.743,0,0
20140420,901,17,824,204,19,119326,,,119326,5466,4.801,0,0
20140420,901,17,828,205,20,120646,,,120646,6786,5.96,0,0
20140420,901,17,820,204,21,120865,,,120865,7005,6.152,0,0
20140420,901,17,813,206,22,,,,,,,0,0
20140511,902,4,1,130,1,87238,86210,85232,85232,0,0.0,1,1
20140511,902,4,3,130,2,86764,86088,85400,85400,168,0.197,1,1
20140511,902,4,817,9,3,88053,86613,86285,86285,1053,1.235,1,1
20140511,902,4,822,3,4,88198,87563,86632,86632,1400,1.643,1,1
20140511,902,4,154,206,5,88472,87258,86960,86960,1728,2.027,1,1
20140511,902,4,8,6,6,88308,87335,87104,87104,1872,2.196,1,1
20140511,902,4,4,6,7,88329,87602,87140,87140,1908,2.239,1,1
20140511,902,4,18,1,8,88279,87570,87335,87335,2103,2.467,1,1
20140511,902,4,13,3,9,88061,87016,87402,87016,1784,2.093,1,1
20140511,902,4,20,9,10,87958,87052,,87052,1820,2.135,1,0
20140511,902,4,808,10,11,88155,87685,,87685,2453,2.878,1,0
20140511,902,4,815,10,12,88469,88002,,88002,2770,3.25,1,0
20140511,902,4,826,5,13,88074,88039,,88039,2807,3.293,1,0
20140511,902,4,821,15,14,88374,88280,,88280,3048,3.576,1,0
20140511,902,4,825,1,15,88389,,,88389,3157,3.704,0,0
20140511,902,4,818,5,16,88194,,,88194,2962,3.475,0,0
20140511,902,4,16,15,17,88563,,,88563,3331,3.908,0,0
20140511,902,4,820,204,18,89586,,,89586,4354,5.108,0,0
20140511,902,4,824,204,19,90177,,,90177,4945,5.802,0,0
20140511,902,4,828,205,20,90312,,,90312,5080,5.96,0,0
20140511,902,4,155,205,21,90375,,,90375,5143,6.034,0,0
20140511,902,4,813,206,22,,,,,,,0,0
20140525,903,6,3,130,1,77678,76465,75989,75989,0,0.0,1,1
20140525,903,6,1,130,2,77823,76354,76048,76048,59,0.078,1,1
20140525,903,6,817,9,3,77900,77233,76384,76384,395,0.52,1,1
20140525,903,6,20,9,4,78383,77074,76547,76547,558,0.734,1,1
20140525,903,6,4,6,5,77853,77200,76686,76686,697,0.917,1,1
20140525,903,6,8,6,6,77902,77398,77389,77389,1400,1.842,1,1
20140525,903,6,818,5,7,77557,77657,77540,77540,1551,2.041,1,1
20140525,903,6,825,1,8,77978,77609,77555,77555,1566,2.061,1,1
20140525,903,6,826,5,9,78616,77594,78090,77594,1605,2.112,1,1
20140525,903,6,815,10,10,78108,77755,78327,77755,1766,2.324,1,1
20140525,903,6,808,10,11,78432,77846,,77846,1857,2.444,1,0
20140525,903,6,18,1,12,77890,77988,,77890,1901,2.502,1,0
20140525,903,6,822,3,13,78407,78082,,78082,2093,2.754,1,0
20140525,903,6,154,206,14,78335,78196,,78196,2207,2.904,1,0
20140525,903,6,813,206,15,78585,78356,,78356,2367,3.115,1,0
20140525,903,6,13,3,16,78209,,,78209,2220,2.921,0,0
20140525,903,6,821,15,17,78741,,,78741,2752,3.622,0,0
20140525,903,6,16,15,18,78745,,,78745,2756,3.627,0,0
20140525,903,6,824,204,19,79332,,,79332,3343,4.399,0,0
20140525,903,6,820,204,20,79928,,,79928,3939,5.184,0,0
20140525,903,6,155,205,21,80133,,,80133,4144,5.453,0,0
20140525,903,6,828,205,22,81732,,,81732,5743,7.558,0,0
20140608,904,7,3,130,1,76471,75289,74874,74874,0,0.0,1,1
20140608,904,7,1,130,2,75750,75054,74953,74953,79,0.106,1,1
20140608,904,7,20,9,3,77470,76109,75548,75548,674,0.9,1,1
20140608,904,7,822,3,4,76772,75806,75550,75550,676,0.903,1,1
20140608,904,7,13,3,5,76666,75773,75578,75578,704,0.94,1,1
20140608,904,7,817,9,6,77113,75897,75589,75589,715,0.955,1,1
20140608,904,7,4,6,7,77010,76131,75814,75814,940,1.255,1,1
20140608,904,7,818,5,8,77178,76255,76162,76162,1288,1.72,1,1
20140608,904,7,18,1,9,76631,76214,76182,76182,1308,1.747,1,1
20140608,904,7,8,6,10,77013,76245,76214,76214,1340,1.79,1,1
20140608,904,7,808,10,11,76897,76300,,76300,1426,1.905,1,0
20140608,904,7,825,1,12,76446,76310,,76310,1436,1.918,1,0
20140608,904,7,815,10,13,78235,76472,,76472,1598,2.134,1,0
20140608,904,7,154,206,14,77732,76687,,76687,1813,2.421,1,0
20140608,904,7,826,5,15,76938,76713,,76713,1839,2.456,1,0
20140608,904,7,16,15,16,77519,77314,,77314,2440,3.259,1,0
20140608,904,7,813,206,17,78328,,,78328,3454,4.613,0,0
20140608,904,7,820,204,18,78348,,,78348,3474,4.64,0,0
20140608,904,7,824,204,19,78359,,,78359,3485,4.654,0,0
20140608,904,7,155,205,20,79278,,,79278,4404,5.882,0,0
20140608,904,7,828,205,21,79820,,,79820,4946,6.606,0,0
20140608,904,7,821,15,22,,,,,,,0,0
20140622,905,70,13,3,1,70292,69239,68759,68759,0,0.0,1,1
20140622,905,70,822,3,2,70356,69096,68846,68846,87,0.127,1,1
20140622,905,70,3,130,3,69695,68974,68944,68944,185,0.269,1,1
20140622,905,70,4,6,4,70405,69479,69285,69285,526,0.765,1,1
20140622,905,70,817,9,5,70395,69638,69466,69466,707,1.028,1,1
20140622,905,70,825,1,6,70081,69473,69515,69473,714,1.038,1,1
20140622,905,70,826,5,7,69678,69490,69619,69490,731,1.063,1,1
20140622,905,70,8,6,8,70285,69657,70795,69657,898,1.306,1,1
20140622,905,70,1,130,9,69514,69092,,69092,333,0.484,1,0
20140622,905,70,808,10,10,70389,69624,,69624,865,1.258,1,0
20140622,905,70,815,10,11,70124,69754,,69754,995,1.447,1,0
20140622,905,70,18,1,12,70252,69780,,69780,1021,1.485,1,0
20140622,905,70,20,9,13,70630,69801,,69801,1042,1.515,1,0
20140622,905,70,813,206,14,70821,69939,,69939,1180,1.716,1,0
20140622,905,70,818,5,15,70161,70073,,70073,1314,1.911,1,0
20140622,905,70,154,206,16,70461,70642,,70461,1702,2.475,1,0
20140622,905,70,16,15,17,70825,,,70825,2066,3.005,0,0
20140622,905,70,821,15,18,71349,,,71349,2590,3.767,0,0
20140622,905,70,824,204,19,71412,,,71412,2653,3.858,0,0
20140622,905,70,155,205,20,71673,,,71673,2914,4.238,0,0
20140622,905,70,820,204,21,71775,,,71775,3016,4.386,0,0
20140622,905,70,828,205,22,72673,,,72673,3914,5.692,0,0
20140706,906,9,3,130,1,100380,95179,95766,95179,309,0.326,1,1
20140706,906,9,20,9,2,105086,96410,97386,96410,1540,1.623,1,1
20140706,906,9,18,1,3,104425,96579,98200,96579,1709,1.801,1,1
20140706,906,9,808,10,4,101271,97112,98329,97112,2242,2.363,1,1
20140706,906,9,825,1,5,102507,97370,98417,97370,2500,2.635,1,1
20140706,906,9,1,130,6,101058,94870,99232,94870,0,0.0,1,1
20140706,906,9,815,10,7,102146,97350,100457,97350,2480,2.614,1,1
20140706,906,9,817,9,8,104710,98166,100606,98166,3296,3.474,1,1
20140706,906,9,826,5,9,101032,96813,100707,96813,1943,2.048,1,1
20140706,906,9,818,5,10,103040,97800,100855,97800,2930,3.088,1,1
20140706,906,9,154,206,11,103121,98496,,98496,3626,3.822,1,0
20140706,906,9,824,204,12,101169,98709,,98709,3839,4.047,1,0
20140706,906,9,820,204,13,102082,99800,,99800,4930,5.197,1,0
20140706,906,9,821,15,14,103285,100912,,100912,6042,6.369,1,0
20140706,906,9,813,206,15,103892,104018,,103892,9022,9.51,1,0
20140706,906,9,16,15,16,102603,,,102603,7733,8.151,0,0
20140706,906,9,822,3,17,105318,,,105318,10448,11.013,0,0
20140706,906,9,13,3,18,105695,,,105695,10825,11.41,0,0
20140706,906,9,4,6,19,105935,,,105935,11065,11.663,0,0
20140706,906,9,8,6,20,106684,,,106684,11814,12.453,0,0
20140706,906,9,828,205,21,109421,,,109421,14551,15.338,0,0
20140706,906,9,155,205,22,109625,,,109625,14755,15.553,0,0
20140720,907,10,3,130,1,77631,77109,76540,76540,0,0.0,1,1
20140720,907,10,822,3,2,78215,77353,76759,76759,219,0.286,1,1
20140720,907,10,13,3,3,78381,77370,77078,77078,538,0.703,1,1
20140720,907,10,825,1,4,78260,77788,77214,77214,674,0.881,1,1
20140720,907,10,817,9,5,78117,77855,77273,77273,733,0.958,1,1
20140720,907,10,20,9,6,78194,77646,77577,77577,1037,1.355,1,1
20140720,907,10,4,6,7,78389,77866,77649,77649,1109,1.449,1,1
20140720,907,10,826,5,8,78530,78103,77965,77965,1425,1.862,1,1
20140720,907,10,808,10,9,78927,78017,78014,78014,1474,1.926,1,1
20140720,907,10,815,10,10,78916,78161,78035,78035,1495,1.953,1,1
20140720,907,10,18,1,11,78425,78193,,78193,1653,2.16,1,0
20140720,907,10,8,6,12,78534,78273,,78273,1733,2.264,1,0
20140720,907,10,818,5,13,78496,78285,,78285,1745,2.28,1,0
20140720,907,10,821,15,14,78739,78787,,78739,2199,2.873,1,0
20140720,907,10,154,206,15,78894,78983,,78894,2354,3.076,1,0
20140720,907,10,1,130,16,78683,,,78683,2143,2.8,0,0
20140720,907,10,16,15,17,79142,,,79142,2602,3.4,0,0
20140720,907,10,824,204,18,79676,,,79676,3136,4.097,0,0
20140720,907,10,813,206,19,80195,,,80195,3655,4.775,0,0
20140720,907,10,155,205,20,80408,,,80408,3868,5.054,0,0
20140720,907,10,820,204,21,80489,,,80489,3949,5.159,0,0
20140720,907,10,828,205,22,,,,,,,0,0
20140727,908,11,3,130,1,85227,83310,82715,82715,0,0.0,1,1
20140727,908,11,20,9,2,85662,83606,83201,83201,486,0.588,1,1
20140727,908,11,822,3,3,85690,83776,83354,83354,639,0.773,1,1
20140727,908,11,817,9,4,85495,83676,83391,83391,676,0.817,1,1
20140727,908,11,4,6,5,86087,84249,83909,83909,1194,1.444,1,1
20140727,908,11,13,3,6,86592,84030,84223,84030,1315,1.59,1,1
20140727,908,11,18,1,7,86612,84502,84294,84294,1579,1.909,1,1
20140727,908,11,818,5,8,84941,84637,84720,84637,1922,2.324,1,1
20140727,908,11,808,10,9,86149,84647,84775,84647,1932,2.336,1,1
20140727,908,11,825,1,10,86578,84585,,84585,1870,2.261,1,0
20140727,908,11,826,5,11,85361,84706,,84706,1991,2.407,1,0
20140727,908,11,16,15,12,86027,85136,,85136,2421,2.927,1,0
20140727,908,11,815,10,13,85910,85211,,85211,2496,3.018,1,0
20140727,908,11,821,15,14,85709,85260,,85260,2545,3.077,1,0
20140727,908,11,154,206,15,86136,85337,,85337,2622,3.17,1,0
20140727,908,11,824,204,16,86728,87419,,86728,4013,4.852,1,0
20140727,908,11,8,6,17,86792,,,86792,4077,4.929,0,0
20140727,908,11,155,205,18,87139,,,87139,4424,5.348,0,0
20140727,908,11,820,204,19,87819,,,87819,5104,6.171,0,0
20140727,908,11,828,205,20,88643,,,88643,5928,7.167,0,0
20140727,908,11,1,130,21,,,,,,,0,0
20140727,908,11,813,206,22,,,,,,,0,0
20140824,909,13,3,130,1,127130,126723,125591,125591,0,0.0,1,1
20140824,909,13,1,130,2,127280,126609,125819,125819,228,0.182,1,1
20140824,909,13,20,9,3,130105,128868,127717,127717,2126,1.693,1,1
20140824,909,13,4,6,4,130197,128450,127786,127786,2195,1.748,1,1
20140824,909,13,817,9,5,130089,128989,127911,127911,2320,1.847,1,1
20140824,909,13,822,3,6,129250,128451,128049,128049,2458,1.957,1,1
20140824,909,13,825,1,7,131081,128901,128679,128679,3088,2.459,1,1
20140824,909,13,8,6,8,129885,128646,128780,128646,3055,2.432,1,1
20140824,909,13,13,3,9,128403,128833,129178,128403,2812,2.239,1,1
20140824,909,13,18,1,10,130529,129272,129776,129272,3681,2.931,1,1
20140824,909,13,826,5,11,130445,129377,,129377,3786,3.015,1,0
20140824,909,13,818,5,12,129811,129805,,129805,4214,3.355,1,0
20140824,909,13,815,10,13,130666,130084,,130084,4493,3.577,1,0
20140824,909,13,16,15,14,131051,130238,,130238,4647,3.7,1,0
20140824,909,13,154,206,15,130898,131087,,130898,5307,4.226,1,0
20140824,909,13,824,204,16,131051,132470,,131051,5460,4.347,1,0
20140824,909,13,813,206,17,131261,,,131261,5670,4.515,0,0
20140824,909,13,808,10,18,131267,,,131267,5676,4.519,0,0
20140824,909,13,820,204,19,132566,,,132566,6975,5.554,0,0
20140824,909,13,821,15,20,133414,,,133414,7823,6.229,0,0
20140824,909,13,827,205,21,133469,,,133469,7878,6.273,0,0
20140824,909,13,828,205,22,134438,,,134438,8847,7.044,0,0
20140907,910,14,1,130,1,85363,84560,84109,84109,0,0.0,1,1
20140907,910,14,3,130,2,85493,84600,84383,84383,274,0.326,1,1
20140907,910,14,822,3,3,86012,84858,84697,84697,588,0.699,1,1
20140907,910,14,13,3,4,85528,85046,84865,84865,756,0.899,1,1
20140907,910,14,825,1,5,86337,85973,85314,85314,1205,1.433,1,1
20140907,910,14,18,1,6,86328,85630,85379,85379,1270,1.51,1,1
20140907,910,14,4,6,7,86514,85525,85430,85430,1321,1.571,1,1
20140907,910,14,20,9,8,86631,85769,85436,85436,1327,1.578,1,1
20140907,910,14,817,9,9,86721,85946,85709,85709,1600,1.902,1,1
20140907,910,14,815,10,10,86569,85863,85944,85863,1754,2.085,1,1
20140907,910,14,826,5,11,86261,86070,,86070,1961,2.331,1,0
20140907,910,14,8,6,12,86689,86110,,86110,2001,2.379,1,0
20140907,910,14,818,5,13,86140,86157,,86140,2031,2.415,1,0
20140907,910,14,808,10,14,86371,86279,,86279,2170,2.58,1,0
20140907,910,14,16,15,15,87034,86588,,86588,2479,2.947,1,0
20140907,910,14,821,15,16,86999,86692,,86692,2583,3.071,1,0
20140907,910,14,813,206,17,87520,,,87520,3411,4.055,0,0
20140907,910,14,154,206,18,87632,,,87632,3523,4.189,0,0
20140907,910,14,155,205,19,87671,,,87671,3562,4.235,0,0
20140907,910,14,824,204,20,87738,,,87738,3629,4.315,0,0
20140907,910,14,820,204,21,88247,,,88247,4138,4.92,0,0
20140907,910,14,828,205,22,88562,,,88562,4453,5.294,0,0
20140921,911,15,1,130,1,106921,106287,105681,105681,0,0.0,1,1
20140921,911,15,3,130,2,107244,105825,105688,105688,7,0.007,1,1
20140921,911,15,817,9,3,107488,106493,105854,105854,173,0.164,1,1
20140921,911,15,20,9,4,107476,106586,105902,105902,221,0.209,1,1
20140921,911,15,4,6,5,106889,106328,105907,105907,226,0.214,1,1
20140921,911,15,13,3,6,107615,106472,106000,106000,319,0.302,1,1
20140921,911,15,8,6,7,106685,106359,106170,106170,489,0.463,1,1
20140921,911,15,822,3,8,107196,106622,106187,106187,506,0.479,1,1
20140921,911,15,825,1,9,107976,106700,106250,106250,569,0.538,1,1
20140921,911,15,826,5,10,107656,106926,107362,106926,1245,1.178,1,1
20140921,911,15,18,1,11,107161,106943,,106943,1262,1.194,1,0
20140921,911,15,818,5,12,107407,106989,,106989,1308,1.238,1,0
20140921,911,15,808,10,13,107370,107308,,107308,1627,1.54,1,0
20140921,911,15,821,15,14,107970,107333,,107333,1652,1.563,1,0
20140921,911,15,815,10,15,108143,107575,,107575,1894,1.792,1,0
20140921,911,15,154,206,16,107862,107812,,107812,2131,2.016,1,0
20140921,911,15,16,15,17,108324,,,108324,2643,2.501,0,0
20140921,911,15,813,206,18,109063,,,109063,3382,3.2,0,0
20140921,911,15,824,204,19,109440,,,109440,3759,3.557,0,0
20140921,911,15,155,205,20,110405,,,110405,4724,4.47,0,0
20140921,911,15,820,204,21,110473,,,110473,4792,4.534,0,0
20140921,911,15,828,205,22,112287,,,112287,6606,6.251,0,0
20141005,912,22,3,130,1,93671,92950,92506,92506,0,0.0,1,1
20141005,912,22,1,130,2,93611,92982,92703,92703,197,0.213,1,1
20141005,912,22,822,3,3,94301,93443,93128,93128,622,0.672,1,1
20141005,912,22,13,3,4,94483,93551,93527,93527,1021,1.104,1,1
20141005,912,22,4,6,5,94497,93675,93740,93675,1169,1.264,1,1
20141005,912,22,817,9,6,95593,94466,94075,94075,1569,1.696,1,1
20141005,912,22,825,1,7,94930,94229,94242,94229,1723,1.863,1,1
20141005,912,22,18,1,8,95150,94648,94317,94317,1811,1.958,1,1
20141005,912,22,20,9,9,95517,94784,94432,94432,1926,2.082,1,1
20141005,912,22,8,6,10,94984,94771,94548,94548,2042,2.207,1,1
20141005,912,22,818,5,11,95155,94984,,94984,2478,2.679,1,0
20141005,912,22,815,10,12,95439,95089,,95089,2583,2.792,1,0
20141005,912,22,826,5,13,95210,95092,,95092,2586,2.795,1,0
20141005,912,22,808,10,14,95000,95099,,95000,2494,2.696,1,0
20141005,912,22,16,15,15,95736,95364,,95364,2858,3.09,1,0
20141005,912,22,821,15,16,95308,95681,,95308,2802,3.029,1,0
20141005,912,22,813,206,17,95917,,,95917,3411,3.687,0,0
20141005,912,22,154,206,18,95984,,,95984,3478,3.76,0,0
20141005,912,22,828,205,19,96813,,,96813,4307,4.656,0,0
20141005,912,22,824,204,20,96943,,,96943,4437,4.796,0,0
20141005,912,22,155,205,21,97015,,,97015,4509,4.874,0,0
20141005,912,22,820,204,22,97481,,,97481,4975,5.378,0,0
20141012,913,71,1,130,1,98759,98338,98513,98338,0,0.0,1,1
20141012,913,71,3,130,2,99076,98606,98713,98606,268,0.273,1,1
20141012,913,71,822,3,3,99125,98971,98920,98920,582,0.592,1,1
20141012,913,71,18,1,4,99560,99381,99121,99121,783,0.796,1,1
20141012,913,71,826,5,5,100074,99296,99277,99277,939,0.955,1,1
20141012,913,71,825,1,6,99735,99022,99629,99022,684,0.696,1,1
20141012,913,71,817,9,7,100519,99666,99635,99635,1297,1.319,1,1
20141012,913,71,4,6,8,100255,99786,99709,99709,1371,1.394,1,1
20141012,913,71,8,6,9,100098,99838,99771,99771,1433,1.457,1,1
20141012,913,71,818,5,10,100354,99929,100020,99929,1591,1.618,1,1
20141012,913,71,20,9,11,100382,100052,,100052,1714,1.743,1,0
20141012,913,71,808,10,12,100273,100058,,100058,1720,1.749,1,0
20141012,913,71,815,10,13,100723,100163,,100163,1825,1.856,1,0
20141012,913,71,821,15,14,101159,100536,,100536,2198,2.235,1,0
20141012,913,71,16,15,15,100766,100984,,100766,2428,2.469,1,0
20141012,913,71,154,206,16,102526,101397,,101397,3059,3.111,1,0
20141012,913,71,828,205,17,102648,,,102648,4310,4.383,0,0
20141012,913,71,13,3,18,103064,,,103064,4726,4.806,0,0
20141012,913,71,155,205,19,103166,,,103166,4828,4.91,0,0
20141012,913,71,813,206,20,103205,,,103205,4867,4.949,0,0
20141012,913,71,820,204,21,103649,,,103649,5311,5.401,0,0
20141102,914,69,3,130,1,98303,96290,96067,96067,0,0.0,1,1
20141102,914,69,1,130,2,97196,97287,96443,96443,376,0.391,1,1
20141102,914,69,822,3,3,98249,97499,96906,96906,839,0.873,1,1
20141102,914,69,13,3,4,97877,97347,97205,97205,1138,1.185,1,1
20141102,914,69,817,9,5,98814,97873,97244,97244,1177,1.225,1,1
20141102,914,69,4,6,6,98349,98010,97610,97610,1543,1.606,1,1
20141102,914,69,18,1,7,98574,98024,97655,97655,1588,1.653,1,1
20141102,914,69,825,1,8,98557,98047,97706,97706,1639,1.706,1,1
20141102,914,69,8,6,9,98669,98263,97804,97804,1737,1.808,1,1
20141102,914,69,16,15,10,98855,98378,98810,98378,2311,2.406,1,1
20141102,914,69,813,206,11,98608,98467,,98467,2400,2.498,1,0
20141102,914,69,815,10,12,99200,98554,,98554,2487,2.589,1,0
20141102,914,69,808,10,13,98931,98598,,98598,2531,2.635,1,0
20141102,914,69,826,5,14,98936,98699,,98699,2632,2.74,1,0
20141102,914,69,818,5,15,99250,,,99250,3183,3.313,0,0
20141102,914,69,821,15,16,99555,,,99555,3488,3.631,0,0
20141102,914,69,20,9,17,99621,,,99621,3554,3.7,0,0
20141102,914,69,154,206,18,99679,,,99679,3612,3.76,0,0
20141109,915,18,3,130,1,70347,70303,70023,70023,0,0.0,1,1
20141109,915,18,1,130,2,70457,70712,70056,70056,33,0.047,1,1
20141109,915,18,13,3,3,70602,70343,70247,70247,224,0.32,1,1
20141109,915,18,822,3,4,70832,70421,70305,70305,282,0.403,1,1
20141109,915,18,18,1,5,71097,71127,70930,70930,907,1.295,1,1
20141109,915,18,20,9,6,71880,71129,70938,70938,915,1.307,1,1
20141109,915,18,825,1,7,71134,71211,70969,70969,946,1.351,1,1
20141109,915,18,4,6,8,71558,71215,70977,70977,954,1.362,1,1
20141109,915,18,817,9,9,71593,71208,71075,71075,1052,1.502,1,1
20141109,915,18,8,6,10,71193,71188,71099,71099,1076,1.537,1,1
20141109,915,18,821,15,11,71520,71591,,71520,1497,2.138,1,0
20141109,915,18,808,10,12,71848,71976,,71848,1825,2.606,1,0
20141109,915,18,16,15,13,71943,72099,,71943,1920,2.742,1,0
20141109,915,18,826,5,14,71423,,,71423,1400,1.999,0,0
20141109,915,18,154,206,15,72037,,,72037,2014,2.876,0,0
20141109,915,18,818,5,16,72040,,,72040,2017,2.88,0,0
20141109,915,18,815,10,17,72076,,,72076,2053,2.932,0,0
20141109,915,18,813,206,18,72233,,,72233,2210,3.156,0,0
20141123,916,24,821,15,15,102819,,,102819,2339,2.328,0,0
20141123,916,24,154,206,14,102768,,,102768,2288,2.277,0,0
20141123,916,24,16,15,13,102746,103074,,102746,2266,2.255,1,0
20141123,916,24,808,10,12,102444,102384,,102384,1904,1.895,1,0
20141123,916,24,815,10,11,102654,102239,,102239,1759,1.751,1,0
20141123,916,24,818,5,10,102413,102207,,102207,1727,1.719,1,0
20141123,916,24,825,1,9,102104,102198,,102104,1624,1.616,1,0
20141123,916,24,4,6,8,102467,101940,102866,101940,1460,1.453,1,1
20141123,916,24,8,6,7,102439,102168,102236,102168,1688,1.68,1,1
20141123,916,24,18,1,6,102137,101875,101964,101875,1395,1.388,1,1
20141123,916,24,826,5,5,102302,102082,101908,101908,1428,1.421,1,1
20141123,916,24,13,3,4,101475,101144,101119,101119,639,0.636,1,1
20141123,916,24,822,3,3,102346,101376,101025,101025,545,0.542,1,1
20141123,916,24,1,130,2,101207,100920,100866,100866,386,0.384,1,1
20141123,916,24,3,130,1,101308,101459,100480,100480,0,0.0,1,1
20141123,916,24,813,206,16,102860,,,102860,2380,2.369,0,0
20141123,916,24,155,205,17,104540,,,104540,4060,4.041,0,0
20141123,916,24,829,205,18,105095,,,105095,4615,4.593,0,0
20150315,917,1,1,130,1,88586,86894,86327,86327,0,0.0,1,1
20150315,917,1,3,130,2,88906,87097,86921,86921,594,0.688,1,1
20150315,917,1,13,3,3,89246,87895,87718,87718,1391,1.611,1,1
20150315,917,1,20,6,4,89307,87742,87757,87742,1415,1.639,1,1
20150315,917,1,8,6,5,89754,87807,87790,87790,1463,1.695,1,1
20150315,917,1,822,3,6,89641,87796,88087,87796,1469,1.702,1,1
20150315,917,1,817,9,7,89788,88679,88329,88329,2002,2.319,1,1
20150315,917,1,832,5,8,89597,88601,88510,88510,2183,2.529,1,1
20150315,917,1,154,206,9,89537,88589,88560,88560,2233,2.587,1,1
20150315,917,1,813,206,10,89847,88726,89480,88726,2399,2.779,1,1
20150315,917,1,831,15,11,90430,88800,,88800,2473,2.865,1,0
20150315,917,1,830,5,12,89248,88868,,88868,2541,2.943,1,0
20150315,917,1,826,9,13,90402,89070,,89070,2743,3.177,1,0
20150315,917,1,808,10,14,89651,89208,,89208,2881,3.337,1,0
20150315,917,1,815,10,15,89990,89209,,89209,2882,3.338,1,0
20150315,917,1,828,15,16,91376,,,91376,5049,5.849,0,0
20150315,917,1,18,1,17,91422,,,91422,5095,5.902,0,0
20150315,917,1,825,1,18,92037,,,92037,5710,6.614,0,0
20150329,918,2,1,130,1,99269,101517,109834,99269,0,0.0,1,1
20150329,918,2,20,6,2,99814,99632,109908,99632,363,0.366,1,1
20150329,918,2,3,130,3,99374,99377,110299,99374,105,0.106,1,1
20150329,918,2,817,9,4,100504,101085,111541,100504,1235,1.244,1,1
20150329,918,2,826,9,5,100546,101665,111951,100546,1277,1.286,1,1
20150329,918,2,830,5,6,100793,101430,111981,100793,1524,1.535,1,1
20150329,918,2,13,3,7,100543,101230,112473,100543,1274,1.283,1,1
20150329,918,2,154,206,8,100303,101209,112981,100303,1034,1.042,1,1
20150329,918,2,822,3,9,100249,100650,113179,100249,980,0.987,1,1
20150329,918,2,828,15,10,100340,101748,113261,100340,1071,1.079,1,1
20150329,918,2,8,6,11,100415,102173,,100415,1146,1.154,1,0
20150329,918,2,813,206,12,100361,102198,,100361,1092,1.1,1,0
20150329,918,2,808,10,13,100830,103023,,100830,1561,1.572,1,0
20150329,918,2,815,10,14,101036,103469,,101036,1767,1.78,1,0
20150329,918,2,832,5,15,99814,103701,,99814,545,0.549,1,0
20150329,918,2,831,15,16,101308,,,101308,2039,2.054,0,0
20150329,918,2,18,1,17,101636,,,101636,2367,2.384,0,0
20150329,918,2,4,1,18,101746,,,101746,2477,2.495,0,0
20150329,918,2,833,207,19,106677,,,106677,7408,7.463,0,0
20150412,919,17,1,130,1,98285,96423,95782,95782,0,0.0,1,1
20150412,919,17,3,130,2,98496,96747,95828,95828,46,0.048,1,1
20150412,919,17,20,6,3,97502,96957,96687,96687,905,0.945,1,1
20150412,919,17,13,3,4,98433,97357,96954,96954,1172,1.224,1,1
20150412,919,17,822,3,5,98014,97763,97143,97143,1361,1.421,1,1
20150412,919,17,8,6,6,97790,97109,97232,97109,1327,1.385,1,1
20150412,919,17,817,9,7,98534,97939,97540,97540,1758,1.835,1,1
20150412,919,17,154,206,8,98209,98063,97905,97905,2123,2.216,1,1
20150412,919,17,831,15,9,98521,98017,98067,98017,2235,2.333,1,1
20150412,919,17,828,15,10,98941,98127,98158,98127,2345,2.448,1,1
20150412,919,17,813,206,11,98563,98134,,98134,2352,2.456,1,0
20150412,919,17,826,9,12,99051,98209,,98209,2427,2.534,1,0
20150412,919,17,830,5,13,98387,98393,,98387,2605,2.72,1,0
20150412,919,17,832,5,14,98622,98538,,98538,2756,2.877,1,0
20150412,919,17,815,10,15,98903,99290,,98903,3121,3.258,1,0
20150412,919,17,808,10,16,99216,,,99216,3434,3.585,0,0
20150412,919,17,18,1,17,99276,,,99276,3494,3.648,0,0
20150412,919,17,4,1,18,99280,,,99280,3498,3.652,0,0
20150412,919,17,829,207,19,102091,,,102091,6309,6.587,0,0
20150412,919,17,833,207,20,102842,,,102842,7060,7.371,0,0
20150419,920,3,1,130,1,93928,92669,92571,92571,0,0.0,1,1
20150419,920,3,20,6,2,94919,93623,92982,92982,411,0.444,1,1
20150419,920,3,3,130,3,94398,93878,93129,93129,558,0.603,1,1
20150419,920,3,8,6,4,94568,93540,93227,93227,656,0.709,1,1
20150419,920,3,822,3,5,94161,93897,93381,93381,810,0.875,1,1
20150419,920,3,13,3,6,94488,93551,93744,93551,980,1.059,1,1
20150419,920,3,817,9,7,94691,94403,93832,93832,1261,1.362,1,1
20150419,920,3,808,10,8,95653,94613,94450,94450,1879,2.03,1,1
20150419,920,3,832,5,9,95371,94641,94462,94462,1891,2.043,1,1
20150419,920,3,154,206,10,95007,94123,94484,94123,1552,1.677,1,1
20150419,920,3,815,10,11,95451,94704,,94704,2133,2.304,1,0
20150419,920,3,831,15,12,95310,94737,,94737,2166,2.34,1,0
20150419,920,3,828,15,13,95438,95034,,95034,2463,2.661,1,0
20150419,920,3,4,1,14,95205,95039,,95039,2468,2.666,1,0
20150419,920,3,830,5,15,95611,95103,,95103,2532,2.735,1,0
20150419,920,3,813,206,16,95677,,,95677,3106,3.355,0,0
20150419,920,3,826,9,17,95800,,,95800,3229,3.488,0,0
20150419,920,3,829,207,18,98713,,,98713,6142,6.635,0,0
20150419,920,3,833,207,19,99722,,,99722,7151,7.725,0,0
20150510,921,4,3,130,1,86490,85166,84681,84681,0,0.0,1,1
20150510,921,4,1,130,2,86382,85740,84948,84948,267,0.315,1,1
20150510,921,4,20,6,3,87534,86167,85458,85458,777,0.918,1,1
20150510,921,4,822,3,4,87262,86197,85694,85694,1013,1.196,1,1
20150510,921,4,832,5,5,86773,86475,86136,86136,1455,1.718,1,1
20150510,921,4,830,5,6,87393,86441,86249,86249,1568,1.852,1,1
20150510,921,4,8,6,7,86637,86016,86414,86016,1335,1.577,1,1
20150510,921,4,826,9,8,87833,86889,86629,86629,1948,2.3,1,1
20150510,921,4,13,3,9,87165,86147,86757,86147,1466,1.731,1,1
20150510,921,4,817,9,10,87611,86692,86770,86692,2011,2.375,1,1
20150510,921,4,154,206,11,87383,87375,,87375,2694,3.181,1,0
20150510,921,4,813,206,12,87281,87450,,87281,2600,3.07,1,0
20150510,921,4,4,1,13,87941,87760,,87760,3079,3.636,1,0
20150510,921,4,18,1,14,87813,87854,,87813,3132,3.699,1,0
20150510,921,4,831,15,15,87625,88005,,87625,2944,3.477,1,0
20150510,921,4,828,15,16,88112,,,88112,3431,4.052,0,0
20150510,921,4,808,10,17,88365,,,88365,3684,4.35,0,0
20150510,921,4,815,10,18,88442,,,88442,3761,4.441,0,0
20150510,921,4,829,207,19,91200,,,91200,6519,7.698,0,0
20150510,921,4,833,207,20,92038,,,92038,7357,8.688,0,0
20150524,922,6,1,130,1,76588,75864,75098,75098,0,0.0,1,1
20150524,922,6,3,130,2,76528,75471,75440,75440,342,0.455,1,1
20150524,922,6,20,6,3,77502,76181,75849,75849,751,1.0,1,1
20150524,922,6,817,9,4,77254,76706,76041,76041,943,1.256,1,1
20150524,922,6,826,9,5,76845,76453,76182,76182,1084,1.443,1,1
20150524,922,6,8,6,6,77660,76440,76427,76427,1329,1.77,1,1
20150524,922,6,815,10,7,77376,76999,76808,76808,1710,2.277,1,1
20150524,922,6,832,5,8,77246,76762,76931,76762,1664,2.216,1,1
20150524,922,6,813,206,9,77630,76775,76946,76775,1677,2.233,1,1
20150524,922,6,830,5,10,76750,76546,76957,76546,1448,1.928,1,1
20150524,922,6,154,206,11,77767,77007,,77007,1909,2.542,1,0
20150524,922,6,18,1,12,77492,77093,,77093,1995,2.657,1,0
20150524,922,6,808,10,13,77552,77193,,77193,2095,2.79,1,0
20150524,922,6,13,3,14,77679,77278,,77278,2180,2.903,1,0
20150524,922,6,4,1,15,77778,86632,,77778,2680,3.569,1,0
20150524,922,6,831,15,16,78101,,,78101,3003,3.999,0,0
20150524,922,6,822,3,17,78434,,,78434,3336,4.442,0,0
20150524,922,6,828,15,18,78513,,,78513,3415,4.547,0,0
20150524,922,6,829,207,19,80655,,,80655,5557,7.4,0,0
20150524,922,6,833,207,20,80904,,,80904,5806,7.731,0,0
20150607,923,7,1,130,1,75895,74661,74393,74393,0,0.0,1,1
20150607,923,7,3,130,2,75893,74673,74702,74673,280,0.376,1,1
20150607,923,7,8,6,3,76259,75348,75014,75014,621,0.835,1,1
20150607,923,7,822,3,4,76552,75506,75102,75102,709,0.953,1,1
20150607,923,7,154,206,5,75833,75187,75194,75187,794,1.067,1,1
20150607,923,7,813,206,6,76098,75622,75329,75329,936,1.258,1,1
20150607,923,7,808,10,7,76186,75706,75614,75614,1221,1.641,1,1
20150607,923,7,826,9,8,76415,75891,76079,75891,1498,2.014,1,1
20150607,923,7,817,9,9,76410,76006,76114,76006,1613,2.168,1,1
20150607,923,7,815,10,10,76827,75974,76338,75974,1581,2.125,1,1
20150607,923,7,832,5,11,76611,76042,,76042,1649,2.217,1,0
20150607,923,7,830,5,12,76361,76245,,76245,1852,2.489,1,0
20150607,923,7,828,15,13,76796,76262,,76262,1869,2.512,1,0
20150607,923,7,4,1,14,77012,76276,,76276,1883,2.531,1,0
20150607,923,7,831,15,15,76968,76620,,76620,2227,2.994,1,0
20150607,923,7,20,6,16,77344,,,77344,2951,3.967,0,0
20150607,923,7,13,3,17,77886,,,77886,3493,4.695,0,0
20150607,923,7,833,207,18,79133,,,79133,4740,6.372,0,0
20150607,923,7,829,207,19,79157,,,79157,4764,6.404,0,0
20150621,924,70,1,130,1,72218,69062,68455,68455,0,0.0,1,1
20150621,924,70,3,130,2,70976,68634,68655,68634,179,0.261,1,1
20150621,924,70,20,6,3,71184,69392,68810,68810,355,0.519,1,1
20150621,924,70,13,3,4,71830,69719,69192,69192,737,1.077,1,1
20150621,924,70,808,10,5,71319,69604,69278,69278,823,1.202,1,1
20150621,924,70,822,3,6,71894,69598,69319,69319,864,1.262,1,1
20150621,924,70,830,5,7,71307,69631,69612,69612,1157,1.69,1,1
20150621,924,70,826,9,8,72092,70187,69694,69694,1239,1.81,1,1
20150621,924,70,831,15,9,72001,69652,69713,69652,1197,1.749,1,1
20150621,924,70,154,206,10,71821,69920,,69920,1465,2.14,1,0
20150621,924,70,813,206,11,71661,70374,,70374,1919,2.803,1,0
20150621,924,70,828,15,12,72388,70426,,70426,1971,2.879,1,0
20150621,924,70,832,5,13,71158,70465,,70465,2010,2.936,1,0
20150621,924,70,817,9,14,71973,70482,,70482,2027,2.961,1,0
20150621,924,70,4,1,15,72508,70736,,70736,2281,3.332,1,0
20150621,924,70,815,10,16,72522,,,72522,4067,5.941,0,0
20150621,924,70,18,1,17,72632,,,72632,4177,6.102,0,0
20150621,924,70,8,6,18,72867,,,72867,4412,6.445,0,0
20150621,924,70,833,207,19,74071,,,74071,5616,8.204,0,0
20150621,924,70,829,207,20,75368,,,75368,6913,10.099,0,0
20150705,925,9,1,130,1,93796,93068,92248,92248,0,0.0,1,1
20150705,925,9,3,130,2,93475,92737,92361,92361,113,0.122,1,1
20150705,925,9,13,3,3,94542,93707,93085,93085,837,0.907,1,1
20150705,925,9,822,3,4,94171,93020,93149,93020,772,0.837,1,1
20150705,925,9,8,6,5,93426,93911,93379,93379,1131,1.226,1,1
20150705,925,9,20,6,6,93562,93641,93547,93547,1299,1.408,1,1
20150705,925,9,826,9,7,94422,93520,93636,93520,1272,1.379,1,1
20150705,925,9,832,5,8,94641,94071,93649,93649,1401,1.519,1,1
20150705,925,9,808,10,9,94594,93693,93673,93673,1425,1.545,1,1
20150705,925,9,817,9,10,94272,93749,93943,93749,1501,1.627,1,1
20150705,925,9,815,10,11,94250,94268,,94250,2002,2.17,1,0
20150705,925,9,154,206,12,94646,94430,,94430,2182,2.365,1,0
20150705,925,9,830,5,13,94819,94502,,94502,2254,2.443,1,0
20150705,925,9,813,206,14,94877,94511,,94511,2263,2.453,1,0
20150705,925,9,828,15,15,94643,94868,,94643,2395,2.596,1,0
20150705,925,9,831,15,16,94888,,,94888,2640,2.862,0,0
20150705,925,9,4,1,17,94959,,,94959,2711,2.939,0,0
20150705,925,9,18,1,18,95207,,,95207,2959,3.208,0,0
20150705,925,9,829,207,19,97364,,,97364,5116,5.546,0,0
20150705,925,9,833,207,20,99377,,,99377,7129,7.728,0,0
20150726,926,11,1,130,1,82890,82285,82020,82020,0,0.0,1,1
20150726,926,11,3,130,2,82979,82775,82595,82595,575,0.701,1,1
20150726,926,11,20,6,3,83312,83168,82739,82739,719,0.877,1,1
20150726,926,11,817,9,4,84408,83230,82774,82774,754,0.919,1,1
20150726,926,11,8,6,5,83596,83460,83020,83020,1000,1.219,1,1
20150726,926,11,822,3,6,83649,83555,83222,83222,1202,1.465,1,1
20150726,926,11,826,9,7,83587,83597,83332,83332,1312,1.6,1,1
20150726,926,11,13,3,8,83895,83598,83537,83537,1517,1.85,1,1
20150726,926,11,830,5,9,84032,83781,83679,83679,1659,2.023,1,1
20150726,926,11,154,206,10,84242,83805,84181,83805,1785,2.176,1,1
20150726,926,11,808,10,11,84115,83826,,83826,1806,2.202,1,0
20150726,926,11,832,5,12,84623,83869,,83869,1849,2.254,1,0
20150726,926,11,815,10,13,84444,84461,,84444,2424,2.955,1,0
20150726,926,11,813,206,14,83895,84609,,83895,1875,2.286,1,0
20150726,926,11,4,1,15,84563,,,84563,2543,3.1,0,0
20150726,926,11,18,1,16,84739,,,84739,2719,3.315,0,0
20150726,926,11,828,15,17,84843,,,84843,2823,3.442,0,0
20150726,926,11,831,15,18,84997,,,84997,2977,3.63,0,0
20150726,926,11,833,207,19,87416,,,87416,5396,6.579,0,0
20150726,926,11,829,207,20,87949,,,87949,5929,7.229,0,0
20150823,927,13,1,130,1,108908,108024,107197,107197,0,0.0,1,1
20150823,927,13,3,130,2,108923,107955,107655,107655,458,0.427,1,1
20150823,927,13,822,3,3,109026,109044,108537,108537,1340,1.25,1,1
20150823,927,13,154,206,4,109353,108981,108561,108561,1364,1.272,1,1
20150823,927,13,815,10,5,109006,108792,108599,108599,1402,1.308,1,1
20150823,927,13,817,9,6,109664,109042,108639,108639,1442,1.345,1,1
20150823,927,13,13,3,7,109688,108806,108685,108685,1488,1.388,1,1
20150823,927,13,813,206,8,109568,108956,108754,108754,1557,1.452,1,1
20150823,927,13,20,6,9,109264,108761,108825,108761,1564,1.459,1,1
20150823,927,13,832,5,10,109109,109065,109771,109065,1868,1.743,1,1
20150823,927,13,808,10,11,109499,109121,,109121,1924,1.795,1,0
20150823,927,13,826,9,12,109469,109228,,109228,2031,1.895,1,0
20150823,927,13,828,15,13,109523,109586,,109523,2326,2.17,1,0
20150823,927,13,8,6,14,109288,,,109288,2091,1.951,0,0
20150823,927,13,830,5,15,109831,,,109831,2634,2.457,0,0
20150823,927,13,831,15,16,109952,,,109952,2755,2.57,0,0
20150823,927,13,18,1,17,110978,,,110978,3781,3.527,0,0
20150823,927,13,4,1,18,111420,,,111420,4223,3.939,0,0
20150823,927,13,829,204,19,112948,,,112948,5751,5.365,0,0
20150823,927,13,833,204,20,113099,,,113099,5902,5.506,0,0
20150906,928,14,1,130,1,84251,83383,83397,83383,0,0.0,1,1
20150906,928,14,8,6,2,84662,83757,83631,83631,248,0.297,1,1
20150906,928,14,20,6,3,84989,83577,83685,83577,194,0.233,1,1
20150906,928,14,3,130,4,84609,83864,83703,83703,320,0.384,1,1
20150906,928,14,13,3,5,85184,83983,83940,83940,557,0.668,1,1
20150906,928,14,822,3,6,84979,84313,84127,84127,744,0.892,1,1
20150906,928,14,815,10,7,84801,84379,84626,84379,996,1.194,1,1
20150906,928,14,154,206,8,85144,84448,85054,84448,1065,1.277,1,1
20150906,928,14,808,10,9,84937,84510,85317,84510,1127,1.352,1,1
20150906,928,14,828,15,10,85122,84457,86214,84457,1074,1.288,1,1
20150906,928,14,813,206,11,85429,84525,,84525,1142,1.37,1,0
20150906,928,14,831,15,12,85121,84898,,84898,1515,1.817,1,0
20150906,928,14,832,5,13,85410,85618,,85410,2027,2.431,1,0
20150906,928,14,826,9,14,85742,85796,,85742,2359,2.829,1,0
20150906,928,14,817,9,15,85633,,,85633,2250,2.698,0,0
20150906,928,14,18,1,16,86058,,,86058,2675,3.208,0,0
20150906,928,14,4,1,17,86154,,,86154,2771,3.323,0,0
20150906,928,14,829,207,18,87731,,,87731,4348,5.214,0,0
20150906,928,14,833,207,19,87912,,,87912,4529,5.432,0,0
20150906,928,14,830,5,20,,,,,,,0,0
20150920,929,15,20,6,1,106017,104743,103885,103885,0,0.0,1,1
20150920,929,15,817,9,2,106166,105291,104428,104428,543,0.523,1,1
20150920,929,15,8,6,3,106467,105140,104667,104667,782,0.753,1,1
20150920,929,15,826,9,4,105340,104979,104745,104745,860,0.828,1,1
20150920,929,15,1,130,5,105765,105650,105300,105300,1415,1.362,1,1
20150920,929,15,3,130,6,106201,105653,105415,105415,1530,1.473,1,1
20150920,929,15,822,3,7,106231,105887,105676,105676,1791,1.724,1,1
20150920,929,15,830,5,8,106483,105635,105798,105635,1750,1.685,1,1
20150920,929,15,13,3,9,106879,105701,106077,105701,1816,1.748,1,1
20150920,929,15,154,206,10,106860,105805,106413,105805,1920,1.848,1,1
20150920,929,15,808,10,11,106669,106305,,106305,2420,2.329,1,0
20150920,929,15,4,1,12,106600,106328,,106328,2443,2.352,1,0
20150920,929,15,815,10,13,106576,106385,,106385,2500,2.407,1,0
20150920,929,15,832,5,14,106465,106894,,106465,2580,2.484,1,0
20150920,929,15,18,1,15,105891,107019,,105891,2006,1.931,1,0
20150920,929,15,831,15,16,106965,,,106965,3080,2.965,0,0
20150920,929,15,828,15,17,107088,,,107088,3203,3.083,0,0
20150920,929,15,813,206,18,107323,,,107323,3438,3.309,0,0
20150920,929,15,829,207,19,111021,,,111021,7136,6.869,0,0
20150920,929,15,834,207,20,111523,,,111523,7638,7.352,0,0
20150927,930,22,3,130,1,93015,92632,92584,92584,0,0.0,1,1
20150927,930,22,1,130,2,92844,92789,92660,92660,76,0.082,1,1
20150927,930,22,822,3,3,94326,93416,93024,93024,440,0.475,1,1
20150927,930,22,20,6,4,94431,93844,93245,93245,661,0.714,1,1
20150927,930,22,13,3,5,94744,93377,93337,93337,753,0.813,1,1
20150927,930,22,8,6,6,94171,93361,93347,93347,763,0.824,1,1
20150927,930,22,817,9,7,94399,94153,93497,93497,913,0.986,1,1
20150927,930,22,154,206,8,94398,94278,93967,93967,1383,1.494,1,1
20150927,930,22,815,10,9,95001,94174,,94174,1590,1.717,1,0
20150927,930,22,826,9,10,94646,94201,,94201,1617,1.747,1,0
20150927,930,22,808,10,11,95328,94390,,94390,1806,1.951,1,0
20150927,930,22,832,5,12,94873,94453,,94453,1869,2.019,1,0
20150927,930,22,813,206,13,94796,94497,,94497,1913,2.066,1,0
20150927,930,22,4,1,14,95467,94785,,94785,2201,2.377,1,0
20150927,930,22,830,5,15,94522,,,94522,1938,2.093,0,0
20150927,930,22,18,1,16,95664,,,95664,3080,3.327,0,0
20150927,930,22,828,15,17,95673,,,95673,3089,3.336,0,0
20150927,930,22,831,15,18,95760,,,95760,3176,3.43,0,0
20150927,930,22,829,207,19,98783,,,98783,6199,6.696,0,0
20150927,930,22,834,207,20,107114,,,107114,14530,15.694,0,0
20151011,931,71,3,130,1,98343,97500,97113,97113,0,0.0,1,1
20151011,931,71,1,130,2,98558,97672,97433,97433,320,0.33,1,1
20151011,931,71,822,3,3,98448,98194,97912,97912,799,0.823,1,1
20151011,931,71,20,6,4,98598,98402,97965,97965,852,0.877,1,1
20151011,931,71,8,6,5,99207,98224,98348,98224,1111,1.144,1,1
20151011,931,71,808,10,6,99250,98727,98659,98659,1546,1.592,1,1
20151011,931,71,815,10,7,99617,98914,98691,98691,1578,1.625,1,1
20151011,931,71,154,206,8,99056,98754,98787,98754,1641,1.69,1,1
20151011,931,71,830,5,9,99411,99119,98924,98924,1811,1.865,1,1
20151011,931,71,817,9,10,99574,99005,99728,99005,1892,1.948,1,1
20151011,931,71,826,9,11,99580,99214,,99214,2101,2.163,1,0
20151011,931,71,831,15,12,100042,99323,,99323,2210,2.276,1,0
20151011,931,71,18,1,13,99739,99763,,99739,2626,2.704,1,0
20151011,931,71,813,206,14,99724,99811,,99724,2611,2.689,1,0
20151011,931,71,13,3,15,98926,99895,,98926,1813,1.867,1,0
20151011,931,71,4,1,16,100144,,,100144,3031,3.121,0,0
20151011,931,71,828,15,17,100660,,,100660,3547,3.652,0,0
20151011,931,71,829,204,18,103693,,,103693,6580,6.776,0,0
20151011,931,71,833,204,19,103804,,,103804,6691,6.89,0,0
20151025,932,69,3,130,1,116671,116824,,116671,176,0.151,1,0
20151025,932,69,1,130,2,116871,116929,,116871,376,0.323,1,0
20151025,932,69,817,9,3,116495,117969,,116495,0,0.0,1,0
20151025,932,69,826,9,4,117640,118434,,117640,1145,0.983,1,0
20151025,932,69,20,6,5,120950,118596,,118596,2101,1.804,1,0
20151025,932,69,815,10,6,119264,119210,,119210,2715,2.331,1,0
20151025,932,69,808,10,7,118325,119333,,118325,1830,1.571,1,0
20151025,932,69,8,6,8,118198,119703,,118198,1703,1.462,1,0
20151025,932,69,13,3,9,120902,119999,,119999,3504,3.008,1,0
20151025,932,69,830,5,10,118689,120199,,118689,2194,1.883,1,0
20151025,932,69,4,1,11,119704,120265,,119704,3209,2.755,1,0
20151025,932,69,822,3,12,119569,120334,,119569,3074,2.639,1,0
20151025,932,69,154,206,13,120236,120595,,120236,3741,3.211,1,0
20151025,932,69,18,1,14,120261,121193,,120261,3766,3.233,1,0
20151025,932,69,813,206,15,120844,121604,,120844,4349,3.733,1,0
20151025,932,69,828,15,16,122212,,,122212,5717,4.908,0,0
20151025,932,69,831,15,17,123194,,,123194,6699,5.75,0,0
20151025,932,69,834,204,18,124176,,,124176,7681,6.593,0,0
20151025,932,69,829,204,19,124526,,,124526,8031,6.894,0,0
20151025,932,69,832,5,20,127304,,,127304,10809,9.279,0,0
20151101,933,32,3,130,1,80436,80053,79480,79480,0,0.0,1,1
20151101,933,32,1,130,2,80808,79829,79668,79668,188,0.237,1,1
20151101,933,32,20,6,3,80503,80045,79850,79850,370,0.466,1,1
20151101,933,32,826,9,4,80826,80490,80398,80398,918,1.155,1,1
20151101,933,32,817,9,5,81166,80783,80399,80399,919,1.156,1,1
20151101,933,32,822,3,6,80817,80458,80448,80448,968,1.218,1,1
20151101,933,32,13,3,7,81379,80642,80567,80567,1087,1.368,1,1
20151101,933,32,830,5,8,80995,80894,80710,80710,1230,1.548,1,1
20151101,933,32,815,10,9,80966,80669,80716,80669,1189,1.496,1,1
20151101,933,32,808,10,10,81315,80935,80788,80788,1308,1.646,1,1
20151101,933,32,832,5,11,80960,80942,,80942,1462,1.839,1,0
20151101,933,32,154,206,12,81577,81038,,81038,1558,1.96,1,0
20151101,933,32,813,206,13,81520,81261,,81261,1781,2.241,1,0
20151101,933,32,828,15,14,81299,81544,,81299,1819,2.289,1,0
20151101,933,32,8,6,15,81422,82494,,81422,1942,2.443,1,0
20151101,933,32,4,1,16,81779,,,81779,2299,2.893,0,0
20151101,933,32,831,15,17,81788,,,81788,2308,2.904,0,0
20151101,933,32,834,204,18,84136,,,84136,4656,5.858,0,0
20151101,933,32,829,204,19,84386,,,84386,4906,6.173,0,0
20151101,933,32,18,1,20,,,,,,,0,0
20151115,934,18,3,130,1,71746,72213,71282,71282,0,0.0,1,1
20151115,934,18,1,130,2,71682,71665,71360,71360,78,0.109,1,1
20151115,934,18,20,6,3,72240,71928,71804,71804,522,0.732,1,1
20151115,934,18,822,3,4,72934,72374,72085,72085,803,1.127,1,1
20151115,934,18,8,6,5,72185,72243,72144,72144,862,1.209,1,1
20151115,934,18,808,10,6,72595,72485,72265,72265,983,1.379,1,1
20151115,934,18,826,9,7,72730,72527,72322,72322,1040,1.459,1,1
20151115,934,18,13,3,8,72980,72858,72415,72415,1133,1.589,1,1
20151115,934,18,817,9,9,72639,72825,72417,72417,1135,1.592,1,1
20151115,934,18,830,5,10,72824,72712,72739,72712,1430,2.006,1,1
20151115,934,18,831,15,11,73111,72989,,72989,1707,2.395,1,0
20151115,934,18,832,5,12,73267,73045,,73045,1763,2.473,1,0
20151115,934,18,815,10,13,73140,73147,,73140,1858,2.607,1,0
20151115,934,18,828,15,14,73346,73233,,73233,1951,2.737,1,0
20151115,934,18,154,206,15,73056,73913,,73056,1774,2.489,1,0
20151115,934,18,813,206,16,73385,,,73385,2103,2.95,0,0
20151115,934,18,18,1,17,73425,,,73425,2143,3.006,0,0
20151115,934,18,834,204,18,76151,,,76151,4869,6.831,0,0
20151115,934,18,829,204,19,76283,,,76283,5001,7.016,0,0
20151115,934,18,4,1,20,,,,,,,0,0
20151129,935,24,3,130,1,101111,100979,100237,100237,0,0.0,1,1
20151129,935,24,1,130,2,100974,100758,100614,100614,377,0.376,1,1
20151129,935,24,8,6,3,102500,101612,101051,101051,814,0.812,1,1
20151129,935,24,815,10,4,101983,101560,101184,101184,947,0.945,1,1
20151129,935,24,817,9,5,102275,101830,101444,101444,1207,1.204,1,1
20151129,935,24,822,3,6,102608,101868,101656,101656,1419,1.416,1,1
20151129,935,24,808,10,7,101996,101925,101686,101686,1449,1.446,1,1
20151129,935,24,13,3,8,102303,102349,101759,101759,1522,1.518,1,1
20151129,935,24,826,9,9,102540,102328,101933,101933,1696,1.692,1,1
20151129,935,24,832,5,10,102911,102482,102708,102482,2245,2.24,1,1
20151129,935,24,830,5,11,102889,102521,,102521,2284,2.279,1,0
20151129,935,24,18,1,12,102570,102668,,102570,2333,2.327,1,0
20151129,935,24,813,206,13,102929,102807,,102807,2570,2.564,1,0
20151129,935,24,831,15,14,102896,103614,,102896,2659,2.653,1,0
20151129,935,24,154,206,15,102585,,,102585,2348,2.342,0,0
20151129,935,24,20,6,16,102941,,,102941,2704,2.698,0,0
20151129,935,24,4,1,17,103187,,,103187,2950,2.943,0,0
20151129,935,24,828,15,18,103838,,,103838,3601,3.592,0,0
20151129,935,24,829,207,19,106297,,,106297,6060,6.046,0,0
20151129,935,24,833,207,20,107434,,,107434,7197,7.18,0,0
20160320,936,1,1,130,1,85351,84605,83837,83837,0,0.0,1,1
20160320,936,1,3,130,2,86934,84796,84197,84197,360,0.429,1,1
20160320,936,1,20,6,3,86945,85257,84675,84675,838,1.0,1,1
20160320,936,1,8,6,4,86579,85615,85033,85033,1196,1.427,1,1
20160320,936,1,830,5,5,86934,85615,85434,85434,1597,1.905,1,1
20160320,936,1,13,3,6,85918,85644,85458,85458,1621,1.934,1,1
20160320,936,1,832,5,7,87057,85384,85582,85384,1547,1.845,1,1
20160320,936,1,817,9,8,86945,85599,85589,85589,1752,2.09,1,1
20160320,936,1,815,10,9,86607,85753,,85753,1916,2.285,1,0
20160320,936,1,808,10,10,86550,85865,,85865,2028,2.419,1,0
20160320,936,1,822,3,11,87135,85961,,85961,2124,2.533,1,0
20160320,936,1,4,1,12,86537,86125,,86125,2288,2.729,1,0
20160320,936,1,18,1,13,86740,86304,,86304,2467,2.943,1,0
20160320,936,1,835,4,14,87241,87601,,87241,3404,4.06,1,0
20160320,936,1,825,4,15,87297,87742,,87297,3460,4.127,1,0
20160320,936,1,828,15,16,87435,,,87435,3598,4.292,0,0
20160320,936,1,831,15,17,87958,,,87958,4121,4.915,0,0
20160320,936,1,826,9,18,88006,,,88006,4169,4.973,0,0
20160320,936,1,154,208,19,88322,,,88322,4485,5.35,0,0
20160320,936,1,821,208,20,89606,,,89606,5769,6.881,0,0
20160320,936,1,837,207,21,89627,,,89627,5790,6.906,0,0
20160320,936,1,836,207,22,89642,,,89642,5805,6.924,0,0
20160403,937,3,1,130,1,91391,90039,89493,89493,0,0.0,1,1
20160403,937,3,3,130,2,91325,90535,89570,89570,77,0.086,1,1
20160403,937,3,20,6,3,91636,90409,90012,90012,519,0.58,1,1
20160403,937,3,8,6,4,91685,90559,90244,90244,751,0.839,1,1
20160403,937,3,817,9,5,91403,91122,90854,90854,1361,1.521,1,1
20160403,937,3,822,3,6,91672,90931,91153,90931,1438,1.607,1,1
20160403,937,3,13,3,7,92045,91374,91155,91155,1662,1.857,1,1
20160403,937,3,808,10,8,91987,91604,91620,91604,2111,2.359,1,1
20160403,937,3,154,208,9,92005,91756,,91756,2263,2.529,1,0
20160403,937,3,830,5,10,91888,91772,,91772,2279,2.547,1,0
20160403,937,3,832,5,11,91716,91816,,91716,2223,2.484,1,0
20160403,937,3,838,1,12,92472,91934,,91934,2441,2.728,1,0
20160403,937,3,821,208,13,92118,91945,,91945,2452,2.74,1,0
20160403,937,3,18,1,14,91976,91998,,91976,2483,2.775,1,0
20160403,937,3,826,9,15,92559,92241,,92241,2748,3.071,1,0
20160403,937,3,836,207,16,92806,,,92806,3313,3.702,0,0
20160403,937,3,828,15,17,92840,,,92840,3347,3.74,0,0
20160403,937,3,815,10,18,92911,,,92911,3418,3.819,0,0
20160403,937,3,825,4,19,93181,,,93181,3688,4.121,0,0
20160403,937,3,835,4,20,93438,,,93438,3945,4.408,0,0
20160403,937,3,837,207,21,94190,,,94190,4697,5.248,0,0
20160403,937,3,831,15,22,94388,,,94388,4895,5.47,0,0
20160417,938,17,3,130,1,97669,96240,95402,95402,0,0.0,1,1
20160417,938,17,817,9,2,97672,96815,95917,95917,515,0.54,1,1
20160417,938,17,8,6,3,97347,96118,95972,95972,570,0.597,1,1
20160417,938,17,20,6,4,97001,96183,96246,96183,781,0.819,1,1
20160417,938,17,822,3,5,97537,96831,96296,96296,894,0.937,1,1
20160417,938,17,826,9,6,97719,96948,96399,96399,997,1.045,1,1
20160417,938,17,815,10,7,98096,97149,96865,96865,1463,1.534,1,1
20160417,938,17,832,5,8,97656,97204,96881,96881,1479,1.55,1,1
20160417,938,17,830,5,9,98181,97265,97194,97194,1792,1.878,1,1
20160417,938,17,808,10,10,98165,97333,,97333,1931,2.024,1,0
20160417,938,17,13,3,11,98016,97347,,97347,1945,2.039,1,0
20160417,938,17,4,1,12,98451,98826,,98451,3049,3.196,1,0
20160417,938,17,18,1,13,97593,99093,,97593,2191,2.297,1,0
20160417,938,17,154,208,14,98425,99830,,98425,3023,3.169,1,0
20160417,938,17,828,15,15,98321,100742,,98321,2919,3.06,1,0
20160417,938,17,831,15,16,98654,102430,,98654,3252,3.409,1,0
20160417,938,17,825,4,17,98673,,,98673,3271,3.429,0,0
20160417,938,17,821,208,18,98770,,,98770,3368,3.53,0,0
20160417,938,17,835,4,19,99528,,,99528,4126,4.325,0,0
20160417,938,17,837,207,20,100264,,,100264,4862,5.096,0,0
20160417,938,17,836,207,21,,,,,,,0,0
20160417,938,17,1,130,22,,,,,,,0,0
20160501,939,71,3,130,1,96119,95337,95417,95337,0,0.0,1,1
20160501,939,71,20,6,2,96555,96623,96123,96123,786,0.824,1,1
20160501,939,71,822,3,3,97746,97140,96536,96536,1199,1.258,1,1
20160501,939,71,8,6,4,96976,96741,96663,96663,1326,1.391,1,1
20160501,939,71,13,3,5,97753,97230,97016,97016,1679,1.761,1,1
20160501,939,71,817,9,6,98091,97569,97125,97125,1788,1.875,1,1
20160501,939,71,815,10,7,98006,97282,97212,97212,1875,1.967,1,1
20160501,939,71,826,9,8,98265,97606,97459,97459,2122,2.226,1,1
20160501,939,71,830,5,9,98123,97510,97583,97510,2173,2.279,1,1
20160501,939,71,1,130,10,96006,95820,,95820,483,0.507,1,0
20160501,939,71,832,5,11,97784,97652,,97652,2315,2.428,1,0
20160501,939,71,18,1,12,98332,97701,,97701,2364,2.48,1,0
20160501,939,71,808,10,13,98562,97771,,97771,2434,2.553,1,0
20160501,939,71,4,1,14,97971,97807,,97807,2470,2.591,1,0
20160501,939,71,154,208,15,98383,98055,,98055,2718,2.851,1,0
20160501,939,71,821,208,16,98678,98115,,98115,2778,2.914,1,0
20160501,939,71,825,4,17,98914,,,98914,3577,3.752,0,0
20160501,939,71,835,4,18,99009,,,99009,3672,3.852,0,0
20160501,939,71,831,15,19,99018,,,99018,3681,3.861,0,0
20160501,939,71,836,207,20,99399,,,99399,4062,4.261,0,0
20160501,939,71,837,207,21,99463,,,99463,4126,4.328,0,0
20160501,939,71,828,15,22,99519,,,99519,4182,4.387,0,0
20160515,940,4,1,130,1,83214,82159,82000,82000,0,0.0,1,1
20160515,940,4,3,130,2,83002,82759,82280,82280,280,0.341,1,1
20160515,940,4,817,9,3,83749,83585,82680,82680,680,0.829,1,1
20160515,940,4,830,9,4,83578,83178,83087,83087,1087,1.326,1,1
20160515,940,4,8,6,5,83796,83504,83113,83113,1113,1.357,1,1
20160515,940,4,20,6,6,84124,83688,83334,83334,1334,1.627,1,1
20160515,940,4,822,3,7,84251,84023,83522,83522,1522,1.856,1,1
20160515,940,4,832,5,8,84496,84077,83643,83643,1643,2.004,1,1
20160515,940,4,815,10,9,84698,84003,83782,83782,1782,2.173,1,1
20160515,940,4,4,1,10,84578,84192,83981,83981,1981,2.416,1,1
20160515,940,4,808,10,11,84463,84203,,84203,2203,2.687,1,0
20160515,940,4,18,1,12,84583,84348,,84348,2348,2.863,1,0
20160515,940,4,826,5,13,84696,84445,,84445,2445,2.982,1,0
20160515,940,4,154,208,14,84716,84480,,84480,2480,3.024,1,0
20160515,940,4,825,4,15,84669,84625,,84625,2625,3.201,1,0
20160515,940,4,821,208,16,84406,84778,,84406,2406,2.934,1,0
20160515,940,4,835,4,17,84903,,,84903,2903,3.54,0,0
20160515,940,4,13,3,18,84941,,,84941,2941,3.587,0,0
20160515,940,4,828,15,19,85202,,,85202,3202,3.905,0,0
20160515,940,4,831,15,20,85579,,,85579,3579,4.365,0,0
20160515,940,4,836,207,21,85745,,,85745,3745,4.567,0,0
20160515,940,4,837,207,22,85939,,,85939,3939,4.804,0,0
20160529,941,6,817,9,1,74912,74357,73622,73622,0,0.0,1,1
20160529,941,6,3,130,2,74873,74043,73791,73791,169,0.23,1,1
20160529,941,6,1,130,3,74826,74056,73942,73942,320,0.435,1,1
20160529,941,6,20,6,4,74610,74318,74552,74318,696,0.945,1,1
20160529,941,6,808,10,5,75333,74989,74726,74726,1104,1.5,1,1
20160529,941,6,8,6,6,75499,74789,74732,74732,1110,1.508,1,1
20160529,941,6,832,5,7,75467,74805,74749,74749,1127,1.531,1,1
20160529,941,6,815,10,8,75328,74937,74902,74902,1280,1.739,1,1
20160529,941,6,826,5,9,75384,74794,75273,74794,1172,1.592,1,1
20160529,941,6,4,1,10,75504,75107,75363,75107,1485,2.017,1,1
20160529,941,6,822,3,11,75521,75273,,75273,1651,2.243,1,0
20160529,941,6,821,208,12,75592,75293,,75293,1671,2.27,1,0
20160529,941,6,18,1,13,75554,75352,,75352,1730,2.35,1,0
20160529,941,6,13,3,14,75710,75385,,75385,1763,2.395,1,0
20160529,941,6,154,208,15,75465,75571,,75465,1843,2.503,1,0
20160529,941,6,825,4,16,76253,76058,,76058,2436,3.309,1,0
20160529,941,6,828,15,17,76299,,,76299,2677,3.636,0,0
20160529,941,6,835,4,18,76586,,,76586,2964,4.026,0,0
20160529,941,6,837,207,19,77295,,,77295,3673,4.989,0,0
20160529,941,6,836,207,20,77452,,,77452,3830,5.202,0,0
20160529,941,6,830,9,21,82467,,,82467,8845,12.014,0,0
20160529,941,6,831,15,22,,,,,,,0,0
20160612,942,7,1,130,1,74121,73076,72812,72812,0,0.0,1,1
20160612,942,7,3,130,2,73714,73094,72874,72874,62,0.085,1,1
20160612,942,7,20,6,3,73925,73857,72990,72990,178,0.244,1,1
20160612,942,7,817,9,4,74030,73540,73166,73166,354,0.486,1,1
20160612,942,7,830,9,5,74601,73793,73414,73414,602,0.827,1,1
20160612,942,7,8,6,6,74477,73849,73579,73579,767,1.053,1,1
20160612,942,7,822,3,7,74389,73791,73670,73670,858,1.178,1,1
20160612,942,7,13,3,8,74815,73864,73769,73769,957,1.314,1,1
20160612,942,7,808,10,9,74663,74166,73952,73952,1140,1.566,1,1
20160612,942,7,4,1,10,75026,74260,74338,74260,1448,1.989,1,1
20160612,942,7,815,10,11,74814,74317,,74317,1505,2.067,1,0
20160612,942,7,18,1,12,74755,74437,,74437,1625,2.232,1,0
20160612,942,7,826,5,13,74829,74457,,74457,1645,2.259,1,0
20160612,942,7,821,208,14,75148,74571,,74571,1759,2.416,1,0
20160612,942,7,154,208,15,75444,74803,,74803,1991,2.734,1,0
20160612,942,7,832,5,16,74714,81956,,74714,1902,2.612,1,0
20160612,942,7,835,4,17,75459,,,75459,2647,3.635,0,0
20160612,942,7,836,207,18,75599,,,75599,2787,3.828,0,0
20160612,942,7,828,15,19,75635,,,75635,2823,3.877,0,0
20160612,942,7,831,15,20,76663,,,76663,3851,5.289,0,0
20160612,942,7,837,207,21,77052,,,77052,4240,5.823,0,0
20160619,943,72,3,130,1,103685,102520,102758,102520,0,0.0,1,1
20160619,943,72,815,10,2,104462,103939,103515,103515,995,0.971,1,1
20160619,943,72,817,9,3,104570,104141,103966,103966,1446,1.41,1,1
20160619,943,72,20,6,4,105062,104461,103966,103966,1446,1.41,1,1
20160619,943,72,8,6,5,104936,104533,104269,104269,1749,1.706,1,1
20160619,943,72,13,3,6,105494,104696,104483,104483,1963,1.915,1,1
20160619,943,72,826,5,7,104694,104687,104717,104687,2167,2.114,1,1
20160619,943,72,822,3,8,104706,104477,105246,104477,1957,1.909,1,1
20160619,943,72,830,9,9,104939,104387,105570,104387,1867,1.821,1,1
20160619,943,72,1,130,10,104259,103526,121954,103526,1006,0.981,1,1
20160619,943,72,154,208,11,105507,104755,,104755,2235,2.18,1,0
20160619,943,72,808,10,12,104860,104824,,104824,2304,2.247,1,0
20160619,943,72,832,5,13,104827,105000,,104827,2307,2.25,1,0
20160619,943,72,4,1,14,105525,105270,,105270,2750,2.682,1,0
20160619,943,72,821,208,15,105300,105349,,105300,2780,2.712,1,0
20160619,943,72,831,15,16,105549,106048,,105549,3029,2.955,1,0
20160619,943,72,837,207,17,105665,,,105665,3145,3.068,0,0
20160619,943,72,836,207,18,105750,,,105750,3230,3.151,0,0
20160619,943,72,18,1,19,105804,,,105804,3284,3.203,0,0
20160619,943,72,828,15,20,106231,,,106231,3711,3.62,0,0
20160619,943,72,825,4,21,106348,,,106348,3828,3.734,0,0
20160619,943,72,835,4,22,106394,,,106394,3874,3.779,0,0
20160703,944,70,1,130,1,66947,66228,67922,66228,0,0.0,1,1
20160703,944,70,3,130,2,66516,66403,68465,66403,175,0.264,1,1
20160703,944,70,808,10,3,67385,67257,69285,67257,1029,1.554,1,1
20160703,944,70,20,6,4,66761,66602,69781,66602,374,0.565,1,1
20160703,944,70,18,1,5,67653,67572,69900,67572,1344,2.029,1,1
20160703,944,70,8,6,6,67240,66940,69901,66940,712,1.075,1,1
20160703,944,70,817,9,7,67500,66840,69980,66840,612,0.924,1,1
20160703,944,70,822,3,8,67148,66911,70440,66911,683,1.031,1,1
20160703,944,70,830,9,9,67131,66866,71153,66866,638,0.963,1,1
20160703,944,70,13,3,10,67419,67145,71977,67145,917,1.385,1,1
20160703,944,70,821,208,11,67660,67578,,67578,1350,2.038,1,0
20160703,944,70,836,207,12,67565,67700,,67565,1337,2.019,1,0
20160703,944,70,154,208,13,67662,67850,,67662,1434,2.165,1,0
20160703,944,70,4,1,14,67671,68154,,67671,1443,2.179,1,0
20160703,944,70,832,5,15,67618,,,67618,1390,2.099,0,0
20160703,944,70,815,10,16,67657,,,67657,1429,2.158,0,0
20160703,944,70,825,4,17,67941,,,67941,1713,2.587,0,0
20160703,944,70,835,4,18,67965,,,67965,1737,2.623,0,0
20160703,944,70,837,207,19,68026,,,68026,1798,2.715,0,0
20160703,944,70,826,5,20,68409,,,68409,2181,3.293,0,0
20160703,944,70,828,15,21,68418,,,68418,2190,3.307,0,0
20160703,944,70,831,15,22,68446,,,68446,2218,3.349,0,0
20160710,945,9,1,130,1,90739,89243,89287,89243,0,0.0,1,1
20160710,945,9,3,130,2,90724,89970,89606,89606,363,0.407,1,1
20160710,945,9,830,9,3,91305,90697,90313,90313,1070,1.199,1,1
20160710,945,9,817,9,4,91684,91319,90618,90618,1375,1.541,1,1
20160710,945,9,8,6,5,91326,91385,90881,90881,1638,1.835,1,1
20160710,945,9,20,6,6,91606,90711,91490,90711,1468,1.645,1,1
20160710,945,9,822,3,7,91913,91478,91557,91478,2235,2.504,1,1
20160710,945,9,832,5,8,92115,91708,91989,91708,2465,2.762,1,1
20160710,945,9,808,10,9,92349,91770,92172,91770,2527,2.832,1,1
20160710,945,9,4,1,10,92281,91740,92343,91740,2497,2.798,1,1
20160710,945,9,815,10,11,92336,91875,,91875,2632,2.949,1,0
20160710,945,9,13,3,12,92146,92002,,92002,2759,3.092,1,0
20160710,945,9,154,208,13,92283,92050,,92050,2807,3.145,1,0
20160710,945,9,821,208,14,92237,92241,,92237,2994,3.355,1,0
20160710,945,9,826,5,15,92553,92306,,92306,3063,3.432,1,0
20160710,945,9,825,4,16,92729,97060,,92729,3486,3.906,1,0
20160710,945,9,18,1,17,92788,,,92788,3545,3.972,0,0
20160710,945,9,835,4,18,92905,,,92905,3662,4.103,0,0
20160710,945,9,837,207,19,93098,,,93098,3855,4.32,0,0
20160710,945,9,836,207,20,93151,,,93151,3908,4.379,0,0
20160710,945,9,831,15,21,93544,,,93544,4301,4.819,0,0
20160724,946,11,3,130,1,93302,82806,79965,79965,0,0.0,1,1
20160724,946,11,1,130,2,94210,84836,80108,80108,143,0.179,1,1
20160724,946,11,817,9,3,99968,83234,80280,80280,315,0.394,1,1
20160724,946,11,830,9,4,100424,82660,80557,80557,592,0.74,1,1
20160724,946,11,20,6,5,95718,84082,80874,80874,909,1.137,1,1
20160724,946,11,832,5,6,96115,84734,81131,81131,1166,1.458,1,1
20160724,946,11,4,1,7,95165,83816,81211,81211,1246,1.558,1,1
20160724,946,11,18,1,8,97983,84456,81597,81597,1632,2.041,1,1
20160724,946,11,808,10,9,101471,83901,81823,81823,1858,2.324,1,1
20160724,946,11,822,3,10,102758,84506,82182,82182,2217,2.772,1,1
20160724,946,11,154,208,11,95906,84941,,84941,4976,6.223,1,0
20160724,946,11,826,5,12,96714,85301,,85301,5336,6.673,1,0
20160724,946,11,815,10,13,101411,85416,,85416,5451,6.817,1,0
20160724,946,11,8,6,14,96853,85435,,85435,5470,6.84,1,0
20160724,946,11,821,208,15,98959,86189,,86189,6224,7.783,1,0
20160724,946,11,831,15,16,97772,87063,,87063,7098,8.876,1,0
20160724,946,11,835,4,17,103965,,,103965,24000,30.013,0,0
20160724,946,11,13,3,18,103999,,,103999,24034,30.056,0,0
20160724,946,11,825,4,19,104543,,,104543,24578,30.736,0,0
20160724,946,11,828,15,20,106984,,,106984,27019,33.789,0,0
20160724,946,11,836,207,21,107343,,,107343,27378,34.237,0,0
20160724,946,11,837,207,22,110189,,,110189,30224,37.797,0,0
20160731,947,10,3,130,1,75485,74839,74363,74363,0,0.0,1,1
20160731,947,10,1,130,2,75243,74748,74470,74470,107,0.144,1,1
20160731,947,10,817,9,3,75591,75545,74726,74726,363,0.488,1,1
20160731,947,10,830,9,4,75875,75124,74834,74834,471,0.633,1,1
20160731,947,10,8,6,5,75752,75242,75142,75142,779,1.048,1,1
20160731,947,10,20,6,6,75927,75630,75315,75315,952,1.28,1,1
20160731,947,10,808,10,7,76301,75623,75510,75510,1147,1.542,1,1
20160731,947,10,822,3,8,75952,75490,75530,75490,1127,1.516,1,1
20160731,947,10,815,10,9,76169,75500,75537,75500,1137,1.529,1,1
20160731,947,10,13,3,10,76503,75699,75615,75615,1252,1.684,1,1
20160731,947,10,821,208,11,75987,75883,,75883,1520,2.044,1,0
20160731,947,10,18,1,12,76172,75909,,75909,1546,2.079,1,0
20160731,947,10,832,5,13,76317,75989,,75989,1626,2.187,1,0
20160731,947,10,4,1,14,76338,76041,,76041,1678,2.256,1,0
20160731,947,10,154,208,15,76328,76086,,76086,1723,2.317,1,0
20160731,947,10,835,4,16,76636,76665,,76636,2273,3.057,1,0
20160731,947,10,825,4,17,76716,,,76716,2353,3.164,0,0
20160731,947,10,836,207,18,76717,,,76717,2354,3.166,0,0
20160731,947,10,826,5,19,76876,,,76876,2513,3.379,0,0
20160731,947,10,837,207,20,76977,,,76977,2614,3.515,0,0
20160731,947,10,831,15,21,77123,,,77123,2760,3.712,0,0
20160731,947,10,828,15,22,77238,,,77238,2875,3.866,0,0
20160828,948,13,3,130,1,108019,106999,106744,106744,0,0.0,1,1
20160828,948,13,830,9,2,108407,107163,106893,106893,149,0.14,1,1
20160828,948,13,8,6,3,107912,107664,106910,106910,166,0.156,1,1
20160828,948,13,20,6,4,107802,107944,107108,107108,364,0.341,1,1
20160828,948,13,817,9,5,108407,108027,107216,107216,472,0.442,1,1
20160828,948,13,815,10,6,108106,107485,107407,107407,663,0.621,1,1
20160828,948,13,808,10,7,108080,107317,107543,107317,573,0.537,1,1
20160828,948,13,822,3,8,108655,107918,107612,107612,868,0.813,1,1
20160828,948,13,18,1,9,108700,108051,108114,108051,1307,1.224,1,1
20160828,948,13,13,3,10,107738,107667,108263,107667,923,0.865,1,1
20160828,948,13,154,208,11,108751,108316,,108316,1572,1.473,1,0
20160828,948,13,825,4,12,108800,108485,,108485,1741,1.631,1,0
20160828,948,13,821,208,13,108748,108598,,108598,1854,1.737,1,0
20160828,948,13,835,4,14,108901,108888,,108888,2144,2.009,1,0
20160828,948,13,832,5,15,108876,109038,,108876,2132,1.997,1,0
20160828,948,13,836,207,16,108554,109320,,108554,1810,1.696,1,0
20160828,948,13,831,15,17,108949,,,108949,2205,2.066,0,0
20160828,948,13,839,207,18,109050,,,109050,2306,2.16,0,0
20160828,948,13,826,5,19,109058,,,109058,2314,2.168,0,0
20160828,948,13,828,15,20,109071,,,109071,2327,2.18,0,0
20160828,948,13,1,130,21,110033,,,110033,3289,3.081,0,0
20160904,949,14,1,130,1,81854,81498,81135,81135,0,0.0,1,1
20160904,949,14,3,130,2,82497,81809,81613,81613,478,0.589,1,1
20160904,949,14,20,6,3,83077,82275,81972,81972,837,1.032,1,1
20160904,949,14,8,6,4,83217,82568,82065,82065,930,1.146,1,1
20160904,949,14,822,3,5,83264,82499,82388,82388,1253,1.544,1,1
20160904,949,14,817,9,6,83158,82638,82389,82389,1254,1.546,1,1
20160904,949,14,830,9,7,83229,82857,82411,82411,1276,1.573,1,1
20160904,949,14,815,10,8,83439,82922,82814,82814,1679,2.069,1,1
20160904,949,14,808,10,9,83259,82951,82836,82836,1701,2.097,1,1
20160904,949,14,821,208,10,83386,82856,83184,82856,1721,2.121,1,1
20160904,949,14,13,3,11,83489,82967,,82967,1832,2.258,1,0
20160904,949,14,154,208,12,83421,83092,,83092,1957,2.412,1,0
20160904,949,14,4,1,13,83783,83273,,83273,2138,2.635,1,0
20160904,949,14,836,207,14,83760,83315,,83315,2180,2.687,1,0
20160904,949,14,18,1,15,83666,83399,,83399,2264,2.79,1,0
20160904,949,14,832,5,16,83661,83496,,83496,2361,2.91,1,0
20160904,949,14,826,5,17,83825,,,83825,2690,3.315,0,0
20160904,949,14,831,15,18,83956,,,83956,2821,3.477,0,0
20160904,949,14,828,15,19,84087,,,84087,2952,3.638,0,0
20160904,949,14,835,4,20,84230,,,84230,3095,3.815,0,0
20160904,949,14,825,4,21,84436,,,84436,3301,4.069,0,0
20160918,950,15,3,130,1,105316,103020,102584,102584,0,0.0,1,1
20160918,950,15,817,9,2,104255,103933,103115,103115,531,0.518,1,1
20160918,950,15,1,130,3,105167,103471,103288,103288,704,0.686,1,1
20160918,950,15,830,9,4,105036,104112,103328,103328,744,0.725,1,1
20160918,950,15,8,6,5,104964,104159,103540,103540,956,0.932,1,1
20160918,950,15,832,5,6,105499,104493,104197,104197,1613,1.572,1,1
20160918,950,15,826,5,7,105291,104475,104469,104469,1885,1.838,1,1
20160918,950,15,808,10,8,106081,104737,104479,104479,1895,1.847,1,1
20160918,950,15,4,1,9,105373,104653,104553,104553,1969,1.919,1,1
20160918,950,15,815,10,10,105204,104703,104582,104582,1998,1.948,1,1
20160918,950,15,822,3,11,106086,104740,,104740,2156,2.102,1,0
20160918,950,15,13,3,12,106056,104991,,104991,2407,2.346,1,0
20160918,950,15,18,1,13,105262,105144,,105144,2560,2.496,1,0
20160918,950,15,821,208,14,105465,105593,,105465,2881,2.808,1,0
20160918,950,15,154,208,15,105609,105723,,105609,3025,2.949,1,0
20160918,950,15,828,15,16,106427,107827,,106427,3843,3.746,1,0
20160918,950,15,825,4,17,106825,,,106825,4241,4.134,0,0
20160918,950,15,831,15,18,106860,,,106860,4276,4.168,0,0
20160918,950,15,835,4,19,106960,,,106960,4376,4.266,0,0
20160918,950,15,836,207,20,107667,,,107667,5083,4.955,0,0
20160918,950,15,839,207,21,108296,,,108296,5712,5.568,0,0
20160918,950,15,20,6,22,109116,,,109116,6532,6.367,0,0
20161002,951,2,1,130,1,94444,93046,92850,92850,0,0.0,1,1
20161002,951,2,3,130,2,94460,93609,93264,93264,414,0.446,1,1
20161002,951,2,830,9,3,95443,93775,93420,93420,570,0.614,1,1
20161002,951,2,817,9,4,95079,93888,93467,93467,617,0.665,1,1
20161002,951,2,20,6,5,94557,93972,93584,93584,734,0.791,1,1
20161002,951,2,8,6,6,94556,93903,93632,93632,782,0.842,1,1
20161002,951,2,815,10,7,95068,94538,94319,94319,1469,1.582,1,1
20161002,951,2,808,10,8,94827,94441,94489,94441,1591,1.714,1,1
20161002,951,2,18,1,9,95267,94431,94518,94431,1581,1.703,1,1
20161002,951,2,13,3,10,95267,94422,94671,94422,1572,1.693,1,1
20161002,951,2,822,3,11,95166,94577,,94577,1727,1.86,1,0
20161002,951,2,154,208,12,95400,95001,,95001,2151,2.317,1,0
20161002,951,2,821,208,13,95658,95097,,95097,2247,2.42,1,0
20161002,951,2,825,4,14,95593,95277,,95277,2427,2.614,1,0
20161002,951,2,826,5,15,95695,95369,,95369,2519,2.713,1,0
20161002,951,2,832,5,16,95605,95374,,95374,2524,2.718,1,0
20161002,951,2,828,15,17,95816,,,95816,2966,3.194,0,0
20161002,951,2,831,15,18,95949,,,95949,3099,3.338,0,0
20161002,951,2,835,4,19,95999,,,95999,3149,3.391,0,0
20161002,951,2,839,207,20,96451,,,96451,3601,3.878,0,0
20161002,951,2,836,207,21,96587,,,96587,3737,4.025,0,0
20161002,951,2,4,1,22,97155,,,97155,4305,4.637,0,0
20161009,952,22,3,130,1,91858,90714,90647,90647,0,0.0,1,1
20161009,952,22,1,130,2,92218,91129,90660,90660,13,0.014,1,1
20161009,952,22,8,6,3,91674,91406,90949,90949,302,0.333,1,1
20161009,952,22,20,6,4,91659,91227,91028,91028,381,0.42,1,1
20161009,952,22,830,9,5,92487,91489,91178,91178,531,0.586,1,1
20161009,952,22,817,9,6,92538,91719,91240,91240,593,0.654,1,1
20161009,952,22,815,10,7,92682,92237,91961,91961,1314,1.45,1,1
20161009,952,22,154,208,8,92458,92176,91961,91961,1314,1.45,1,1
20161009,952,22,808,10,9,92448,92200,92142,92142,1495,1.649,1,1
20161009,952,22,821,208,10,92620,92155,92547,92155,1508,1.664,1,1
20161009,952,22,822,3,11,92383,92315,,92315,1668,1.84,1,0
20161009,952,22,13,3,12,92562,92380,,92380,1733,1.912,1,0
20161009,952,22,826,5,13,92645,92623,,92623,1976,2.18,1,0
20161009,952,22,832,5,14,92789,92685,,92685,2038,2.248,1,0
20161009,952,22,4,1,15,92819,92689,,92689,2042,2.253,1,0
20161009,952,22,835,4,16,92796,92807,,92796,2149,2.371,1,0
20161009,952,22,18,1,17,92851,,,92851,2204,2.431,0,0
20161009,952,22,825,4,18,93023,,,93023,2376,2.621,0,0
20161009,952,22,828,15,19,93222,,,93222,2575,2.841,0,0
20161009,952,22,831,15,20,93332,,,93332,2685,2.962,0,0
20161009,952,22,839,207,21,93353,,,93353,2706,2.985,0,0
20161009,952,22,836,207,22,93561,,,93561,2914,3.215,0,0
20161023,953,69,1,130,1,96296,96450,94999,94999,0,0.0,1,1
20161023,953,69,3,130,2,96397,96351,95215,95215,216,0.227,1,1
20161023,953,69,817,9,3,96759,96255,95509,95509,510,0.537,1,1
20161023,953,69,830,9,4,96613,96857,95747,95747,748,0.787,1,1
20161023,953,69,8,6,5,96985,96584,96131,96131,1132,1.192,1,1
20161023,953,69,20,6,6,97151,96462,96358,96358,1359,1.431,1,1
20161023,953,69,808,10,7,96950,96626,96628,96626,1627,1.713,1,1
20161023,953,69,822,3,8,97456,97202,97116,97116,2117,2.228,1,1
20161023,953,69,13,3,9,97402,97214,97269,97214,2215,2.332,1,1
20161023,953,69,832,5,10,97744,97175,97326,97175,2176,2.291,1,1
20161023,953,69,815,10,11,97345,97353,,97345,2346,2.469,1,0
20161023,953,69,4,1,12,97913,97417,,97417,2418,2.545,1,0
20161023,953,69,826,5,13,97844,97480,,97480,2481,2.612,1,0
20161023,953,69,821,208,14,98053,97773,,97773,2774,2.92,1,0
20161023,953,69,835,4,15,98084,97935,,97935,2936,3.091,1,0
20161023,953,69,828,15,16,98040,99356,,98040,3041,3.201,1,0
20161023,953,69,154,208,17,98308,,,98308,3309,3.483,0,0
20161023,953,69,825,4,18,98317,,,98317,3318,3.493,0,0
20161023,953,69,18,1,19,98327,,,98327,3328,3.503,0,0
20161023,953,69,836,207,20,98548,,,98548,3549,3.736,0,0
20161023,953,69,831,15,21,98583,,,98583,3584,3.773,0,0
20161023,953,69,839,207,22,98806,,,98806,3807,4.007,0,0
20161030,954,32,1,130,1,79447,79137,78704,78704,0,0.0,1,1
20161030,954,32,3,130,2,79996,79761,78958,78958,254,0.323,1,1
20161030,954,32,830,9,3,79874,78972,79054,78972,268,0.341,1,1
20161030,954,32,817,9,4,79713,79553,79133,79133,429,0.545,1,1
20161030,954,32,808,10,5,80599,79769,79330,79330,626,0.795,1,1
20161030,954,32,8,6,6,79554,79936,79376,79376,672,0.854,1,1
20161030,954,32,20,6,7,79865,79385,79381,79381,677,0.86,1,1
20161030,954,32,822,3,8,80338,79958,79551,79551,847,1.076,1,1
20161030,954,32,13,3,9,80423,80151,80032,80032,1328,1.687,1,1
20161030,954,32,832,5,10,80457,80169,80378,80169,1465,1.861,1,1
20161030,954,32,4,1,11,80552,80282,,80282,1578,2.005,1,0
20161030,954,32,815,10,12,80308,80287,,80287,1583,2.011,1,0
20161030,954,32,18,1,13,81333,80673,,80673,1969,2.502,1,0
20161030,954,32,825,4,14,81254,81131,,81131,2427,3.084,1,0
20161030,954,32,828,15,15,81062,81536,,81062,2358,2.996,1,0
20161030,954,32,836,207,16,81363,81785,,81363,2659,3.378,1,0
20161030,954,32,821,208,17,81401,,,81401,2697,3.427,0,0
20161030,954,32,826,5,18,81454,,,81454,2750,3.494,0,0
20161030,954,32,831,15,19,81692,,,81692,2988,3.797,0,0
20161030,954,32,839,207,20,81881,,,81881,3177,4.037,0,0
20161030,954,32,154,208,21,81916,,,81916,3212,4.081,0,0
20161113,955,18,1,130,1,71511,71238,70736,70736,0,0.0,1,1
20161113,955,18,3,130,2,71815,71373,70838,70838,102,0.144,1,1
20161113,955,18,8,6,3,72100,72301,71404,71404,668,0.944,1,1
20161113,955,18,830,9,4,71957,71834,71485,71485,749,1.059,1,1
20161113,955,18,20,6,5,72159,72010,71495,71495,759,1.073,1,1
20161113,955,18,817,9,6,72409,72047,71540,71540,804,1.137,1,1
20161113,955,18,154,208,7,72893,72343,71937,71937,1201,1.698,1,1
20161113,955,18,808,10,8,72428,72360,72104,72104,1368,1.934,1,1
20161113,955,18,815,10,9,72684,72331,72165,72165,1429,2.02,1,1
20161113,955,18,4,1,10,72700,72312,72266,72266,1530,2.163,1,1
20161113,955,18,822,3,11,72680,72420,,72420,1684,2.381,1,0
20161113,955,18,821,208,12,73052,72431,,72431,1695,2.396,1,0
20161113,955,18,13,3,13,72432,72521,,72432,1696,2.398,1,0
20161113,955,18,826,5,14,73071,72726,,72726,1990,2.813,1,0
20161113,955,18,832,5,15,72950,72920,,72920,2184,3.088,1,0
20161113,955,18,835,4,16,73259,73258,,73258,2522,3.565,1,0
20161113,955,18,18,1,17,73276,,,73276,2540,3.591,0,0
20161113,955,18,825,4,18,73410,,,73410,2674,3.78,0,0
20161113,955,18,836,207,19,73427,,,73427,2691,3.804,0,0
20161113,955,18,839,207,20,73432,,,73432,2696,3.811,0,0
20161113,955,18,828,15,21,73623,,,73623,2887,4.081,0,0
20161113,955,18,831,15,22,73681,,,73681,2945,4.163,0,0
20161127,956,24,1,130,1,99487,99382,98755,98755,0,0.0,1,1
20161127,956,24,3,130,2,100511,99490,99058,99058,303,0.307,1,1
20161127,956,24,817,9,3,101002,100429,99589,99589,834,0.845,1,1
20161127,956,24,8,6,4,100338,99629,99604,99604,849,0.86,1,1
20161127,956,24,20,6,5,100341,100034,99661,99661,906,0.917,1,1
20161127,956,24,830,9,6,100424,99903,99818,99818,1063,1.076,1,1
20161127,956,24,808,10,7,101000,100709,100501,100501,1746,1.768,1,1
20161127,956,24,815,10,8,100864,100743,100519,100519,1764,1.786,1,1
20161127,956,24,4,1,9,101616,101044,101106,101044,2289,2.318,1,1
20161127,956,24,13,3,10,101157,100858,101213,100858,2103,2.13,1,1
20161127,956,24,822,3,11,101192,101084,,101084,2329,2.358,1,0
20161127,956,24,18,1,12,101158,101272,,101158,2403,2.433,1,0
20161127,956,24,821,208,13,101639,101480,,101480,2725,2.759,1,0
20161127,956,24,154,208,14,101467,101564,,101467,2712,2.746,1,0
20161127,956,24,835,4,15,101775,101820,,101775,3020,3.058,1,0
20161127,956,24,836,207,16,101886,101995,,101886,3131,3.17,1,0
20161127,956,24,826,5,17,102003,,,102003,3248,3.289,0,0
20161127,956,24,825,4,18,102142,,,102142,3387,3.43,0,0
20161127,956,24,831,15,19,102247,,,102247,3492,3.536,0,0
20161127,956,24,839,207,20,102286,,,102286,3531,3.576,0,0
20161127,956,24,832,5,21,102393,,,102393,3638,3.684,0,0
20161127,956,24,828,15,22,102637,,,102637,3882,3.931,0,0
20170326,957,1,1,130,1,84191,83251,82188,82188,0,0.0,1,1
20170326,957,1,20,6,2,85210,83401,82456,82456,268,0.326,1,1
20170326,957,1,822,130,3,84514,83215,82481,82481,293,0.356,1,1
20170326,957,1,8,6,4,84352,83376,83033,83033,845,1.028,1,1
20170326,957,1,830,9,5,84482,84092,83485,83485,1297,1.578,1,1
20170326,957,1,154,208,6,85419,84718,84074,84074,1886,2.295,1,1
20170326,957,1,13,3,7,85099,84597,84443,84443,2255,2.744,1,1
20170326,957,1,832,5,8,85542,84997,84487,84487,2299,2.797,1,1
20170326,957,1,826,5,9,85970,84864,84512,84512,2324,2.828,1,1
20170326,957,1,817,9,10,85383,83989,,83989,1801,2.191,1,0
20170326,957,1,815,10,11,85064,85081,,85064,2876,3.499,1,0
20170326,957,1,808,4,12,84975,85091,,84975,2787,3.391,1,0
20170326,957,1,4,1,13,85872,85425,,85425,3237,3.939,1,0
20170326,957,1,839,10,14,86009,85568,,85568,3380,4.113,1,0
20170326,957,1,828,15,15,86236,86465,,86236,4048,4.925,1,0
20170326,957,1,841,15,16,86419,,,86419,4231,5.148,0,0
20170326,957,1,825,208,17,86847,,,86847,4659,5.669,0,0
20170326,957,1,838,1,18,86858,,,86858,4670,5.682,0,0
20170326,957,1,840,3,19,87143,,,87143,4955,6.029,0,0
20170326,957,1,835,4,20,88244,,,88244,6056,7.368,0,0
20170409,958,17,1,130,1,93333,92406,91678,91678,0,0.0,1,1
20170409,958,17,20,6,2,93078,92391,91864,91864,186,0.203,1,1
20170409,958,17,822,130,3,93684,92552,91865,91865,187,0.204,1,1
20170409,958,17,8,6,4,93341,92181,92140,92140,462,0.504,1,1
20170409,958,17,817,9,5,94041,93546,93033,93033,1355,1.478,1,1
20170409,958,17,13,3,6,94205,93759,93507,93507,1829,1.995,1,1
20170409,958,17,808,4,7,94453,93636,93580,93580,1902,2.075,1,1
20170409,958,17,815,10,8,94657,93920,93706,93706,2028,2.212,1,1
20170409,958,17,826,5,9,94440,94034,93719,93719,2041,2.226,1,1
20170409,958,17,840,3,10,93986,94090,94220,93986,2308,2.518,1,1
20170409,958,17,832,5,11,94567,94150,,94150,2472,2.696,1,0
20170409,958,17,825,208,12,94942,94164,,94164,2486,2.712,1,0
20170409,958,17,4,1,13,94499,94372,,94372,2694,2.939,1,0
20170409,958,17,828,15,14,94892,95046,,94892,3214,3.506,1,0
20170409,958,17,841,15,15,94963,,,94963,3285,3.583,0,0
20170409,958,17,838,1,16,95023,,,95023,3345,3.649,0,0
20170409,958,17,154,208,17,95223,,,95223,3545,3.867,0,0
20170409,958,17,835,4,18,95279,,,95279,3601,3.928,0,0
20170409,958,17,830,9,19,95433,,,95433,3755,4.096,0,0
20170409,958,17,839,10,20,95496,,,95496,3818,4.165,0,0
20170416,959,3,822,130,1,91041,89555,88769,88769,0,0.0,1,1
20170416,959,3,1,130,2,90814,89535,88792,88792,23,0.026,1,1
20170416,959,3,20,6,3,91037,89596,89247,89247,478,0.538,1,1
20170416,959,3,817,9,4,91667,90497,89545,89545,776,0.874,1,1
20170416,959,3,8,6,5,90988,89843,89567,89567,798,0.899,1,1
20170416,959,3,830,9,6,90904,90307,89687,89687,918,1.034,1,1
20170416,959,3,808,4,7,91057,90169,89842,89842,1073,1.209,1,1
20170416,959,3,13,3,8,91373,90677,90074,90074,1305,1.47,1,1
20170416,959,3,154,208,9,91691,90857,90763,90763,1994,2.246,1,1
20170416,959,3,835,4,10,91458,90899,91074,90899,2130,2.399,1,1
20170416,959,3,826,5,11,91531,90923,,90923,2154,2.427,1,0
20170416,959,3,840,3,12,91748,91168,,91168,2399,2.703,1,0
20170416,959,3,836,15,13,91995,91414,,91414,2645,2.98,1,0
20170416,959,3,839,10,14,91774,91684,,91684,2915,3.284,1,0
20170416,959,3,4,1,15,92054,,,92054,3285,3.701,0,0
20170416,959,3,832,5,16,92118,,,92118,3349,3.773,0,0
20170416,959,3,838,1,17,92313,,,92313,3544,3.992,0,0
20170416,959,3,815,10,18,92318,,,92318,3549,3.998,0,0
20170416,959,3,828,15,19,92543,,,92543,3774,4.251,0,0
20170416,959,3,825,208,20,92900,,,92900,4131,4.654,0,0
20170430,960,71,20,6,1,94493,94038,93194,93194,0,0.0,1,1
20170430,960,71,8,6,2,94953,93663,93253,93253,59,0.063,1,1
20170430,960,71,822,130,3,94041,93264,93289,93264,70,0.075,1,1
20170430,960,71,1,130,4,94409,93760,93767,93760,566,0.607,1,1
20170430,960,71,817,9,5,95560,95483,94905,94905,1711,1.836,1,1
20170430,960,71,13,3,6,95828,95049,95110,95049,1855,1.99,1,1
20170430,960,71,830,9,7,95301,95221,95161,95161,1967,2.111,1,1
20170430,960,71,808,4,8,95507,95328,95285,95285,2091,2.244,1,1
20170430,960,71,815,10,9,96185,95513,95337,95337,2143,2.3,1,1
20170430,960,71,839,10,10,95372,95729,95430,95372,2178,2.337,1,1
20170430,960,71,832,5,11,95827,95948,,95827,2633,2.825,1,0
20170430,960,71,840,3,12,96279,95964,,95964,2770,2.972,1,0
20170430,960,71,826,5,13,95984,95968,,95968,2774,2.977,1,0
20170430,960,71,825,208,14,96408,96017,,96017,2823,3.029,1,0
20170430,960,71,4,1,15,96353,96660,,96353,3159,3.39,1,0
20170430,960,71,835,4,16,96462,,,96462,3268,3.507,0,0
20170430,960,71,838,1,17,97070,,,97070,3876,4.159,0,0
20170430,960,71,836,15,18,97332,,,97332,4138,4.44,0,0
20170430,960,71,828,15,19,97507,,,97507,4313,4.628,0,0
20170430,960,71,154,208,20,97620,,,97620,4426,4.749,0,0
20170514,961,4,1,130,1,80511,80210,79149,79149,0,0.0,1,1
20170514,961,4,20,6,2,80939,80295,79200,79200,51,0.064,1,1
20170514,961,4,822,130,3,80991,80300,79373,79373,224,0.283,1,1
20170514,961,4,8,6,4,80742,80621,79439,79439,290,0.366,1,1
20170514,961,4,830,9,5,81430,80722,79706,79706,557,0.704,1,1
20170514,961,4,817,9,6,81704,80855,80175,80175,1026,1.296,1,1
20170514,961,4,4,1,7,82015,81251,81048,81048,1899,2.399,1,1
20170514,961,4,815,10,8,81998,81239,81070,81070,1921,2.427,1,1
20170514,961,4,13,3,9,82138,81222,81232,81222,2073,2.619,1,1
20170514,961,4,839,10,10,81901,81148,81272,81148,1999,2.526,1,1
20170514,961,4,825,208,11,81945,81329,,81329,2180,2.754,1,0
20170514,961,4,832,5,12,81941,81371,,81371,2222,2.807,1,0
20170514,961,4,808,4,13,82091,81397,,81397,2248,2.84,1,0
20170514,961,4,154,208,14,81822,81517,,81517,2368,2.992,1,0
20170514,961,4,836,15,15,82327,81803,,81803,2654,3.353,1,0
20170514,961,4,828,15,16,82332,,,82332,3183,4.022,0,0
20170514,961,4,835,4,17,82401,,,82401,3252,4.109,0,0
20170514,961,4,840,3,18,82411,,,82411,3262,4.121,0,0
20170514,961,4,838,1,19,82532,,,82532,3383,4.274,0,0
20170514,961,4,826,5,20,82746,,,82746,3597,4.545,0,0
20170528,962,6,8,6,1,73117,72231,72178,72178,0,0.0,1,1
20170528,962,6,20,6,2,73090,72449,72221,72221,43,0.06,1,1
20170528,962,6,822,130,3,73325,72901,72223,72223,45,0.062,1,1
20170528,962,6,830,9,4,73078,72697,72496,72496,318,0.441,1,1
20170528,962,6,817,9,5,73219,73011,72998,72998,820,1.136,1,1
20170528,962,6,832,5,6,73526,73397,73162,73162,984,1.363,1,1
20170528,962,6,815,10,7,73530,73430,73329,73329,1151,1.595,1,1
20170528,962,6,154,208,8,73786,73203,73349,73203,1025,1.42,1,1
20170528,962,6,18,1,9,73723,73453,73613,73453,1275,1.766,1,1
20170528,962,6,838,1,10,73476,73249,,73249,1071,1.484,1,0
20170528,962,6,826,5,11,73899,73516,,73516,1338,1.854,1,0
20170528,962,6,808,4,12,73787,73628,,73628,1450,2.009,1,0
20170528,962,6,825,208,13,73531,73959,,73531,1353,1.875,1,0
20170528,962,6,1,130,14,73640,74106,,73640,1462,2.026,1,0
20170528,962,6,13,3,15,73796,80529,,73796,1618,2.242,1,0
20170528,962,6,839,10,16,74101,,,74101,1923,2.664,0,0
20170528,962,6,835,4,17,74696,,,74696,2518,3.489,0,0
20170528,962,6,840,3,18,74893,,,74893,2715,3.762,0,0
20170528,962,6,836,15,19,75159,,,75159,2981,4.13,0,0
20170528,962,6,828,15,20,75276,,,75276,3098,4.292,0,0
20170611,963,7,1,130,1,72692,72496,71459,71459,0,0.0,1,1
20170611,963,7,20,6,2,73046,72749,71789,71789,330,0.462,1,1
20170611,963,7,822,130,3,72685,72563,72177,72177,718,1.005,1,1
20170611,963,7,8,6,4,73548,72580,72252,72252,793,1.11,1,1
20170611,963,7,830,9,5,73177,72751,72403,72403,944,1.321,1,1
20170611,963,7,817,9,6,73543,72810,72557,72557,1098,1.537,1,1
20170611,963,7,13,3,7,73435,73012,72858,72858,1399,1.958,1,1
20170611,963,7,815,10,8,73470,73262,73018,73018,1559,2.182,1,1
20170611,963,7,839,10,9,73520,73320,73135,73135,1676,2.345,1,1
20170611,963,7,808,4,10,73804,73406,73271,73271,1812,2.536,1,1
20170611,963,7,826,5,11,73802,73690,,73690,2231,3.122,1,0
20170611,963,7,4,1,12,73669,73693,,73669,2210,3.093,1,0
20170611,963,7,832,5,13,74051,73756,,73756,2297,3.214,1,0
20170611,963,7,154,208,14,73780,73839,,73780,2321,3.248,1,0
20170611,963,7,835,4,15,73990,74293,,73990,2531,3.542,1,0
20170611,963,7,838,1,16,74182,,,74182,2723,3.811,0,0
20170611,963,7,840,3,17,74209,,,74209,2750,3.848,0,0
20170611,963,7,825,208,18,74318,,,74318,2859,4.001,0,0
20170611,963,7,828,15,19,74495,,,74495,3036,4.249,0,0
20170611,963,7,836,15,20,74810,,,74810,3351,4.689,0,0
20170625,964,72,1,130,1,101983,101275,100593,100593,0,0.0,1,1
20170625,964,72,822,130,2,103026,101502,101027,101027,434,0.431,1,1
20170625,964,72,8,6,3,102678,102090,101693,101693,1100,1.094,1,1
20170625,964,72,20,6,4,102952,101911,101841,101841,1248,1.241,1,1
20170625,964,72,830,9,5,102544,101961,101879,101879,1286,1.278,1,1
20170625,964,72,815,10,6,103162,102467,102111,102111,1518,1.509,1,1
20170625,964,72,839,10,7,103051,102751,102186,102186,1593,1.584,1,1
20170625,964,72,840,3,8,103613,102284,102753,102284,1691,1.681,1,1
20170625,964,72,13,3,9,103165,102735,102798,102735,2142,2.129,1,1
20170625,964,72,817,9,10,102857,102215,103414,102215,1622,1.612,1,1
20170625,964,72,826,5,11,102927,103186,,102927,2334,2.32,1,0
20170625,964,72,832,5,12,103489,103347,,103347,2754,2.738,1,0
20170625,964,72,825,208,13,104029,103796,,103796,3203,3.184,1,0
20170625,964,72,808,4,14,103930,104267,,103930,3337,3.317,1,0
20170625,964,72,836,15,15,104317,104603,,104317,3724,3.702,1,0
20170625,964,72,4,1,16,104334,,,104334,3741,3.719,0,0
20170625,964,72,154,208,17,104468,,,104468,3875,3.852,0,0
20170625,964,72,828,15,18,104795,,,104795,4202,4.177,0,0
20170625,964,72,838,1,19,105030,,,105030,4437,4.411,0,0
20030601,704,6,18,16,20,,,,,,,0,0
20170709,965,70,822,130,1,65760,64316,64251,64251,0,0.0,1,1
20170709,965,70,20,6,2,65585,64772,64293,64293,42,0.065,1,1
20170709,965,70,1,130,3,65064,64800,64424,64424,173,0.269,1,1
20170709,965,70,8,6,4,65148,65004,64779,64779,528,0.822,1,1
20170709,965,70,817,9,5,65854,65161,64896,64896,645,1.004,1,1
20170709,965,70,830,9,6,65779,64948,64983,64948,697,1.085,1,1
20170709,965,70,154,208,7,65902,65319,65480,65319,1068,1.662,1,1
20170709,965,70,815,10,8,65975,65435,65605,65435,1184,1.843,1,1
20170709,965,70,839,10,9,66033,65550,65674,65550,1299,2.022,1,1
20170709,965,70,832,5,10,65675,65544,65726,65544,1293,2.012,1,1
20170709,965,70,808,4,11,66174,65597,,65597,1346,2.095,1,0
20170709,965,70,4,1,12,66158,65602,,65602,1351,2.103,1,0
20170709,965,70,838,1,13,66316,65741,,65741,1490,2.319,1,0
20170709,965,70,826,5,14,65990,65884,,65884,1633,2.542,1,0
20170709,965,70,825,208,15,66143,,,66143,1892,2.945,0,0
20170709,965,70,835,4,16,66345,,,66345,2094,3.259,0,0
20170709,965,70,13,3,17,66534,,,66534,2283,3.553,0,0
20170709,965,70,840,3,18,66608,,,66608,2357,3.668,0,0
20170709,965,70,828,15,19,66857,,,66857,2606,4.056,0,0
20170709,965,70,836,15,20,67011,,,67011,2760,4.296,0,0
20170716,966,9,1,130,1,99069,87893,86600,86600,0,0.0,1,1
20170716,966,9,8,6,2,100455,88992,87147,87147,547,0.632,1,1
20170716,966,9,20,6,3,99962,88978,87356,87356,756,0.873,1,1
20170716,966,9,822,130,4,99698,88732,87376,87376,776,0.896,1,1
20170716,966,9,830,9,5,98912,89431,88130,88130,1530,1.767,1,1
20170716,966,9,808,4,6,99201,89340,88856,88856,2256,2.605,1,1
20170716,966,9,815,10,7,102009,89824,88902,88902,2302,2.658,1,1
20170716,966,9,839,10,8,99738,89701,89074,89074,2474,2.857,1,1
20170716,966,9,838,1,9,100011,90105,89418,89418,2818,3.254,1,1
20170716,966,9,154,208,10,102042,89966,89549,89549,2949,3.405,1,1
20170716,966,9,835,4,11,101404,90193,,90193,3593,4.149,1,0
20170716,966,9,826,5,12,101726,90355,,90355,3755,4.336,1,0
20170716,966,9,4,1,13,97598,90600,,90600,4000,4.619,1,0
20170716,966,9,832,5,14,101114,91368,,91368,4768,5.506,1,0
20170716,966,9,13,3,15,101874,91482,,91482,4882,5.637,1,0
20170716,966,9,840,3,16,102573,,,102573,15973,18.445,0,0
20170716,966,9,825,208,17,102577,,,102577,15977,18.449,0,0
20170716,966,9,836,15,18,102593,,,102593,15993,18.468,0,0
20170716,966,9,828,15,19,102633,,,102633,16033,18.514,0,0
20170716,966,9,817,9,20,102966,,,102966,16366,18.898,0,0
20170730,967,11,20,6,1,77244,76802,76276,76276,0,0.0,1,1
20170730,967,11,8,6,2,77364,77207,76444,76444,168,0.22,1,1
20170730,967,11,822,130,3,78058,77362,76530,76530,254,0.333,1,1
20170730,967,11,1,130,4,77492,76693,76707,76693,417,0.547,1,1
20170730,967,11,830,9,5,77266,77028,76797,76797,521,0.683,1,1
20170730,967,11,817,9,6,77702,77698,76818,76818,542,0.711,1,1
20170730,967,11,808,4,7,78137,77655,77468,77468,1192,1.563,1,1
20170730,967,11,4,1,8,78395,77919,77549,77549,1273,1.669,1,1
20170730,967,11,838,1,9,78479,78000,77894,77894,1618,2.121,1,1
20170730,967,11,832,5,10,78948,78311,78912,78311,2035,2.668,1,1
20170730,967,11,835,4,11,78699,78415,,78415,2139,2.804,1,0
20170730,967,11,839,10,12,78843,78495,,78495,2219,2.909,1,0
20170730,967,11,826,5,13,78702,78538,,78538,2262,2.966,1,0
20170730,967,11,815,10,14,79095,78639,,78639,2363,3.098,1,0
20170730,967,11,154,208,15,79085,78771,,78771,2495,3.271,1,0
20170730,967,11,825,208,16,79095,,,79095,2819,3.696,0,0
20170730,967,11,840,3,17,79102,,,79102,2826,3.705,0,0
20170730,967,11,836,15,18,79839,,,79839,3563,4.671,0,0
20170730,967,11,814,3,19,79868,,,79868,3592,4.709,0,0
20170730,967,11,828,15,20,79972,,,79972,3696,4.846,0,0
20170827,968,13,1,130,1,104184,102927,102553,102553,0,0.0,1,1
20170827,968,13,20,6,2,104275,103987,102795,102795,242,0.236,1,1
20170827,968,13,822,130,3,104773,103249,103094,103094,541,0.528,1,1
20170827,968,13,8,6,4,104729,103700,103270,103270,717,0.699,1,1
20170827,968,13,830,9,5,104535,103940,103380,103380,827,0.806,1,1
20170827,968,13,817,9,6,105114,104224,103863,103863,1310,1.277,1,1
20170827,968,13,808,4,7,105280,104988,104982,104982,2429,2.369,1,1
20170827,968,13,815,10,8,105591,104894,105244,104894,2341,2.283,1,1
20170827,968,13,839,10,9,105277,105006,105369,105006,2453,2.392,1,1
20170827,968,13,835,4,10,105447,104685,,104685,2132,2.079,1,0
20170827,968,13,4,1,11,105668,105090,,105090,2537,2.474,1,0
20170827,968,13,154,208,12,105728,105133,,105133,2580,2.516,1,0
20170827,968,13,825,208,13,105535,105400,,105400,2847,2.776,1,0
20170827,968,13,832,5,14,105374,105439,,105374,2821,2.751,1,0
20170827,968,13,838,1,15,105441,,,105441,2888,2.816,0,0
20170827,968,13,13,3,16,105823,,,105823,3270,3.189,0,0
20170827,968,13,826,5,17,106028,,,106028,3475,3.388,0,0
20170827,968,13,840,3,18,106915,,,106915,4362,4.253,0,0
20170827,968,13,828,15,19,107214,,,107214,4661,4.545,0,0
20170827,968,13,836,15,20,107679,,,107679,5126,4.998,0,0
20170903,969,14,1,130,1,96009,94660,95554,94660,0,0.0,1,1
20170903,969,14,830,9,2,97344,96113,96702,96113,1453,1.535,1,1
20170903,969,14,817,9,3,98304,97313,96841,96841,2181,2.304,1,1
20170903,969,14,840,3,4,97653,97002,97032,97002,2342,2.474,1,1
20170903,969,14,839,10,5,98775,97580,97719,97580,2920,3.085,1,1
20170903,969,14,822,130,6,95716,95396,97833,95396,736,0.778,1,1
20170903,969,14,8,6,7,98235,97031,97987,97031,2371,2.505,1,1
20170903,969,14,20,6,8,97198,96223,98064,96223,1563,1.651,1,1
20170903,969,14,13,3,9,98338,97456,98251,97456,2796,2.954,1,1
20170903,969,14,838,1,10,98767,97471,99157,97471,2811,2.97,1,1
20170903,969,14,815,10,11,98511,97582,,97582,2922,3.087,1,0
20170903,969,14,808,4,12,99242,98059,,98059,3399,3.591,1,0
20170903,969,14,4,1,13,99134,98202,,98202,3542,3.742,1,0
20170903,969,14,826,5,14,99183,98245,,98245,3585,3.787,1,0
20170903,969,14,832,5,15,99788,98526,,98526,3866,4.084,1,0
20170903,969,14,825,208,16,100489,,,100489,5829,6.158,0,0
20170903,969,14,835,4,17,100646,,,100646,5986,6.324,0,0
20170903,969,14,828,15,18,101732,,,101732,7072,7.471,0,0
20170903,969,14,836,15,19,101875,,,101875,7215,7.622,0,0
20170903,969,14,154,208,20,103355,,,103355,8695,9.186,0,0
20170917,970,15,20,6,1,103336,100529,99491,99491,0,0.0,1,1
20170917,970,15,830,9,2,102010,100332,99814,99814,323,0.325,1,1
20170917,970,15,817,9,3,102063,100385,99840,99840,349,0.351,1,1
20170917,970,15,8,6,4,103328,100525,100069,100069,578,0.581,1,1
20170917,970,15,1,130,5,102455,100577,100126,100126,635,0.638,1,1
20170917,970,15,822,130,6,103137,101409,100810,100810,1319,1.326,1,1
20170917,970,15,808,4,7,102586,101277,101013,101013,1522,1.53,1,1
20170917,970,15,4,1,8,102086,101442,101179,101179,1688,1.697,1,1
20170917,970,15,838,1,9,102222,101227,101398,101227,1736,1.745,1,1
20170917,970,15,832,5,10,102176,101826,102056,101826,2335,2.347,1,1
20170917,970,15,835,4,11,102472,102107,,102107,2616,2.629,1,0
20170917,970,15,815,10,12,103594,102246,,102246,2755,2.769,1,0
20170917,970,15,826,5,13,102544,102338,,102338,2847,2.862,1,0
20170917,970,15,839,10,14,103626,102760,,102760,3269,3.286,1,0
20170917,970,15,154,208,15,103627,103883,,103627,4136,4.157,1,0
20170917,970,15,825,208,16,103756,,,103756,4265,4.287,0,0
20170917,970,15,13,3,17,104014,,,104014,4523,4.546,0,0
20170917,970,15,840,3,18,104728,,,104728,5237,5.264,0,0
20170917,970,15,836,15,19,105059,,,105059,5568,5.596,0,0
20170917,970,15,828,15,20,105570,,,105570,6079,6.11,0,0
20171001,971,2,1,130,1,91605,90977,90076,90076,0,0.0,1,1
20171001,971,2,8,6,2,92259,90926,90121,90121,45,0.05,1,1
20171001,971,2,830,9,3,91920,90931,90541,90541,465,0.516,1,1
20171001,971,2,817,9,4,92416,91061,90595,90595,519,0.576,1,1
20171001,971,2,20,6,20,,,,,,,0,0
20171001,971,2,839,10,6,92527,91651,91478,91478,1402,1.556,1,1
20171001,971,2,838,1,7,92838,91848,91582,91582,1506,1.672,1,1
20171001,971,2,808,4,8,92586,91778,91607,91607,1531,1.7,1,1
20171001,971,2,815,10,9,92768,91484,91658,91484,1408,1.563,1,1
20171001,971,2,4,1,10,93049,92010,91704,91704,1628,1.807,1,1
20171001,971,2,13,3,11,92267,92034,,92034,1958,2.174,1,0
20171001,971,2,835,4,12,92576,92100,,92100,2024,2.247,1,0
20171001,971,2,840,3,13,93000,92307,,92307,2231,2.477,1,0
20171001,971,2,832,5,14,92650,92402,,92402,2326,2.582,1,0
20171001,971,2,453,5,15,92547,92558,,92547,2471,2.743,1,0
20171001,971,2,154,208,16,93308,,,93308,3232,3.588,0,0
20171001,971,2,825,208,17,93434,,,93434,3358,3.728,0,0
20171001,971,2,836,15,18,93483,,,93483,3407,3.782,0,0
20171001,971,2,828,15,19,93970,,,93970,3894,4.323,0,0
20171001,971,2,822,130,5,92254,90803,90758,90758,682,0.757,1,1
20171008,972,22,1,130,1,89047,87819,87319,87319,0,0.0,1,1
20171008,972,22,822,130,2,89332,88543,87651,87651,332,0.38,1,1
20171008,972,22,20,6,3,89352,88225,87791,87791,472,0.541,1,1
20171008,972,22,817,9,4,89475,88935,88306,88306,987,1.13,1,1
20171008,972,22,830,9,5,89181,88747,88332,88332,1013,1.16,1,1
20171008,972,22,8,6,6,89163,89079,88498,88498,1179,1.35,1,1
20171008,972,22,839,10,7,90115,89199,89111,89111,1792,2.052,1,1
20171008,972,22,815,10,8,89696,89343,89260,89260,1941,2.223,1,1
20171008,972,22,13,3,9,90352,89687,89480,89480,2161,2.475,1,1
20171008,972,22,4,1,10,90525,89749,90687,89749,2430,2.783,1,1
20171008,972,22,838,1,11,90654,89778,,89778,2459,2.816,1,0
20171008,972,22,808,4,12,90252,89879,,89879,2560,2.932,1,0
20171008,972,22,825,208,13,90774,89972,,89972,2653,3.038,1,0
20171008,972,22,835,4,14,90516,90022,,90022,2703,3.096,1,0
20171008,972,22,832,5,15,90565,90413,,90413,3094,3.543,1,0
20171008,972,22,154,208,16,90849,,,90849,3530,4.043,0,0
20171008,972,22,453,5,17,91317,,,91317,3998,4.579,0,0
20171008,972,22,840,3,18,91409,,,91409,4090,4.684,0,0
20171008,972,22,828,15,19,91597,,,91597,4278,4.899,0,0
20171008,972,22,836,15,20,91885,,,91885,4566,5.229,0,0
20171022,973,69,1,130,1,94822,93437,93108,93108,0,0.0,1,1
20171022,973,69,20,6,2,95420,94103,93347,93347,239,0.257,1,1
20171022,973,69,822,130,3,95309,93769,93568,93568,460,0.494,1,1
20171022,973,69,817,9,4,95991,94495,93577,93577,469,0.504,1,1
20171022,973,69,8,6,5,95649,93840,93577,93577,469,0.504,1,1
20171022,973,69,830,9,6,94899,94716,93658,93658,550,0.591,1,1
20171022,973,69,839,10,7,95849,95113,94647,94647,1539,1.653,1,1
20171022,973,69,832,4,8,95517,94899,94852,94852,1744,1.873,1,1
20171022,973,69,4,1,9,95712,95046,95007,95007,1899,2.04,1,1
20171022,973,69,815,10,10,96358,94789,95148,94789,1681,1.805,1,1
20171022,973,69,13,3,11,95603,95155,,95155,2047,2.199,1,0
20171022,973,69,826,5,12,96073,95529,,95529,2421,2.6,1,0
20171022,973,69,838,1,13,96286,95641,,95641,2533,2.72,1,0
20171022,973,69,154,208,14,96835,95870,,95870,2762,2.966,1,0
20171022,973,69,808,4,15,95740,,,95740,2632,2.827,0,0
20171022,973,69,828,15,16,96842,,,96842,3734,4.01,0,0
20171022,973,69,840,3,17,96868,,,96868,3760,4.038,0,0
20171022,973,69,842,5,18,96889,,,96889,3781,4.061,0,0
20171022,973,69,836,15,19,97179,,,97179,4071,4.372,0,0
20171022,973,69,825,208,20,97394,,,97394,4286,4.603,0,0
20171029,974,32,20,6,1,77665,76870,76488,76488,0,0.0,1,1
20171029,974,32,830,9,2,77630,76524,76574,76524,36,0.047,1,1
20171029,974,32,1,130,3,77518,77035,76934,76934,446,0.583,1,1
20171029,974,32,822,130,4,77578,77161,76958,76958,470,0.614,1,1
20171029,974,32,8,6,5,78148,77534,77238,77238,750,0.981,1,1
20171029,974,32,839,10,6,78336,77827,77437,77437,949,1.241,1,1
20171029,974,32,817,9,7,78208,77631,77447,77447,959,1.254,1,1
20171029,974,32,808,4,8,78322,77792,77466,77466,978,1.279,1,1
20171029,974,32,832,4,9,78405,77753,77794,77753,1265,1.654,1,1
20171029,974,32,815,10,10,78020,77868,77807,77807,1319,1.724,1,1
20171029,974,32,13,3,11,78570,78099,,78099,1611,2.106,1,0
20171029,974,32,840,3,12,78902,79159,,78902,2414,3.156,1,0
20171029,974,32,842,5,13,78683,,,78683,2195,2.87,0,0
20171029,974,32,4,1,14,77710,,,77710,1222,1.598,0,0
20171029,974,32,838,1,15,78578,,,78578,2090,2.732,0,0
20171029,974,32,828,15,16,79176,,,79176,2688,3.514,0,0
20171029,974,32,836,15,17,79333,,,79333,2845,3.72,0,0
20171029,974,32,825,208,18,79443,,,79443,2955,3.863,0,0
20171029,974,32,154,208,19,79473,,,79473,2985,3.903,0,0
20171112,975,18,822,130,1,69452,68638,68322,68322,0,0.0,1,1
20171112,975,18,20,6,2,69643,68494,68360,68360,38,0.056,1,1
20171112,975,18,8,6,3,69405,69116,68538,68538,216,0.316,1,1
20171112,975,18,830,9,4,69820,69050,68925,68925,603,0.883,1,1
20171112,975,18,817,9,5,69828,69533,69330,69330,1008,1.475,1,1
20171112,975,18,815,10,6,70145,69760,69598,69598,1276,1.868,1,1
20171112,975,18,4,1,7,70172,69593,69617,69593,1271,1.86,1,1
20171112,975,18,808,4,8,70078,69726,69703,69703,1381,2.021,1,1
20171112,975,18,832,4,9,70227,69768,69805,69768,1446,2.116,1,1
20171112,975,18,13,3,10,69789,69612,69841,69612,1290,1.888,1,1
20171112,975,18,839,10,11,70168,69830,,69830,1508,2.207,1,0
20171112,975,18,154,208,12,70148,69879,,69879,1557,2.279,1,0
20171112,975,18,838,1,13,70286,70116,,70116,1794,2.626,1,0
20171112,975,18,825,208,14,70521,70154,,70154,1832,2.681,1,0
20171112,975,18,842,5,15,70625,,,70625,2303,3.371,0,0
20171112,975,18,836,15,16,70678,,,70678,2356,3.448,0,0
20171112,975,18,453,5,17,70686,,,70686,2364,3.46,0,0
20171112,975,18,840,3,18,70776,,,70776,2454,3.592,0,0
20171112,975,18,828,15,19,70875,,,70875,2553,3.737,0,0
20171126,976,24,822,130,1,97356,96822,96231,96231,0,0.0,1,1
20171112,975,18,1,130,20,,,,,,,0,0
20171126,976,24,1,130,2,97391,96742,96403,96403,172,0.179,1,1
20171126,976,24,20,6,3,97817,97023,96777,96777,546,0.567,1,1
20171126,976,24,817,9,4,98016,97583,96959,96959,728,0.757,1,1
20171126,976,24,8,6,5,97453,97302,96985,96985,754,0.784,1,1
20171126,976,24,830,9,6,98021,97777,97328,97328,1097,1.14,1,1
20171126,976,24,808,4,7,98781,98138,98282,98138,1907,1.982,1,1
20171126,976,24,815,10,8,98601,98359,98374,98359,2128,2.211,1,1
20171126,976,24,839,10,9,98896,98392,98397,98392,2161,2.246,1,1
20171126,976,24,13,3,10,98629,98565,98550,98550,2319,2.41,1,1
20171126,976,24,4,1,11,98820,98636,,98636,2405,2.499,1,0
20171126,976,24,832,4,12,98810,98725,,98725,2494,2.592,1,0
20171126,976,24,838,1,13,98777,98808,,98777,2546,2.646,1,0
20171126,976,24,825,208,14,99395,99298,,99298,3067,3.187,1,0
20171126,976,24,840,3,15,99503,99646,,99503,3272,3.4,1,0
20171126,976,24,154,208,16,99516,,,99516,3285,3.414,0,0
20171126,976,24,453,5,17,99724,,,99724,3493,3.63,0,0
20171126,976,24,836,15,18,99930,,,99930,3699,3.844,0,0
20171126,976,24,828,15,19,99994,,,99994,3763,3.91,0,0
20171126,976,24,842,5,20,100471,,,100471,4240,4.406,0,0
20180325,977,1,1,130,1,82824,82051,81164,81164,0,0.0,1,1
20180325,977,1,8,6,2,83096,82507,81828,81828,664,0.818,1,1
20180325,977,1,20,6,3,83348,81944,81838,81838,674,0.83,1,1
20180325,977,1,830,9,4,83483,82416,81879,81879,715,0.881,1,1
20180325,977,1,817,9,5,83494,82897,82152,82152,988,1.217,1,1
20180325,977,1,825,208,6,83909,83300,83187,83187,2023,2.492,1,1
20180325,977,1,154,208,7,83671,83468,83339,83339,2175,2.68,1,1
20180325,977,1,808,4,8,83782,83544,83532,83532,2368,2.918,1,1
20180325,977,1,832,4,9,83529,83061,83577,83061,1897,2.337,1,1
20180325,977,1,822,130,10,83686,82089,,82089,925,1.14,1,0
20180325,977,1,4,1,11,83597,83692,,83597,2433,2.998,1,0
20180325,977,1,838,1,12,84073,83853,,83853,2689,3.313,1,0
20180325,977,1,815,10,13,84344,84005,,84005,2841,3.5,1,0
20180325,977,1,840,3,14,84464,84230,,84230,3066,3.778,1,0
20180325,977,1,839,10,15,84503,84786,,84503,3339,4.114,1,0
20180325,977,1,842,5,16,84532,,,84532,3368,4.15,0,0
20180325,977,1,828,15,17,84556,,,84556,3392,4.179,0,0
20180325,977,1,843,15,18,84636,,,84636,3472,4.278,0,0
20180325,977,1,844,3,19,84922,,,84922,3758,4.63,0,0
20180325,977,1,453,5,20,85295,,,85295,4131,5.09,0,0
20180408,978,3,20,6,1,89060,88341,87958,87958,0,0.0,1,1
20180408,978,3,8,6,2,88951,88515,88101,88101,143,0.163,1,1
20180408,978,3,822,130,3,89275,88794,88124,88124,166,0.189,1,1
20180408,978,3,1,130,4,89396,88458,88220,88220,262,0.298,1,1
20180408,978,3,817,9,5,89552,88962,88398,88398,440,0.5,1,1
20180408,978,3,453,5,6,90121,89836,89329,89329,1371,1.559,1,1
20180408,978,3,825,208,7,89594,89623,89358,89358,1400,1.592,1,1
20180408,978,3,808,4,8,90260,89187,89570,89187,1229,1.397,1,1
20180408,978,3,839,10,9,90338,90009,89874,89874,1916,2.178,1,1
20180408,978,3,832,4,10,89893,89802,89986,89802,1844,2.096,1,1
20180408,978,3,842,5,11,90412,90105,,90105,2147,2.441,1,0
20180408,978,3,815,10,12,90218,90156,,90156,2198,2.499,1,0
20180408,978,3,4,1,13,90530,90212,,90212,2254,2.563,1,0
20180408,978,3,838,1,14,90479,90525,,90479,2521,2.866,1,0
20180408,978,3,830,9,15,89374,,,89374,1416,1.61,0,0
20180408,978,3,154,208,16,90530,,,90530,2572,2.924,0,0
20180408,978,3,828,15,17,91063,,,91063,3105,3.53,0,0
20180408,978,3,844,3,18,91414,,,91414,3456,3.929,0,0
20180408,978,3,843,15,19,91420,,,91420,3462,3.936,0,0
20180408,978,3,840,3,20,91503,,,91503,3545,4.03,0,0
20180415,979,17,20,6,1,92171,92385,91095,91095,0,0.0,1,1
20180415,979,17,8,6,2,92474,92286,91182,91182,87,0.096,1,1
20180415,979,17,822,130,3,92921,92063,91625,91625,530,0.582,1,1
20180415,979,17,1,130,4,93283,91914,91675,91675,580,0.637,1,1
20180415,979,17,830,9,5,92932,92809,91796,91796,701,0.77,1,1
20180415,979,17,817,9,6,93877,92688,91948,91948,853,0.936,1,1
20180415,979,17,808,4,7,93545,92494,92532,92494,1399,1.536,1,1
20180415,979,17,815,10,8,93464,92931,92758,92758,1663,1.826,1,1
20180415,979,17,832,4,9,93315,92970,92819,92819,1724,1.893,1,1
20180415,979,17,154,208,10,93238,92524,92855,92524,1429,1.569,1,1
20180415,979,17,825,208,11,93359,92986,,92986,1891,2.076,1,0
20180415,979,17,839,10,12,93585,93057,,93057,1962,2.154,1,0
20180415,979,17,4,1,13,93428,93232,,93232,2137,2.346,1,0
20180415,979,17,838,1,14,93824,93505,,93505,2410,2.646,1,0
20180415,979,17,842,5,15,94013,93795,,93795,2700,2.964,1,0
20180415,979,17,844,3,16,94062,,,94062,2967,3.257,0,0
20180415,979,17,453,5,17,94101,,,94101,3006,3.3,0,0
20180415,979,17,840,3,18,94285,,,94285,3190,3.502,0,0
20180415,979,17,843,15,19,94454,,,94454,3359,3.687,0,0
20180415,979,17,828,15,20,94914,,,94914,3819,4.192,0,0
20180429,980,72,20,6,1,102762,103015,101498,101498,0,0.0,1,1
20180429,980,72,1,130,2,102693,102676,101677,101677,179,0.176,1,1
20180429,980,72,822,130,3,103355,102679,101837,101837,339,0.334,1,1
20180429,980,72,817,9,4,102857,103482,101911,101911,413,0.407,1,1
20180429,980,72,830,9,5,102642,102901,101994,101994,496,0.489,1,1
20180429,980,72,8,6,6,102538,102510,102490,102490,992,0.977,1,1
20180429,980,72,839,10,7,103021,102967,102523,102523,1025,1.01,1,1
20180429,980,72,815,10,8,103992,103366,102547,102547,1049,1.034,1,1
20180429,980,72,808,4,9,103746,103232,103066,103066,1568,1.545,1,1
20180429,980,72,832,4,10,103426,103464,103351,103351,1853,1.826,1,1
20180429,980,72,840,3,11,104359,103585,,103585,2087,2.056,1,0
20180429,980,72,844,3,12,104261,103886,,103886,2388,2.353,1,0
20180429,980,72,4,1,13,104010,104019,,104010,2512,2.475,1,0
20180429,980,72,843,15,14,103752,104074,,103752,2254,2.221,1,0
20180429,980,72,825,208,15,103674,104759,,103674,2176,2.144,1,0
20180429,980,72,838,1,16,104489,,,104489,2991,2.947,0,0
20180429,980,72,453,5,17,104496,,,104496,2998,2.954,0,0
20180429,980,72,828,15,18,105541,,,105541,4043,3.983,0,0
20180429,980,72,842,5,19,117354,,,117354,15856,15.622,0,0
20180429,980,72,154,208,20,,,,,,,0,0
20180513,981,4,1,130,1,77633,77166,76173,76173,0,0.0,1,1
20180513,981,4,822,130,2,77674,77111,76213,76213,40,0.053,1,1
20180513,981,4,20,6,3,77031,76802,76305,76305,132,0.173,1,1
20180513,981,4,8,6,4,77483,77071,76612,76612,439,0.576,1,1
20180513,981,4,830,9,5,77411,77266,76816,76816,643,0.844,1,1
20180513,981,4,817,9,6,77623,77638,76818,76818,645,0.847,1,1
20180513,981,4,825,208,7,78169,77618,77676,77618,1445,1.897,1,1
20180513,981,4,4,1,8,78276,78100,77721,77721,1548,2.032,1,1
20180513,981,4,832,4,9,78480,77803,77790,77790,1617,2.123,1,1
20180513,981,4,154,208,10,78305,77699,77835,77699,1526,2.003,1,1
20180513,981,4,838,1,11,78885,78323,,78323,2150,2.823,1,0
20180513,981,4,453,5,12,78550,78463,,78463,2290,3.006,1,0
20180513,981,4,839,10,13,78813,78696,,78696,2523,3.312,1,0
20180513,981,4,843,15,14,78661,78910,,78661,2488,3.266,1,0
20180513,981,4,815,10,15,78740,79098,,78740,2567,3.37,1,0
20180513,981,4,808,4,16,78923,,,78923,2750,3.61,0,0
20180513,981,4,828,15,17,79493,,,79493,3320,4.358,0,0
20180513,981,4,844,3,18,79695,,,79695,3522,4.624,0,0
20180513,981,4,840,3,19,80225,,,80225,4052,5.319,0,0
20180513,981,4,842,5,20,,,,,,,0,0
20180527,982,6,817,9,1,72013,71278,70810,70810,0,0.0,1,1
20180527,982,6,20,6,2,72415,71518,71039,71039,229,0.323,1,1
20180527,982,6,1,130,3,72460,71584,71232,71232,422,0.596,1,1
20180527,982,6,8,6,4,72639,71391,71266,71266,456,0.644,1,1
20180527,982,6,4,1,7,72657,72269,72110,72110,1300,1.836,1,1
20180527,982,6,832,4,8,72950,72286,72130,72130,1320,1.864,1,1
20180527,982,6,815,10,9,72848,72194,72154,72154,1344,1.898,1,1
20180527,982,6,453,5,10,72941,72313,72221,72221,1411,1.993,1,1
20180527,982,6,838,1,12,72463,72440,,72440,1630,2.302,1,0
20180527,982,6,844,3,13,72706,72521,,72521,1711,2.416,1,0
20180527,982,6,843,15,14,72829,72714,,72714,1904,2.689,1,0
20180527,982,6,154,208,15,72930,72728,,72728,1918,2.709,1,0
20180527,982,6,842,5,16,73179,,,73179,2369,3.346,0,0
20180527,982,6,828,15,17,73265,,,73265,2455,3.467,0,0
20180527,982,6,840,3,18,73323,,,73323,2513,3.549,0,0
20180527,982,6,825,208,19,73393,,,73393,2583,3.648,0,0
20180527,982,6,830,9,20,,,,,,,0,0
20180527,982,6,822,130,5,72434,72002,71441,71441,631,0.891,1,1
20180527,982,6,839,10,6,73028,72188,72061,72061,1251,1.767,1,1
20180527,982,6,808,4,11,73065,72411,,72411,1601,2.261,1,0
20180610,983,7,20,6,1,71710,71524,70764,70764,0,0.0,1,1
20180610,983,7,822,130,2,71950,71514,70857,70857,93,0.131,1,1
20180610,983,7,830,9,3,72008,71472,70937,70937,173,0.244,1,1
20180610,983,7,1,130,4,71835,71740,70996,70996,232,0.328,1,1
20180610,983,7,8,6,5,71725,71620,71095,71095,331,0.468,1,1
20180610,983,7,817,9,6,72459,71434,71116,71116,352,0.497,1,1
20180610,983,7,808,4,7,72795,71916,71973,71916,1152,1.628,1,1
20180610,983,7,839,10,8,72577,72141,72084,72084,1320,1.865,1,1
20180610,983,7,832,4,9,72689,72097,72168,72097,1333,1.884,1,1
20180610,983,7,815,10,10,72702,72395,72671,72395,1631,2.305,1,1
20180610,983,7,842,5,12,72587,72635,,72587,1823,2.576,1,0
20180610,983,7,4,1,14,72979,72856,,72856,2092,2.956,1,0
20180610,983,7,838,1,15,72998,72865,,72865,2101,2.969,1,0
20180610,983,7,453,5,16,73047,,,73047,2283,3.226,0,0
20180610,983,7,840,3,17,73590,,,73590,2826,3.994,0,0
20180610,983,7,844,3,18,73643,,,73643,2879,4.068,0,0
20180610,983,7,828,15,19,74593,,,74593,3829,5.411,0,0
20180610,983,7,154,208,20,,,,,,,0,0
20180610,983,7,825,208,11,72680,72606,,72606,1842,2.603,1,0
20180610,983,7,843,15,13,72945,72661,,72661,1897,2.681,1,0
20180624,984,34,1,130,1,91271,90645,90029,90029,0,0.0,1,1
20180624,984,34,822,130,2,91776,91227,90147,90147,118,0.131,1,1
20180624,984,34,20,6,3,91820,90751,90400,90400,371,0.412,1,1
20180624,984,34,830,9,4,91531,90818,90705,90705,676,0.751,1,1
20180624,984,34,817,9,5,91910,91538,90895,90895,866,0.962,1,1
20180624,984,34,8,6,6,91567,90772,91057,90772,743,0.825,1,1
20180624,984,34,832,4,7,92394,92016,92126,92016,1987,2.207,1,1
20180624,984,34,843,15,8,92538,92055,92635,92055,2026,2.25,1,1
20180624,984,34,825,208,9,92169,91510,92930,91510,1481,1.645,1,1
20180624,984,34,154,208,10,92083,91472,,91472,1443,1.603,1,0
20180624,984,34,839,10,11,92786,92075,,92075,2046,2.273,1,0
20180624,984,34,808,4,12,92949,92115,,92115,2086,2.317,1,0
20180624,984,34,815,10,13,92692,92454,,92454,2425,2.694,1,0
20180624,984,34,453,5,14,92447,92460,,92447,2418,2.686,1,0
20180624,984,34,828,15,15,92804,92820,,92804,2775,3.082,1,0
20180624,984,34,4,1,16,92976,,,92976,2947,3.273,0,0
20180624,984,34,842,5,17,93025,,,93025,2996,3.328,0,0
20180624,984,34,838,1,18,93162,,,93162,3133,3.48,0,0
20180624,984,34,844,3,19,93636,,,93636,3607,4.006,0,0
20180624,984,34,840,3,20,93729,,,93729,3700,4.11,0,0
20180701,985,70,822,130,1,64175,63756,63130,63130,0,0.0,1,1
20180701,985,70,1,130,2,64080,63577,63149,63149,19,0.03,1,1
20180701,985,70,20,6,3,64347,63544,63464,63464,334,0.529,1,1
20180701,985,70,8,6,4,64234,63975,63660,63660,530,0.84,1,1
20180701,985,70,830,9,5,64273,64001,63840,63840,710,1.125,1,1
20180701,985,70,154,208,6,64242,64059,63892,63892,762,1.207,1,1
20180701,985,70,817,9,7,64723,64403,63996,63996,866,1.372,1,1
20180701,985,70,825,208,8,64460,64291,64051,64051,921,1.459,1,1
20180701,985,70,832,4,9,64948,64561,64725,64561,1431,2.267,1,1
20180701,985,70,808,4,10,64864,64676,65019,64676,1546,2.449,1,1
20180701,985,70,839,10,11,65148,64845,,64845,1715,2.717,1,0
20180701,985,70,453,5,12,65011,64874,,64874,1744,2.763,1,0
20180701,985,70,843,15,13,64967,64979,,64967,1837,2.91,1,0
20180701,985,70,4,1,14,64965,65058,,64965,1835,2.907,1,0
20180701,985,70,840,3,15,65264,65286,,65264,2134,3.38,1,0
20180701,985,70,838,1,16,65271,,,65271,2141,3.391,0,0
20180701,985,70,815,10,17,65279,,,65279,2149,3.404,0,0
20180701,985,70,844,3,18,65322,,,65322,2192,3.472,0,0
20180701,985,70,842,5,19,65366,,,65366,2236,3.542,0,0
20180701,985,70,828,15,20,65479,,,65479,2349,3.721,0,0
20180708,986,9,1,130,1,86818,86256,85892,85892,0,0.0,1,1
20180708,986,9,20,6,2,86585,86372,85936,85936,44,0.051,1,1
20180708,986,9,8,6,3,87549,86483,85990,85990,98,0.114,1,1
20180708,986,9,822,130,4,87025,86413,86217,86217,325,0.378,1,1
20180708,986,9,830,9,5,87309,87013,86602,86602,710,0.827,1,1
20180708,986,9,817,9,6,87979,87369,87099,87099,1207,1.405,1,1
20180708,986,9,825,208,7,88143,87730,87244,87244,1352,1.574,1,1
20180708,986,9,154,208,8,88086,87522,87455,87455,1563,1.82,1,1
20180708,986,9,843,15,9,87962,87790,87879,87790,1898,2.21,1,1
20180708,986,9,839,10,10,88279,87843,88194,87843,1951,2.271,1,1
20180708,986,9,808,4,11,88017,87901,,87901,2009,2.339,1,0
20180708,986,9,815,10,12,88210,87928,,87928,2036,2.37,1,0
20180708,986,9,4,1,13,88187,88139,,88139,2247,2.616,1,0
20180708,986,9,453,5,14,88399,88343,,88343,2451,2.854,1,0
20180708,986,9,828,15,15,88249,88391,,88249,2357,2.744,1,0
20180708,986,9,832,4,16,88456,,,88456,2564,2.985,0,0
20180708,986,9,838,1,17,89096,,,89096,3204,3.73,0,0
20180708,986,9,844,3,18,89252,,,89252,3360,3.912,0,0
20180708,986,9,840,3,19,,,,,,,0,0
20180708,986,9,842,5,20,,,,,,,0,0
20180722,987,10,20,6,1,72538,72505,71212,71212,0,0.0,1,1
20180722,987,10,822,130,2,72962,72152,71416,71416,204,0.286,1,1
20180722,987,10,8,6,3,72505,72336,71547,71547,335,0.47,1,1
20180722,987,10,830,9,4,73127,72188,71822,71822,610,0.857,1,1
20180722,987,10,825,208,5,73105,72523,72200,72200,988,1.387,1,1
20180722,987,10,154,208,6,72986,72722,72544,72544,1332,1.87,1,1
20180722,987,10,808,4,7,73479,72946,72560,72560,1348,1.893,1,1
20180722,987,10,832,4,8,73324,73032,72692,72692,1480,2.078,1,1
20180722,987,10,843,15,9,73077,72995,72717,72717,1505,2.113,1,1
20180722,987,10,815,10,10,73427,73072,72774,72774,1562,2.193,1,1
20180722,987,10,4,1,11,73614,73657,,73614,2402,3.373,1,0
20180722,987,10,844,3,12,73708,73702,,73702,2490,3.497,1,0
20180722,987,10,828,15,13,73562,73736,,73562,2350,3.3,1,0
20180722,987,10,1,130,14,73012,,,73012,1800,2.528,0,0
20180722,987,10,817,9,15,73318,,,73318,2106,2.957,0,0
20180722,987,10,839,10,16,73720,,,73720,2508,3.522,0,0
20180722,987,10,453,5,17,73749,,,73749,2537,3.563,0,0
20180722,987,10,842,5,18,74045,,,74045,2833,3.978,0,0
20180722,987,10,840,3,19,74206,,,74206,2994,4.204,0,0
20180722,987,10,838,1,20,74401,,,74401,3189,4.478,0,0
20180729,988,11,8,6,3,77526,92762,96186,77526,860,1.122,1,1
20180729,988,11,20,6,4,76666,88636,96210,76666,0,0.0,1,1
20180729,988,11,832,4,5,77829,90771,96743,77829,1163,1.517,1,1
20180729,988,11,453,5,6,78577,91286,97591,78577,1911,2.493,1,1
20180729,988,11,830,9,7,76940,91178,98032,76940,274,0.357,1,1
20180729,988,11,842,5,8,78429,92590,98128,78429,1763,2.3,1,1
20180729,988,11,825,208,9,78314,92968,99858,78314,1648,2.15,1,1
20180729,988,11,154,208,10,77901,93650,100593,77901,1235,1.611,1,1
20180729,988,11,4,1,11,78208,95214,,78208,1542,2.011,1,0
20180729,988,11,817,9,12,78540,96442,,78540,1874,2.444,1,0
20180729,988,11,808,4,13,77905,96506,,77905,1239,1.616,1,0
20180729,988,11,828,15,14,78641,97075,,78641,1975,2.576,1,0
20180729,988,11,840,3,15,78560,,,78560,1894,2.47,0,0
20180729,988,11,838,1,16,78782,,,78782,2116,2.76,0,0
20180729,988,11,843,15,17,78817,,,78817,2151,2.806,0,0
20180729,988,11,839,10,18,79142,,,79142,2476,3.23,0,0
20180729,988,11,815,10,19,79200,,,79200,2534,3.305,0,0
20180729,988,11,844,3,20,79301,,,79301,2635,3.437,0,0
20180729,988,11,1,130,1,77419,91242,95658,77419,753,0.982,1,1
20180729,988,11,822,130,2,77123,92081,95918,77123,457,0.596,1,1
20180826,989,13,1,130,1,102977,101553,118179,101553,52,0.051,1,1
20180826,989,13,20,6,2,103035,101501,118905,101501,0,0.0,1,1
20180826,989,13,839,10,3,104003,103302,121851,103302,1801,1.774,1,1
20180826,989,13,815,10,4,104004,103014,121894,103014,1513,1.491,1,1
20180826,989,13,154,208,5,103597,103042,122122,103042,1541,1.518,1,1
20180826,989,13,8,6,6,102585,101533,122671,101533,32,0.032,1,1
20180826,989,13,830,9,7,103199,102554,122769,102554,1053,1.037,1,1
20180826,989,13,817,9,8,103604,103126,122939,103126,1625,1.601,1,1
20180826,989,13,825,208,9,103834,103320,124933,103320,1819,1.792,1,1
20180826,989,13,822,130,10,102805,102191,,102191,690,0.68,1,0
20180826,989,13,453,5,11,104221,103844,,103844,2343,2.308,1,0
20180826,989,13,842,5,12,104153,103865,,103865,2364,2.329,1,0
20180826,989,13,843,15,13,103654,104062,,103654,2153,2.121,1,0
20180826,989,13,828,15,14,103846,104301,,103846,2345,2.31,1,0
20180826,989,13,808,4,15,104145,,,104145,2644,2.605,0,0
20180826,989,13,832,4,16,104489,,,104489,2988,2.944,0,0
20180826,989,13,4,1,17,104917,,,104917,3416,3.365,0,0
20180826,989,13,844,3,18,104998,,,104998,3497,3.445,0,0
20180826,989,13,840,3,19,105134,,,105134,3633,3.579,0,0
20180826,989,13,838,1,20,105307,,,105307,3806,3.75,0,0
20180902,990,14,8,6,1,80722,79846,79119,79119,0,0.0,1,1
20180902,990,14,20,6,2,80542,79629,79280,79280,161,0.203,1,1
20180902,990,14,1,130,3,80810,79798,79294,79294,175,0.221,1,1
20180902,990,14,822,130,4,81381,80427,79656,79656,537,0.679,1,1
20180902,990,14,830,9,5,81381,80333,80615,80333,1214,1.534,1,1
20180902,990,14,154,208,6,81887,81239,80936,80936,1817,2.297,1,1
20180902,990,14,832,4,7,81732,81552,81041,81041,1922,2.429,1,1
20180902,990,14,839,10,8,81570,81315,81099,81099,1980,2.503,1,1
20180902,990,14,453,5,9,81834,81667,81350,81350,2231,2.82,1,1
20180902,990,14,840,3,10,81838,81494,81627,81494,2375,3.002,1,1
20180902,990,14,825,208,11,81783,81669,,81669,2550,3.223,1,0
20180902,990,14,844,3,12,81813,81732,,81732,2613,3.303,1,0
20180902,990,14,4,1,13,81850,82568,,81850,2731,3.452,1,0
20180902,990,14,808,4,14,81801,,,81801,2682,3.39,0,0
20180902,990,14,817,9,15,81280,,,81280,2161,2.731,0,0
20180902,990,14,815,10,16,81888,,,81888,2769,3.5,0,0
20180902,990,14,843,15,17,81889,,,81889,2770,3.501,0,0
20180902,990,14,842,5,18,81934,,,81934,2815,3.558,0,0
20180902,990,14,828,15,19,82048,,,82048,2929,3.702,0,0
20180902,990,14,838,1,20,82085,,,82085,2966,3.749,0,0
20180916,991,15,1,130,1,99403,97344,96015,96015,0,0.0,1,1
20180916,991,15,830,9,2,98751,97214,96334,96334,319,0.332,1,1
20180916,991,15,20,6,3,98218,97876,96628,96628,613,0.638,1,1
20180916,991,15,822,130,4,99291,97254,96702,96702,687,0.716,1,1
20180916,991,15,8,6,5,98534,97194,96794,96794,779,0.811,1,1
20180916,991,15,817,9,6,98153,97406,96996,96996,981,1.022,1,1
20180916,991,15,815,10,7,98814,98342,97985,97985,1970,2.052,1,1
20180916,991,15,154,208,8,98685,98367,98320,98320,2305,2.401,1,1
20180916,991,15,839,10,9,98912,98534,98365,98365,2350,2.448,1,1
20180916,991,15,808,4,10,98932,98450,98588,98450,2435,2.536,1,1
20180916,991,15,4,1,11,99022,98641,,98641,2626,2.735,1,0
20180916,991,15,832,4,12,99103,98716,,98716,2701,2.813,1,0
20180916,991,15,843,15,13,99206,98747,,98747,2732,2.845,1,0
20180916,991,15,828,15,14,99366,99453,,99366,3351,3.49,1,0
20180916,991,15,453,5,15,99614,99691,,99614,3599,3.748,1,0
20180916,991,15,825,208,16,99644,,,99644,3629,3.78,0,0
20180916,991,15,842,5,17,99809,,,99809,3794,3.951,0,0
20180916,991,15,838,1,18,99864,,,99864,3849,4.009,0,0
20180916,991,15,844,3,19,101263,,,101263,5248,5.466,0,0
20180916,991,15,840,3,20,101334,,,101334,5319,5.54,0,0
20180930,992,71,822,130,1,92964,92744,91387,91387,0,0.0,1,1
20180930,992,71,1,130,2,92410,92595,91532,91532,145,0.159,1,1
20180930,992,71,20,6,3,93476,93045,91943,91943,556,0.608,1,1
20180930,992,71,8,6,4,93341,93065,92237,92237,850,0.93,1,1
20180930,992,71,825,208,5,94078,93747,93181,93181,1794,1.963,1,1
20180930,992,71,839,10,6,94290,93596,93413,93413,2026,2.217,1,1
20180930,992,71,843,15,7,93924,93488,93419,93419,2032,2.224,1,1
20180930,992,71,815,10,8,94084,93923,93563,93563,2176,2.381,1,1
20180930,992,71,154,208,9,94022,93517,93704,93517,2130,2.331,1,1
20180930,992,71,828,15,10,94170,93995,95196,93995,2608,2.854,1,1
20180930,992,71,830,9,11,93048,,,93048,1661,1.818,0,0
20180930,992,71,817,9,12,93247,,,93247,1860,2.035,0,0
20180930,992,71,453,5,13,94383,,,94383,2996,3.278,0,0
20180930,992,71,832,4,14,94626,,,94626,3239,3.544,0,0
20180930,992,71,808,4,15,94655,,,94655,3268,3.576,0,0
20180930,992,71,842,5,16,95037,,,95037,3650,3.994,0,0
20180930,992,71,4,1,17,95504,,,95504,4117,4.505,0,0
20180930,992,71,844,3,18,95612,,,95612,4225,4.623,0,0
20180930,992,71,838,1,19,95977,,,95977,4590,5.023,0,0
20180930,992,71,840,3,20,96437,,,96437,5050,5.526,0,0
20181007,993,22,1,130,1,88702,88017,87760,87760,0,0.0,1,1
20181007,993,22,822,130,2,89297,87987,88059,87987,227,0.259,1,1
20181007,993,22,830,9,3,89480,88849,89057,88849,1089,1.241,1,1
20181007,993,22,8,6,4,89631,88595,89521,88595,835,0.951,1,1
20181007,993,22,154,208,5,89724,89678,89761,89678,1918,2.186,1,1
20181007,993,22,842,5,6,90248,89848,90023,89848,2088,2.379,1,1
20181007,993,22,453,5,7,90137,89810,90093,89810,2050,2.336,1,1
20181007,993,22,839,10,8,89899,89538,90126,89538,1778,2.026,1,1
20181007,993,22,20,6,9,89049,88279,92192,88279,519,0.591,1,1
20181007,993,22,815,10,10,90247,89567,97229,89567,1807,2.059,1,1
20181007,993,22,843,15,11,89706,89864,,89706,1946,2.217,1,0
20181007,993,22,825,208,12,90219,90226,,90219,2459,2.802,1,0
20181007,993,22,832,4,13,90236,90490,,90236,2476,2.821,1,0
20181007,993,22,840,3,14,90317,90714,,90317,2557,2.914,1,0
20181007,993,22,817,9,15,89806,,,89806,2046,2.331,0,0
20181007,993,22,808,4,16,90361,,,90361,2601,2.964,0,0
20181007,993,22,844,3,17,90372,,,90372,2612,2.976,0,0
20181007,993,22,4,1,18,90573,,,90573,2813,3.205,0,0
20181007,993,22,838,1,19,91041,,,91041,3281,3.739,0,0
20181007,993,22,828,15,20,91213,,,91213,3453,3.935,0,0
20181021,994,69,1,130,1,94130,93480,92237,92237,0,0.0,1,1
20181021,994,69,20,6,2,94569,93079,92298,92298,61,0.066,1,1
20181021,994,69,8,6,3,94703,92884,92307,92307,70,0.076,1,1
20181021,994,69,822,130,4,94518,93702,92616,92616,379,0.411,1,1
20181021,994,69,817,9,5,94755,94185,93494,93494,1257,1.363,1,1
20181021,994,69,839,10,6,94876,94522,94145,94145,1908,2.069,1,1
20181021,994,69,808,4,7,94932,94564,94215,94215,1978,2.144,1,1
20181021,994,69,154,208,8,94892,94419,94250,94250,2013,2.182,1,1
20181021,994,69,843,15,9,95069,94255,94420,94255,2018,2.188,1,1
20181021,994,69,815,10,10,95193,94525,94594,94525,2288,2.481,1,1
20181021,994,69,832,4,11,94891,94566,,94566,2329,2.525,1,0
20181021,994,69,825,208,12,94972,94732,,94732,2495,2.705,1,0
20181021,994,69,453,5,13,94850,,,94850,2613,2.833,0,0
20181021,994,69,842,5,14,95206,,,95206,2969,3.219,0,0
20181021,994,69,830,9,15,94766,,,94766,2529,2.742,0,0
20181021,994,69,4,1,16,95294,,,95294,3057,3.314,0,0
20181021,994,69,844,3,17,95362,,,95362,3125,3.388,0,0
20181021,994,69,840,3,18,95480,,,95480,3243,3.516,0,0
20181021,994,69,828,15,19,95536,,,95536,3299,3.577,0,0
20181021,994,69,838,1,20,95735,,,95735,3498,3.792,0,0
20181028,995,32,817,9,1,75866,75845,74759,74759,0,0.0,1,1
20181028,995,32,830,9,2,75756,75640,74785,74785,26,0.035,1,1
20181028,995,32,1,130,3,75673,75644,74894,74894,135,0.181,1,1
20181028,995,32,20,6,4,76089,75715,74970,74970,211,0.282,1,1
20181028,995,32,822,130,5,75580,75923,75160,75160,401,0.536,1,1
20181028,995,32,8,6,6,76446,75996,75330,75330,571,0.764,1,1
20181028,995,32,808,4,7,76498,76126,75827,75827,1068,1.429,1,1
20181028,995,32,832,4,8,76813,76188,76084,76084,1325,1.772,1,1
20181028,995,32,843,15,9,76862,76320,76189,76189,1430,1.913,1,1
20181028,995,32,828,15,10,76701,76633,76513,76513,1754,2.346,1,1
20181028,995,32,839,10,11,76252,76844,,76252,1493,1.997,1,0
20181028,995,32,815,10,13,76242,77167,,76242,1483,1.984,1,0
20181028,995,32,842,5,14,76682,77184,,76682,1923,2.572,1,0
20181028,995,32,453,5,15,76828,,,76828,2069,2.768,0,0
20181028,995,32,154,208,16,76911,,,76911,2152,2.879,0,0
20181028,995,32,838,1,17,76966,,,76966,2207,2.952,0,0
20181028,995,32,825,208,18,77599,,,77599,2840,3.799,0,0
20181028,995,32,840,3,19,77689,,,77689,2930,3.919,0,0
20181028,995,32,844,3,20,77886,,,77886,3127,4.183,0,0
20181028,995,32,4,1,12,76857,76871,,76857,2098,2.806,1,0
20181111,996,18,1,130,1,68464,67795,67281,67281,0,0.0,1,1
20181111,996,18,20,6,2,68452,67776,67374,67374,93,0.138,1,1
20181111,996,18,822,130,3,68492,67727,67441,67441,160,0.238,1,1
20181111,996,18,8,6,4,68452,68028,67456,67456,175,0.26,1,1
20181111,996,18,830,9,5,68205,68017,67778,67778,497,0.739,1,1
20181111,996,18,817,9,6,68544,68055,67780,67780,499,0.742,1,1
20181111,996,18,828,15,7,68754,68579,68296,68296,1015,1.509,1,1
20181111,996,18,843,15,8,68667,68335,68492,68335,1054,1.567,1,1
20181111,996,18,154,208,9,68735,68239,68517,68239,958,1.424,1,1
20181111,996,18,453,5,10,69046,68616,69029,68616,1335,1.984,1,1
20181111,996,18,825,208,11,68474,68659,,68474,1193,1.773,1,0
20181111,996,18,815,10,12,69217,68741,,68741,1460,2.17,1,0
20181111,996,18,839,10,13,69264,68770,,68770,1489,2.213,1,0
20181111,996,18,808,4,14,69009,68834,,68834,1553,2.308,1,0
20181111,996,18,844,3,15,69259,70381,,69259,1978,2.94,1,0
20181111,996,18,832,4,16,69269,,,69269,1988,2.955,0,0
20181111,996,18,842,5,17,69280,,,69280,1999,2.971,0,0
20181111,996,18,4,1,18,69402,,,69402,2121,3.152,0,0
20181111,996,18,840,3,19,69441,,,69441,2160,3.21,0,0
20181111,996,18,838,1,20,69601,,,69601,2320,3.448,0,0
20181125,997,24,1,130,1,96828,95693,94794,94794,0,0.0,1,1
20181125,997,24,822,130,2,96789,96392,94956,94956,162,0.171,1,1
20181125,997,24,20,6,3,96775,96345,95125,95125,331,0.349,1,1
20181125,997,24,8,6,4,97010,96735,95365,95365,571,0.602,1,1
20181125,997,24,817,9,5,97117,96964,95401,95401,607,0.64,1,1
20181125,997,24,830,9,6,97195,96144,95589,95589,795,0.839,1,1
20181125,997,24,154,208,7,97575,96732,96192,96192,1398,1.475,1,1
20181125,997,24,843,15,8,97124,96580,96237,96237,1443,1.522,1,1
20181125,997,24,839,10,9,96936,96814,96540,96540,1746,1.842,1,1
20181125,997,24,808,4,10,97569,96630,96542,96542,1748,1.844,1,1
20181125,997,24,832,4,11,97757,96982,,96982,2188,2.308,1,0
20181125,997,24,828,15,12,97619,97132,,97132,2338,2.466,1,0
20181125,997,24,825,208,13,97934,97309,,97309,2515,2.653,1,0
20181125,997,24,815,10,14,97255,97541,,97255,2461,2.596,1,0
20181125,997,24,4,1,15,97890,97743,,97743,2949,3.111,1,0
20181125,997,24,842,5,16,97994,,,97994,3200,3.376,0,0
20181125,997,24,453,5,17,98166,,,98166,3372,3.557,0,0
20181125,997,24,838,1,18,98577,,,98577,3783,3.991,0,0
20181125,997,24,844,3,19,98635,,,98635,3841,4.052,0,0
20181125,997,24,840,3,20,98682,,,98682,3888,4.102,0,0
20190317,998,1,1,130,1,82043,81014,80486,80486,0,0.0,1,1
20190317,998,1,822,130,2,82367,81193,80598,80598,112,0.139,1,1
20190317,998,1,20,6,3,82885,81912,81190,81190,704,0.875,1,1
20190317,998,1,830,9,4,82876,81678,81320,81320,834,1.036,1,1
20190317,998,1,843,6,5,82017,81739,81442,81442,956,1.188,1,1
20190317,998,1,154,208,6,82959,81870,81826,81826,1340,1.665,1,1
20190317,998,1,825,208,7,82519,82221,82099,82099,1613,2.004,1,1
20190317,998,1,845,1,8,82702,82423,82304,82304,1818,2.259,1,1
20190317,998,1,8,50,9,82966,82349,82314,82314,1828,2.271,1,1
20190317,998,1,815,209,10,82908,82532,82781,82532,2046,2.542,1,1
20190317,998,1,808,4,11,82540,82562,,82540,2054,2.552,1,0
20190317,998,1,817,4,12,82921,82570,,82570,2084,2.589,1,0
20190317,998,1,847,5,13,82757,82636,,82636,2150,2.671,1,0
20190317,998,1,841,50,14,82431,82714,,82431,1945,2.417,1,0
20190317,998,1,826,5,15,82511,82774,,82511,2025,2.516,1,0
20190317,998,1,840,209,16,83017,,,83017,2531,3.145,0,0
20190317,998,1,453,9,17,83020,,,83020,2534,3.148,0,0
20190317,998,1,832,1,18,83084,,,83084,2598,3.228,0,0
20190317,998,1,846,3,19,84360,,,84360,3874,4.813,0,0
20190317,998,1,9,3,20,86067,,,86067,5581,6.934,0,0
20190331,999,3,843,6,1,88495,88046,87866,87866,0,0.0,1,1
20190331,999,3,20,6,2,88733,88356,88160,88160,294,0.335,1,1
20190331,999,3,1,130,3,89262,88578,88190,88190,324,0.369,1,1
20190331,999,3,822,130,4,89498,88830,88256,88256,390,0.444,1,1
20190331,999,3,830,9,5,89579,89109,88752,88752,886,1.008,1,1
20190331,999,3,825,208,6,89532,89017,88757,88757,891,1.014,1,1
20190331,999,3,832,1,7,89528,89055,88813,88813,947,1.078,1,1
20190331,999,3,154,208,8,89688,89249,89015,89015,1149,1.308,1,1
20190331,999,3,8,50,9,89959,89471,89022,89022,1156,1.316,1,1
20190331,999,3,845,1,10,89381,89258,89043,89043,1177,1.34,1,1
20190331,999,3,817,4,11,89859,89488,,89488,1622,1.846,1,0
20190331,999,3,847,5,12,89514,89513,,89513,1647,1.874,1,0
20190331,999,3,453,9,13,89900,89526,,89526,1660,1.889,1,0
20190331,999,3,815,209,14,89893,89756,,89756,1890,2.151,1,0
20190331,999,3,826,5,15,89876,89854,,89854,1988,2.263,1,0
20190331,999,3,841,50,16,90026,,,90026,2160,2.458,0,0
20190331,999,3,808,4,17,90034,,,90034,2168,2.467,0,0
20190331,999,3,840,209,18,90217,,,90217,2351,2.676,0,0
20190331,999,3,846,3,19,91759,,,91759,3893,4.431,0,0
20190331,999,3,9,3,20,91799,,,91799,3933,4.476,0,0
20190414,1000,17,822,130,1,92658,91728,91547,91547,0,0.0,1,1
20190414,1000,17,1,130,2,93115,91637,91570,91570,23,0.025,1,1
20190414,1000,17,20,6,3,93557,92232,91848,91848,301,0.329,1,1
20190414,1000,17,843,6,4,92712,92324,91865,91865,318,0.347,1,1
20190414,1000,17,830,9,5,93274,92369,92089,92089,542,0.592,1,1
20190414,1000,17,453,9,6,93863,92948,92930,92930,1383,1.511,1,1
20190414,1000,17,817,4,7,93709,93214,92958,92958,1411,1.541,1,1
20190414,1000,17,808,4,8,93644,93968,92962,92962,1415,1.546,1,1
20190414,1000,17,825,208,9,94036,93150,,93150,1603,1.751,1,0
20190414,1000,17,154,208,10,93752,93156,,93156,1609,1.758,1,0
20190414,1000,17,826,5,11,93783,93236,,93236,1689,1.845,1,0
20190414,1000,17,815,209,12,94026,93299,,93299,1752,1.914,1,0
20190414,1000,17,8,50,13,94125,93419,,93419,1872,2.045,1,0
20190414,1000,17,832,1,14,93686,93523,,93523,1976,2.158,1,0
20190414,1000,17,845,1,15,94148,93967,,93967,2420,2.643,1,0
20190414,1000,17,840,209,16,94292,,,94292,2745,2.998,0,0
20190414,1000,17,846,3,17,95253,,,95253,3706,4.048,0,0
20190414,1000,17,9,3,18,95281,,,95281,3734,4.079,0,0
20190428,1001,72,822,130,1,102026,101500,100495,100495,0,0.0,1,1
20190428,1001,72,1,130,2,101614,101580,100554,100554,59,0.059,1,1
20190428,1001,72,20,6,3,102042,101889,100797,100797,302,0.301,1,1
20190428,1001,72,830,9,4,101727,101388,101069,101069,574,0.571,1,1
20190428,1001,72,815,209,5,102249,101870,101593,101593,1098,1.093,1,1
20190428,1001,72,826,5,6,102324,102221,101681,101681,1186,1.18,1,1
20190428,1001,72,845,1,7,102371,102084,101886,101886,1391,1.384,1,1
20190428,1001,72,841,50,8,102140,102381,102424,102140,1645,1.637,1,1
20190428,1001,72,843,6,9,101426,101995,,101426,931,0.926,1,0
20190428,1001,72,832,1,10,101936,102398,,101936,1441,1.434,1,0
20190428,1001,72,817,4,11,102486,102477,,102477,1982,1.972,1,0
20190428,1001,72,847,5,12,102154,102494,,102154,1659,1.651,1,0
20190428,1001,72,825,208,13,102382,102699,,102382,1887,1.878,1,0
20190428,1001,72,840,209,14,102630,,,102630,2135,2.124,0,0
20190428,1001,72,154,208,15,103407,,,103407,2912,2.898,0,0
20190428,1001,72,808,4,16,103427,,,103427,2932,2.918,0,0
20190428,1001,72,846,3,17,105062,,,105062,4567,4.545,0,0
20190428,1001,72,9,3,18,105455,,,105455,4960,4.936,0,0
20190428,1001,72,8,50,19,,,,,,,0,0
20190428,1001,72,453,9,20,,,,,,,0,0
20190512,1002,4,822,130,1,76979,75924,75406,75406,0,0.0,1,1
20190512,1002,4,1,130,2,77292,76038,76040,76038,632,0.838,1,1
20190512,1002,4,20,6,3,77425,76667,76272,76272,866,1.148,1,1
20190512,1002,4,830,9,4,77244,76726,76357,76357,951,1.261,1,1
20190512,1002,4,843,6,5,77388,76714,76588,76588,1182,1.568,1,1
20190512,1002,4,453,9,6,77862,76932,76708,76708,1302,1.727,1,1
20190512,1002,4,154,208,7,78042,77066,76911,76911,1505,1.996,1,1
20190512,1002,4,825,208,8,77669,77272,76922,76922,1516,2.01,1,1
20190512,1002,4,826,5,9,77914,77243,77573,77243,1837,2.436,1,1
20190512,1002,4,817,4,10,78385,77299,78106,77299,1893,2.51,1,1
20190512,1002,4,845,1,11,77611,77338,,77338,1932,2.562,1,0
20190512,1002,4,847,5,12,77796,77445,,77445,2039,2.704,1,0
20190512,1002,4,832,1,13,77760,77599,,77599,2193,2.908,1,0
20190512,1002,4,8,50,14,78132,77788,,77788,2382,3.159,1,0
20190512,1002,4,815,209,15,78286,77886,,77886,2480,3.289,1,0
20190512,1002,4,808,4,16,78404,,,78404,2998,3.976,0,0
20190512,1002,4,840,209,17,78471,,,78471,3065,4.065,0,0
20190512,1002,4,841,50,18,78664,,,78664,3258,4.321,0,0
20190512,1002,4,846,3,19,79072,,,79072,3666,4.862,0,0
20190512,1002,4,9,3,20,80254,,,80254,4848,6.429,0,0
20190526,1003,6,1,130,1,71542,70835,70166,70166,0,0.0,1,1
20190526,1003,6,822,130,2,71562,70701,70252,70252,86,0.123,1,1
20190526,1003,6,830,9,3,71597,70618,70641,70618,452,0.644,1,1
20190526,1003,6,20,6,4,71434,71227,70947,70947,781,1.113,1,1
20190526,1003,6,453,9,5,71740,71457,71041,71041,875,1.247,1,1
20190526,1003,6,825,208,6,71865,71363,71109,71109,943,1.344,1,1
20190526,1003,6,817,4,7,71767,71543,71218,71218,1052,1.499,1,1
20190526,1003,6,826,5,8,71602,71412,71271,71271,1105,1.575,1,1
20190526,1003,6,832,1,9,71872,71608,71417,71417,1251,1.783,1,1
20190526,1003,6,847,5,10,72007,71429,71653,71429,1263,1.8,1,1
20190526,1003,6,808,4,11,72097,71670,,71670,1504,2.143,1,0
20190526,1003,6,845,1,12,71845,71724,,71724,1558,2.22,1,0
20190526,1003,6,154,208,13,71837,72027,,71837,1671,2.381,1,0
20190526,1003,6,8,50,14,71993,72115,,71993,1827,2.604,1,0
20190526,1003,6,841,50,15,71976,72185,,71976,1810,2.58,1,0
20190526,1003,6,843,6,16,72149,,,72149,1983,2.826,0,0
20190526,1003,6,815,209,17,72233,,,72233,2067,2.946,0,0
20190526,1003,6,840,209,18,72846,,,72846,2680,3.82,0,0
20190526,1003,6,846,3,19,73477,,,73477,3311,4.719,0,0
20190526,1003,6,9,3,20,73751,,,73751,3585,5.109,0,0
20190609,1004,7,20,6,1,71200,71142,70240,70240,0,0.0,1,1
20190609,1004,7,1,130,2,71518,71010,70446,70446,206,0.293,1,1
20190609,1004,7,843,6,3,71214,71205,70920,70920,680,0.968,1,1
20190609,1004,7,817,4,4,71837,71532,71071,71071,831,1.183,1,1
20190609,1004,7,453,9,5,72023,71196,71079,71079,839,1.194,1,1
20190609,1004,7,822,130,6,71229,71095,71101,71095,855,1.217,1,1
20190609,1004,7,808,4,7,71720,71553,71324,71324,1084,1.543,1,1
20190609,1004,7,845,1,8,71780,71735,71863,71735,1495,2.128,1,1
20190609,1004,7,832,1,9,71750,71572,73981,71572,1332,1.896,1,1
20190609,1004,7,825,208,10,72107,71786,,71786,1546,2.201,1,0
20190609,1004,7,830,9,11,71619,71800,,71619,1379,1.963,1,0
20190609,1004,7,826,5,12,71965,71921,,71921,1681,2.393,1,0
20190609,1004,7,841,50,13,72122,72136,,72122,1882,2.679,1,0
20190609,1004,7,847,5,14,72020,72193,,72020,1780,2.534,1,0
20190609,1004,7,154,208,15,72109,,,72109,1869,2.661,0,0
20190609,1004,7,815,209,16,72197,,,72197,1957,2.786,0,0
20190609,1004,7,8,50,17,72230,,,72230,1990,2.833,0,0
20190609,1004,7,840,209,18,72266,,,72266,2026,2.884,0,0
20190609,1004,7,846,3,19,73617,,,73617,3377,4.808,0,0
20190609,1004,7,9,3,20,74393,,,74393,4153,5.913,0,0
20190623,1005,34,1,130,1,90609,89520,88319,88319,0,0.0,1,1
20190623,1005,34,822,130,2,90550,89437,88605,88605,286,0.324,1,1
20190623,1005,34,843,6,3,90647,89699,88965,88965,646,0.731,1,1
20190623,1005,34,830,9,4,91327,90099,89409,89409,1090,1.234,1,1
20190623,1005,34,845,1,5,90989,90019,89418,89418,1099,1.244,1,1
20190623,1005,34,832,1,6,91073,90319,89522,89522,1203,1.362,1,1
20190623,1005,34,20,6,7,91075,89506,89799,89506,1187,1.344,1,1
20190623,1005,34,817,4,8,90954,90369,89918,89918,1599,1.81,1,1
20190623,1005,34,453,9,9,91152,90421,90184,90184,1865,2.112,1,1
20190623,1005,34,841,50,10,91180,90408,93420,90408,2089,2.365,1,1
20190623,1005,34,847,5,11,91445,90461,,90461,2142,2.425,1,0
20190623,1005,34,8,50,12,90972,90533,,90533,2214,2.507,1,0
20190623,1005,34,808,4,13,90865,90544,,90544,2225,2.519,1,0
20190623,1005,34,815,209,14,90964,90738,,90738,2419,2.739,1,0
20190623,1005,34,825,208,15,91166,91440,,91166,2847,3.224,1,0
20190623,1005,34,826,5,16,91564,,,91564,3245,3.674,0,0
20190623,1005,34,154,208,17,91626,,,91626,3307,3.744,0,0
20190623,1005,34,840,209,18,91726,,,91726,3407,3.858,0,0
20190623,1005,34,846,3,19,92789,,,92789,4470,5.061,0,0
20190623,1005,34,9,3,20,93205,,,93205,4886,5.532,0,0
20190630,1006,70,843,6,1,64138,63378,63003,63003,0,0.0,1,1
20190630,1006,70,1,130,2,63818,63803,63262,63262,259,0.411,1,1
20190630,1006,70,830,9,3,63807,63835,63439,63439,436,0.692,1,1
20190630,1006,70,822,130,4,64084,63863,63537,63537,534,0.848,1,1
20190630,1006,70,825,208,5,64778,64466,64072,64072,1069,1.697,1,1
20190630,1006,70,845,1,6,64361,64211,64099,64099,1096,1.74,1,1
20190630,1006,70,8,50,7,64615,64056,64166,64056,1053,1.671,1,1
20190630,1006,70,841,50,8,64450,64194,64179,64179,1176,1.867,1,1
20190630,1006,70,453,9,9,64412,63988,64199,63988,985,1.563,1,1
20190630,1006,70,20,6,10,64430,63667,,63667,664,1.054,1,0
20190630,1006,70,154,208,11,64552,64490,,64490,1487,2.36,1,0
20190630,1006,70,808,4,12,64733,64516,,64516,1513,2.401,1,0
20190630,1006,70,847,5,13,64708,64665,,64665,1662,2.638,1,0
20190630,1006,70,817,4,14,64647,64790,,64647,1644,2.609,1,0
20190630,1006,70,832,1,15,64453,73601,,64453,1450,2.301,1,0
20190630,1006,70,815,209,16,64789,,,64789,1786,2.835,0,0
20190630,1006,70,840,209,17,64832,,,64832,1829,2.903,0,0
20190630,1006,70,826,5,18,65324,,,65324,2321,3.684,0,0
20190630,1006,70,846,3,19,65904,,,65904,2901,4.605,0,0
20190630,1006,70,9,3,20,66206,,,66206,3203,5.084,0,0
20190714,1007,9,822,130,1,85750,85672,85093,85093,0,0.0,1,1
20190714,1007,9,1,130,2,85513,85840,85099,85099,6,0.007,1,1
20190714,1007,9,843,6,3,85533,85546,85172,85172,79,0.093,1,1
20190714,1007,9,830,9,4,85700,85848,85276,85276,183,0.215,1,1
20190714,1007,9,453,9,5,86273,86038,85590,85590,497,0.584,1,1
20190714,1007,9,20,6,6,85898,86023,85787,85787,694,0.816,1,1
20190714,1007,9,817,4,7,86428,86283,86182,86182,1089,1.28,1,1
20190714,1007,9,845,1,8,86079,86385,86224,86079,986,1.159,1,1
20190714,1007,9,847,5,9,86482,86403,86345,86345,1252,1.471,1,1
20190714,1007,9,808,4,10,86568,86397,86386,86386,1293,1.52,1,1
20190714,1007,9,841,50,11,86449,86519,,86449,1356,1.594,1,0
20190714,1007,9,8,50,12,86558,86546,,86546,1453,1.708,1,0
20190714,1007,9,832,1,13,86203,86578,,86203,1110,1.304,1,0
20190714,1007,9,154,208,14,86347,86757,,86347,1254,1.474,1,0
20190714,1007,9,815,209,15,86649,86928,,86649,1556,1.829,1,0
20190714,1007,9,825,208,16,86662,,,86662,1569,1.844,0,0
20190714,1007,9,826,5,17,86721,,,86721,1628,1.913,0,0
20190714,1007,9,840,209,18,86762,,,86762,1669,1.961,0,0
20190714,1007,9,846,3,19,87789,,,87789,2696,3.168,0,0
20190714,1007,9,9,3,20,88257,,,88257,3164,3.718,0,0
20190728,1008,10,1,130,1,72852,72149,71767,71767,0,0.0,1,1
20190728,1008,10,830,9,2,72593,72427,72113,72113,346,0.482,1,1
20190728,1008,10,822,130,3,73075,72424,72129,72129,362,0.504,1,1
20190728,1008,10,453,9,4,72991,72385,72522,72385,618,0.861,1,1
20190728,1008,10,8,50,5,73066,72519,72538,72519,752,1.048,1,1
20190728,1008,10,154,208,6,73146,72769,72851,72769,1002,1.396,1,1
20190728,1008,10,832,1,7,73221,72632,72897,72632,865,1.205,1,1
20190728,1008,10,815,209,8,73194,72776,73065,72776,1009,1.406,1,1
20190728,1008,10,808,4,9,73186,72766,73126,72766,999,1.392,1,1
20190728,1008,10,843,6,10,72229,72344,,72229,462,0.644,1,0
20190728,1008,10,841,50,11,73170,72786,,72786,1019,1.42,1,0
20190728,1008,10,825,208,12,73103,72789,,72789,1022,1.424,1,0
20190728,1008,10,817,4,13,73131,72799,,72799,1032,1.438,1,0
20190728,1008,10,826,5,14,73278,73135,,73135,1368,1.906,1,0
20190728,1008,10,840,209,15,73256,73450,,73256,1489,2.075,1,0
20190728,1008,10,845,1,16,73333,,,73333,1566,2.182,0,0
20190728,1008,10,847,5,17,73461,,,73461,1694,2.36,0,0
20190728,1008,10,846,3,18,74721,,,74721,2954,4.116,0,0
20190728,1008,10,9,3,19,74839,,,74839,3072,4.281,0,0
20190728,1008,10,20,6,20,,,,,,,0,0
20190804,1009,11,830,9,1,75817,75573,74572,74572,0,0.0,1,1
20190804,1009,11,822,130,2,76078,75669,74590,74590,18,0.024,1,1
20190804,1009,11,1,130,3,76068,75548,74769,74769,197,0.264,1,1
20190804,1009,11,843,6,4,76337,75792,75043,75043,471,0.632,1,1
20190804,1009,11,20,6,5,76452,75885,75071,75071,499,0.669,1,1
20190804,1009,11,453,9,6,76716,76393,75450,75450,878,1.177,1,1
20190804,1009,11,845,1,7,76697,76060,75800,75800,1228,1.647,1,1
20190804,1009,11,832,1,8,76493,76308,75852,75852,1280,1.716,1,1
20190804,1009,11,154,208,9,76978,76319,76013,76013,1441,1.932,1,1
20190804,1009,11,8,50,10,76506,76518,76041,76041,1469,1.97,1,1
20190804,1009,11,808,4,11,76790,76565,,76565,1993,2.673,1,0
20190804,1009,11,847,5,12,76912,76687,,76687,2115,2.836,1,0
20190804,1009,11,826,5,13,76750,76692,,76692,2120,2.843,1,0
20190804,1009,11,841,50,14,76894,76804,,76804,2232,2.993,1,0
20190804,1009,11,825,208,15,76122,77081,,76122,1550,2.079,1,0
20190804,1009,11,846,3,16,77031,,,77031,2459,3.297,0,0
20190804,1009,11,815,209,17,77109,,,77109,2537,3.402,0,0
20190804,1009,11,817,4,18,77257,,,77257,2685,3.601,0,0
20190804,1009,11,840,209,19,77542,,,77542,2970,3.983,0,0
20190804,1009,11,9,3,20,78324,,,78324,3752,5.031,0,0
20190901,1010,13,843,6,1,103587,102938,102519,102519,0,0.0,1,1
20190901,1010,13,20,6,2,104109,103037,103267,103037,518,0.505,1,1
20190901,1010,13,1,130,3,105260,103592,103282,103282,763,0.744,1,1
20190901,1010,13,822,130,4,105141,103980,103415,103415,896,0.874,1,1
20190901,1010,13,830,9,5,104622,104132,103690,103690,1171,1.142,1,1
20190901,1010,13,817,4,6,105560,104103,104257,104103,1584,1.545,1,1
20190901,1010,13,808,4,7,105899,104549,104542,104542,2023,1.973,1,1
20190901,1010,13,8,50,8,105842,104140,104557,104140,1621,1.581,1,1
20190901,1010,13,815,209,9,105732,104707,104706,104706,2187,2.133,1,1
20190901,1010,13,825,208,10,105839,104738,105086,104738,2219,2.164,1,1
20190901,1010,13,154,208,11,105694,104797,,104797,2278,2.222,1,0
20190901,1010,13,845,1,12,106154,104847,,104847,2328,2.271,1,0
20190901,1010,13,840,209,13,106000,105047,,105047,2528,2.466,1,0
20190901,1010,13,847,9,14,105528,105799,,105528,3009,2.935,1,0
20190901,1010,13,841,50,15,105637,,,105637,3118,3.041,0,0
20190901,1010,13,453,5,16,106435,,,106435,3916,3.82,0,0
20190901,1010,13,832,1,17,106507,,,106507,3988,3.89,0,0
20190901,1010,13,826,5,18,106518,,,106518,3999,3.901,0,0
20190901,1010,13,846,3,19,107548,,,107548,5029,4.905,0,0
20190901,1010,13,9,3,20,,,,,,,0,0
20190908,1011,14,843,6,1,80126,79553,79307,79307,0,0.0,1,1
20190908,1011,14,1,130,2,80272,79464,79346,79346,39,0.049,1,1
20190908,1011,14,822,130,3,80156,80018,79354,79354,47,0.059,1,1
20190908,1011,14,20,6,4,80378,79715,79457,79457,150,0.189,1,1
20190908,1011,14,817,4,5,80374,79833,79839,79833,526,0.663,1,1
20190908,1011,14,808,4,6,80155,80275,80049,80049,742,0.936,1,1
20190908,1011,14,832,1,7,80413,80202,80455,80202,895,1.129,1,1
20190908,1011,14,847,9,8,80382,80021,,80021,714,0.9,1,0
20190908,1011,14,840,209,9,80643,80498,,80498,1191,1.502,1,0
20190908,1011,14,8,50,10,80634,80515,,80515,1208,1.523,1,0
20190908,1011,14,841,50,11,80657,80517,,80517,1210,1.526,1,0
20190908,1011,14,825,208,12,80616,80615,,80615,1308,1.649,1,0
20190908,1011,14,826,5,13,80723,80630,,80630,1323,1.668,1,0
20190908,1011,14,845,1,14,80646,81068,,80646,1339,1.688,1,0
20190908,1011,14,453,5,15,80508,81125,,80508,1201,1.514,1,0
20190908,1011,14,154,208,16,80784,,,80784,1477,1.862,0,0
20190908,1011,14,815,209,17,81291,,,81291,1984,2.502,0,0
20190908,1011,14,846,3,18,81800,,,81800,2493,3.143,0,0
20190908,1011,14,9,3,19,82356,,,82356,3049,3.845,0,0
20190908,1011,14,830,9,20,,,,,,,0,0
20190922,1012,15,843,6,1,98014,96650,96217,96217,0,0.0,1,1
20190922,1012,15,1,130,2,97565,96933,96408,96408,191,0.199,1,1
20190922,1012,15,20,6,3,98374,96720,96437,96437,220,0.229,1,1
20190922,1012,15,830,9,4,98540,97089,96813,96813,596,0.619,1,1
20190922,1012,15,822,130,5,97317,97142,97146,97142,925,0.961,1,1
20190922,1012,15,847,9,6,99106,97865,97411,97411,1194,1.241,1,1
20190922,1012,15,832,1,7,98882,97982,97818,97818,1601,1.664,1,1
20190922,1012,15,808,4,8,99001,98580,98264,98264,2047,2.127,1,1
20190922,1012,15,845,1,9,98606,97572,98329,97572,1355,1.408,1,1
20190922,1012,15,815,209,10,99909,98520,,98520,2303,2.394,1,0
20190922,1012,15,841,50,11,99272,98697,,98697,2480,2.578,1,0
20190922,1012,15,453,5,12,99085,98699,,98699,2482,2.58,1,0
20190922,1012,15,8,50,13,99454,98858,,98858,2641,2.745,1,0
20190922,1012,15,825,208,14,99942,99650,,99650,3433,3.568,1,0
20190922,1012,15,826,5,15,99957,,,99957,3740,3.887,0,0
20190922,1012,15,840,209,16,99979,,,99979,3762,3.91,0,0
20190922,1012,15,154,208,17,100277,,,100277,4060,4.22,0,0
20190922,1012,15,846,3,18,100867,,,100867,4650,4.833,0,0
20190922,1012,15,9,3,19,101186,,,101186,4969,5.164,0,0
20190922,1012,15,817,4,20,,,,,,,0,0
20190929,1013,71,843,6,1,93613,92434,91628,91628,0,0.0,1,1
20190929,1013,71,1,130,2,93230,93134,92030,92030,402,0.439,1,1
20190929,1013,71,20,6,3,93032,92536,92053,92053,425,0.464,1,1
20190929,1013,71,830,9,4,93368,92634,92310,92310,682,0.744,1,1
20190929,1013,71,822,130,5,93413,93281,92632,92632,1004,1.096,1,1
20190929,1013,71,832,1,6,94184,93807,93222,93222,1594,1.74,1,1
20190929,1013,71,808,4,7,94236,93898,93289,93289,1661,1.813,1,1
20190929,1013,71,845,1,8,94201,93725,93301,93301,1673,1.826,1,1
20190929,1013,71,154,208,9,94283,93643,93517,93517,1889,2.062,1,1
20190929,1013,71,817,4,10,94138,93862,93661,93661,2033,2.219,1,1
20190929,1013,71,453,5,11,94456,93950,,93950,2322,2.534,1,0
20190929,1013,71,815,209,12,94336,93958,,93958,2330,2.543,1,0
20190929,1013,71,841,50,13,94755,94037,,94037,2409,2.629,1,0
20190929,1013,71,825,208,14,93889,94082,,93889,2261,2.468,1,0
20190929,1013,71,840,209,15,94287,94233,,94233,2605,2.843,1,0
20190929,1013,71,8,50,16,94840,,,94840,3212,3.505,0,0
20190929,1013,71,846,3,17,95356,,,95356,3728,4.069,0,0
20190929,1013,71,9,3,18,96474,,,96474,4846,5.289,0,0
20190929,1013,71,847,9,19,99197,,,99197,7569,8.261,0,0
20190929,1013,71,826,5,20,99544,,,99544,7916,8.639,0,0
20191013,1014,22,20,6,1,88988,88174,87064,87064,0,0.0,1,1
20191013,1014,22,843,6,2,88405,88179,87253,87253,189,0.217,1,1
20191013,1014,22,822,130,3,88896,87688,87293,87293,229,0.263,1,1
20191013,1014,22,1,130,4,88735,87826,87302,87302,238,0.273,1,1
20191013,1014,22,830,9,5,88754,88499,87851,87851,787,0.904,1,1
20191013,1014,22,847,9,6,89351,88156,87851,87851,787,0.904,1,1
20191013,1014,22,832,1,7,89018,88577,88304,88304,1240,1.424,1,1
20191013,1014,22,845,1,8,88873,88571,88464,88464,1400,1.608,1,1
20191013,1014,22,453,5,9,89411,88779,88836,88779,1715,1.97,1,1
20191013,1014,22,154,208,10,89572,89144,89341,89144,2080,2.389,1,1
20191013,1014,22,841,50,11,89604,89254,,89254,2190,2.515,1,0
20191013,1014,22,840,209,12,89594,89345,,89345,2281,2.62,1,0
20191013,1014,22,8,50,13,89636,89358,,89358,2294,2.635,1,0
20191013,1014,22,826,5,14,89723,89563,,89563,2499,2.87,1,0
20191013,1014,22,808,4,15,89619,90112,,89619,2555,2.935,1,0
20191013,1014,22,817,4,16,89822,,,89822,2758,3.168,0,0
20191013,1014,22,815,209,17,90344,,,90344,3280,3.767,0,0
20191013,1014,22,846,3,18,90364,,,90364,3300,3.79,0,0
20191013,1014,22,825,208,19,,,,,,,0,0
20191013,1014,22,9,3,20,,,,,,,0,0
20191027,1015,32,830,9,1,75949,76136,74758,74758,0,0.0,1,1
20191027,1015,32,843,6,2,76364,76219,75024,75024,266,0.356,1,1
20191027,1015,32,20,6,3,76696,75914,75170,75170,412,0.551,1,1
20191027,1015,32,1,130,4,76424,75721,75262,75262,504,0.674,1,1
20191027,1015,32,847,9,5,76175,76574,75336,75336,578,0.773,1,1
20191027,1015,32,822,130,6,77062,75852,75338,75338,580,0.776,1,1
20191027,1015,32,832,1,7,77044,76267,76014,76014,1256,1.68,1,1
20191027,1015,32,845,1,8,77092,76447,76322,76322,1564,2.092,1,1
20191027,1015,32,826,5,9,77041,76657,76469,76469,1711,2.289,1,1
20191027,1015,32,453,5,10,77065,76679,76586,76586,1828,2.445,1,1
20191027,1015,32,815,209,11,77465,76687,,76687,1929,2.58,1,0
20191027,1015,32,808,4,12,77608,76885,,76885,2127,2.845,1,0
20191027,1015,32,817,4,13,77270,76933,,76933,2175,2.909,1,0
20191027,1015,32,8,50,14,77225,76967,,76967,2209,2.955,1,0
20191027,1015,32,841,50,15,77794,77269,,77269,2511,3.359,1,0
20191027,1015,32,840,209,16,78065,,,78065,3307,4.424,0,0
20191027,1015,32,825,208,17,78436,,,78436,3678,4.92,0,0
20191027,1015,32,154,208,18,78599,,,78599,3841,5.138,0,0
20191027,1015,32,846,3,19,78823,,,78823,4065,5.438,0,0
20191027,1015,32,9,3,20,80179,,,80179,5421,7.251,0,0
20191103,1016,69,822,130,1,93750,93160,92029,92029,0,0.0,1,1
20191103,1016,69,20,6,2,93766,93782,92041,92041,12,0.013,1,1
20191103,1016,69,830,9,3,93549,93120,92096,92096,67,0.073,1,1
20191103,1016,69,843,6,4,93988,92760,92137,92137,108,0.117,1,1
20191103,1016,69,1,130,5,93454,93045,92321,92321,292,0.317,1,1
20191103,1016,69,847,9,6,93984,92898,92548,92548,519,0.564,1,1
20191103,1016,69,832,1,7,93916,93422,92847,92847,818,0.889,1,1
20191103,1016,69,845,1,8,93353,93316,93175,93175,1146,1.245,1,1
20191103,1016,69,817,4,9,93835,93608,93488,93488,1459,1.585,1,1
20191103,1016,69,453,5,10,93556,93715,93601,93556,1527,1.659,1,1
20191103,1016,69,808,4,11,94092,93815,,93815,1786,1.941,1,0
20191103,1016,69,825,208,12,93812,93979,,93812,1783,1.937,1,0
20191103,1016,69,826,5,13,94138,93989,,93989,1960,2.13,1,0
20191103,1016,69,840,209,14,93921,94100,,93921,1892,2.056,1,0
20191103,1016,69,154,208,15,94161,94158,,94158,2129,2.313,1,0
20191103,1016,69,841,50,16,94226,,,94226,2197,2.387,0,0
20191103,1016,69,8,50,17,94369,,,94369,2340,2.543,0,0
20191103,1016,69,846,3,18,95372,,,95372,3343,3.633,0,0
20191103,1016,69,815,209,19,95808,,,95808,3779,4.106,0,0
20191103,1016,69,9,3,20,95889,,,95889,3860,4.194,0,0
20191117,1017,18,830,9,1,68242,67503,67508,67503,0,0.0,1,1
20191117,1017,18,20,6,2,68556,68050,67631,67631,128,0.19,1,1
20191117,1017,18,1,130,3,68614,68088,67699,67699,196,0.29,1,1
20191117,1017,18,843,6,4,68496,67888,67728,67728,225,0.333,1,1
20191117,1017,18,822,130,5,68545,68232,67874,67874,371,0.55,1,1
20191117,1017,18,847,9,6,68503,68117,67935,67935,432,0.64,1,1
20191117,1017,18,453,5,7,68909,68770,68837,68770,1267,1.877,1,1
20191117,1017,18,154,208,8,69197,68705,68854,68705,1202,1.781,1,1
20191117,1017,18,8,50,9,69276,68858,68984,68858,1355,2.007,1,1
20191117,1017,18,825,208,10,68875,68803,69037,68803,1300,1.926,1,1
20191117,1017,18,845,1,11,68891,68868,,68868,1365,2.022,1,0
20191117,1017,18,817,4,12,69086,68903,,68903,1400,2.074,1,0
20191117,1017,18,841,50,13,69175,68919,,68919,1416,2.098,1,0
20191117,1017,18,808,4,14,69050,68921,,68921,1418,2.101,1,0
20191117,1017,18,815,209,15,69288,69035,,69035,1532,2.27,1,0
20191117,1017,18,826,5,16,69320,,,69320,1817,2.692,0,0
20191117,1017,18,840,209,17,69536,,,69536,2033,3.012,0,0
20191117,1017,18,846,3,18,70126,,,70126,2623,3.886,0,0
20191117,1017,18,9,3,19,70614,,,70614,3111,4.609,0,0
20191117,1017,18,832,1,20,,,,,,,0,0
20191201,1018,24,1,130,1,95851,95634,94779,94779,0,0.0,1,1
20191201,1018,24,822,130,2,96200,95674,94973,94973,194,0.205,1,1
20191201,1018,24,830,9,3,96390,96275,95139,95139,360,0.38,1,1
20191201,1018,24,843,6,4,96478,95543,95219,95219,440,0.464,1,1
20191201,1018,24,20,6,5,96963,95786,95339,95339,560,0.591,1,1
20191201,1018,24,847,9,6,96102,96718,95682,95682,903,0.953,1,1
20191201,1018,24,845,1,7,97545,96764,96436,96436,1657,1.748,1,1
20191201,1018,24,817,4,8,97106,96785,96456,96456,1677,1.769,1,1
20191201,1018,24,832,1,9,97358,96308,96459,96308,1529,1.613,1,1
20191201,1018,24,808,4,10,97506,96859,96710,96710,1931,2.037,1,1
20191201,1018,24,815,209,11,96961,97055,,96961,2182,2.302,1,0
20191201,1018,24,453,5,12,97198,97089,,97089,2310,2.437,1,0
20191201,1018,24,840,209,13,97528,97103,,97103,2324,2.452,1,0
20191201,1018,24,826,5,14,97683,97141,,97141,2362,2.492,1,0
20191201,1018,24,825,208,15,97710,97254,,97254,2475,2.611,1,0
20191201,1018,24,154,208,16,98051,,,98051,3272,3.452,0,0
20191201,1018,24,841,50,17,98114,,,98114,3335,3.519,0,0
20191201,1018,24,8,50,18,98383,,,98383,3604,3.803,0,0
20191201,1018,24,846,3,19,98717,,,98717,3938,4.155,0,0
20191201,1018,24,9,3,20,99236,,,99236,4457,4.703,0,0
20200705,1019,70,822,130,1,64111,63015,62939,62939,0,0.0,1,1
20200705,1019,70,1,130,2,64198,63096,62951,62951,12,0.019,1,1
20200705,1019,70,830,9,3,64024,64000,63477,63477,538,0.855,1,1
20200705,1019,70,845,1,4,64606,63819,63626,63626,687,1.092,1,1
20200705,1019,70,847,9,5,64661,63746,63868,63746,807,1.282,1,1
20200705,1019,70,815,209,6,64543,63860,63868,63860,921,1.463,1,1
20200705,1019,70,843,6,7,64500,64041,63923,63923,984,1.563,1,1
20200705,1019,70,832,1,8,64537,63971,63971,63971,1032,1.64,1,1
20200705,1019,70,840,209,9,64309,63955,64029,63955,1016,1.614,1,1
20200705,1019,70,817,4,10,64556,64023,64239,64023,1084,1.722,1,1
20200705,1019,70,20,6,11,64554,64206,,64206,1267,2.013,1,0
20200705,1019,70,453,210,12,64603,64305,,64305,1366,2.17,1,0
20200705,1019,70,826,210,13,65031,64431,,64431,1492,2.371,1,0
20200705,1019,70,839,4,14,64933,64643,,64643,1704,2.707,1,0
20200705,1019,70,154,208,15,65094,64691,,64691,1752,2.784,1,0
20200705,1019,70,825,208,16,65164,,,65164,2225,3.535,0,0
20200705,1019,70,846,3,17,65167,,,65167,2228,3.54,0,0
20200705,1019,70,841,50,18,65175,,,65175,2236,3.553,0,0
20200705,1019,70,8,50,19,65224,,,65224,2285,3.63,0,0
20200705,1019,70,848,3,20,65757,,,65757,2818,4.477,0,0
20200712,1020,70,1,130,1,78188,77825,79273,77825,0,0.0,1,1
20200712,1020,70,830,9,2,78297,77938,80489,77938,113,0.145,1,1
20200712,1020,70,832,1,3,78590,78836,80671,78590,765,0.983,1,1
20200712,1020,70,822,130,4,78791,78657,80701,78657,832,1.069,1,1
20200712,1020,70,839,4,5,79687,78764,80922,78764,939,1.207,1,1
20200712,1020,70,845,1,6,78504,78448,80925,78448,623,0.801,1,1
20200712,1020,70,847,9,7,80882,79014,81011,79014,1189,1.528,1,1
20200712,1020,70,453,210,8,80192,78744,81028,78744,919,1.181,1,1
20200712,1020,70,817,4,9,79662,79229,81192,79229,1404,1.804,1,1
20200712,1020,70,20,6,10,80243,79545,81651,79545,1720,2.21,1,1
20200712,1020,70,843,6,11,80871,79628,,79628,1803,2.317,1,0
20200712,1020,70,846,3,12,80382,79636,,79636,1811,2.327,1,0
20200712,1020,70,840,209,13,79697,79645,,79645,1820,2.339,1,0
20200712,1020,70,826,210,14,79824,79717,,79717,1892,2.431,1,0
20200712,1020,70,825,208,15,81140,80211,,80211,2386,3.066,1,0
20200712,1020,70,8,50,16,81140,,,81140,3315,4.26,0,0
20200712,1020,70,815,209,17,81607,,,81607,3782,4.86,0,0
20200712,1020,70,848,3,18,81759,,,81759,3934,5.055,0,0
20200712,1020,70,841,50,19,81831,,,81831,4006,5.147,0,0
20200712,1020,70,154,208,20,,,,,,,0,0
20200719,1021,11,822,130,2,75474,74530,73554,73554,107,0.146,1,1
20200719,1021,11,840,209,3,74895,75176,74377,74377,930,1.266,1,1
20200719,1021,11,815,209,4,74681,75394,74545,74545,1098,1.495,1,1
20200719,1021,11,20,6,5,75455,75131,74774,74774,1327,1.807,1,1
20200719,1021,11,843,6,6,75793,75006,74817,74817,1370,1.865,1,1
20200719,1021,11,830,9,7,75495,74976,74849,74849,1402,1.909,1,1
20200719,1021,11,845,1,8,75444,75085,74966,74966,1519,2.068,1,1
20200719,1021,11,832,1,9,75281,75267,75027,75027,1580,2.151,1,1
20200719,1021,11,453,210,10,75767,75508,,75508,2061,2.806,1,0
20200719,1021,11,817,4,11,75848,75661,,75661,2214,3.014,1,0
20200719,1021,11,846,3,12,75585,75698,,75585,2138,2.911,1,0
20200719,1021,11,847,9,13,75722,75715,,75715,2268,3.088,1,0
20200719,1021,11,839,4,14,75719,75742,,75719,2272,3.093,1,0
20200719,1021,11,848,3,15,76105,76544,,76105,2658,3.619,1,0
20200719,1021,11,825,208,16,76152,,,76152,2705,3.683,0,0
20200719,1021,11,826,210,17,76204,,,76204,2757,3.754,0,0
20200719,1021,11,154,208,18,76407,,,76407,2960,4.03,0,0
20200719,1021,11,841,50,19,76506,,,76506,3059,4.165,0,0
20200719,1021,11,8,50,20,76614,,,76614,3167,4.312,0,0
20200719,1021,11,1,130,1,74907,74261,73447,73447,0,0.0,1,1
20200802,1022,9,1,130,1,85900,85347,84303,84303,0,0.0,1,1
20200802,1022,9,822,130,2,85801,85015,84616,84616,313,0.371,1,1
20200802,1022,9,830,9,3,86115,86144,85325,85325,1022,1.212,1,1
20200802,1022,9,843,6,4,86550,86203,85427,85427,1124,1.333,1,1
20200802,1022,9,845,1,5,86855,86420,85782,85782,1479,1.754,1,1
20200802,1022,9,840,209,6,86243,86501,85839,85839,1536,1.822,1,1
20200802,1022,9,832,1,7,86715,86149,85965,85965,1662,1.971,1,1
20200802,1022,9,817,4,8,86677,86339,86009,86009,1706,2.024,1,1
20200802,1022,9,839,4,9,86396,86252,86209,86209,1906,2.261,1,1
20200802,1022,9,20,6,10,86469,86455,86339,86339,2036,2.415,1,1
20200802,1022,9,453,210,11,86343,86501,,86343,2040,2.42,1,0
20200802,1022,9,847,9,12,86565,86545,,86545,2242,2.659,1,0
20200802,1022,9,808,209,13,86327,86566,,86327,2024,2.401,1,0
20200802,1022,9,826,210,14,86774,86744,,86744,2441,2.896,1,0
20200802,1022,9,846,3,15,86732,87092,,86732,2429,2.881,1,0
20200802,1022,9,825,208,16,87158,,,87158,2855,3.387,0,0
20200802,1022,9,841,50,17,87164,,,87164,2861,3.394,0,0
20200802,1022,9,8,50,18,87366,,,87366,3063,3.633,0,0
20200802,1022,9,154,208,19,87643,,,87643,3340,3.962,0,0
20200802,1022,9,848,3,20,87705,,,87705,3402,4.035,0,0
20200809,1023,9,822,130,1,86738,85785,85154,85154,0,0.0,1,1
20200809,1023,9,1,130,2,86818,86266,85217,85217,63,0.074,1,1
20200809,1023,9,808,209,3,87279,86261,86082,86082,928,1.09,1,1
20200809,1023,9,830,9,4,87154,86779,86176,86176,1022,1.2,1,1
20200809,1023,9,817,4,5,87442,86636,86297,86297,1143,1.342,1,1
20200809,1023,9,840,209,6,87187,86674,86428,86428,1274,1.496,1,1
20200809,1023,9,453,210,7,87154,86523,86534,86523,1369,1.608,1,1
20200809,1023,9,843,6,8,87427,86709,86614,86614,1460,1.715,1,1
20200809,1023,9,847,9,9,87153,86642,86669,86642,1488,1.747,1,1
20200809,1023,9,845,1,10,87217,86885,86778,86778,1624,1.907,1,1
20200809,1023,9,839,4,11,87278,87011,,87011,1857,2.181,1,0
20200809,1023,9,20,6,12,87612,87078,,87078,1924,2.259,1,0
20200809,1023,9,832,1,13,87450,87083,,87083,1929,2.265,1,0
20200809,1023,9,154,208,14,87519,87254,,87254,2100,2.466,1,0
20200809,1023,9,846,3,15,87757,87455,,87455,2301,2.702,1,0
20200809,1023,9,826,210,16,87882,,,87882,2728,3.204,0,0
20200809,1023,9,825,208,17,88236,,,88236,3082,3.619,0,0
20200809,1023,9,848,3,18,88430,,,88430,3276,3.847,0,0
20200809,1023,9,841,50,19,88433,,,88433,3279,3.851,0,0
20200809,1023,9,8,50,20,88493,,,88493,3339,3.921,0,0
20200816,1024,4,1,130,1,76872,76013,75584,75584,0,0.0,1,1
20200816,1024,4,822,130,2,77243,76152,75643,75643,59,0.078,1,1
20200816,1024,4,830,9,3,77213,76518,76292,76292,708,0.937,1,1
20200816,1024,4,815,209,4,77117,76936,76482,76482,898,1.188,1,1
20200816,1024,4,840,209,5,77316,76666,76589,76589,1005,1.33,1,1
20200816,1024,4,847,9,6,77419,77163,77029,77029,1445,1.912,1,1
20200816,1024,4,832,1,7,77438,76876,77044,76876,1292,1.709,1,1
20200816,1024,4,845,1,8,77577,77166,77084,77084,1500,1.985,1,1
20200816,1024,4,843,6,9,77256,76953,77087,76953,1369,1.811,1,1
20200816,1024,4,453,210,10,77356,76800,77136,76800,1216,1.609,1,1
20200816,1024,4,20,6,11,77573,77168,,77168,1584,2.096,1,0
20200816,1024,4,826,210,12,77676,77192,,77192,1608,2.127,1,0
20200816,1024,4,817,4,13,77667,77198,,77198,1614,2.135,1,0
20200816,1024,4,8,50,14,77797,77386,,77386,1802,2.384,1,0
20200816,1024,4,839,4,15,77765,77567,,77567,1983,2.624,1,0
20200816,1024,4,825,208,16,77908,,,77908,2324,3.075,0,0
20200816,1024,4,154,208,17,78089,,,78089,2505,3.314,0,0
20200816,1024,4,846,3,18,78099,,,78099,2515,3.327,0,0
20200816,1024,4,848,3,19,78532,,,78532,2948,3.9,0,0
20200816,1024,4,841,50,20,78697,,,78697,3113,4.119,0,0
20200830,1025,13,1,130,1,102323,102014,101252,101252,0,0.0,1,1
20200830,1025,13,822,130,2,102534,102126,101763,101763,511,0.505,1,1
20200830,1025,13,830,9,3,103197,102473,101778,101778,526,0.519,1,1
20200830,1025,13,817,4,4,103309,102487,102061,102061,809,0.799,1,1
20200830,1025,13,847,9,5,103418,102193,102264,102193,941,0.929,1,1
20200830,1025,13,839,4,6,103505,102534,102396,102396,1144,1.13,1,1
20200830,1025,13,832,1,7,103322,102478,102438,102438,1186,1.171,1,1
20200830,1025,13,815,209,8,103349,102670,102532,102532,1280,1.264,1,1
20200830,1025,13,840,209,9,103265,102491,102603,102491,1239,1.224,1,1
20200830,1025,13,845,1,10,103514,102722,102657,102657,1405,1.388,1,1
20200830,1025,13,826,210,11,103267,102730,,102730,1478,1.46,1,0
20200830,1025,13,453,210,12,103262,102745,,102745,1493,1.475,1,0
20200830,1025,13,843,6,13,103656,102996,,102996,1744,1.722,1,0
20200830,1025,13,20,6,14,103567,103261,,103261,2009,1.984,1,0
20200830,1025,13,846,3,15,103630,103468,,103468,2216,2.189,1,0
20200830,1025,13,8,50,16,103743,,,103743,2491,2.46,0,0
20200830,1025,13,154,208,17,103838,,,103838,2586,2.554,0,0
20200830,1025,13,841,50,18,103950,,,103950,2698,2.665,0,0
20200830,1025,13,848,3,19,104138,,,104138,2886,2.85,0,0
20200830,1025,13,825,208,20,104314,,,104314,3062,3.024,0,0
20200906,1026,14,1,130,1,79514,79092,78887,78887,0,0.0,1,1
20200906,1026,14,822,130,2,79786,78952,78956,78952,65,0.082,1,1
20200906,1026,14,832,1,3,80099,79705,79695,79695,808,1.024,1,1
20200906,1026,14,815,209,4,80048,79718,79720,79718,831,1.053,1,1
20200906,1026,14,830,9,5,80193,79780,79795,79780,893,1.132,1,1
20200906,1026,14,845,1,6,80344,79962,79820,79820,933,1.183,1,1
20200906,1026,14,817,4,7,80548,80031,79864,79864,977,1.238,1,1
20200906,1026,14,840,209,8,80400,79924,80049,79924,1037,1.315,1,1
20200906,1026,14,847,9,9,81104,80064,80090,80064,1177,1.492,1,1
20200906,1026,14,453,210,10,80145,79909,80177,79909,1022,1.296,1,1
20200906,1026,14,826,210,11,80307,80169,,80169,1282,1.625,1,0
20200906,1026,14,839,4,12,80747,80234,,80234,1347,1.708,1,0
20200906,1026,14,843,6,13,80443,80273,,80273,1386,1.757,1,0
20200906,1026,14,8,50,14,81010,80926,,80926,2039,2.585,1,0
20200906,1026,14,825,208,15,80869,81573,,80869,1982,2.512,1,0
20200906,1026,14,154,208,16,81139,,,81139,2252,2.855,0,0
20200906,1026,14,20,6,17,81151,,,81151,2264,2.87,0,0
20200906,1026,14,841,50,18,81206,,,81206,2319,2.94,0,0
20200906,1026,14,846,3,19,81587,,,81587,2700,3.423,0,0
20200906,1026,14,848,3,20,81717,,,81717,2830,3.587,0,0
20200913,1027,74,1,130,1,75778,75309,75144,75144,0,0.0,1,1
20200913,1027,74,822,130,2,75749,75322,75203,75203,59,0.079,1,1
20200913,1027,74,830,9,3,76335,75471,75509,75471,327,0.435,1,1
20200913,1027,74,847,9,4,76527,75914,75954,75914,770,1.025,1,1
20200913,1027,74,843,6,5,76698,76324,76270,76270,1126,1.498,1,1
20200913,1027,74,815,209,6,76596,76489,76311,76311,1167,1.553,1,1
20200913,1027,74,840,209,7,76701,76271,76356,76271,1127,1.5,1,1
20200913,1027,74,817,4,8,76981,76243,76543,76243,1099,1.463,1,1
20200913,1027,74,832,1,9,76993,76522,77870,76522,1378,1.834,1,1
20200913,1027,74,839,4,10,76825,76297,,76297,1153,1.534,1,0
20200913,1027,74,845,1,11,76895,76640,,76640,1496,1.991,1,0
20200913,1027,74,826,210,12,76928,76854,,76854,1710,2.276,1,0
20200913,1027,74,8,50,13,77059,76854,,76854,1710,2.276,1,0
20200913,1027,74,20,6,14,77072,76858,,76858,1714,2.281,1,0
20200913,1027,74,154,208,15,77069,77254,,77069,1925,2.562,1,0
20200913,1027,74,453,210,16,77125,,,77125,1981,2.636,0,0
20200913,1027,74,841,50,17,77220,,,77220,2076,2.763,0,0
20200913,1027,74,846,3,18,77232,,,77232,2088,2.779,0,0
20200913,1027,74,848,3,19,77320,,,77320,2176,2.896,0,0
20200913,1027,74,825,208,20,77348,,,77348,2204,2.933,0,0
20200927,1028,71,1,130,1,92983,92835,91304,91304,0,0.0,1,1
20200927,1028,71,830,9,2,93630,93157,91867,91867,563,0.617,1,1
20200927,1028,71,822,130,3,92656,92405,91956,91956,652,0.714,1,1
20200927,1028,71,815,209,4,93704,93038,92317,92317,1013,1.109,1,1
20200927,1028,71,817,4,5,93650,92218,92364,92218,914,1.001,1,1
20200927,1028,71,832,1,6,93967,92757,92550,92550,1246,1.365,1,1
20200927,1028,71,839,4,7,93557,93196,92624,92624,1320,1.446,1,1
20200927,1028,71,845,1,8,93804,93081,92847,92847,1543,1.69,1,1
20200927,1028,71,453,210,9,93734,93139,93000,93000,1696,1.858,1,1
20200927,1028,71,847,9,10,93919,93153,93008,93008,1704,1.866,1,1
20200927,1028,71,843,6,11,94071,93239,,93239,1935,2.119,1,0
20200927,1028,71,826,210,12,93511,93249,,93249,1945,2.13,1,0
20200927,1028,71,840,209,13,93852,93364,,93364,2060,2.256,1,0
20200927,1028,71,846,3,14,94020,93583,,93583,2279,2.496,1,0
20200927,1028,71,20,6,15,94134,93609,,93609,2305,2.525,1,0
20200927,1028,71,154,208,16,94592,,,94592,3288,3.601,0,0
20200927,1028,71,841,50,17,94594,,,94594,3290,3.603,0,0
20200927,1028,71,825,208,18,94681,,,94681,3377,3.699,0,0
20200927,1028,71,848,3,19,95066,,,95066,3762,4.12,0,0
20200927,1028,71,8,50,20,95267,,,95267,3963,4.34,0,0
20201011,1029,20,822,130,1,86573,85971,85269,85269,0,0.0,1,1
20201011,1029,20,1,130,2,86620,85390,85525,85390,121,0.142,1,1
20201011,1029,20,830,9,3,86319,85467,85562,85467,198,0.232,1,1
20201011,1029,20,843,6,4,86857,86240,86035,86035,766,0.898,1,1
20201011,1029,20,847,9,5,87126,86285,86047,86047,778,0.912,1,1
20201011,1029,20,817,4,6,86836,86096,86223,86096,827,0.97,1,1
20201011,1029,20,839,4,7,87086,86364,86242,86242,973,1.141,1,1
20201011,1029,20,845,1,8,86829,86316,86458,86316,1047,1.228,1,1
20201011,1029,20,815,209,9,87120,86330,86704,86330,1061,1.244,1,1
20201011,1029,20,832,1,10,87378,86361,86709,86361,1092,1.281,1,1
20201011,1029,20,20,6,11,87107,86738,,86738,1469,1.723,1,0
20201011,1029,20,453,210,12,87072,86776,,86776,1507,1.767,1,0
20201011,1029,20,826,210,13,87285,86848,,86848,1579,1.852,1,0
20201011,1029,20,841,50,14,87532,86936,,86936,1667,1.955,1,0
20201011,1029,20,825,208,15,87231,87125,,87125,1856,2.177,1,0
20201011,1029,20,154,208,16,87552,,,87552,2283,2.677,0,0
20201011,1029,20,846,3,17,87564,,,87564,2295,2.691,0,0
20201011,1029,20,848,3,18,87812,,,87812,2543,2.982,0,0
20201011,1029,20,8,50,19,87817,,,87817,2548,2.988,0,0
20201011,1029,20,808,209,20,88021,,,88021,2752,3.227,0,0
20201025,1030,73,840,209,12,77667,77626,,77626,1160,1.517,1,0
20201025,1030,73,839,4,11,77775,77614,,77614,1148,1.501,1,0
20201025,1030,73,817,4,10,77621,77481,,77481,1015,1.327,1,0
20201025,1030,73,453,210,9,77209,77367,77803,77209,743,0.972,1,1
20201025,1030,73,845,1,8,77547,77321,77525,77321,855,1.118,1,1
20201025,1030,73,832,1,7,77627,77183,77520,77183,717,0.938,1,1
20201025,1030,73,847,9,6,77435,77411,77437,77411,945,1.236,1,1
20201025,1030,73,815,209,5,77370,77129,77223,77129,663,0.867,1,1
20201025,1030,73,843,6,4,77421,77367,77090,77090,624,0.816,1,1
20201025,1030,73,830,9,3,76879,77038,76904,76879,413,0.54,1,1
20201025,1030,73,822,130,2,76945,76466,76754,76466,0,0.0,1,1
20201025,1030,73,1,130,1,76828,76824,76652,76652,186,0.243,1,1
20201025,1030,73,826,210,13,77841,77728,,77728,1262,1.65,1,0
20201025,1030,73,846,3,14,77931,77788,,77788,1322,1.729,1,0
20201025,1030,73,20,6,15,77446,77919,,77446,980,1.282,1,0
20201025,1030,73,8,50,16,78201,,,78201,1735,2.269,0,0
20201025,1030,73,841,50,17,78323,,,78323,1857,2.429,0,0
20201025,1030,73,154,208,18,78364,,,78364,1898,2.482,0,0
20201025,1030,73,825,208,19,78508,,,78508,2042,2.67,0,0
20201025,1030,73,848,3,20,78777,,,78777,2311,3.022,0,0
20201101,1031,21,822,130,1,74221,74585,73609,73609,0,0.0,1,1
20201101,1031,21,1,130,2,74229,74643,73706,73706,97,0.132,1,1
20201101,1031,21,830,9,3,75034,74974,74176,74176,567,0.77,1,1
20201101,1031,21,453,210,4,75183,74681,74502,74502,893,1.213,1,1
20201101,1031,21,817,4,5,75474,74953,74520,74520,911,1.238,1,1
20201101,1031,21,847,9,6,75402,74745,74572,74572,963,1.308,1,1
20201101,1031,21,843,6,7,75123,75017,74616,74616,1007,1.368,1,1
20201101,1031,21,826,210,8,75412,75022,74696,74696,1087,1.477,1,1
20201101,1031,21,845,1,9,75274,75051,74814,74814,1205,1.637,1,1
20201101,1031,21,832,1,10,75528,75027,74911,74911,1302,1.769,1,1
20201101,1031,21,815,209,11,75407,75061,,75061,1452,1.973,1,0
20201101,1031,21,839,4,12,75352,75201,,75201,1592,2.163,1,0
20201101,1031,21,846,3,13,75760,75323,,75323,1714,2.329,1,0
20201101,1031,21,20,6,14,75571,75385,,75385,1776,2.413,1,0
20201101,1031,21,840,209,15,75822,75494,,75494,1885,2.561,1,0
20201101,1031,21,154,208,16,75918,,,75918,2309,3.137,0,0
20201101,1031,21,825,208,17,75939,,,75939,2330,3.165,0,0
20201101,1031,21,8,50,18,75953,,,75953,2344,3.184,0,0
20201101,1031,21,848,3,19,75987,,,75987,2378,3.231,0,0
20201101,1031,21,841,50,20,76208,,,76208,2599,3.531,0,0
20201115,1032,5,840,209,1,127467,113372,107765,107765,0,0.0,1,1
20201115,1032,5,830,9,2,117485,110293,108055,108055,290,0.269,1,1
20201115,1032,5,815,209,3,127614,114097,109321,109321,1556,1.444,1,1
20201115,1032,5,847,9,4,119431,112282,110448,110448,2683,2.49,1,1
20201115,1032,5,817,4,5,125598,114278,111595,111595,3830,3.554,1,1
20201115,1032,5,1,130,6,127599,112709,112560,112560,4795,4.449,1,1
20201115,1032,5,839,4,7,126115,113657,112622,112622,4857,4.507,1,1
20201115,1032,5,8,50,8,121249,113793,112745,112745,4980,4.621,1,1
20201115,1032,5,822,130,9,127001,113767,113258,113258,5493,5.097,1,1
20201115,1032,5,841,50,10,127341,113431,117226,113431,5666,5.258,1,1
20201115,1032,5,845,1,11,127167,114945,,114945,7180,6.663,1,0
20201115,1032,5,20,6,12,123356,115169,,115169,7404,6.871,1,0
20201115,1032,5,832,1,13,127489,115410,,115410,7645,7.094,1,0
20201115,1032,5,843,6,14,124464,116696,,116696,8931,8.287,1,0
20201115,1032,5,453,210,15,125579,118556,,118556,10791,10.013,1,0
20201115,1032,5,825,208,16,128007,,,128007,20242,18.783,0,0
20201115,1032,5,826,210,17,129070,,,129070,21305,19.77,0,0
20201115,1032,5,846,3,18,130017,,,130017,22252,20.649,0,0
20201115,1032,5,154,208,19,132909,,,132909,25144,23.332,0,0
20201115,1032,5,848,3,20,141611,,,141611,33846,31.407,0,0
20201129,1033,3,1,130,1,88343,87586,87264,87264,0,0.0,1,1
20201129,1033,3,822,130,2,88767,88063,87553,87553,289,0.331,1,1
20201129,1033,3,830,9,3,88885,88025,87678,87678,414,0.474,1,1
20201129,1033,3,847,9,4,88732,88749,88274,88274,1010,1.157,1,1
20201129,1033,3,815,209,5,89178,88894,88322,88322,1058,1.212,1,1
20201129,1033,3,817,4,6,89005,88648,88417,88417,1153,1.321,1,1
20201129,1033,3,839,4,7,89203,88937,88419,88419,1155,1.324,1,1
20201129,1033,3,453,210,8,88971,89008,88448,88448,1184,1.357,1,1
20201129,1033,3,845,1,9,89464,88877,88542,88542,1278,1.465,1,1
20201129,1033,3,826,210,10,89158,88944,88618,88618,1354,1.552,1,1
20201129,1033,3,20,6,11,89142,89149,,89142,1878,2.152,1,0
20201129,1033,3,843,6,12,89137,89165,,89137,1873,2.146,1,0
20201129,1033,3,840,209,13,88679,89557,,88679,1415,1.622,1,0
20201129,1033,3,846,3,14,89294,91218,,89294,2030,2.326,1,0
20201129,1033,3,832,1,15,88975,,,88975,1711,1.961,0,0
20201129,1033,3,841,50,16,89491,,,89491,2227,2.552,0,0
20201129,1033,3,8,50,17,89810,,,89810,2546,2.918,0,0
20201129,1033,3,825,208,18,90111,,,90111,2847,3.263,0,0
20201129,1033,3,154,208,19,90138,,,90138,2874,3.293,0,0
20201129,1033,3,848,3,20,90182,,,90182,2918,3.344,0,0
20201206,1034,3,822,130,1,53904,53803,53377,53377,0,0.0,1,1
20201206,1034,3,846,130,2,54160,53819,53403,53403,26,0.049,1,1
20201206,1034,3,830,9,3,54037,53647,53433,53433,56,0.105,1,1
20201206,1034,3,843,6,4,54249,53825,53613,53613,236,0.442,1,1
20201206,1034,3,815,209,5,54236,53787,53790,53787,410,0.768,1,1
20201206,1034,3,826,210,6,54346,53856,53906,53856,479,0.897,1,1
20201206,1034,3,817,4,7,54388,53871,53957,53871,494,0.925,1,1
20201206,1034,3,832,1,8,54450,53818,54010,53818,441,0.826,1,1
20201206,1034,3,453,210,9,54207,53941,54154,53941,564,1.057,1,1
20201206,1034,3,840,209,10,54595,53840,54200,53840,463,0.867,1,1
20201206,1034,3,839,4,11,54309,53995,,53995,618,1.158,1,0
20201206,1034,3,847,9,12,54620,54026,,54026,649,1.216,1,0
20201206,1034,3,20,6,13,54301,54175,,54175,798,1.495,1,0
20201206,1034,3,841,50,14,54523,54377,,54377,1000,1.873,1,0
20201206,1034,3,845,1,15,54194,54693,,54194,817,1.531,1,0
20201206,1034,3,825,208,16,54705,,,54705,1328,2.488,0,0
20201206,1034,3,848,3,17,54796,,,54796,1419,2.658,0,0
20201206,1034,3,850,3,18,54892,,,54892,1515,2.838,0,0
20201206,1034,3,8,50,19,54963,,,54963,1586,2.971,0,0
20201206,1034,3,849,208,20,55426,,,55426,2049,3.839,0,0
20201213,1035,24,830,9,1,95993,95641,95246,95246,0,0.0,1,1
20201213,1035,24,822,130,2,95699,95527,95271,95271,25,0.026,1,1
20201213,1035,24,1,130,3,95528,95466,95332,95332,86,0.09,1,1
20201213,1035,24,845,1,4,96016,95849,95497,95497,251,0.264,1,1
20201213,1035,24,847,9,5,96106,95654,95571,95571,325,0.341,1,1
20201213,1035,24,832,1,6,96517,96192,95815,95815,569,0.597,1,1
20201213,1035,24,826,210,7,96459,96214,95963,95963,717,0.753,1,1
20201213,1035,24,840,209,8,96502,96143,96046,96046,800,0.84,1,1
20201213,1035,24,843,6,9,95881,95932,96065,95881,635,0.667,1,1
20201213,1035,24,453,210,10,96545,96282,96242,96242,996,1.046,1,1
20201213,1035,24,839,4,11,96783,96359,,96359,1113,1.169,1,0
20201213,1035,24,817,4,12,96704,96406,,96406,1160,1.218,1,0
20201213,1035,24,20,6,13,96655,96631,,96631,1385,1.454,1,0
20201213,1035,24,841,50,14,97075,98248,,97075,1829,1.92,1,0
20201213,1035,24,815,209,15,96034,,,96034,788,0.827,0,0
20201213,1035,24,8,50,16,97555,,,97555,2309,2.424,0,0
20201213,1035,24,825,208,17,97863,,,97863,2617,2.748,0,0
20201213,1035,24,846,3,18,98045,,,98045,2799,2.939,0,0
20201213,1035,24,849,208,19,98173,,,98173,2927,3.073,0,0
20201213,1035,24,848,3,20,98443,,,98443,3197,3.357,0,0
20210328,1036,3,830,9,1,90499,90318,88997,88997,0,0.0,1,1
20210328,1036,3,1,130,2,90617,90085,89385,89385,388,0.436,1,1
20210328,1036,3,822,130,3,91200,90186,89586,89586,589,0.662,1,1
20210328,1036,3,843,6,4,90691,90010,89678,89678,681,0.765,1,1
20210328,1036,3,453,210,5,90848,90513,89809,89809,812,0.912,1,1
20210328,1036,3,817,1,6,90795,90222,89927,89927,930,1.045,1,1
20210328,1036,3,845,1,7,90902,90099,89974,89974,977,1.098,1,1
20210328,1036,3,832,6,8,91653,90009,90215,90009,1012,1.137,1,1
20210328,1036,3,4,211,9,90863,90595,90249,90249,1252,1.407,1,1
20210328,1036,3,840,116,10,91261,90624,90601,90601,1604,1.802,1,1
20210328,1036,3,815,9,11,91165,90659,,90659,1662,1.867,1,0
20210328,1036,3,841,50,12,90998,90708,,90708,1711,1.923,1,0
20210328,1036,3,851,210,13,90607,91203,,90607,1610,1.809,1,0
20210328,1036,3,8,50,14,91547,91238,,91238,2241,2.518,1,0
20210328,1036,3,846,3,15,91316,93430,,91316,2319,2.606,1,0
20210328,1036,3,839,211,16,91724,,,91724,2727,3.064,0,0
20210328,1036,3,848,3,17,91936,,,91936,2939,3.302,0,0
20210328,1036,3,20,116,18,92056,,,92056,3059,3.437,0,0
20210328,1036,3,853,208,19,92449,,,92449,3452,3.879,0,0
20210328,1036,3,852,208,20,93273,,,93273,4276,4.805,0,0
20210418,1037,21,1,130,1,74823,74817,74411,74411,0,0.0,1,1
20210418,1037,21,815,9,2,75395,74716,74446,74446,35,0.047,1,1
20210418,1037,21,830,9,3,75109,74884,74498,74498,87,0.117,1,1
20210418,1037,21,843,6,4,75413,74808,74740,74740,329,0.442,1,1
20210418,1037,21,453,210,5,75548,74927,74790,74790,379,0.509,1,1
20210418,1037,21,817,1,6,75669,75033,74826,74826,415,0.558,1,1
20210418,1037,21,845,1,7,75009,74718,74875,74718,307,0.413,1,1
20210418,1037,21,822,130,8,74672,74905,74898,74672,261,0.351,1,1
20210418,1037,21,839,211,9,75385,75117,75210,75117,706,0.949,1,1
20210418,1037,21,840,116,10,75522,75138,,75138,727,0.977,1,0
20210418,1037,21,832,6,11,75406,75199,,75199,788,1.059,1,0
20210418,1037,21,846,3,12,75826,75261,,75261,850,1.142,1,0
20210418,1037,21,20,116,13,75459,75394,,75394,983,1.321,1,0
20210418,1037,21,848,3,14,75653,75593,,75593,1182,1.588,1,0
20210418,1037,21,4,211,15,75832,75593,,75593,1182,1.588,1,0
20210418,1037,21,8,50,16,75974,,,75974,1563,2.1,0,0
20210418,1037,21,841,50,17,76122,,,76122,1711,2.299,0,0
20210418,1037,21,853,208,18,76279,,,76279,1868,2.51,0,0
20210418,1037,21,852,208,19,76797,,,76797,2386,3.207,0,0
20210418,1037,21,851,210,20,,,,,,,0,0
20210502,1038,73,822,130,1,78722,78458,78348,78348,380,0.487,1,1
20210502,1038,73,1,130,2,78857,77968,78355,77968,0,0.0,1,1
20210502,1038,73,830,9,3,79485,78650,78746,78650,682,0.875,1,1
20210502,1038,73,815,9,4,79337,78845,78890,78845,877,1.125,1,1
20210502,1038,73,832,6,5,79309,78813,79039,78813,845,1.084,1,1
20210502,1038,73,839,211,6,79092,78586,79042,78586,618,0.793,1,1
20210502,1038,73,845,1,7,78794,78481,79116,78481,513,0.658,1,1
20210502,1038,73,843,6,8,79373,78769,79306,78769,801,1.027,1,1
20210502,1038,73,453,210,9,79464,79052,79475,79052,1084,1.39,1,1
20210502,1038,73,20,116,10,79403,78970,79659,78970,1002,1.285,1,1
20210502,1038,73,846,3,11,79797,79109,,79109,1141,1.463,1,0
20210502,1038,73,841,50,12,79410,79216,,79216,1248,1.601,1,0
20210502,1038,73,4,211,13,79728,79456,,79456,1488,1.908,1,0
20210502,1038,73,851,210,14,79684,79463,,79463,1495,1.917,1,0
20210502,1038,73,8,50,15,79748,79812,,79748,1780,2.283,1,0
20210502,1038,73,817,1,16,79839,,,79839,1871,2.4,0,0
20210502,1038,73,840,116,17,79913,,,79913,1945,2.495,0,0
20210502,1038,73,848,3,18,80285,,,80285,2317,2.972,0,0
20210502,1038,73,853,208,19,80452,,,80452,2484,3.186,0,0
20210502,1038,73,852,208,20,80912,,,80912,2944,3.776,0,0
20210509,1039,4,1,130,1,78245,77166,76741,76741,0,0.0,1,1
20210509,1039,4,830,9,2,78090,76922,76777,76777,36,0.047,1,1
20210509,1039,4,822,130,3,78005,77142,76873,76873,132,0.172,1,1
20210509,1039,4,843,6,4,78041,77717,77510,77510,769,1.002,1,1
20210509,1039,4,839,211,5,78281,77743,77580,77580,839,1.093,1,1
20210509,1039,4,832,6,6,78205,77656,77620,77620,879,1.145,1,1
20210509,1039,4,817,1,7,78264,77719,77622,77622,881,1.148,1,1
20210509,1039,4,815,9,8,78203,77669,77701,77669,928,1.209,1,1
20210509,1039,4,845,1,9,77821,77696,78010,77696,955,1.244,1,1
20210509,1039,4,4,211,10,78281,77966,78147,77966,1225,1.596,1,1
20210509,1039,4,840,116,11,78241,77974,,77974,1233,1.607,1,0
20210509,1039,4,453,210,12,78190,77982,,77982,1241,1.617,1,0
20210509,1039,4,20,116,13,78289,78079,,78079,1338,1.744,1,0
20210509,1039,4,841,50,14,78549,78356,,78356,1615,2.104,1,0
20210509,1039,4,846,3,15,78445,79154,,78445,1704,2.22,1,0
20210509,1039,4,851,210,16,78556,,,78556,1815,2.365,0,0
20210509,1039,4,8,50,17,78917,,,78917,2176,2.836,0,0
20210509,1039,4,853,208,18,79117,,,79117,2376,3.096,0,0
20210509,1039,4,848,3,19,79219,,,79219,2478,3.229,0,0
20210509,1039,4,852,208,20,79807,,,79807,3066,3.995,0,0
20210523,1040,6,843,6,1,71113,70597,70346,70346,0,0.0,1,1
20210523,1040,6,830,9,2,71124,70650,70576,70576,230,0.327,1,1
20210523,1040,6,822,130,3,70938,70695,70601,70601,255,0.362,1,1
20210523,1040,6,832,6,4,71324,70806,70611,70611,265,0.377,1,1
20210523,1040,6,845,1,5,71321,71031,70620,70620,274,0.39,1,1
20210523,1040,6,453,210,6,71560,71179,70900,70900,554,0.788,1,1
20210523,1040,6,1,130,7,71622,71116,71095,71095,749,1.065,1,1
20210523,1040,6,20,116,8,72078,71309,71419,71309,963,1.369,1,1
20210523,1040,6,815,9,9,71644,71019,71573,71019,673,0.957,1,1
20210523,1040,6,841,50,10,71658,71409,71779,71409,1063,1.511,1,1
20210523,1040,6,839,211,11,71740,71486,,71486,1140,1.621,1,0
20210523,1040,6,817,1,12,71747,71598,,71598,1252,1.78,1,0
20210523,1040,6,840,116,13,71979,71600,,71600,1254,1.783,1,0
20210523,1040,6,8,50,14,71899,71642,,71642,1296,1.842,1,0
20210523,1040,6,846,3,15,72016,71830,,71830,1484,2.11,1,0
20210523,1040,6,851,210,16,72096,,,72096,1750,2.488,0,0
20210523,1040,6,4,211,17,72205,,,72205,1859,2.643,0,0
20210523,1040,6,848,3,18,72366,,,72366,2020,2.872,0,0
20210523,1040,6,852,208,19,72958,,,72958,2612,3.713,0,0
20210606,1041,72,843,6,1,102241,101659,101218,101218,0,0.0,1,1
20210606,1041,72,1,130,2,101545,101634,101450,101450,232,0.229,1,1
20210606,1041,72,830,9,3,101760,101625,101563,101563,345,0.341,1,1
20210606,1041,72,453,210,4,102288,101932,101565,101565,347,0.343,1,1
20210606,1041,72,832,6,5,102121,101740,101576,101576,358,0.354,1,1
20210606,1041,72,845,1,6,102167,101813,101747,101747,529,0.523,1,1
20210606,1041,72,815,9,7,101968,101630,101917,101630,412,0.407,1,1
20210606,1041,72,851,210,8,102521,101654,102211,101654,436,0.431,1,1
20210606,1041,72,4,211,9,102934,102195,102327,102195,977,0.965,1,1
20210606,1041,72,822,130,10,102701,102106,102659,102106,888,0.877,1,1
20210606,1041,72,20,116,11,102460,102224,,102224,1006,0.994,1,0
20210606,1041,72,839,211,12,102426,102273,,102273,1055,1.042,1,0
20210606,1041,72,817,1,13,102304,102558,,102304,1086,1.073,1,0
20210606,1041,72,8,50,14,102923,102587,,102587,1369,1.353,1,0
20210606,1041,72,846,3,15,102728,102758,,102728,1510,1.492,1,0
20210606,1041,72,848,3,16,103128,,,103128,1910,1.887,0,0
20210606,1041,72,853,208,17,104158,,,104158,2940,2.905,0,0
20210606,1041,72,852,208,18,104238,,,104238,3020,2.984,0,0
20210606,1041,72,840,116,19,,,,,,,0,0
20210606,1041,72,841,50,20,,,,,,,0,0
20210620,1042,34,830,9,1,91001,91080,89990,89990,0,0.0,1,1
20210620,1042,34,1,130,2,91237,90788,90248,90248,258,0.287,1,1
20210620,1042,34,822,130,3,91669,90735,90376,90376,386,0.429,1,1
20210620,1042,34,815,9,4,91560,90971,90445,90445,455,0.506,1,1
20210620,1042,34,832,6,5,92079,91146,90840,90840,850,0.945,1,1
20210620,1042,34,453,210,6,91898,91353,90868,90868,878,0.976,1,1
20210620,1042,34,843,6,7,92209,91567,90987,90987,997,1.108,1,1
20210620,1042,34,845,1,8,91733,91542,91252,91252,1262,1.402,1,1
20210620,1042,34,4,211,9,92158,91549,91340,91340,1350,1.5,1,1
20210620,1042,34,817,1,10,92181,91615,91382,91382,1392,1.547,1,1
20210620,1042,34,839,211,11,92139,91736,,91736,1746,1.94,1,0
20210620,1042,34,20,116,12,92132,91767,,91767,1777,1.975,1,0
20210620,1042,34,841,50,13,92722,91813,,91813,1823,2.026,1,0
20210620,1042,34,846,3,14,93060,92065,,92065,2075,2.306,1,0
20210620,1042,34,853,208,15,92942,,,92942,2952,3.28,0,0
20210620,1042,34,848,3,16,93062,,,93062,3072,3.414,0,0
20210620,1042,34,8,50,17,93354,,,93354,3364,3.738,0,0
20210620,1042,34,852,208,18,93554,,,93554,3564,3.96,0,0
20210620,1042,34,840,116,19,,,,,,,0,0
20210620,1042,34,851,210,20,,,,,,,0,0
20210627,1043,70,830,9,1,64489,64433,63841,63841,0,0.0,1,1
20210627,1043,70,822,130,2,64537,64443,64035,64035,194,0.304,1,1
20210627,1043,70,1,130,3,64672,64512,64067,64067,226,0.354,1,1
20210627,1043,70,845,1,4,64584,64298,64120,64120,279,0.437,1,1
20210627,1043,70,815,9,5,64638,64197,64168,64168,327,0.512,1,1
20210627,1043,70,453,210,6,64765,64429,64236,64236,395,0.619,1,1
20210627,1043,70,843,6,7,64745,64646,64472,64472,631,0.988,1,1
20210627,1043,70,851,210,8,64608,64631,64514,64514,673,1.054,1,1
20210627,1043,70,4,211,9,64971,64582,64574,64574,733,1.148,1,1
20210627,1043,70,840,116,10,64821,64663,64708,64663,822,1.288,1,1
20210627,1043,70,846,3,11,65033,64671,,64671,830,1.3,1,0
20210627,1043,70,832,6,12,64859,64800,,64800,959,1.502,1,0
20210627,1043,70,817,1,13,65142,64808,,64808,967,1.515,1,0
20210627,1043,70,20,116,14,65051,64875,,64875,1034,1.62,1,0
20210627,1043,70,841,50,15,65092,64913,,64913,1072,1.679,1,0
20210627,1043,70,848,3,16,65175,,,65175,1334,2.09,0,0
20210627,1043,70,839,211,17,65217,,,65217,1376,2.155,0,0
20210627,1043,70,8,50,18,65429,,,65429,1588,2.487,0,0
20210627,1043,70,853,208,19,66041,,,66041,2200,3.446,0,0
20210627,1043,70,852,208,20,66192,,,66192,2351,3.683,0,0
20210704,1044,70,830,9,1,64249,63927,63720,63720,0,0.0,1,1
20210704,1044,70,845,1,2,64345,64415,63768,63768,48,0.075,1,1
20210704,1044,70,815,9,3,64833,64483,63990,63990,270,0.424,1,1
20210704,1044,70,1,130,4,64506,64258,64014,64014,294,0.461,1,1
20210704,1044,70,822,130,5,64563,64376,64049,64049,329,0.516,1,1
20210704,1044,70,453,210,6,64841,64412,64107,64107,387,0.607,1,1
20210704,1044,70,851,210,7,64967,64518,64273,64273,553,0.868,1,1
20210704,1044,70,20,116,8,64846,64493,64570,64493,773,1.213,1,1
20210704,1044,70,846,3,9,64907,64553,64591,64553,833,1.307,1,1
20210704,1044,70,840,116,10,64927,64547,64618,64547,827,1.298,1,1
20210704,1044,70,832,6,11,64596,64559,,64559,839,1.317,1,0
20210704,1044,70,843,6,12,64906,64600,,64600,880,1.381,1,0
20210704,1044,70,817,1,13,64977,64719,,64719,999,1.568,1,0
20210704,1044,70,4,211,14,64472,64856,,64472,752,1.18,1,0
20210704,1044,70,841,50,15,64782,65083,,64782,1062,1.667,1,0
20210704,1044,70,8,50,16,65009,,,65009,1289,2.023,0,0
20210704,1044,70,839,211,17,65051,,,65051,1331,2.089,0,0
20210704,1044,70,848,3,18,65195,,,65195,1475,2.315,0,0
20210704,1044,70,853,208,19,65427,,,65427,1707,2.679,0,0
20210704,1044,70,852,208,20,65951,,,65951,2231,3.501,0,0
20210718,1045,9,1,130,1,86786,86023,86134,86023,0,0.0,1,1
20210718,1045,9,830,9,2,86751,86315,86209,86209,186,0.216,1,1
20210718,1045,9,822,130,3,87487,86764,86328,86328,305,0.355,1,1
20210718,1045,9,843,6,4,87051,86919,86828,86828,805,0.936,1,1
20210718,1045,9,815,9,5,87121,87073,86844,86844,821,0.954,1,1
20210718,1045,9,845,1,6,87444,87220,86897,86897,874,1.016,1,1
20210718,1045,9,817,1,7,87323,87125,86899,86899,876,1.018,1,1
20210718,1045,9,846,3,8,87671,87080,86971,86971,948,1.102,1,1
20210718,1045,9,832,6,9,87337,86848,87007,86848,825,0.959,1,1
20210718,1045,9,20,116,10,87493,87103,87179,87103,1080,1.255,1,1
20210718,1045,9,4,211,11,87580,87245,,87245,1222,1.421,1,0
20210718,1045,9,453,210,12,87600,87273,,87273,1250,1.453,1,0
20210718,1045,9,839,211,13,87415,87340,,87340,1317,1.531,1,0
20210718,1045,9,841,50,14,87595,87617,,87595,1572,1.827,1,0
20210718,1045,9,840,116,15,88017,87665,,87665,1642,1.909,1,0
20210718,1045,9,851,210,16,88043,,,88043,2020,2.348,0,0
20210718,1045,9,8,50,17,88062,,,88062,2039,2.37,0,0
20210718,1045,9,848,3,18,88254,,,88254,2231,2.593,0,0
20210718,1045,9,853,208,19,88738,,,88738,2715,3.156,0,0
20210718,1045,9,852,208,20,89051,,,89051,3028,3.52,0,0
20210801,1046,11,1,130,1,76424,76553,75419,75419,0,0.0,1,1
20210801,1046,11,822,130,2,76569,76702,75734,75734,315,0.418,1,1
20210801,1046,11,830,9,3,76214,75650,75840,75650,231,0.306,1,1
20210801,1046,11,815,9,4,77233,76443,76421,76421,1002,1.329,1,1
20210801,1046,11,453,210,5,76874,76394,76483,76394,975,1.293,1,1
20210801,1046,11,845,1,6,77081,76385,76489,76385,966,1.281,1,1
20210801,1046,11,843,6,7,77084,76574,76496,76496,1077,1.428,1,1
20210801,1046,11,839,211,8,77367,76766,76653,76653,1234,1.636,1,1
20210801,1046,11,4,211,9,77123,76541,76715,76541,1122,1.488,1,1
20210801,1046,11,20,116,10,77105,76794,76750,76750,1331,1.765,1,1
20210801,1046,11,817,1,11,77664,76871,,76871,1452,1.925,1,0
20210801,1046,11,840,116,12,77038,76893,,76893,1474,1.954,1,0
20210801,1046,11,8,50,13,77553,77564,,77553,2134,2.83,1,0
20210801,1046,11,841,50,14,77776,77583,,77583,2164,2.869,1,0
20210801,1046,11,832,6,15,76649,,,76649,1230,1.631,0,0
20210801,1046,11,851,210,16,77919,,,77919,2500,3.315,0,0
20210801,1046,11,846,3,17,77944,,,77944,2525,3.348,0,0
20210801,1046,11,848,3,18,78036,,,78036,2617,3.47,0,0
20210801,1046,11,852,208,19,78922,,,78922,3503,4.645,0,0
20210801,1046,11,853,208,20,,,,,,,0,0
20210829,1047,13,830,9,1,118717,116559,119765,116559,534,0.46,1,1
20210829,1047,13,846,3,2,119864,116950,120086,116950,925,0.797,1,1
20210829,1047,13,1,130,3,119218,116229,120099,116229,204,0.176,1,1
20210829,1047,13,817,1,4,121583,117127,120864,117127,1102,0.95,1,1
20210829,1047,13,20,116,5,120175,116814,120935,116814,789,0.68,1,1
20210829,1047,13,453,210,6,120387,116440,121164,116440,415,0.358,1,1
20210829,1047,13,815,9,7,119334,116886,122112,116886,861,0.742,1,1
20210829,1047,13,822,130,8,119870,116295,122502,116295,270,0.233,1,1
20210829,1047,13,839,211,9,121824,117354,123513,117354,1329,1.145,1,1
20210829,1047,13,845,1,10,118301,116025,,116025,0,0.0,1,0
20210829,1047,13,843,6,11,120728,117721,,117721,1696,1.462,1,0
20210829,1047,13,848,3,12,120966,118056,,118056,2031,1.75,1,0
20210829,1047,13,832,6,13,121184,118137,,118137,2112,1.82,1,0
20210829,1047,13,4,211,14,121653,118205,,118205,2180,1.879,1,0
20210829,1047,13,840,116,15,121597,118231,,118231,2206,1.901,1,0
20210829,1047,13,841,50,16,122306,,,122306,6281,5.413,0,0
20210829,1047,13,851,210,17,122413,,,122413,6388,5.506,0,0
20210829,1047,13,853,208,18,123973,,,123973,7948,6.85,0,0
20210829,1047,13,8,50,19,124452,,,124452,8427,7.263,0,0
20210829,1047,13,852,208,20,124939,,,124939,8914,7.683,0,0
20210905,1048,39,830,9,1,70036,69071,68885,68885,0,0.0,1,1
20210905,1048,39,1,130,2,70114,69726,68923,68923,38,0.055,1,1
20210905,1048,39,822,130,3,70219,69769,69222,69222,337,0.489,1,1
20210905,1048,39,453,210,4,70274,69541,69478,69478,593,0.861,1,1
20210905,1048,39,843,6,5,69829,69437,69527,69437,552,0.801,1,1
20210905,1048,39,832,6,6,70022,69870,69537,69537,652,0.947,1,1
20210905,1048,39,841,50,7,70050,70033,69590,69590,705,1.023,1,1
20210905,1048,39,839,211,8,70179,69919,69933,69919,1034,1.501,1,1
20210905,1048,39,4,211,9,70435,70020,69956,69956,1071,1.555,1,1
20210905,1048,39,817,1,10,70255,69865,70166,69865,980,1.423,1,1
20210905,1048,39,846,3,11,70382,70332,,70332,1447,2.101,1,0
20210905,1048,39,840,116,12,70438,70367,,70367,1482,2.151,1,0
20210905,1048,39,845,1,13,70489,70406,,70406,1521,2.208,1,0
20210905,1048,39,848,3,14,70093,71161,,70093,1208,1.754,1,0
20210905,1048,39,851,210,15,70462,71314,,70462,1577,2.289,1,0
20210905,1048,39,815,9,16,70530,,,70530,1645,2.388,0,0
20210905,1048,39,20,116,17,70731,,,70731,1846,2.68,0,0
20210905,1048,39,9,50,18,71301,,,71301,2416,3.507,0,0
20210905,1048,39,853,208,19,71387,,,71387,2502,3.632,0,0
20210905,1048,39,852,208,20,71875,,,71875,2990,4.341,0,0
20210912,1049,14,822,130,1,80685,80032,79555,79555,0,0.0,1,1
20210912,1049,14,1,130,2,80543,79936,79651,79651,96,0.121,1,1
20210912,1049,14,830,9,3,81035,80229,79966,79966,411,0.517,1,1
20210912,1049,14,845,1,4,80916,80059,79989,79989,434,0.546,1,1
20210912,1049,14,817,1,5,81292,80435,79995,79995,440,0.553,1,1
20210912,1049,14,453,210,6,81440,80556,80260,80260,705,0.886,1,1
20210912,1049,14,832,6,7,81118,80750,80462,80462,907,1.14,1,1
20210912,1049,14,843,6,8,81219,80767,80510,80510,955,1.2,1,1
20210912,1049,14,815,9,9,81308,80882,80611,80611,1056,1.327,1,1
20210912,1049,14,841,50,10,81197,80726,80808,80726,1171,1.472,1,1
20210912,1049,14,20,116,11,81394,80913,,80913,1358,1.707,1,0
20210912,1049,14,840,116,12,81415,81020,,81020,1465,1.841,1,0
20210912,1049,14,4,211,13,81487,81069,,81069,1514,1.903,1,0
20210912,1049,14,839,211,14,81500,81103,,81103,1548,1.946,1,0
20210912,1049,14,846,3,15,81890,81392,,81392,1837,2.309,1,0
20210912,1049,14,848,3,16,81925,,,81925,2370,2.979,0,0
20210912,1049,14,851,210,17,81973,,,81973,2418,3.039,0,0
20210912,1049,14,853,208,18,82248,,,82248,2693,3.385,0,0
20210912,1049,14,9,50,19,82530,,,82530,2975,3.74,0,0
20210912,1049,14,852,208,20,82716,,,82716,3161,3.973,0,0
20210926,1050,71,845,1,1,107238,105827,101993,101993,0,0.0,1,1
20210926,1050,71,832,6,2,107924,106521,102510,102510,517,0.507,1,1
20210926,1050,71,846,3,3,108303,106435,102983,102983,990,0.971,1,1
20210926,1050,71,1,130,4,105992,105129,104050,104050,2057,2.017,1,1
20210926,1050,71,817,1,5,108345,106361,104156,104156,2163,2.121,1,1
20210926,1050,71,4,211,6,107877,105514,104204,104204,2211,2.168,1,1
20210926,1050,71,822,130,7,106396,105306,104710,104710,2717,2.664,1,1
20210926,1050,71,840,116,8,108322,106360,104956,104956,2963,2.905,1,1
20210926,1050,71,815,9,9,106455,105834,105337,105337,3344,3.279,1,1
20210926,1050,71,839,211,10,108099,106070,105865,105865,3872,3.796,1,1
20210926,1050,71,20,116,11,107205,106573,,106573,4580,4.491,1,0
20210926,1050,71,453,210,12,107828,106641,,106641,4648,4.557,1,0
20210926,1050,71,851,210,13,108854,106751,,106751,4758,4.665,1,0
20210926,1050,71,848,3,14,108252,,,108252,6259,6.137,0,0
20210926,1050,71,843,6,15,108470,,,108470,6477,6.35,0,0
20210926,1050,71,8,50,16,109586,,,109586,7593,7.445,0,0
20210926,1050,71,853,208,17,109830,,,109830,7837,7.684,0,0
20210926,1050,71,841,50,18,111023,,,111023,9030,8.854,0,0
20210926,1050,71,852,208,19,113764,,,113764,11771,11.541,0,0
20210926,1050,71,830,9,20,,,,,,,0,0
19960505,586,21,84,17,12,89099,,,89099,2209,2.542,0,0
19960505,586,21,85,28,22,,,,,,,0,0
20211010,1051,5,1,130,1,84585,83082,82868,82868,0,0.0,1,1
20211010,1051,5,822,130,2,85047,83579,82998,82998,130,0.157,1,1
20211010,1051,5,830,9,3,84592,83732,83196,83196,328,0.396,1,1
20211010,1051,5,843,6,4,84869,84015,83265,83265,397,0.479,1,1
20211010,1051,5,453,210,5,84704,83817,83326,83326,458,0.553,1,1
20211010,1051,5,4,211,6,85174,83914,83477,83477,609,0.735,1,1
20211010,1051,5,815,9,7,84963,83961,83706,83706,838,1.011,1,1
20211010,1051,5,845,1,8,85138,84642,83954,83954,1086,1.311,1,1
20211010,1051,5,840,116,9,85511,84601,84305,84305,1437,1.734,1,1
20211010,1051,5,851,210,10,85409,84054,84368,84054,1186,1.431,1,1
20211010,1051,5,20,116,11,85787,84795,,84795,1927,2.325,1,0
20211010,1051,5,839,211,12,85422,84842,,84842,1974,2.382,1,0
20211010,1051,5,846,3,13,85417,85007,,85007,2139,2.581,1,0
20211010,1051,5,853,208,14,85555,85200,,85200,2332,2.814,1,0
20211010,1051,5,832,6,15,85177,,,85177,2309,2.786,0,0
20211010,1051,5,817,1,16,85881,,,85881,3013,3.636,0,0
20211010,1051,5,848,3,17,86086,,,86086,3218,3.883,0,0
20211010,1051,5,841,50,18,86430,,,86430,3562,4.298,0,0
20211010,1051,5,8,50,19,87525,,,87525,4657,5.62,0,0
20211010,1051,5,852,208,20,88449,,,88449,5581,6.735,0,0
20211024,1052,69,830,9,1,94352,93464,92910,92910,0,0.0,1,1
20211024,1052,69,1,130,2,94579,93797,93119,93119,209,0.225,1,1
20211024,1052,69,815,9,3,94369,94178,93134,93134,224,0.241,1,1
20211024,1052,69,822,130,4,94590,93959,93475,93475,565,0.608,1,1
20211024,1052,69,843,6,5,94153,93928,93606,93606,696,0.749,1,1
20211024,1052,69,832,6,6,94558,94126,93792,93792,882,0.949,1,1
20211024,1052,69,817,1,7,94407,94643,93808,93808,898,0.967,1,1
20211024,1052,69,845,1,8,94551,93880,93887,93880,970,1.044,1,1
20211024,1052,69,453,210,9,94567,94583,94118,94118,1208,1.3,1,1
20211024,1052,69,851,210,10,95360,95137,94918,94918,2008,2.161,1,1
20211024,1052,69,839,211,11,95747,95377,,95377,2467,2.655,1,0
20211024,1052,69,20,116,12,95281,95500,,95281,2371,2.552,1,0
20211024,1052,69,841,50,13,95920,95794,,95794,2884,3.104,1,0
20211024,1052,69,4,211,14,95756,104549,,95756,2846,3.063,1,0
20211024,1052,69,846,3,15,95746,,,95746,2836,3.052,0,0
20211024,1052,69,840,116,16,95983,,,95983,3073,3.308,0,0
20211024,1052,69,848,3,17,95995,,,95995,3085,3.32,0,0
20211024,1052,69,8,50,18,96311,,,96311,3401,3.661,0,0
20211024,1052,69,853,208,19,96499,,,96499,3589,3.863,0,0
20211024,1052,69,852,208,20,96796,,,96796,3886,4.183,0,0
20211107,1053,32,822,130,1,76727,76864,75875,75875,0,0.0,1,1
20211107,1053,32,1,130,2,77207,76474,76020,76020,145,0.191,1,1
20211107,1053,32,830,9,3,76788,76483,76225,76225,350,0.461,1,1
20211107,1053,32,815,9,4,77003,77055,76342,76342,467,0.615,1,1
20211107,1053,32,453,210,5,76908,76955,76456,76456,581,0.766,1,1
20211107,1053,32,832,6,6,77517,77248,76761,76761,886,1.168,1,1
20211107,1053,32,817,1,7,77719,77092,76763,76763,888,1.17,1,1
20211107,1053,32,843,6,8,76748,77034,76837,76748,873,1.151,1,1
20211107,1053,32,851,210,9,77330,76701,77158,76701,826,1.089,1,1
20211107,1053,32,845,1,10,77569,77473,96830,77473,1598,2.106,1,1
20211107,1053,32,20,116,11,77502,77746,,77502,1627,2.144,1,0
20211107,1053,32,8,50,12,77606,77958,,77606,1731,2.281,1,0
20211107,1053,32,846,3,13,77958,78172,,77958,2083,2.745,1,0
20211107,1053,32,841,50,14,77897,78290,,77897,2022,2.665,1,0
20211107,1053,32,839,211,15,78126,78405,,78126,2251,2.967,1,0
20211107,1053,32,4,211,16,78452,,,78452,2577,3.396,0,0
20211107,1053,32,848,3,17,78756,,,78756,2881,3.797,0,0
20211107,1053,32,853,208,18,78858,,,78858,2983,3.931,0,0
20211107,1053,32,852,208,19,79303,,,79303,3428,4.518,0,0
20211107,1053,32,840,116,20,80873,,,80873,4998,6.587,0,0
20211114,1054,18,1,130,1,68733,68068,67934,67934,0,0.0,1,1
20211114,1054,18,830,9,2,69329,68499,68372,68372,438,0.645,1,1
20211114,1054,18,822,130,3,69040,68426,68469,68426,492,0.724,1,1
20211114,1054,18,815,9,4,69172,68973,68483,68483,549,0.808,1,1
20211114,1054,18,453,210,5,69347,68903,68777,68777,843,1.241,1,1
20211114,1054,18,832,6,6,69046,69031,68826,68826,892,1.313,1,1
20211114,1054,18,843,6,7,69155,68859,68960,68859,925,1.362,1,1
20211114,1054,18,845,1,8,69365,69030,68980,68980,1046,1.54,1,1
20211114,1054,18,817,1,9,69374,69093,69039,69039,1105,1.627,1,1
20211114,1054,18,4,211,10,69391,69137,69113,69113,1179,1.736,1,1
20211114,1054,18,839,211,11,69430,69189,,69189,1255,1.847,1,0
20211114,1054,18,20,116,12,69451,69399,,69399,1465,2.157,1,0
20211114,1054,18,851,210,13,69350,69483,,69350,1416,2.084,1,0
20211114,1054,18,8,50,14,69598,69503,,69503,1569,2.31,1,0
20211114,1054,18,841,50,15,69342,70227,,69342,1408,2.073,1,0
20211114,1054,18,840,116,16,69663,,,69663,1729,2.545,0,0
20211114,1054,18,848,3,17,69897,,,69897,1963,2.89,0,0
20211114,1054,18,846,3,18,69953,,,69953,2019,2.972,0,0
20211114,1054,18,853,208,19,70329,,,70329,2395,3.525,0,0
20211114,1054,18,852,208,20,70589,,,70589,2655,3.908,0,0
20211121,1055,76,1,130,1,81901,81682,80827,80827,0,0.0,1,1
20211121,1055,76,830,9,2,81996,81984,81282,81282,455,0.563,1,1
20211121,1055,76,822,130,3,82016,81991,81478,81478,651,0.805,1,1
20211121,1055,76,453,210,4,82535,81728,81640,81640,813,1.006,1,1
20211121,1055,76,4,211,5,82422,81894,81670,81670,843,1.043,1,1
20211121,1055,76,845,1,6,82839,82216,81731,81731,904,1.118,1,1
20211121,1055,76,832,6,7,82304,82241,81840,81840,1013,1.253,1,1
20211121,1055,76,851,210,8,82458,82058,81881,81881,1054,1.304,1,1
20211121,1055,76,839,211,9,82565,82012,82028,82012,1185,1.466,1,1
20211121,1055,76,20,116,10,82549,82146,82785,82146,1319,1.632,1,1
20211121,1055,76,815,9,11,82398,82346,,82346,1519,1.879,1,0
20211121,1055,76,840,116,12,82551,82460,,82460,1633,2.02,1,0
20211121,1055,76,843,6,13,82742,82463,,82463,1636,2.024,1,0
20211121,1055,76,817,1,14,82688,82597,,82597,1770,2.19,1,0
20211121,1055,76,846,3,15,82863,82756,,82756,1929,2.387,1,0
20211121,1055,76,8,50,16,83156,,,83156,2329,2.881,0,0
20211121,1055,76,848,3,17,83213,,,83213,2386,2.952,0,0
20211121,1055,76,841,50,18,83262,,,83262,2435,3.013,0,0
20211121,1055,76,853,208,19,83407,,,83407,2580,3.192,0,0
20211121,1055,76,852,208,20,85859,,,85859,5032,6.226,0,0
20211205,1056,75,1,130,1,88466,87712,87511,87511,0,0.0,1,1
20211205,1056,75,822,130,2,88057,88054,87622,87622,111,0.127,1,1
20211205,1056,75,830,9,3,88285,87953,87653,87653,142,0.162,1,1
20211205,1056,75,843,6,4,88310,88459,88054,88054,543,0.62,1,1
20211205,1056,75,815,9,5,88021,87946,88123,87946,435,0.497,1,1
20211205,1056,75,453,210,6,88401,88314,88125,88125,614,0.702,1,1
20211205,1056,75,845,1,7,88338,88344,88180,88180,669,0.764,1,1
20211205,1056,75,851,210,8,88503,88222,88442,88222,711,0.812,1,1
20211205,1056,75,839,211,9,88752,88574,88647,88574,1063,1.215,1,1
20211205,1056,75,841,50,10,88899,88616,88754,88616,1105,1.263,1,1
20211205,1056,75,817,1,11,88216,88668,,88216,705,0.806,1,0
20211205,1056,75,8,50,12,88856,88885,,88856,1345,1.537,1,0
20211205,1056,75,4,211,13,88944,88920,,88920,1409,1.61,1,0
20211205,1056,75,846,3,14,88926,89054,,88926,1415,1.617,1,0
20211205,1056,75,832,6,15,88237,113652,,88237,726,0.83,1,0
20211205,1056,75,848,3,16,89177,,,89177,1666,1.904,0,0
20211205,1056,75,20,116,17,89198,,,89198,1687,1.928,0,0
20211205,1056,75,840,116,18,89368,,,89368,1857,2.122,0,0
20211205,1056,75,853,208,19,89464,,,89464,1953,2.232,0,0
20211205,1056,75,852,208,20,90473,,,90473,2962,3.385,0,0
20211212,1057,24,830,9,1,83322,82800,82109,82109,0,0.0,1,1
20211212,1057,24,1,130,2,82845,83145,82480,82480,371,0.452,1,1
20211212,1057,24,845,1,3,83553,83256,82931,82931,822,1.001,1,1
20211212,1057,24,815,9,4,83350,83135,82947,82947,838,1.021,1,1
20211212,1057,24,832,6,5,83624,83174,82992,82992,883,1.075,1,1
20211212,1057,24,822,130,6,83117,83246,83036,83036,927,1.129,1,1
20211212,1057,24,843,6,7,83467,83202,83122,83122,1013,1.234,1,1
20211212,1057,24,851,210,8,83428,83404,83220,83220,1111,1.353,1,1
20211212,1057,24,839,211,9,83764,83420,83389,83389,1280,1.559,1,1
20211212,1057,24,817,1,10,83829,83448,83409,83409,1300,1.583,1,1
20211212,1057,24,4,211,11,83846,83460,,83460,1351,1.645,1,0
20211212,1057,24,453,210,12,83489,84043,,83489,1380,1.681,1,0
20211212,1057,24,840,116,13,84061,84066,,84061,1952,2.377,1,0
20211212,1057,24,841,50,14,84118,84251,,84118,2009,2.447,1,0
20211212,1057,24,20,116,15,84225,84305,,84225,2116,2.577,1,0
20211212,1057,24,848,3,16,84338,,,84338,2229,2.715,0,0
20211212,1057,24,846,3,17,84423,,,84423,2314,2.818,0,0
20211212,1057,24,8,50,18,84779,,,84779,2670,3.252,0,0
20211212,1057,24,853,208,19,84906,,,84906,2797,3.406,0,0
20211212,1057,24,852,208,20,85685,,,85685,3576,4.355,0,0
20220320,1058,3,843,6,1,91471,90932,90558,90558,0,0.0,1,1
20220320,1058,3,830,9,2,91785,90757,90681,90681,123,0.136,1,1
20220320,1058,3,832,6,3,91567,90787,90687,90687,129,0.142,1,1
20220320,1058,3,815,9,4,92311,91008,90921,90921,363,0.401,1,1
20220320,1058,3,1,130,5,92285,91048,91238,91048,490,0.541,1,1
20220320,1058,3,822,50,6,91919,91717,91560,91560,1002,1.106,1,1
20220320,1058,3,825,208,7,91955,91461,91808,91461,903,0.997,1,1
20220320,1058,3,4,211,8,92346,91621,92195,91621,1063,1.174,1,1
20220320,1058,3,846,130,9,92269,91252,92216,91252,694,0.766,1,1
20220320,1058,3,453,210,10,92096,91635,92338,91635,1077,1.189,1,1
20220320,1058,3,839,211,11,92041,91782,,91782,1224,1.352,1,0
20220320,1058,3,853,208,12,92380,91998,,91998,1440,1.59,1,0
20220320,1058,3,845,1,13,92239,92008,,92008,1450,1.601,1,0
20220320,1058,3,847,3,14,92726,92664,,92664,2106,2.326,1,0
20220320,1058,3,854,50,15,92493,93543,,92493,1935,2.137,1,0
20220320,1058,3,851,210,16,92750,,,92750,2192,2.421,0,0
20220320,1058,3,808,116,17,92777,,,92777,2219,2.45,0,0
20220320,1058,3,817,1,18,92945,,,92945,2387,2.636,0,0
20220320,1058,3,840,116,19,93032,,,93032,2474,2.732,0,0
20220320,1058,3,848,3,20,93634,,,93634,3076,3.397,0,0
20220327,1059,75,854,50,13,89978,89819,,89819,1619,1.836,1,0
20220327,1059,75,817,1,12,90009,89773,,89773,1573,1.783,1,0
20220327,1059,75,845,1,11,89957,89651,,89651,1451,1.645,1,0
20220327,1059,75,825,208,10,89831,89546,89588,89546,1346,1.526,1,1
20220327,1059,75,453,210,9,89891,89418,89254,89254,1054,1.195,1,1
20220327,1059,75,822,50,8,89683,89404,89183,89183,983,1.115,1,1
20220327,1059,75,4,211,7,89978,89295,89147,89147,947,1.074,1,1
20220327,1059,75,846,130,6,89680,89618,89104,89104,904,1.025,1,1
20220327,1059,75,839,211,5,90093,89584,89068,89068,868,0.984,1,1
20220327,1059,75,830,9,4,88928,88945,88461,88461,261,0.296,1,1
20220327,1059,75,832,6,3,88855,88686,88402,88402,202,0.229,1,1
20220327,1059,75,843,6,2,89039,88780,88225,88225,25,0.028,1,1
20220327,1059,75,815,9,1,89705,88924,88200,88200,0,0.0,1,1
20220327,1059,75,853,208,14,90167,89920,,89920,1720,1.95,1,0
20220327,1059,75,840,116,15,90256,91009,,90256,2056,2.331,1,0
20220327,1059,75,1,130,16,90343,,,90343,2143,2.43,0,0
20220327,1059,75,847,3,17,90492,,,90492,2292,2.599,0,0
20220327,1059,75,808,116,18,90543,,,90543,2343,2.656,0,0
20220327,1059,75,848,3,19,91817,,,91817,3617,4.101,0,0
20220327,1059,75,851,210,20,,,,,,,0,0
20220410,1060,1,843,6,1,78881,78606,77868,77868,0,0.0,1,1
20220410,1060,1,830,9,2,78580,78611,78154,78154,286,0.367,1,1
20220410,1060,1,815,9,3,78834,78340,78240,78240,372,0.478,1,1
20220410,1060,1,845,1,4,79280,79066,78703,78703,835,1.072,1,1
20220410,1060,1,1,130,5,79401,79106,78825,78825,957,1.229,1,1
20220410,1060,1,846,130,6,79405,79076,78933,78933,1065,1.368,1,1
20220410,1060,1,817,1,7,79665,79130,79032,79032,1164,1.495,1,1
20220410,1060,1,839,211,8,79605,79136,79061,79061,1193,1.532,1,1
20220410,1060,1,832,6,9,78983,78469,79408,78469,601,0.772,1,1
20220410,1060,1,4,211,10,79192,78815,,78815,947,1.216,1,0
20220410,1060,1,453,210,11,79580,79226,,79226,1358,1.744,1,0
20220410,1060,1,822,50,12,79251,79410,,79251,1383,1.776,1,0
20220410,1060,1,851,210,13,79742,79424,,79424,1556,1.998,1,0
20220410,1060,1,854,50,14,79910,80155,,79910,2042,2.622,1,0
20220410,1060,1,853,208,15,80104,80465,,80104,2236,2.872,1,0
20220410,1060,1,847,3,16,80135,,,80135,2267,2.911,0,0
20220410,1060,1,825,208,17,80254,,,80254,2386,3.064,0,0
20220410,1060,1,20,116,18,81149,,,81149,3281,4.214,0,0
20220410,1060,1,848,3,19,81372,,,81372,3504,4.5,0,0
20220410,1060,1,840,116,20,,,,,,,0,0
20220424,1061,21,830,9,1,79295,78793,87999,78793,0,0.0,1,1
20220424,1061,21,843,6,2,78796,79584,88778,78796,3,0.004,1,1
20220424,1061,21,845,1,3,80168,79294,89131,79294,501,0.636,1,1
20220424,1061,21,825,208,4,80147,79902,89164,79902,1109,1.407,1,1
20220424,1061,21,4,211,5,80198,79595,89202,79595,802,1.018,1,1
20220424,1061,21,817,1,6,79980,80031,89742,79980,1187,1.506,1,1
20220424,1061,21,815,9,7,79773,79296,89808,79296,503,0.638,1,1
20220424,1061,21,822,50,8,80419,80192,90439,80192,1399,1.776,1,1
20220424,1061,21,20,116,9,80364,79957,91062,79957,1164,1.477,1,1
20220424,1061,21,832,6,10,79305,78990,,78990,197,0.25,1,0
20220424,1061,21,846,130,11,80383,80757,,80383,1590,2.018,1,0
20220424,1061,21,853,208,12,80422,80916,,80422,1629,2.067,1,0
20220424,1061,21,1,130,13,80470,81138,,80470,1677,2.128,1,0
20220424,1061,21,854,50,14,79730,81434,,79730,937,1.189,1,0
20220424,1061,21,840,116,15,80342,88119,,80342,1549,1.966,1,0
20220424,1061,21,851,210,16,80474,,,80474,1681,2.133,0,0
20220424,1061,21,453,210,17,80732,,,80732,1939,2.461,0,0
20220424,1061,21,848,3,18,81971,,,81971,3178,4.033,0,0
20220424,1061,21,839,211,19,82338,,,82338,3545,4.499,0,0
20220424,1061,21,847,3,20,,,,,,,0,0
20220508,1062,77,843,6,1,89474,89130,88796,88796,0,0.0,1,1
20220508,1062,77,832,6,2,90079,89729,88986,88986,190,0.214,1,1
20220508,1062,77,830,9,3,89836,89202,88991,88991,195,0.22,1,1
20220508,1062,77,815,9,4,90055,89673,89036,89036,240,0.27,1,1
20220508,1062,77,822,50,5,90845,89751,89475,89475,679,0.765,1,1
20220508,1062,77,1,130,6,90388,89797,89625,89625,829,0.934,1,1
20220508,1062,77,453,210,7,90779,90128,89690,89690,894,1.007,1,1
20220508,1062,77,845,1,8,90761,89634,89750,89634,838,0.944,1,1
20220508,1062,77,851,210,9,90485,90031,89932,89932,1136,1.279,1,1
20220508,1062,77,840,116,10,90441,89996,90676,89996,1200,1.351,1,1
20220508,1062,77,4,211,11,90407,90160,,90160,1364,1.536,1,0
20220508,1062,77,846,130,12,90490,90173,,90173,1377,1.551,1,0
20220508,1062,77,20,116,13,90677,90214,,90214,1418,1.597,1,0
20220508,1062,77,817,1,14,90583,90310,,90310,1514,1.705,1,0
20220508,1062,77,853,208,15,90645,90423,,90423,1627,1.832,1,0
20220508,1062,77,825,208,16,90975,,,90975,2179,2.454,0,0
20220508,1062,77,854,50,17,91020,,,91020,2224,2.505,0,0
20220508,1062,77,847,3,18,91266,,,91266,2470,2.782,0,0
20220508,1062,77,848,3,19,91325,,,91325,2529,2.848,0,0
20220508,1062,77,839,211,20,,,,,,,0,0
20220522,1063,4,843,6,1,79861,79969,78750,78750,0,0.0,1,1
20220522,1063,4,830,9,2,80091,79219,79073,79073,323,0.41,1,1
20220522,1063,4,832,6,3,79892,79453,79166,79166,416,0.528,1,1
20220522,1063,4,846,130,4,80218,79470,79393,79393,643,0.817,1,1
20220522,1063,4,815,9,5,80447,79830,79420,79420,670,0.851,1,1
20220522,1063,4,1,130,6,80252,79794,79512,79512,762,0.968,1,1
20220522,1063,4,822,50,7,80355,80053,79608,79608,858,1.09,1,1
20220522,1063,4,825,208,8,80227,79810,79682,79682,932,1.183,1,1
20220522,1063,4,817,1,9,80549,80287,80297,80287,1537,1.952,1,1
20220522,1063,4,853,208,10,80683,80436,80368,80368,1618,2.055,1,1
20220522,1063,4,845,1,11,80838,80471,,80471,1721,2.185,1,0
20220522,1063,4,839,211,12,80880,80638,,80638,1888,2.397,1,0
20220522,1063,4,851,210,13,80707,80639,,80639,1889,2.399,1,0
20220522,1063,4,453,210,14,80719,80861,,80719,1969,2.5,1,0
20220522,1063,4,854,50,15,80476,81094,,80476,1726,2.192,1,0
20220522,1063,4,20,116,16,80954,,,80954,2204,2.799,0,0
20220522,1063,4,4,211,17,81043,,,81043,2293,2.912,0,0
20220522,1063,4,840,116,18,81418,,,81418,2668,3.388,0,0
20220522,1063,4,847,3,19,81645,,,81645,2895,3.676,0,0
20220522,1063,4,848,3,20,81915,,,81915,3165,4.019,0,0
20220529,1064,6,843,6,1,72569,71864,71376,71376,0,0.0,1,1
20220529,1064,6,832,6,2,72616,72074,71601,71601,225,0.315,1,1
20220529,1064,6,815,9,3,73004,71954,71629,71629,253,0.354,1,1
20220529,1064,6,830,9,4,72993,72117,71666,71666,290,0.406,1,1
20220529,1064,6,845,1,5,72927,72266,71849,71849,473,0.663,1,1
20220529,1064,6,846,130,6,72787,72617,72112,72112,736,1.031,1,1
20220529,1064,6,4,211,7,73394,72688,72247,72247,871,1.22,1,1
20220529,1064,6,1,130,8,73444,72595,72560,72560,1184,1.659,1,1
20220529,1064,6,20,116,9,73313,72613,72732,72613,1237,1.733,1,1
20220529,1064,6,839,211,10,72848,72528,73047,72528,1152,1.614,1,1
20220529,1064,6,851,210,11,73110,72797,,72797,1421,1.991,1,0
20220529,1064,6,822,50,12,73541,72909,,72909,1533,2.148,1,0
20220529,1064,6,825,208,13,73069,72921,,72921,1545,2.165,1,0
20220529,1064,6,817,1,14,73338,72964,,72964,1588,2.225,1,0
20220529,1064,6,853,208,15,73469,73081,,73081,1705,2.389,1,0
20220529,1064,6,847,3,16,73611,,,73611,2235,3.131,0,0
20220529,1064,6,453,210,17,73660,,,73660,2284,3.2,0,0
20220529,1064,6,840,116,18,73678,,,73678,2302,3.225,0,0
20220529,1064,6,848,3,19,74403,,,74403,3027,4.241,0,0
20220529,1064,6,854,50,20,75606,,,75606,4230,5.926,0,0
20220612,1065,72,843,6,1,102865,102046,101359,101359,0,0.0,1,1
20220612,1065,72,815,9,2,102733,101955,101641,101641,282,0.278,1,1
20220612,1065,72,830,9,3,102722,102227,101706,101706,347,0.342,1,1
20220612,1065,72,832,6,4,102957,102088,101814,101814,455,0.449,1,1
20220612,1065,72,846,130,5,103754,103281,102712,102712,1353,1.335,1,1
20220612,1065,72,453,210,6,103268,103129,102845,102845,1486,1.466,1,1
20220612,1065,72,1,130,7,103939,103182,102924,102924,1565,1.544,1,1
20220612,1065,72,851,210,8,103595,103376,103056,103056,1697,1.674,1,1
20220612,1065,72,20,116,9,103279,103268,103091,103091,1732,1.709,1,1
20220612,1065,72,4,211,10,104083,103360,103173,103173,1814,1.79,1,1
20220612,1065,72,845,1,11,104237,103398,,103398,2039,2.012,1,0
20220612,1065,72,817,1,12,104437,103574,,103574,2215,2.185,1,0
20220612,1065,72,839,211,13,103903,103585,,103585,2226,2.196,1,0
20220612,1065,72,854,50,14,103777,103790,,103777,2418,2.386,1,0
20220612,1065,72,822,50,15,104478,104444,,104444,3085,3.044,1,0
20220612,1065,72,825,208,16,104643,,,104643,3284,3.24,0,0
20220612,1065,72,847,3,17,104719,,,104719,3360,3.315,0,0
20220612,1065,72,848,3,18,105367,,,105367,4008,3.954,0,0
20220612,1065,72,840,116,19,105371,,,105371,4012,3.958,0,0
20220612,1065,72,853,208,20,105775,,,105775,4416,4.357,0,0
20220619,1066,7,830,9,1,92219,83746,81299,81299,0,0.0,1,1
20220619,1066,7,4,211,2,92277,84848,81944,81944,645,0.793,1,1
20220619,1066,7,832,6,3,92781,85197,82096,82096,797,0.98,1,1
20220619,1066,7,1,130,4,93841,85543,82891,82891,1592,1.958,1,1
20220619,1066,7,825,208,5,92957,86254,82960,82960,1661,2.043,1,1
20220619,1066,7,853,208,6,93707,85684,83356,83356,2057,2.53,1,1
20220619,1066,7,839,211,7,93012,86135,83529,83529,2230,2.743,1,1
20220619,1066,7,846,130,8,93160,84950,83557,83557,2258,2.777,1,1
20220619,1066,7,817,1,9,93636,86375,83749,83749,2450,3.014,1,1
20220619,1066,7,854,50,10,93692,86116,84030,84030,2731,3.359,1,1
20220619,1066,7,822,50,11,93689,86788,,86788,5489,6.752,1,0
20220619,1066,7,847,3,12,94047,86858,,86858,5559,6.838,1,0
20220619,1066,7,815,9,13,93929,93127,,93127,11828,14.549,1,0
20220619,1066,7,845,1,14,94066,,,94066,12767,15.704,0,0
20220619,1066,7,843,6,15,93008,,,93008,11709,14.402,0,0
20220619,1066,7,453,210,16,94492,,,94492,13193,16.228,0,0
20220619,1066,7,20,116,17,94512,,,94512,13213,16.252,0,0
20220619,1066,7,840,116,18,95532,,,95532,14233,17.507,0,0
20220619,1066,7,848,3,19,95660,,,95660,14361,17.664,0,0
20220619,1066,7,851,210,20,96575,,,96575,15276,18.79,0,0
20220703,1067,9,832,6,1,100190,101602,100983,100190,1061,1.07,1,1
20220703,1067,9,830,9,2,99129,100655,101055,99129,0,0.0,1,1
20220703,1067,9,843,6,3,99846,101247,101298,99846,717,0.723,1,1
20220703,1067,9,815,9,4,100521,102513,101616,100521,1392,1.404,1,1
20220703,1067,9,1,130,5,100428,101062,101995,100428,1299,1.31,1,1
20220703,1067,9,845,1,6,101515,101821,102084,101515,2386,2.407,1,1
20220703,1067,9,4,211,7,101598,102209,102116,101598,2469,2.491,1,1
20220703,1067,9,846,130,8,100028,101725,102161,100028,899,0.907,1,1
20220703,1067,9,854,50,9,100791,102640,102719,100791,1662,1.677,1,1
20220703,1067,9,848,3,10,101998,103273,123095,101998,2869,2.894,1,1
20220703,1067,9,453,210,11,101680,103702,,101680,2551,2.573,1,0
20220703,1067,9,822,50,12,101396,104232,,101396,2267,2.287,1,0
20220703,1067,9,851,210,13,101893,104311,,101893,2764,2.788,1,0
20220703,1067,9,817,1,14,101933,104355,,101933,2804,2.829,1,0
20220703,1067,9,839,211,15,101730,105190,,101730,2601,2.624,1,0
20220703,1067,9,847,3,16,102078,,,102078,2949,2.975,0,0
20220703,1067,9,825,208,17,102159,,,102159,3030,3.057,0,0
20220703,1067,9,20,116,18,102666,,,102666,3537,3.568,0,0
20220703,1067,9,853,208,19,102708,,,102708,3579,3.61,0,0
20220703,1067,9,840,116,20,103430,,,103430,4301,4.339,0,0
20220710,1068,70,830,9,1,65852,65374,64984,64984,0,0.0,1,1
20220710,1068,70,843,6,2,65419,65287,65013,65013,29,0.045,1,1
20220710,1068,70,832,6,3,65660,65576,65066,65066,82,0.126,1,1
20220710,1068,70,846,130,4,66235,65697,65431,65431,447,0.688,1,1
20220710,1068,70,839,211,5,66468,65993,65726,65726,742,1.142,1,1
20220710,1068,70,825,208,6,66366,65894,65879,65879,895,1.377,1,1
20220710,1068,70,853,208,7,66405,66151,66011,66011,1027,1.58,1,1
20220710,1068,70,4,211,8,66016,66082,66103,66016,1032,1.588,1,1
20220710,1068,70,1,130,9,66079,65475,73151,65475,491,0.756,1,1
20220710,1068,70,453,210,10,66589,66160,,66160,1176,1.81,1,0
20220710,1068,70,847,3,11,66516,66230,,66230,1246,1.917,1,0
20220710,1068,70,822,50,12,66442,66319,,66319,1335,2.054,1,0
20220710,1068,70,815,9,13,66143,66458,,66143,1159,1.784,1,0
20220710,1068,70,851,210,14,66463,66851,,66463,1479,2.276,1,0
20220710,1068,70,845,1,15,66330,85847,,66330,1346,2.071,1,0
20220710,1068,70,817,1,16,66613,,,66613,1629,2.507,0,0
20220710,1068,70,840,116,17,66847,,,66847,1863,2.867,0,0
20220710,1068,70,854,50,18,66901,,,66901,1917,2.95,0,0
20220710,1068,70,848,3,19,67003,,,67003,2019,3.107,0,0
20220710,1068,70,20,116,20,67083,,,67083,2099,3.23,0,0
20220724,1069,34,843,6,1,91727,91216,90872,90872,0,0.0,1,1
20220724,1069,34,830,9,2,91891,91990,91176,91176,304,0.335,1,1
20220724,1069,34,815,9,3,92354,92120,91335,91335,463,0.51,1,1
20220724,1069,34,1,130,4,93041,92274,91765,91765,893,0.983,1,1
20220724,1069,34,845,1,5,92672,92777,92032,92032,1160,1.277,1,1
20220724,1069,34,846,130,6,93109,92633,92131,92131,1259,1.385,1,1
20220724,1069,34,4,211,7,92819,92631,92552,92552,1680,1.849,1,1
20220724,1069,34,851,210,8,93394,92836,92780,92780,1908,2.1,1,1
20220724,1069,34,832,6,9,92297,91081,,91081,209,0.23,1,0
20220724,1069,34,825,208,10,92756,92649,,92649,1777,1.955,1,0
20220724,1069,34,817,1,11,93404,92922,,92922,2050,2.256,1,0
20220724,1069,34,839,211,12,93346,93048,,93048,2176,2.395,1,0
20220724,1069,34,822,50,13,93034,93052,,93034,2162,2.379,1,0
20220724,1069,34,20,116,14,93285,93276,,93276,2404,2.645,1,0
20220724,1069,34,847,3,15,93423,93307,,93307,2435,2.68,1,0
20220724,1069,34,453,210,16,93439,,,93439,2567,2.825,0,0
20220724,1069,34,840,116,17,93439,,,93439,2567,2.825,0,0
20220724,1069,34,854,50,18,93674,,,93674,2802,3.083,0,0
20220724,1069,34,853,208,19,93701,,,93701,2829,3.113,0,0
20220724,1069,34,848,3,20,93794,,,93794,2922,3.216,0,0
20220731,1070,11,846,130,1,78407,78154,77377,77377,0,0.0,1,1
20220731,1070,11,832,6,2,78434,77946,77421,77421,44,0.057,1,1
20220731,1070,11,843,6,3,78806,77768,77567,77567,190,0.246,1,1
20220731,1070,11,845,1,4,78653,78121,77769,77769,392,0.507,1,1
20220731,1070,11,839,211,5,78866,78216,78018,78018,641,0.828,1,1
20220731,1070,11,4,211,6,78716,77904,78078,77904,527,0.681,1,1
20220731,1070,11,1,130,7,78374,78035,78142,78035,658,0.85,1,1
20220731,1070,11,822,50,8,78935,78445,78157,78157,780,1.008,1,1
20220731,1070,11,817,1,9,78775,78198,78379,78198,821,1.061,1,1
20220731,1070,11,830,9,10,78509,77703,78823,77703,326,0.421,1,1
20220731,1070,11,815,9,11,79118,78516,,78516,1139,1.472,1,0
20220731,1070,11,854,50,12,78973,78573,,78573,1196,1.546,1,0
20220731,1070,11,825,208,13,78993,78825,,78825,1448,1.871,1,0
20220731,1070,11,840,116,14,79205,79137,,79137,1760,2.275,1,0
20220731,1070,11,853,208,15,79164,79202,,79164,1787,2.309,1,0
20220731,1070,11,851,210,16,79240,,,79240,1863,2.408,0,0
20220731,1070,11,847,3,17,79256,,,79256,1879,2.428,0,0
20220731,1070,11,20,116,18,79273,,,79273,1896,2.45,0,0
20220731,1070,11,453,210,19,79527,,,79527,2150,2.779,0,0
20220731,1070,11,848,3,20,79570,,,79570,2193,2.834,0,0
20220828,1071,13,830,9,1,104581,104723,103665,103665,0,0.0,1,1
20220828,1071,13,832,6,2,105050,105418,104297,104297,632,0.61,1,1
20220828,1071,13,815,9,3,105377,104794,104462,104462,797,0.769,1,1
20220828,1071,13,843,6,4,105572,104551,104553,104551,886,0.855,1,1
20220828,1071,13,839,211,5,106039,105475,105180,105180,1515,1.461,1,1
20220828,1071,13,4,211,6,106075,105552,105368,105368,1703,1.643,1,1
20220828,1071,13,1,130,7,105736,105420,105503,105420,1755,1.693,1,1
20220828,1071,13,846,130,8,105650,105461,105776,105461,1796,1.733,1,1
20220828,1071,13,847,3,9,105672,105675,105837,105672,2007,1.936,1,1
20220828,1071,13,845,1,10,105745,105603,106178,105603,1938,1.869,1,1
20220828,1071,13,817,1,11,106212,105767,,105767,2102,2.028,1,0
20220828,1071,13,453,210,12,106183,105827,,105827,2162,2.086,1,0
20220828,1071,13,854,50,13,106178,106085,,106085,2420,2.334,1,0
20220828,1071,13,840,116,14,106256,106611,,106256,2591,2.499,1,0
20220828,1071,13,853,208,15,106342,107718,,106342,2677,2.582,1,0
20220828,1071,13,20,116,16,106344,,,106344,2679,2.584,0,0
20220828,1071,13,848,3,17,106401,,,106401,2736,2.639,0,0
20220828,1071,13,825,208,18,106557,,,106557,2892,2.79,0,0
20220828,1071,13,851,210,19,106692,,,106692,3027,2.92,0,0
20220828,1071,13,822,50,20,107866,,,107866,4201,4.052,0,0
20220904,1072,39,830,9,1,71317,70927,70342,70342,0,0.0,1,1
20220904,1072,39,843,6,2,71443,70988,70363,70363,21,0.03,1,1
20220904,1072,39,832,6,3,71767,70814,70434,70434,92,0.131,1,1
20220904,1072,39,1,130,4,71331,71075,70648,70648,306,0.435,1,1
20220904,1072,39,815,9,5,71641,71314,71077,71077,735,1.045,1,1
20220904,1072,39,846,130,6,71561,70824,71147,70824,482,0.685,1,1
20220904,1072,39,845,1,7,71556,71116,71174,71116,774,1.1,1,1
20220904,1072,39,853,208,8,71741,71420,71442,71420,1078,1.533,1,1
20220904,1072,39,851,210,9,71427,71428,72556,71427,1085,1.542,1,1
20220904,1072,39,840,116,10,71568,71416,,71416,1074,1.527,1,0
20220904,1072,39,453,210,11,71705,71512,,71512,1170,1.663,1,0
20220904,1072,39,839,211,12,71748,71605,,71605,1263,1.796,1,0
20220904,1072,39,4,211,13,71667,71613,,71613,1271,1.807,1,0
20220904,1072,39,854,50,14,71826,71704,,71704,1362,1.936,1,0
20220904,1072,39,847,3,15,71695,71802,,71695,1353,1.923,1,0
20220904,1072,39,822,50,16,71961,,,71961,1619,2.302,0,0
20220904,1072,39,817,1,17,72081,,,72081,1739,2.472,0,0
20220904,1072,39,825,208,18,72319,,,72319,1977,2.811,0,0
20220904,1072,39,20,116,19,72391,,,72391,2049,2.913,0,0
20220904,1072,39,848,3,20,73353,,,73353,3011,4.281,0,0
20220911,1073,14,843,6,1,81280,81208,80161,80161,0,0.0,1,1
20220911,1073,14,830,9,2,80922,81265,80306,80306,145,0.181,1,1
20220911,1073,14,832,6,3,81348,80878,80429,80429,268,0.334,1,1
20220911,1073,14,815,9,4,81495,81358,81206,81206,1045,1.304,1,1
20220911,1073,14,1,130,5,82048,81708,81524,81524,1363,1.7,1,1
20220911,1073,14,846,130,6,81785,81747,81542,81542,1381,1.723,1,1
20220911,1073,14,845,1,7,82130,81831,81584,81584,1423,1.775,1,1
20220911,1073,14,817,1,8,82139,81855,81925,81855,1694,2.113,1,1
20220911,1073,14,453,210,9,82010,82062,82648,82010,1849,2.307,1,1
20220911,1073,14,4,211,10,82089,81861,,81861,1700,2.121,1,0
20220911,1073,14,839,211,11,82166,82130,,82130,1969,2.456,1,0
20220911,1073,14,822,50,12,82254,82235,,82235,2074,2.587,1,0
20220911,1073,14,855,3,13,82567,82471,,82471,2310,2.882,1,0
20220911,1073,14,854,50,14,82003,82577,,82003,1842,2.298,1,0
20220911,1073,14,851,210,15,82020,,,82020,1859,2.319,0,0
20220911,1073,14,848,3,16,82587,,,82587,2426,3.026,0,0
20220911,1073,14,20,116,17,82636,,,82636,2475,3.088,0,0
20220911,1073,14,840,116,18,82748,,,82748,2587,3.227,0,0
20220911,1073,14,825,208,19,82908,,,82908,2747,3.427,0,0
20220911,1073,14,853,208,20,83005,,,83005,2844,3.548,0,0
20221002,1074,15,843,6,1,114129,112343,109412,109412,0,0.0,1,1
20221002,1074,15,815,9,2,114404,112818,109434,109434,22,0.02,1,1
20221002,1074,15,1,130,3,113161,112691,109466,109466,54,0.049,1,1
20221002,1074,15,832,6,4,114559,113219,109583,109583,171,0.156,1,1
20221002,1074,15,4,211,5,115360,113127,109966,109966,554,0.506,1,1
20221002,1074,15,845,1,6,115914,113942,110584,110584,1172,1.071,1,1
20221002,1074,15,453,210,7,115606,113546,111211,111211,1799,1.644,1,1
20221002,1074,15,830,9,8,113057,112723,111395,111395,1983,1.812,1,1
20221002,1074,15,825,208,9,115103,114006,111573,111573,2161,1.975,1,1
20221002,1074,15,851,210,10,115314,113848,111983,111983,2571,2.35,1,1
20221002,1074,15,846,130,11,114633,114012,,114012,4600,4.204,1,0
20221002,1074,15,840,116,12,115629,114211,,114211,4799,4.386,1,0
20221002,1074,15,853,208,13,115736,114370,,114370,4958,4.531,1,0
20221002,1074,15,20,116,14,115602,114380,,114380,4968,4.541,1,0
20221002,1074,15,854,50,15,115375,115518,,115375,5963,5.45,1,0
20221002,1074,15,822,50,16,116083,,,116083,6671,6.097,0,0
20221002,1074,15,817,1,17,116226,,,116226,6814,6.228,0,0
20221002,1074,15,839,211,18,116337,,,116337,6925,6.329,0,0
20221002,1074,15,847,3,19,116985,,,116985,7573,6.922,0,0
20221002,1074,15,848,3,20,117532,,,117532,8120,7.421,0,0
20221009,1075,22,830,9,1,90224,90346,89304,89304,0,0.0,1,1
20221009,1075,22,843,6,2,90402,90486,89314,89314,10,0.011,1,1
20221009,1075,22,832,6,3,90336,90444,89361,89361,57,0.064,1,1
20221009,1075,22,815,9,4,90622,89925,89709,89709,405,0.454,1,1
20221009,1075,22,839,211,5,90696,90357,90165,90165,861,0.964,1,1
20221009,1075,22,1,130,6,90906,90443,90261,90261,957,1.072,1,1
20221009,1075,22,4,211,7,90603,90343,90322,90322,1018,1.14,1,1
20221009,1075,22,846,130,8,90865,90465,90389,90389,1085,1.215,1,1
20221009,1075,22,20,116,9,91256,90656,90554,90554,1250,1.4,1,1
20221009,1075,22,845,1,10,90881,90473,91003,90473,1169,1.309,1,1
20221009,1075,22,817,1,11,90880,90659,,90659,1355,1.517,1,0
20221009,1075,22,822,50,12,91226,90709,,90709,1405,1.573,1,0
20221009,1075,22,851,210,13,91130,90808,,90808,1504,1.684,1,0
20221009,1075,22,854,50,14,90894,90953,,90894,1590,1.78,1,0
20221009,1075,22,853,208,15,91152,91439,,91152,1848,2.069,1,0
20221009,1075,22,847,3,16,91311,,,91311,2007,2.247,0,0
20221009,1075,22,453,210,17,91322,,,91322,2018,2.26,0,0
20221009,1075,22,825,208,18,91352,,,91352,2048,2.293,0,0
20221009,1075,22,840,116,19,91419,,,91419,2115,2.368,0,0
20221009,1075,22,848,3,20,91511,,,91511,2207,2.471,0,0
20221023,1076,69,832,6,1,95297,95590,94356,94356,0,0.0,1,1
20221023,1076,69,843,6,2,95795,95246,94421,94421,65,0.069,1,1
20221023,1076,69,830,9,3,95864,95294,94448,94448,92,0.098,1,1
20221023,1076,69,815,9,4,96163,95864,94645,94645,289,0.306,1,1
20221023,1076,69,1,130,5,96148,95732,94947,94947,591,0.626,1,1
20221023,1076,69,846,130,6,96195,95692,94988,94988,632,0.67,1,1
20221023,1076,69,840,116,7,96860,96032,95598,95598,1242,1.316,1,1
20221023,1076,69,845,1,8,96465,96341,95690,95690,1334,1.414,1,1
20221023,1076,69,4,211,9,96446,95988,95876,95876,1520,1.611,1,1
20221023,1076,69,822,50,10,96746,96321,96319,96319,1963,2.08,1,1
20221023,1076,69,847,3,11,96932,96368,,96368,2012,2.132,1,0
20221023,1076,69,20,116,12,96695,96398,,96398,2042,2.164,1,0
20221023,1076,69,453,210,13,96577,96740,,96577,2221,2.354,1,0
20221023,1076,69,854,50,14,96656,96970,,96656,2300,2.438,1,0
20221023,1076,69,851,210,15,96808,97147,,96808,2452,2.599,1,0
20221023,1076,69,825,208,16,96949,,,96949,2593,2.748,0,0
20221023,1076,69,817,1,17,97046,,,97046,2690,2.851,0,0
20221023,1076,69,839,211,18,97068,,,97068,2712,2.874,0,0
20221023,1076,69,853,208,19,97111,,,97111,2755,2.92,0,0
20221023,1076,69,848,3,20,97244,,,97244,2888,3.061,0,0
20221030,1077,32,830,9,1,79222,78566,77775,77775,0,0.0,1,1
20221030,1077,32,846,130,2,79583,78565,78079,78079,304,0.391,1,1
20221030,1077,32,1,130,3,79169,78552,78084,78084,309,0.397,1,1
20221030,1077,32,815,9,4,79706,78615,78128,78128,353,0.454,1,1
20221030,1077,32,832,6,5,79566,78560,78351,78351,576,0.741,1,1
20221030,1077,32,822,50,6,79523,78762,78401,78401,626,0.805,1,1
20221030,1077,32,843,6,7,79505,79109,78555,78555,780,1.003,1,1
20221030,1077,32,845,1,8,79857,79119,78721,78721,946,1.216,1,1
20221030,1077,32,4,211,9,80006,79272,78939,78939,1164,1.497,1,1
20221030,1077,32,839,211,10,79945,79081,79010,79010,1235,1.588,1,1
20221030,1077,32,817,1,11,80279,79325,,79325,1550,1.993,1,0
20221030,1077,32,854,50,12,80283,79476,,79476,1701,2.187,1,0
20221030,1077,32,851,210,13,79907,79589,,79589,1814,2.332,1,0
20221030,1077,32,453,210,14,80256,79672,,79672,1897,2.439,1,0
20221030,1077,32,825,208,15,80293,79833,,79833,2058,2.646,1,0
20221030,1077,32,853,208,16,80419,,,80419,2644,3.4,0,0
20221030,1077,32,20,116,17,80419,,,80419,2644,3.4,0,0
20221030,1077,32,840,116,18,80520,,,80520,2745,3.529,0,0
20221030,1077,32,847,3,19,80859,,,80859,3084,3.965,0,0
20221030,1077,32,848,3,20,81167,,,81167,3392,4.361,0,0
20221113,1078,18,825,208,1,73954,71410,71674,71410,529,0.746,1,1
20221113,1078,18,830,9,2,73625,70881,71877,70881,0,0.0,1,1
20221113,1078,18,846,130,3,74427,71318,72059,71318,437,0.617,1,1
20221113,1078,18,845,1,4,73106,71377,72263,71377,496,0.7,1,1
20221113,1078,18,832,6,5,74680,70890,72357,70890,9,0.013,1,1
20221113,1078,18,839,211,6,74663,71587,72425,71587,706,0.996,1,1
20221113,1078,18,4,211,7,73542,71394,72504,71394,513,0.724,1,1
20221113,1078,18,1,130,8,73403,71539,72611,71539,658,0.928,1,1
20221113,1078,18,815,9,9,73613,71456,75601,71456,575,0.811,1,1
20221113,1078,18,843,6,10,74486,70950,,70950,69,0.097,1,0
20221113,1078,18,847,3,11,74324,71631,,71631,750,1.058,1,0
20221113,1078,18,453,210,12,74371,71675,,71675,794,1.12,1,0
20221113,1078,18,20,116,13,73597,71678,,71678,797,1.124,1,0
20221113,1078,18,817,1,14,74931,72140,,72140,1259,1.776,1,0
20221113,1078,18,848,3,16,75095,,,75095,4214,5.945,0,0
20221113,1078,18,854,50,17,75197,,,75197,4316,6.089,0,0
20221113,1078,18,822,50,18,75486,,,75486,4605,6.497,0,0
20221113,1078,18,851,210,19,76264,,,76264,5383,7.594,0,0
20221113,1078,18,853,208,20,76361,,,76361,5480,7.731,0,0
20221113,1078,18,840,116,15,74398,72210,,72210,1329,1.875,1,0
20221120,1079,24,830,9,1,84754,84622,83824,83824,0,0.0,1,1
20221120,1079,24,815,9,2,84820,84419,84052,84052,228,0.272,1,1
20221120,1079,24,843,6,3,85211,84517,84092,84092,268,0.32,1,1
20221120,1079,24,832,6,4,85090,84521,84242,84242,418,0.499,1,1
20221120,1079,24,1,130,5,85594,84774,84508,84508,684,0.816,1,1
20221120,1079,24,846,130,6,85545,84940,84511,84511,687,0.82,1,1
20221120,1079,24,845,1,7,85387,84903,84769,84769,945,1.127,1,1
20221120,1079,24,839,211,8,85735,85007,84830,84830,1006,1.2,1,1
20221120,1079,24,20,116,9,85523,84974,84961,84961,1137,1.356,1,1
20221120,1079,24,817,1,10,85766,85068,85045,85045,1221,1.457,1,1
20221120,1079,24,4,211,11,85782,85096,,85096,1272,1.517,1,0
20221120,1079,24,851,210,12,85630,85219,,85219,1395,1.664,1,0
20221120,1079,24,853,208,13,85711,85225,,85225,1401,1.671,1,0
20221120,1079,24,840,116,14,85741,85359,,85359,1535,1.831,1,0
20221120,1079,24,854,50,15,85594,85408,,85408,1584,1.89,1,0
20221120,1079,24,825,208,16,85834,,,85834,2010,2.398,0,0
20221120,1079,24,453,210,17,85859,,,85859,2035,2.428,0,0
20221120,1079,24,822,50,18,85892,,,85892,2068,2.467,0,0
20221120,1079,24,847,3,19,86028,,,86028,2204,2.629,0,0
20221120,1079,24,848,3,20,86054,,,86054,2230,2.66,0,0
20230305,1080,3,830,9,1,91295,90503,89708,89708,0,0.0,1,1
20230305,1080,3,815,9,2,91479,90746,89846,89846,138,0.154,1,1
20230305,1080,3,843,6,3,91094,90282,90000,90000,292,0.326,1,1
20230305,1080,3,832,6,4,90993,90515,90154,90154,446,0.497,1,1
20230305,1080,3,4,116,5,91158,90645,90336,90336,628,0.7,1,1
20230305,1080,3,846,130,6,91057,90507,90340,90340,632,0.705,1,1
20230305,1080,3,1,130,7,91543,90513,90384,90384,676,0.754,1,1
20230305,1080,3,840,116,8,91184,91127,90836,90836,1128,1.257,1,1
20230305,1080,3,839,211,9,91508,90914,90984,90914,1206,1.344,1,1
20230305,1080,3,808,208,10,91204,90809,,90809,1101,1.227,1,0
20230305,1080,3,845,1,11,91652,91381,,91381,1673,1.865,1,0
20230305,1080,3,822,50,12,91504,91443,,91443,1735,1.934,1,0
20230305,1080,3,854,50,13,91615,91473,,91473,1765,1.967,1,0
20230305,1080,3,851,210,14,91400,92510,,91400,1692,1.886,1,0
20230305,1080,3,847,3,15,91461,,,91461,1753,1.954,0,0
20230305,1080,3,857,3,16,91652,,,91652,1944,2.167,0,0
20230305,1080,3,825,208,17,91892,,,91892,2184,2.435,0,0
20230305,1080,3,856,1,18,92101,,,92101,2393,2.668,0,0
20230305,1080,3,855,210,19,92121,,,92121,2413,2.69,0,0
20230305,1080,3,453,211,20,92181,,,92181,2473,2.757,0,0
20230319,1081,75,815,9,1,89244,88635,88265,88265,0,0.0,1,1
20230319,1081,75,843,6,2,89376,88903,88420,88420,155,0.176,1,1
20230319,1081,75,4,116,3,89298,88757,88730,88730,465,0.527,1,1
20230319,1081,75,846,130,4,89592,89132,88857,88857,592,0.671,1,1
20230319,1081,75,832,6,5,89411,88957,88931,88931,666,0.755,1,1
20230319,1081,75,840,116,6,89335,88962,88945,88945,680,0.77,1,1
20230319,1081,75,839,211,7,89707,89255,89078,89078,813,0.921,1,1
20230319,1081,75,1,130,8,89689,89374,89223,89223,958,1.085,1,1
20230319,1081,75,856,1,9,89706,89378,89243,89243,978,1.108,1,1
20230319,1081,75,453,211,10,89890,89411,89357,89357,1092,1.237,1,1
20230319,1081,75,808,208,11,89547,89451,,89451,1186,1.344,1,0
20230319,1081,75,854,50,12,89654,89461,,89461,1196,1.355,1,0
20230319,1081,75,825,208,13,89744,89634,,89634,1369,1.551,1,0
20230319,1081,75,822,50,14,89929,89668,,89668,1403,1.59,1,0
20230319,1081,75,830,9,15,88761,109953,,88761,496,0.562,1,0
20230319,1081,75,851,210,16,89939,,,89939,1674,1.897,0,0
20230319,1081,75,847,3,17,89994,,,89994,1729,1.959,0,0
20230319,1081,75,855,210,18,90244,,,90244,1979,2.242,0,0
20230319,1081,75,845,1,19,90447,,,90447,2182,2.472,0,0
20230319,1081,75,857,3,20,128510,,,128510,40245,45.596,0,0
20230402,1082,1,830,9,1,77384,77056,76732,76732,0,0.0,1,1
20230402,1082,1,846,130,2,77654,77513,76968,76968,236,0.308,1,1
20230402,1082,1,1,130,3,77689,77551,77104,77104,372,0.485,1,1
20230402,1082,1,4,116,4,77832,77283,77139,77139,407,0.53,1,1
20230402,1082,1,832,6,5,77928,77349,77270,77270,538,0.701,1,1
20230402,1082,1,840,116,6,77873,77616,77308,77308,576,0.751,1,1
20230402,1082,1,843,6,7,78218,77390,77369,77369,637,0.83,1,1
20230402,1082,1,847,3,8,77962,77761,77609,77609,877,1.143,1,1
20230402,1082,1,453,211,9,78312,77574,77675,77574,842,1.097,1,1
20230402,1082,1,808,208,10,78029,77412,77735,77412,680,0.886,1,1
20230402,1082,1,839,211,11,77770,77768,,77768,1036,1.35,1,0
20230402,1082,1,851,210,12,78471,78099,,78099,1367,1.782,1,0
20230402,1082,1,845,1,13,78243,78119,,78119,1387,1.808,1,0
20230402,1082,1,825,208,14,78159,78129,,78129,1397,1.821,1,0
20230402,1082,1,855,210,15,78450,78335,,78335,1603,2.089,1,0
20230402,1082,1,856,1,16,78517,,,78517,1785,2.326,0,0
20230402,1082,1,854,50,17,78540,,,78540,1808,2.356,0,0
20230402,1082,1,857,3,18,78557,,,78557,1825,2.378,0,0
20230402,1082,1,822,50,19,78714,,,78714,1982,2.583,0,0
20230402,1082,1,815,9,20,,,,,,,0,0
20230430,1083,72,843,6,1,101269,101037,100203,100203,0,0.0,1,1
20230430,1083,72,830,9,2,101398,100822,100391,100391,188,0.188,1,1
20230430,1083,72,815,9,3,101756,101131,100495,100495,292,0.291,1,1
20230430,1083,72,832,6,4,102197,101369,101016,101016,813,0.811,1,1
20230430,1083,72,1,130,5,102113,101650,101177,101177,974,0.972,1,1
20230430,1083,72,4,116,6,101720,101370,101253,101253,1050,1.048,1,1
20230430,1083,72,845,1,7,102154,101485,101281,101281,1078,1.076,1,1
20230430,1083,72,851,210,8,102234,101569,101581,101569,1366,1.363,1,1
20230430,1083,72,840,116,9,102524,101576,101611,101576,1373,1.37,1,1
20230430,1083,72,856,1,10,102455,101636,101611,101611,1408,1.405,1,1
20230430,1083,72,846,130,11,102073,101654,,101654,1451,1.448,1,0
20230430,1083,72,839,211,12,102622,101798,,101798,1595,1.592,1,0
20230430,1083,72,847,3,13,102171,101818,,101818,1615,1.612,1,0
20230430,1083,72,822,50,14,102582,102259,,102259,2056,2.052,1,0
20230430,1083,72,857,3,15,102242,102395,,102242,2039,2.035,1,0
20230430,1083,72,854,50,16,102642,,,102642,2439,2.434,0,0
20230430,1083,72,808,208,17,102755,,,102755,2552,2.547,0,0
20230430,1083,72,825,208,18,103417,,,103417,3214,3.207,0,0
20230430,1083,72,453,211,19,104853,,,104853,4650,4.641,0,0
20230430,1083,72,855,210,20,,,,,,,0,0
20230507,1084,77,815,9,1,87713,87328,86841,86841,27,0.031,1,1
20230507,1084,77,4,116,2,88179,87097,87202,87097,283,0.326,1,1
20230507,1084,77,832,6,3,87686,87148,87349,87148,334,0.385,1,1
20230507,1084,77,825,208,4,87809,87673,87767,87673,859,0.989,1,1
20230507,1084,77,453,211,5,88061,87612,87786,87612,798,0.919,1,1
20230507,1084,77,846,130,6,88086,87743,87804,87743,929,1.07,1,1
20230507,1084,77,843,6,7,87713,86964,87861,86964,150,0.173,1,1
20230507,1084,77,839,211,8,87872,87444,87935,87444,630,0.726,1,1
20230507,1084,77,830,9,9,87363,86814,,86814,0,0.0,1,0
20230507,1084,77,822,50,10,87864,87564,,87564,750,0.864,1,0
20230507,1084,77,847,3,11,88234,87795,,87795,981,1.13,1,0
20230507,1084,77,808,208,12,87945,87903,,87903,1089,1.254,1,0
20230507,1084,77,1,130,13,87846,87975,,87846,1032,1.189,1,0
20230507,1084,77,854,50,14,88180,88091,,88091,1277,1.471,1,0
20230507,1084,77,855,210,15,88325,88395,,88325,1511,1.741,1,0
20230507,1084,77,845,1,16,88394,,,88394,1580,1.82,0,0
20230507,1084,77,851,210,17,88429,,,88429,1615,1.86,0,0
20230507,1084,77,840,116,18,88476,,,88476,1662,1.914,0,0
20230507,1084,77,856,1,19,88484,,,88484,1670,1.924,0,0
20230507,1084,77,857,3,20,88577,,,88577,1763,2.031,0,0
20230528,1085,6,830,9,1,72386,71908,71365,71365,0,0.0,1,1
20230528,1085,6,4,116,2,72886,72107,71449,71449,84,0.118,1,1
20230528,1085,6,843,6,3,72912,72103,71471,71471,106,0.149,1,1
20230528,1085,6,839,211,4,72967,72248,71553,71553,188,0.263,1,1
20230528,1085,6,832,6,5,72717,72210,71630,71630,265,0.371,1,1
20230528,1085,6,1,130,6,72872,72156,71725,71725,360,0.504,1,1
20230528,1085,6,453,211,7,73033,72169,71933,71933,568,0.796,1,1
20230528,1085,6,846,130,8,72769,72151,71964,71964,599,0.839,1,1
20230528,1085,6,851,210,9,72642,72249,72082,72082,717,1.005,1,1
20230528,1085,6,845,1,10,72877,72377,72254,72254,889,1.246,1,1
20230528,1085,6,856,1,11,73006,72395,,72395,1030,1.443,1,0
20230528,1085,6,855,210,12,73054,72428,,72428,1063,1.49,1,0
20230528,1085,6,847,3,13,72706,72527,,72527,1162,1.628,1,0
20230528,1085,6,840,116,14,72722,72623,,72623,1258,1.763,1,0
20230528,1085,6,822,50,15,73038,72625,,72625,1260,1.766,1,0
20230528,1085,6,857,3,16,73113,,,73113,1748,2.449,0,0
20230528,1085,6,825,208,17,73270,,,73270,1905,2.669,0,0
20230528,1085,6,808,208,18,73279,,,73279,1914,2.682,0,0
20230528,1085,6,854,50,19,73523,,,73523,2158,3.024,0,0
20230528,1085,6,815,9,20,73850,,,73850,2485,3.482,0,0
20230604,1086,4,830,9,1,73615,72760,72272,72272,0,0.0,1,1
20230604,1086,4,832,6,2,73411,72790,72734,72734,462,0.639,1,1
20230604,1086,4,845,1,3,73295,72776,72792,72776,504,0.697,1,1
20230604,1086,4,453,211,4,73471,73186,72816,72816,544,0.753,1,1
20230604,1086,4,1,130,5,72937,72999,72818,72818,546,0.755,1,1
20230604,1086,4,840,116,6,73766,73082,72994,72994,722,0.999,1,1
20230604,1086,4,839,211,7,73433,73001,73083,73001,729,1.009,1,1
20230604,1086,4,808,208,8,73420,73283,73229,73229,957,1.324,1,1
20230604,1086,4,4,116,9,73747,73098,73507,73098,826,1.143,1,1
20230604,1086,4,856,1,10,73691,73059,73682,73059,787,1.089,1,1
20230604,1086,4,815,9,11,73874,73334,,73334,1062,1.469,1,0
20230604,1086,4,846,130,12,73326,73447,,73326,1054,1.458,1,0
20230604,1086,4,854,50,13,73677,73521,,73521,1249,1.728,1,0
20230604,1086,4,855,210,14,73581,74083,,73581,1309,1.811,1,0
20230604,1086,4,851,210,15,73862,74477,,73862,1590,2.2,1,0
20230604,1086,4,822,50,16,73977,,,73977,1705,2.359,0,0
20230604,1086,4,825,208,17,74042,,,74042,1770,2.449,0,0
20230604,1086,4,847,3,18,74063,,,74063,1791,2.478,0,0
20230604,1086,4,843,6,19,74079,,,74079,1807,2.5,0,0
20230604,1086,4,857,3,20,74699,,,74699,2427,3.358,0,0
20230618,1087,7,830,9,1,80851,79092,85858,79092,367,0.466,1,1
20230618,1087,7,808,208,2,82730,80305,87102,80305,1580,2.007,1,1
20230618,1087,7,4,116,3,81481,79776,87286,79776,1051,1.335,1,1
20230618,1087,7,1,130,4,81554,80426,87627,80426,1701,2.161,1,1
20230618,1087,7,846,130,5,81798,80098,87893,80098,1373,1.744,1,1
20230618,1087,7,839,211,6,82114,80406,87945,80406,1681,2.135,1,1
20230618,1087,7,845,1,7,81998,79347,88046,79347,622,0.79,1,1
20230618,1087,7,832,6,8,82248,79856,89294,79856,1131,1.437,1,1
20230618,1087,7,856,1,9,82190,79659,91349,79659,934,1.186,1,1
20230618,1087,7,847,3,10,81938,78725,,78725,0,0.0,1,0
20230618,1087,7,843,6,11,81843,80615,,80615,1890,2.401,1,0
20230618,1087,7,815,9,12,82151,80959,,80959,2234,2.838,1,0
20230618,1087,7,840,116,13,82677,81484,,81484,2759,3.505,1,0
20230618,1087,7,825,208,14,82351,81678,,81678,2953,3.751,1,0
20230618,1087,7,822,50,15,82332,81821,,81821,3096,3.933,1,0
20230618,1087,7,851,210,16,82746,,,82746,4021,5.108,0,0
20230618,1087,7,453,211,17,82886,,,82886,4161,5.285,0,0
20230618,1087,7,855,210,18,83137,,,83137,4412,5.604,0,0
20230618,1087,7,857,3,19,83337,,,83337,4612,5.858,0,0
20230618,1087,7,854,50,20,83342,,,83342,4617,5.865,0,0
20230702,1088,70,830,9,1,65116,64951,64391,64391,0,0.0,1,1
20230702,1088,70,843,6,2,65577,65087,64439,64439,48,0.075,1,1
20230702,1088,70,832,6,3,65339,64975,64581,64581,190,0.295,1,1
20230702,1088,70,845,1,4,65617,65038,64658,64658,267,0.415,1,1
20230702,1088,70,1,130,5,65673,65188,64819,64819,428,0.665,1,1
20230702,1088,70,840,116,6,65710,65121,64893,64893,502,0.78,1,1
20230702,1088,70,4,116,7,65655,65181,64911,64911,520,0.808,1,1
20230702,1088,70,808,208,8,65740,65362,65090,65090,699,1.086,1,1
20230702,1088,70,453,211,9,65515,65308,65170,65170,779,1.21,1,1
20230702,1088,70,847,3,10,65673,65387,65823,65387,996,1.547,1,1
20230702,1088,70,846,130,11,65686,65428,,65428,1037,1.61,1,0
20230702,1088,70,839,211,12,65729,65453,,65453,1062,1.649,1,0
20230702,1088,70,856,1,13,65683,65605,,65605,1214,1.885,1,0
20230702,1088,70,822,50,14,65763,65680,,65680,1289,2.002,1,0
20230702,1088,70,815,9,15,65177,126688,,65177,786,1.221,1,0
20230702,1088,70,851,210,16,65784,,,65784,1393,2.163,0,0
20230702,1088,70,854,50,17,65818,,,65818,1427,2.216,0,0
20230702,1088,70,857,3,18,65948,,,65948,1557,2.418,0,0
20230702,1088,70,825,208,19,65971,,,65971,1580,2.454,0,0
20230702,1088,70,855,210,20,65974,,,65974,1583,2.458,0,0
20230709,1089,9,830,9,1,89428,87702,86720,86720,0,0.0,1,1
20230709,1089,9,845,1,2,88917,88042,86961,86961,241,0.278,1,1
20230709,1089,9,856,1,3,89874,87845,87092,87092,372,0.429,1,1
20230709,1089,9,843,6,4,89143,88361,87136,87136,416,0.48,1,1
20230709,1089,9,832,6,5,89865,88265,87148,87148,428,0.494,1,1
20230709,1089,9,846,130,6,89412,88782,87155,87155,435,0.502,1,1
20230709,1089,9,1,130,7,89415,88545,87211,87211,491,0.566,1,1
20230709,1089,9,847,3,8,89466,88067,87530,87530,810,0.934,1,1
20230709,1089,9,4,116,9,89949,88368,87659,87659,939,1.083,1,1
20230709,1089,9,453,211,10,89533,88751,87689,87689,969,1.117,1,1
20230709,1089,9,808,208,11,89603,88896,,88896,2176,2.509,1,0
20230709,1089,9,840,116,12,89448,88935,,88935,2215,2.554,1,0
20230709,1089,9,839,211,13,89700,88956,,88956,2236,2.578,1,0
20230709,1089,9,857,3,14,89873,89031,,89031,2311,2.665,1,0
20230709,1089,9,822,50,15,89798,,,89798,3078,3.549,0,0
20230709,1089,9,815,9,16,89968,,,89968,3248,3.745,0,0
20230709,1089,9,851,210,17,90025,,,90025,3305,3.811,0,0
20230709,1089,9,854,50,18,90123,,,90123,3403,3.924,0,0
20230709,1089,9,855,210,19,90513,,,90513,3793,4.374,0,0
20230709,1089,9,825,208,20,92378,,,92378,5658,6.524,0,0
20230723,1090,11,1,130,1,78577,77427,76609,76609,0,0.0,1,1
20230723,1090,11,830,9,2,78318,77547,76612,76612,3,0.004,1,1
20230723,1090,11,845,1,3,78697,77328,76694,76694,85,0.111,1,1
20230723,1090,11,856,1,4,78464,77571,76905,76905,296,0.386,1,1
20230723,1090,11,854,50,5,78143,77700,76971,76971,362,0.473,1,1
20230723,1090,11,843,6,6,78440,77580,76992,76992,383,0.5,1,1
20230723,1090,11,822,50,7,78775,77563,77034,77034,425,0.555,1,1
20230723,1090,11,4,116,8,78580,77701,77035,77035,426,0.556,1,1
20230723,1090,11,815,9,9,78360,77675,77045,77045,436,0.569,1,1
20230723,1090,11,808,208,10,78695,77652,77186,77186,577,0.753,1,1
20230723,1090,11,832,6,11,78393,77703,,77703,1094,1.428,1,0
20230723,1090,11,839,211,12,78854,77841,,77841,1232,1.608,1,0
20230723,1090,11,817,210,13,78906,78002,,78002,1393,1.818,1,0
20230723,1090,11,840,116,14,78782,78144,,78144,1535,2.004,1,0
20230723,1090,11,453,211,15,78743,78217,,78217,1608,2.099,1,0
20230723,1090,11,847,3,16,78917,,,78917,2308,3.013,0,0
20230723,1090,11,851,210,17,78919,,,78919,2310,3.015,0,0
20230723,1090,11,846,130,18,79027,,,79027,2418,3.156,0,0
20230723,1090,11,825,208,19,79206,,,79206,2597,3.39,0,0
20230723,1090,11,857,3,20,79248,,,79248,2639,3.445,0,0
20230730,1091,13,830,9,1,118515,112784,106168,106168,0,0.0,1,1
20230730,1091,13,843,6,2,118300,112017,106988,106988,820,0.772,1,1
20230730,1091,13,815,9,3,118899,112353,107045,107045,877,0.826,1,1
20230730,1091,13,1,130,4,118563,112345,107087,107087,919,0.866,1,1
20230730,1091,13,832,6,5,118688,111711,107152,107152,984,0.927,1,1
20230730,1091,13,856,1,6,118872,111534,107365,107365,1197,1.127,1,1
20230730,1091,13,845,1,7,119981,112252,107669,107669,1501,1.414,1,1
20230730,1091,13,846,130,8,119035,112605,107805,107805,1637,1.542,1,1
20230730,1091,13,4,116,9,118834,112751,107843,107843,1675,1.578,1,1
20230730,1091,13,840,116,10,119663,112193,108841,108841,2673,2.518,1,1
20230730,1091,13,851,210,11,119044,113148,,113148,6980,6.574,1,0
20230730,1091,13,453,211,12,119511,113671,,113671,7503,7.067,1,0
20230730,1091,13,825,208,13,120020,114160,,114160,7992,7.528,1,0
20230730,1091,13,822,50,14,119484,114694,,114694,8526,8.031,1,0
20230730,1091,13,839,211,15,119634,116372,,116372,10204,9.611,1,0
20230730,1091,13,847,3,16,120314,,,120314,14146,13.324,0,0
20230730,1091,13,854,50,17,120832,,,120832,14664,13.812,0,0
20230730,1091,13,857,3,18,121535,,,121535,15367,14.474,0,0
20230730,1091,13,817,210,19,122159,,,122159,15991,15.062,0,0
20230730,1091,13,808,208,20,123166,,,123166,16998,16.01,0,0
20230827,1092,39,830,9,1,80965,78856,70567,70567,0,0.0,1,1
20230827,1092,39,845,1,2,81276,79769,71104,71104,537,0.761,1,1
20230827,1092,39,846,130,3,81345,79620,71294,71294,727,1.03,1,1
20230827,1092,39,847,3,4,80939,79399,71419,71419,852,1.207,1,1
20230827,1092,39,4,116,5,81840,79429,71506,71506,939,1.331,1,1
20230827,1092,39,832,6,6,81321,79929,71754,71754,1187,1.682,1,1
20230827,1092,39,815,9,7,81972,79856,71880,71880,1313,1.861,1,1
20230827,1092,39,856,1,8,81231,79392,71938,71938,1371,1.943,1,1
20230827,1092,39,843,6,9,82019,79600,72665,72665,2098,2.973,1,1
20230827,1092,39,857,3,10,82036,80067,76748,76748,6181,8.759,1,1
20230827,1092,39,840,116,11,81570,80121,,80121,9554,13.539,1,0
20230827,1092,39,453,211,12,81735,80128,,80128,9561,13.549,1,0
20230827,1092,39,1,130,13,81919,80151,,80151,9584,13.581,1,0
20230827,1092,39,851,210,14,81781,80230,,80230,9663,13.693,1,0
20230827,1092,39,808,208,15,81891,80250,,80250,9683,13.722,1,0
20230827,1092,39,854,50,16,82067,,,82067,11500,16.297,0,0
20230827,1092,39,839,211,17,82110,,,82110,11543,16.358,0,0
20230827,1092,39,825,208,18,82192,,,82192,11625,16.474,0,0
20230827,1092,39,822,50,19,82260,,,82260,11693,16.57,0,0
20230827,1092,39,858,210,20,83420,,,83420,12853,18.214,0,0
20230903,1093,14,832,6,1,81965,80991,80294,80294,0,0.0,1,1
20230903,1093,14,830,9,2,81573,80937,80307,80307,13,0.016,1,1
20230903,1093,14,843,6,3,81788,80977,80361,80361,67,0.083,1,1
20230903,1093,14,846,130,4,82148,81382,80671,80671,377,0.47,1,1
20230903,1093,14,815,9,5,81911,81240,80688,80688,394,0.491,1,1
20230903,1093,14,847,3,6,81661,81272,80760,80760,466,0.58,1,1
20230903,1093,14,856,1,7,82106,81527,80785,80785,491,0.612,1,1
20230903,1093,14,1,130,8,81977,81369,80820,80820,526,0.655,1,1
20230903,1093,14,845,1,9,81995,81581,80979,80979,685,0.853,1,1
20230903,1093,14,4,116,10,82043,81543,81417,81417,1123,1.399,1,1
20230903,1093,14,851,210,11,81852,81594,,81594,1300,1.619,1,0
20230903,1093,14,858,210,12,82112,81758,,81758,1464,1.823,1,0
20230903,1093,14,808,208,13,82343,81776,,81776,1482,1.846,1,0
20230903,1093,14,822,50,14,82249,81940,,81940,1646,2.05,1,0
20230903,1093,14,857,3,15,81930,81944,,81930,1636,2.038,1,0
20230903,1093,14,854,50,16,82390,,,82390,2096,2.61,0,0
20230903,1093,14,453,211,17,82545,,,82545,2251,2.803,0,0
20230903,1093,14,839,211,18,82548,,,82548,2254,2.807,0,0
20230903,1093,14,825,208,19,82592,,,82592,2298,2.862,0,0
20230903,1093,14,840,116,20,82860,,,82860,2566,3.196,0,0
20230917,1094,15,832,6,1,92339,91439,90984,90984,0,0.0,1,1
20230917,1094,15,846,130,2,92331,91743,91056,91056,72,0.079,1,1
20230917,1094,15,843,6,3,92406,92012,91063,91063,79,0.087,1,1
20230917,1094,15,845,1,4,92483,91951,91270,91270,286,0.314,1,1
20230917,1094,15,1,130,5,92651,92019,91485,91485,501,0.551,1,1
20230917,1094,15,825,208,6,92242,91892,91575,91575,591,0.65,1,1
20230917,1094,15,4,116,7,92584,91835,91615,91615,631,0.694,1,1
20230917,1094,15,839,211,8,92369,92089,91673,91673,689,0.757,1,1
20230917,1094,15,808,208,9,92100,91994,91808,91808,824,0.906,1,1
20230917,1094,15,858,210,10,92215,92166,92268,92166,1182,1.299,1,1
20230917,1094,15,830,9,11,92398,92173,,92173,1189,1.307,1,0
20230917,1094,15,453,211,12,92452,92274,,92274,1290,1.418,1,0
20230917,1094,15,815,9,13,92099,92310,,92099,1115,1.225,1,0
20230917,1094,15,847,3,14,92668,93719,,92668,1684,1.851,1,0
20230917,1094,15,851,210,15,91991,,,91991,1007,1.107,0,0
20230917,1094,15,822,50,16,92809,,,92809,1825,2.006,0,0
20230917,1094,15,856,1,17,92902,,,92902,1918,2.108,0,0
20230917,1094,15,857,3,18,93252,,,93252,2268,2.493,0,0
20230917,1094,15,854,50,19,93258,,,93258,2274,2.499,0,0
20230917,1094,15,840,116,20,93397,,,93397,2413,2.652,0,0
20230924,1095,22,830,9,1,89878,89964,88877,88877,0,0.0,1,1
20230924,1095,22,856,1,2,90439,90122,89458,89458,581,0.654,1,1
20230924,1095,22,845,1,3,90063,90296,89493,89493,616,0.693,1,1
20230924,1095,22,843,6,4,90393,89940,89542,89542,665,0.748,1,1
20230924,1095,22,815,9,5,90652,89965,89650,89650,773,0.87,1,1
20230924,1095,22,832,6,6,90651,90067,89850,89850,973,1.095,1,1
20230924,1095,22,1,130,7,90811,90040,89908,89908,1031,1.16,1,1
20230924,1095,22,846,130,8,90811,90268,90219,90219,1342,1.51,1,1
20230924,1095,22,851,210,9,90733,90204,90303,90204,1327,1.493,1,1
20230924,1095,22,4,116,10,90971,90465,90560,90465,1588,1.787,1,1
20230924,1095,22,858,210,11,90425,90508,,90425,1548,1.742,1,0
20230924,1095,22,453,211,12,90843,90509,,90509,1632,1.836,1,0
20230924,1095,22,847,3,13,90941,90537,,90537,1660,1.868,1,0
20230924,1095,22,839,211,14,90960,90586,,90586,1709,1.923,1,0
20230924,1095,22,825,208,15,90976,90665,,90665,1788,2.012,1,0
20230924,1095,22,822,50,16,91049,,,91049,2172,2.444,0,0
20230924,1095,22,840,116,17,91181,,,91181,2304,2.592,0,0
20230924,1095,22,808,208,18,91299,,,91299,2422,2.725,0,0
20230924,1095,22,854,50,19,91398,,,91398,2521,2.837,0,0
20230924,1095,22,857,3,20,,,,,,,0,0
20231008,1096,76,830,9,1,85007,84483,83778,83778,0,0.0,1,1
20231008,1096,76,846,130,2,85334,84827,84219,84219,441,0.526,1,1
20231008,1096,76,1,130,3,86076,84381,84305,84305,527,0.629,1,1
20231008,1096,76,4,116,4,85223,85241,84369,84369,591,0.705,1,1
20231008,1096,76,843,6,5,85452,85079,84424,84424,646,0.771,1,1
20231008,1096,76,856,1,6,85266,84724,84540,84540,762,0.91,1,1
20231008,1096,76,453,211,7,85566,84918,84553,84553,775,0.925,1,1
20231008,1096,76,839,211,8,85711,84928,84763,84763,985,1.176,1,1
20231008,1096,76,822,50,9,86038,85297,85058,85058,1280,1.528,1,1
20231008,1096,76,845,1,10,85131,84685,,84685,907,1.083,1,0
20231008,1096,76,851,210,11,86058,85301,,85301,1523,1.818,1,0
20231008,1096,76,832,6,12,85808,85328,,85328,1550,1.85,1,0
20231008,1096,76,815,9,13,85991,85462,,85462,1684,2.01,1,0
20231008,1096,76,847,3,14,86118,85707,,85707,1929,2.303,1,0
20231008,1096,76,808,208,15,85904,85783,,85783,2005,2.393,1,0
20231008,1096,76,857,3,16,86210,,,86210,2432,2.903,0,0
20231008,1096,76,840,116,17,86345,,,86345,2567,3.064,0,0
20231008,1096,76,858,210,18,86635,,,86635,2857,3.41,0,0
20231008,1096,76,825,208,19,87046,,,87046,3268,3.901,0,0
20231008,1096,76,854,50,20,87432,,,87432,3654,4.362,0,0
20231022,1097,69,843,6,1,96061,95004,94723,94723,0,0.0,1,1
20231022,1097,69,845,1,2,95110,95441,94853,94853,130,0.137,1,1
20231022,1097,69,1,130,3,95091,95240,94862,94862,139,0.147,1,1
20231022,1097,69,832,6,4,95824,95302,94945,94945,222,0.234,1,1
20231022,1097,69,846,130,5,96165,95606,95079,95079,356,0.376,1,1
20231022,1097,69,830,9,6,95346,95008,95081,95008,285,0.301,1,1
20231022,1097,69,453,211,7,96158,95496,95089,95089,366,0.386,1,1
20231022,1097,69,839,211,8,96131,95413,95154,95154,431,0.455,1,1
20231022,1097,69,815,9,9,95989,95679,95173,95173,450,0.475,1,1
20231022,1097,69,856,1,10,96064,95576,95467,95467,744,0.785,1,1
20231022,1097,69,851,210,11,95913,95697,,95697,974,1.028,1,0
20231022,1097,69,854,50,12,96052,95698,,95698,975,1.029,1,0
20231022,1097,69,822,50,13,96082,95858,,95858,1135,1.198,1,0
20231022,1097,69,825,208,14,96009,95880,,95880,1157,1.221,1,0
20231022,1097,69,817,210,15,96213,95974,,95974,1251,1.321,1,0
20231022,1097,69,808,208,16,96235,,,96235,1512,1.596,0,0
20231022,1097,69,4,116,17,96268,,,96268,1545,1.631,0,0
20231022,1097,69,847,3,18,96315,,,96315,1592,1.681,0,0
20231022,1097,69,840,116,19,96589,,,96589,1866,1.97,0,0
20231022,1097,69,857,3,20,96827,,,96827,2104,2.221,0,0
20231029,1098,32,843,6,1,78401,77901,77166,77166,0,0.0,1,1
20231029,1098,32,832,6,2,78755,78382,77233,77233,67,0.087,1,1
20231029,1098,32,830,9,3,78099,77625,77263,77263,97,0.126,1,1
20231029,1098,32,817,210,4,78341,77706,77382,77382,216,0.28,1,1
20231029,1098,32,815,9,5,78553,78124,77423,77423,257,0.333,1,1
20231029,1098,32,1,130,6,78677,77571,77454,77454,288,0.373,1,1
20231029,1098,32,856,1,7,78241,77874,77623,77623,457,0.592,1,1
20231029,1098,32,846,130,8,78893,77673,77674,77673,507,0.657,1,1
20231029,1098,32,822,50,9,78429,78016,78032,78016,850,1.102,1,1
20231029,1098,32,854,50,10,79016,78440,78050,78050,884,1.146,1,1
20231029,1098,32,453,211,11,78945,78521,,78521,1355,1.756,1,0
20231029,1098,32,808,208,12,78969,78524,,78524,1358,1.76,1,0
20231029,1098,32,4,116,13,78848,78738,,78738,1572,2.037,1,0
20231029,1098,32,847,3,14,78828,79147,,78828,1662,2.154,1,0
20231029,1098,32,851,210,15,78890,,,78890,1724,2.234,0,0
20231029,1098,32,839,211,16,79080,,,79080,1914,2.48,0,0
20231029,1098,32,825,208,17,79163,,,79163,1997,2.588,0,0
20231029,1098,32,840,116,18,79227,,,79227,2061,2.671,0,0
20231029,1098,32,845,1,19,81554,,,81554,4388,5.686,0,0
20231029,1098,32,857,3,20,,,,,,,0,0
20231105,1099,18,830,9,1,70436,70162,70727,70162,141,0.201,1,1
20231105,1099,18,843,6,2,70472,70303,71021,70303,282,0.403,1,1
20231105,1099,18,840,116,3,70551,70375,71344,70375,354,0.506,1,1
20231105,1099,18,4,116,4,70557,70237,71387,70237,216,0.308,1,1
20231105,1099,18,1,130,5,70604,70266,71469,70266,245,0.35,1,1
20231105,1099,18,846,130,6,70340,70316,71590,70316,295,0.421,1,1
20231105,1099,18,845,1,7,70623,70021,71987,70021,0,0.0,1,1
20231105,1099,18,832,6,8,70624,70254,71989,70254,233,0.333,1,1
20231105,1099,18,815,9,9,70668,70219,72321,70219,198,0.283,1,1
20231105,1099,18,856,1,10,70519,70330,,70330,309,0.441,1,0
20231105,1099,18,808,208,11,70475,70547,,70475,454,0.648,1,0
20231105,1099,18,839,211,12,70763,70562,,70562,541,0.773,1,0
20231105,1099,18,453,211,13,70793,70567,,70567,546,0.78,1,0
20231105,1099,18,825,208,14,70602,70723,,70602,581,0.83,1,0
20231105,1099,18,847,3,15,70621,70840,,70621,600,0.857,1,0
20231105,1099,18,851,210,16,70837,,,70837,816,1.165,0,0
20231105,1099,18,817,210,17,70843,,,70843,822,1.174,0,0
20231105,1099,18,822,50,18,70955,,,70955,934,1.334,0,0
20231105,1099,18,857,3,19,71035,,,71035,1014,1.448,0,0
20231105,1099,18,854,50,20,71275,,,71275,1254,1.791,0,0
20231119,1100,23,843,6,1,93617,92775,92726,92726,0,0.0,1,1
20231119,1100,23,832,6,2,93851,93338,92770,92770,44,0.047,1,1
20231119,1100,23,830,9,3,94190,93572,93104,93104,378,0.408,1,1
20231119,1100,23,846,130,4,94137,93351,93112,93112,386,0.416,1,1
20231119,1100,23,453,211,5,94272,93494,93239,93239,513,0.553,1,1
20231119,1100,23,847,3,6,94634,93588,93323,93323,597,0.644,1,1
20231119,1100,23,857,3,7,94525,93733,93513,93513,787,0.849,1,1
20231119,1100,23,822,50,8,94305,93809,93525,93525,799,0.862,1,1
20231119,1100,23,825,208,9,94337,93664,93537,93537,811,0.875,1,1
20231119,1100,23,4,116,10,94422,93617,93555,93555,829,0.894,1,1
20231119,1100,23,1,130,11,94307,93837,,93837,1111,1.198,1,0
20231119,1100,23,815,9,12,94574,93855,,93855,1129,1.218,1,0
20231119,1100,23,808,208,13,94265,93979,,93979,1253,1.351,1,0
20231119,1100,23,840,116,14,94504,94199,,94199,1473,1.589,1,0
20231119,1100,23,817,210,15,94683,94308,,94308,1582,1.706,1,0
20231119,1100,23,845,1,16,94703,,,94703,1977,2.132,0,0
20231119,1100,23,839,211,17,94834,,,94834,2108,2.273,0,0
20231119,1100,23,854,50,18,94849,,,94849,2123,2.29,0,0
20231119,1100,23,856,1,19,94850,,,94850,2124,2.291,0,0
20231119,1100,23,851,210,20,96447,,,96447,3721,4.013,0,0
20231126,1101,24,830,9,1,84160,83740,83445,83445,0,0.0,1,1
20231126,1101,24,843,6,2,84459,83969,83584,83584,139,0.167,1,1
20231126,1101,24,856,1,3,84487,84278,83782,83782,337,0.404,1,1
20231126,1101,24,846,130,4,84337,84013,83788,83788,343,0.411,1,1
20231126,1101,24,845,1,5,84368,83920,83816,83816,371,0.445,1,1
20231126,1101,24,851,210,6,84286,84207,83968,83968,523,0.627,1,1
20231126,1101,24,4,116,7,84501,84131,84084,84084,639,0.766,1,1
20231126,1101,24,808,208,8,84425,84213,84108,84108,663,0.795,1,1
20231126,1101,24,815,9,9,84209,84116,84171,84116,671,0.804,1,1
20231126,1101,24,453,211,10,84600,84078,84548,84078,633,0.759,1,1
20231126,1101,24,1,130,11,84437,84359,,84359,914,1.095,1,0
20231126,1101,24,839,211,12,84565,84391,,84391,946,1.134,1,0
20231126,1101,24,840,116,13,84405,84422,,84405,960,1.15,1,0
20231126,1101,24,847,3,14,84298,84439,,84298,853,1.022,1,0
20231126,1101,24,817,210,15,84461,84442,,84442,997,1.195,1,0
20231126,1101,24,832,6,16,84738,,,84738,1293,1.55,0,0
20231126,1101,24,825,208,17,84764,,,84764,1319,1.581,0,0
20231126,1101,24,822,50,18,84788,,,84788,1343,1.609,0,0
20231126,1101,24,854,50,19,85159,,,85159,1714,2.054,0,0
20231126,1101,24,857,3,20,,,,,,,0,0
20240302,1102,3,830,9,1,90031,89374,89179,89179,14,0.016,1,1
20240302,1102,3,843,6,2,90243,89165,89407,89165,0,0.0,1,1
20240302,1102,3,846,130,3,90350,89922,89485,89485,320,0.359,1,1
20240302,1102,3,832,6,4,89909,89573,89507,89507,342,0.384,1,1
20240302,1102,3,815,9,5,90221,89932,89537,89537,372,0.417,1,1
20240302,1102,3,4,116,6,90179,89801,89542,89542,377,0.423,1,1
20240302,1102,3,845,1,7,90143,89941,89614,89614,449,0.504,1,1
20240302,1102,3,856,1,8,90531,90122,89683,89683,518,0.581,1,1
20240302,1102,3,1,130,9,90451,89718,89710,89710,545,0.611,1,1
20240302,1102,3,808,208,10,90566,89851,90502,89851,686,0.769,1,1
20240302,1102,3,851,212,11,90481,90129,,90129,964,1.081,1,0
20240302,1102,3,840,116,12,89965,90200,,89965,800,0.897,1,0
20240302,1102,3,847,3,13,90397,90221,,90221,1056,1.184,1,0
20240302,1102,3,817,212,14,90562,90278,,90278,1113,1.248,1,0
20240302,1102,3,825,208,15,90646,90529,,90529,1364,1.53,1,0
20240302,1102,3,822,15,16,90756,,,90756,1591,1.784,0,0
20240302,1102,3,854,15,17,90757,,,90757,1592,1.785,0,0
20240302,1102,3,857,3,18,90770,,,90770,1605,1.8,0,0
20240302,1102,3,839,211,19,90793,,,90793,1628,1.826,0,0
20240302,1102,3,453,211,20,90948,,,90948,1783,2.0,0,0
20240309,1103,75,830,9,1,88171,88033,87472,87472,0,0.0,1,1
20240309,1103,75,843,6,2,88318,88112,87791,87791,319,0.365,1,1
20240309,1103,75,815,9,3,88638,88467,87807,87807,335,0.383,1,1
20240309,1103,75,4,116,4,88706,88122,87846,87846,374,0.428,1,1
20240309,1103,75,856,1,5,88755,88343,88089,88089,617,0.705,1,1
20240309,1103,75,845,1,6,88805,88479,88132,88132,660,0.755,1,1
20240309,1103,75,846,130,7,88749,88448,88316,88316,844,0.965,1,1
20240309,1103,75,1,130,8,88994,88606,88460,88460,988,1.13,1,1
20240309,1103,75,851,212,9,88988,88564,88547,88547,1075,1.229,1,1
20240309,1103,75,840,116,10,88250,88578,88572,88250,778,0.889,1,1
20240309,1103,75,859,6,11,88984,88642,,88642,1170,1.338,1,0
20240309,1103,75,847,3,12,89107,88980,,88980,1508,1.724,1,0
20240309,1103,75,825,208,13,89069,89020,,89020,1548,1.77,1,0
20240309,1103,75,817,212,14,89065,89025,,89025,1553,1.775,1,0
20240309,1103,75,808,208,15,89055,,,89055,1583,1.81,0,0
20240309,1103,75,822,15,16,89179,,,89179,1707,1.951,0,0
20240309,1103,75,839,211,17,89475,,,89475,2003,2.29,0,0
20240309,1103,75,453,211,18,89479,,,89479,2007,2.294,0,0
20240309,1103,75,857,3,19,89526,,,89526,2054,2.348,0,0
20240309,1103,75,854,15,20,,,,,,,0,0
20240324,1104,1,830,9,1,76819,76387,75915,75915,0,0.0,1,1
20240324,1104,1,832,6,2,76731,76189,76185,76185,270,0.356,1,1
20240324,1104,1,815,9,3,76805,76631,76274,76274,359,0.473,1,1
20240324,1104,1,845,1,4,77430,76750,76315,76315,400,0.527,1,1
20240324,1104,1,843,6,5,76984,76304,76435,76304,389,0.512,1,1
20240324,1104,1,856,1,6,77369,76601,76572,76572,657,0.865,1,1
20240324,1104,1,846,130,7,77062,76901,76724,76724,809,1.066,1,1
20240324,1104,1,851,212,8,77356,76791,76788,76788,873,1.15,1,1
20240324,1104,1,840,116,9,77376,76780,77072,76780,865,1.139,1,1
20240324,1104,1,4,116,10,76991,76710,77552,76710,795,1.047,1,1
20240324,1104,1,1,130,11,77499,76960,,76960,1045,1.377,1,0
20240324,1104,1,847,3,12,77130,77167,,77130,1215,1.6,1,0
20240324,1104,1,822,15,13,77543,77340,,77340,1425,1.877,1,0
20240324,1104,1,825,208,14,77709,77427,,77427,1512,1.992,1,0
20240324,1104,1,839,211,15,77617,77697,,77617,1702,2.242,1,0
20240324,1104,1,808,208,16,77976,,,77976,2061,2.715,0,0
20240324,1104,1,453,211,17,77982,,,77982,2067,2.723,0,0
20240324,1104,1,817,212,18,78085,,,78085,2170,2.858,0,0
20240324,1104,1,854,15,19,78188,,,78188,2273,2.994,0,0
20240407,1105,22,830,9,1,88866,88740,88197,88197,0,0.0,1,1
20240407,1105,22,815,9,2,89303,88752,88263,88263,66,0.075,1,1
20240407,1105,22,845,1,3,89536,88940,88489,88489,292,0.331,1,1
20240407,1105,22,832,6,4,89513,89099,88682,88682,485,0.55,1,1
20240407,1105,22,4,116,5,89254,89082,88686,88686,489,0.554,1,1
20240407,1105,22,856,1,6,89425,89148,88760,88760,563,0.638,1,1
20240407,1105,22,1,130,7,89661,88887,88766,88766,569,0.645,1,1
20240407,1105,22,843,6,8,89338,89196,88786,88786,589,0.668,1,1
20240407,1105,22,846,130,9,89799,89140,89008,89008,811,0.92,1,1
20240407,1105,22,851,212,10,89775,89417,89413,89413,1216,1.379,1,1
20240407,1105,22,817,212,11,89727,89472,,89472,1275,1.446,1,0
20240407,1105,22,808,208,12,89821,89494,,89494,1297,1.471,1,0
20240407,1105,22,822,15,13,89602,89593,,89593,1396,1.583,1,0
20240407,1105,22,847,3,14,89963,89714,,89714,1517,1.72,1,0
20240407,1105,22,839,211,15,89811,89816,,89811,1614,1.83,1,0
20240407,1105,22,840,116,16,90024,,,90024,1827,2.071,0,0
20240407,1105,22,453,211,17,90119,,,90119,1922,2.179,0,0
20240407,1105,22,825,208,18,90131,,,90131,1934,2.193,0,0
20240407,1105,22,857,3,19,90139,,,90139,1942,2.202,0,0
20240407,1105,22,854,15,20,90143,,,90143,1946,2.206,0,0
20240421,1106,17,830,9,1,94742,93794,93660,93660,0,0.0,1,1
20240421,1106,17,815,9,2,95457,94026,93982,93982,322,0.344,1,1
20240421,1106,17,4,116,3,95116,94652,94148,94148,488,0.521,1,1
20240421,1106,17,845,1,4,94842,94460,94165,94165,505,0.539,1,1
20240421,1106,17,856,1,5,95014,94659,94273,94273,613,0.654,1,1
20240421,1106,17,843,6,6,94797,94399,94289,94289,629,0.672,1,1
20240421,1106,17,832,6,7,94970,94368,94297,94297,637,0.68,1,1
20240421,1106,17,846,130,8,95084,94609,94433,94433,773,0.825,1,1
20240421,1106,17,808,208,9,95068,94667,94604,94604,944,1.008,1,1
20240421,1106,17,822,15,10,95169,94769,94665,94665,1005,1.073,1,1
20240421,1106,17,840,116,11,95334,94838,,94838,1178,1.258,1,0
20240421,1106,17,817,212,12,95443,94934,,94934,1274,1.36,1,0
20240421,1106,17,839,211,13,95356,95223,,95223,1563,1.669,1,0
20240421,1106,17,847,3,14,95384,95241,,95241,1581,1.688,1,0
20240421,1106,17,453,211,15,95287,95463,,95287,1627,1.737,1,0
20240421,1106,17,854,15,16,95505,,,95505,1845,1.97,0,0
20240421,1106,17,825,208,17,95516,,,95516,1856,1.982,0,0
20240421,1106,17,1,130,18,95573,,,95573,1913,2.042,0,0
20240421,1106,17,851,212,19,95746,,,95746,2086,2.227,0,0
20240421,1106,17,857,3,20,96358,,,96358,2698,2.881,0,0
20240505,1107,77,830,9,1,87689,87566,87241,87241,0,0.0,1,1
20240505,1107,77,843,6,2,88081,87533,87382,87382,141,0.162,1,1
20240505,1107,77,832,6,3,87937,87941,87455,87455,214,0.245,1,1
20240505,1107,77,815,9,4,87772,87839,87460,87460,219,0.251,1,1
20240505,1107,77,845,1,5,87913,87871,87594,87594,353,0.405,1,1
20240505,1107,77,856,1,6,88032,87721,87675,87675,434,0.497,1,1
20240505,1107,77,846,130,7,88159,88095,88067,88067,826,0.947,1,1
20240505,1107,77,1,130,8,88167,87697,88107,87697,456,0.523,1,1
20240505,1107,77,808,208,9,88383,88200,88146,88146,905,1.037,1,1
20240505,1107,77,851,212,10,88324,88167,88192,88167,926,1.061,1,1
20240505,1107,77,840,116,11,88177,88222,,88177,936,1.073,1,0
20240505,1107,77,453,211,12,87976,88324,,87976,735,0.842,1,0
20240505,1107,77,839,211,13,88209,88371,,88209,968,1.11,1,0
20240505,1107,77,847,3,14,88343,88413,,88343,1102,1.263,1,0
20240505,1107,77,4,116,15,88453,88427,,88427,1186,1.359,1,0
20240505,1107,77,822,15,16,88463,,,88463,1222,1.401,0,0
20240505,1107,77,857,3,17,88487,,,88487,1246,1.428,0,0
20240505,1107,77,817,212,18,88617,,,88617,1376,1.577,0,0
20240505,1107,77,825,208,19,88619,,,88619,1378,1.58,0,0
20240505,1107,77,854,15,20,88824,,,88824,1583,1.815,0,0
20240519,1108,21,830,9,1,75762,75176,74746,74746,0,0.0,1,1
20240519,1108,21,856,1,2,75940,75407,74820,74820,74,0.099,1,1
20240519,1108,21,845,1,3,75915,75371,74837,74837,91,0.122,1,1
20240519,1108,21,843,6,4,75823,75328,74970,74970,224,0.3,1,1
20240519,1108,21,832,6,5,76015,75512,75233,75233,487,0.652,1,1
20240519,1108,21,846,130,6,76107,75671,75234,75234,488,0.653,1,1
20240519,1108,21,851,212,7,75894,75358,75465,75358,612,0.819,1,1
20240519,1108,21,1,130,8,76604,75677,75504,75504,758,1.014,1,1
20240519,1108,21,817,212,9,76060,75691,75674,75674,928,1.242,1,1
20240519,1108,21,808,208,10,75841,75569,75980,75569,823,1.101,1,1
20240519,1108,21,815,9,11,76404,75706,,75706,960,1.284,1,0
20240519,1108,21,839,211,12,76361,75906,,75906,1160,1.552,1,0
20240519,1108,21,840,116,13,76458,75992,,75992,1246,1.667,1,0
20240519,1108,21,847,3,14,76524,76200,,76200,1454,1.945,1,0
20240519,1108,21,453,211,15,76015,76381,,76015,1269,1.698,1,0
20240519,1108,21,822,15,16,76626,,,76626,1880,2.515,0,0
20240519,1108,21,854,15,17,76834,,,76834,2088,2.793,0,0
20240519,1108,21,825,208,18,76854,,,76854,2108,2.82,0,0
20240519,1108,21,4,116,19,76917,,,76917,2171,2.905,0,0
20240519,1108,21,857,3,20,,,,,,,0,0
20240526,1109,6,843,6,1,71584,70825,70270,70270,0,0.0,1,1
20240526,1109,6,856,1,2,71500,70756,70424,70424,154,0.219,1,1
20240526,1109,6,832,6,3,71543,71075,70518,70518,248,0.353,1,1
20240526,1109,6,845,1,4,71760,70732,70542,70542,272,0.387,1,1
20240526,1109,6,846,130,5,71492,70929,70543,70543,273,0.389,1,1
20240526,1109,6,830,9,6,71711,70745,70567,70567,297,0.423,1,1
20240526,1109,6,1,130,7,71528,71056,70621,70621,351,0.5,1,1
20240526,1109,6,851,212,8,71852,71106,70858,70858,588,0.837,1,1
20240526,1109,6,847,3,9,71623,71216,70948,70948,678,0.965,1,1
20240526,1109,6,453,211,10,71714,70896,71311,70896,626,0.891,1,1
20240526,1109,6,839,211,11,71887,71285,,71285,1015,1.444,1,0
20240526,1109,6,808,208,12,71876,71440,,71440,1170,1.665,1,0
20240526,1109,6,817,212,13,71785,71482,,71482,1212,1.725,1,0
20240526,1109,6,840,116,14,71728,71563,,71563,1293,1.84,1,0
20240526,1109,6,825,208,15,71832,71725,,71725,1455,2.071,1,0
20240526,1109,6,4,116,16,72019,,,72019,1749,2.489,0,0
20240526,1109,6,857,3,17,72020,,,72020,1750,2.49,0,0
20240526,1109,6,815,9,18,72060,,,72060,1790,2.547,0,0
20240526,1109,6,822,15,19,72512,,,72512,2242,3.191,0,0
20240526,1109,6,854,15,20,73028,,,73028,2758,3.925,0,0
20240609,1110,7,846,130,1,73013,71742,72000,71742,0,0.0,1,1
20240609,1110,7,830,9,2,72360,72549,72000,72000,258,0.36,1,1
20240609,1110,7,845,1,3,72959,72201,72021,72021,279,0.389,1,1
20240609,1110,7,856,1,4,72907,72462,72103,72103,361,0.503,1,1
20240609,1110,7,817,212,5,73240,72572,72178,72178,436,0.608,1,1
20240609,1110,7,4,116,6,73117,72635,72228,72228,486,0.677,1,1
20240609,1110,7,1,130,7,72851,71979,72280,71979,237,0.33,1,1
20240609,1110,7,851,212,8,72748,72303,72414,72303,561,0.782,1,1
20240609,1110,7,840,116,9,73088,72659,72701,72659,917,1.278,1,1
20240609,1110,7,847,3,10,72896,72485,72796,72485,743,1.036,1,1
20240609,1110,7,843,6,11,73107,72691,,72691,949,1.323,1,0
20240609,1110,7,832,6,12,73038,72728,,72728,986,1.374,1,0
20240609,1110,7,857,3,13,73063,72736,,72736,994,1.386,1,0
20240609,1110,7,825,208,14,73217,72916,,72916,1174,1.636,1,0
20240609,1110,7,453,211,15,73289,72940,,72940,1198,1.67,1,0
20240609,1110,7,815,9,16,73326,,,73326,1584,2.208,0,0
20240609,1110,7,822,15,17,73366,,,73366,1624,2.264,0,0
20240609,1110,7,839,211,18,73435,,,73435,1693,2.36,0,0
20240609,1110,7,808,208,19,73978,,,73978,2236,3.117,0,0
20240609,1110,7,854,15,20,74292,,,74292,2550,3.554,0,0
20240623,1111,4,845,1,1,72386,71872,71383,71383,0,0.0,1,1
20240623,1111,4,830,9,2,72306,71653,71403,71403,20,0.028,1,1
20240623,1111,4,1,130,3,72143,71792,71701,71701,318,0.445,1,1
20240623,1111,4,846,130,4,72456,71812,71703,71703,320,0.448,1,1
20240623,1111,4,843,6,5,72257,72038,71731,71731,348,0.488,1,1
20240623,1111,4,832,6,6,72403,71874,71736,71736,353,0.495,1,1
20240623,1111,4,453,211,7,72651,72079,71857,71857,474,0.664,1,1
20240623,1111,4,815,9,8,72477,72054,72061,72054,671,0.94,1,1
20240623,1111,4,839,211,9,72691,72109,72125,72109,726,1.017,1,1
20240623,1111,4,856,1,10,72460,72011,,72011,628,0.88,1,0
20240623,1111,4,4,116,11,72505,72128,,72128,745,1.044,1,0
20240623,1111,4,822,15,12,72758,72227,,72227,844,1.182,1,0
20240623,1111,4,808,208,13,72708,72310,,72310,927,1.299,1,0
20240623,1111,4,840,116,14,72881,72372,,72372,989,1.385,1,0
20240623,1111,4,854,15,15,72880,72738,,72738,1355,1.898,1,0
20240623,1111,4,825,208,16,72937,,,72937,1554,2.177,0,0
20240623,1111,4,851,212,17,72985,,,72985,1602,2.244,0,0
20240623,1111,4,817,212,18,73075,,,73075,1692,2.37,0,0
20240623,1111,4,847,3,19,73153,,,73153,1770,2.48,0,0
20240623,1111,4,857,3,20,73509,,,73509,2126,2.978,0,0
20240630,1112,70,830,9,1,65336,64469,64314,64314,0,0.0,1,1
20240630,1112,70,845,1,2,65450,65103,64718,64718,404,0.628,1,1
20240630,1112,70,846,130,3,65585,65016,64840,64840,526,0.818,1,1
20240630,1112,70,832,6,4,65263,65016,64851,64851,537,0.835,1,1
20240630,1112,70,1,130,5,65541,65053,64903,64903,589,0.916,1,1
20240630,1112,70,843,6,6,65509,65104,65044,65044,730,1.135,1,1
20240630,1112,70,856,1,7,65311,65070,65048,65048,734,1.141,1,1
20240630,1112,70,815,9,8,65587,65144,65202,65144,830,1.291,1,1
20240630,1112,70,808,208,9,65596,65262,65385,65262,948,1.474,1,1
20240630,1112,70,839,211,10,65574,65274,65883,65274,960,1.493,1,1
20240630,1112,70,817,212,11,65569,65289,,65289,975,1.516,1,0
20240630,1112,70,825,208,12,65508,65347,,65347,1033,1.606,1,0
20240630,1112,70,453,211,13,65598,65359,,65359,1045,1.625,1,0
20240630,1112,70,851,212,14,65563,65412,,65412,1098,1.707,1,0
20240630,1112,70,4,116,15,65656,65639,,65639,1325,2.06,1,0
20240630,1112,70,847,3,16,65736,,,65736,1422,2.211,0,0
20240630,1112,70,840,116,17,65819,,,65819,1505,2.34,0,0
20240630,1112,70,822,15,18,65847,,,65847,1533,2.384,0,0
20240630,1112,70,857,3,19,65856,,,65856,1542,2.398,0,0
20240630,1112,70,854,15,20,66061,,,66061,1747,2.716,0,0
20240707,1113,9,846,130,1,90106,86723,85819,85819,0,0.0,1,1
20240707,1113,9,1,130,2,89547,86770,85990,85990,171,0.199,1,1
20240707,1113,9,845,1,3,91596,86559,86030,86030,211,0.246,1,1
20240707,1113,9,830,9,4,91342,86796,86203,86203,384,0.447,1,1
20240707,1113,9,856,1,5,90895,86733,86237,86237,418,0.487,1,1
20240707,1113,9,808,208,6,91929,86847,86338,86338,519,0.605,1,1
20240707,1113,9,832,6,7,90557,86843,86509,86509,690,0.804,1,1
20240707,1113,9,840,116,8,91410,86938,86585,86585,766,0.893,1,1
20240707,1113,9,847,3,9,91135,86933,86640,86640,821,0.957,1,1
20240707,1113,9,4,116,10,91264,86730,86917,86730,911,1.062,1,1
20240707,1113,9,843,6,11,90496,87097,,87097,1278,1.489,1,0
20240707,1113,9,857,3,12,91608,87175,,87175,1356,1.58,1,0
20240707,1113,9,851,212,13,90994,87269,,87269,1450,1.69,1,0
20240707,1113,9,854,15,14,91190,87867,,87867,2048,2.386,1,0
20240707,1113,9,817,212,15,91291,87949,,87949,2130,2.482,1,0
20240707,1113,9,822,15,16,92431,,,92431,6612,7.705,0,0
20240707,1113,9,825,208,17,92905,,,92905,7086,8.257,0,0
20240707,1113,9,839,211,18,94557,,,94557,8738,10.182,0,0
20240707,1113,9,815,9,19,98348,,,98348,12529,14.599,0,0
20240707,1113,9,453,211,20,99804,,,99804,13985,16.296,0,0
20240721,1114,11,845,1,1,77755,75540,75227,75227,0,0.0,1,1
20240721,1114,11,856,1,2,77504,75785,75249,75249,22,0.029,1,1
20240721,1114,11,830,9,3,77087,75770,75273,75273,46,0.061,1,1
20240721,1114,11,832,6,4,77244,75885,75696,75696,469,0.623,1,1
20240721,1114,11,1,130,5,77087,76307,75854,75854,627,0.833,1,1
20240721,1114,11,843,6,6,77437,75891,75905,75891,664,0.883,1,1
20240721,1114,11,4,116,7,77624,76117,76043,76043,816,1.085,1,1
20240721,1114,11,840,116,8,77405,76075,76244,76075,848,1.127,1,1
20240721,1114,11,817,212,9,77050,76202,76447,76202,975,1.296,1,1
20240721,1114,11,851,212,10,77436,76121,76477,76121,894,1.188,1,1
20240721,1114,11,808,208,11,77362,76317,,76317,1090,1.449,1,0
20240721,1114,11,822,15,12,77487,76384,,76384,1157,1.538,1,0
20240721,1114,11,847,3,13,77280,76429,,76429,1202,1.598,1,0
20240721,1114,11,857,3,14,77770,76543,,76543,1316,1.749,1,0
20240721,1114,11,825,208,15,77851,76548,,76548,1321,1.756,1,0
20240721,1114,11,815,9,16,77886,,,77886,2659,3.535,0,0
20240721,1114,11,846,130,17,77968,,,77968,2741,3.644,0,0
20240721,1114,11,854,15,18,78037,,,78037,2810,3.735,0,0
20240721,1114,11,839,211,19,78049,,,78049,2822,3.751,0,0
20240721,1114,11,453,211,20,78166,,,78166,2939,3.907,0,0
20240728,1115,13,830,9,1,114938,113837,113159,113159,0,0.0,1,1
20240728,1115,13,843,6,2,115349,114193,113754,113754,595,0.526,1,1
20240728,1115,13,815,9,3,115139,114470,113765,113765,606,0.536,1,1
20240728,1115,13,1,130,4,115692,114037,113835,113835,676,0.597,1,1
20240728,1115,13,845,1,5,115582,114358,113981,113981,822,0.726,1,1
20240728,1115,13,856,1,6,114835,114136,114027,114027,868,0.767,1,1
20240728,1115,13,846,130,7,115353,114095,114184,114095,936,0.827,1,1
20240728,1115,13,832,6,8,115169,114112,114477,114112,953,0.842,1,1
20240728,1115,13,4,116,9,115489,114258,114765,114258,1099,0.971,1,1
20240728,1115,13,839,211,10,115417,114460,114810,114460,1301,1.15,1,1
20240728,1115,13,847,3,11,115722,114473,,114473,1314,1.161,1,0
20240728,1115,13,453,211,12,114911,114635,,114635,1476,1.304,1,0
20240728,1115,13,817,212,13,115451,114682,,114682,1523,1.346,1,0
20240728,1115,13,822,15,14,115531,114764,,114764,1605,1.418,1,0
20240728,1115,13,840,116,15,116072,115716,,115716,2557,2.26,1,0
20240728,1115,13,808,208,16,116308,,,116308,3149,2.783,0,0
20240728,1115,13,825,208,17,116500,,,116500,3341,2.952,0,0
20240728,1115,13,851,212,18,116593,,,116593,3434,3.035,0,0
20240728,1115,13,857,3,19,117230,,,117230,4071,3.598,0,0
20240728,1115,13,854,15,20,117775,,,117775,4616,4.079,0,0
20240825,1116,39,845,1,1,71377,70496,69673,69673,0,0.0,1,1
20240825,1116,39,830,9,2,71393,70811,70029,70029,356,0.511,1,1
20240825,1116,39,856,1,3,71541,70505,70172,70172,499,0.716,1,1
20240825,1116,39,846,130,4,71049,70552,70244,70244,571,0.82,1,1
20240825,1116,39,815,9,5,71006,70678,70416,70416,743,1.066,1,1
20240825,1116,39,843,6,6,71370,70689,70582,70582,909,1.305,1,1
20240825,1116,39,4,116,7,71493,70845,70633,70633,960,1.378,1,1
20240825,1116,39,840,116,8,71518,70661,70857,70661,988,1.418,1,1
20240825,1116,39,453,211,9,71718,70815,70977,70815,1142,1.639,1,1
20240825,1116,39,832,6,10,71327,70914,,70914,1241,1.781,1,0
20240825,1116,39,1,130,11,71375,70948,,70948,1275,1.83,1,0
20240825,1116,39,851,212,12,71603,70955,,70955,1282,1.84,1,0
20240825,1116,39,808,208,13,71832,71215,,71215,1542,2.213,1,0
20240825,1116,39,825,208,14,71630,71295,,71295,1622,2.328,1,0
20240825,1116,39,817,212,15,71943,,,71943,2270,3.258,0,0
20240825,1116,39,839,211,16,71995,,,71995,2322,3.333,0,0
20240825,1116,39,822,15,17,72168,,,72168,2495,3.581,0,0
20240825,1116,39,854,15,18,73261,,,73261,3588,5.15,0,0
20240825,1116,39,847,3,19,,,,,,,0,0
20240825,1116,39,857,3,20,,,,,,,0,0
20240901,1117,14,845,1,1,79911,79727,79327,79327,0,0.0,1,1
20240901,1117,14,856,1,2,80076,79808,79436,79436,109,0.137,1,1
20240901,1117,14,846,130,3,80169,79877,79440,79440,113,0.142,1,1
20240901,1117,14,843,6,4,80074,80007,79461,79461,134,0.169,1,1
20240901,1117,14,832,6,5,80149,79799,79467,79467,140,0.176,1,1
20240901,1117,14,1,130,6,80477,79641,79513,79513,186,0.234,1,1
20240901,1117,14,830,9,7,80226,79662,80022,79662,335,0.422,1,1
20240901,1117,14,815,9,8,80598,80216,80062,80062,735,0.927,1,1
20240901,1117,14,847,3,9,80542,80314,80299,80299,972,1.225,1,1
20240901,1117,14,808,208,10,80781,80411,80339,80339,1012,1.276,1,1
20240901,1117,14,4,116,11,80617,80421,,80421,1094,1.379,1,0
20240901,1117,14,817,212,12,80901,80479,,80479,1152,1.452,1,0
20240901,1117,14,825,208,13,80856,80698,,80698,1371,1.728,1,0
20240901,1117,14,453,211,14,80748,80738,,80738,1411,1.779,1,0
20240901,1117,14,839,211,15,80764,80766,,80764,1437,1.811,1,0
20240901,1117,14,851,212,16,80945,,,80945,1618,2.04,0,0
20240901,1117,14,840,116,17,81013,,,81013,1686,2.125,0,0
20240901,1117,14,860,3,18,81061,,,81061,1734,2.186,0,0
20240901,1117,14,822,15,19,81101,,,81101,1774,2.236,0,0
20240901,1117,14,854,15,20,81445,,,81445,2118,2.67,0,0
20240915,1118,72,843,6,1,102775,102056,101365,101365,0,0.0,1,1
20240915,1118,72,856,1,2,103033,102598,101686,101686,321,0.317,1,1
20240915,1118,72,832,6,3,103357,102503,101805,101805,440,0.434,1,1
20240915,1118,72,815,9,4,103213,102263,101813,101813,448,0.442,1,1
20240915,1118,72,846,130,5,103139,102329,101874,101874,509,0.502,1,1
20240915,1118,72,830,9,6,103097,102042,102023,102023,658,0.649,1,1
20240915,1118,72,1,130,7,103089,102765,102289,102289,924,0.912,1,1
20240915,1118,72,4,116,8,103472,102426,102369,102369,1004,0.99,1,1
20240915,1118,72,860,3,9,103138,102473,102530,102473,1108,1.093,1,1
20240915,1118,72,847,3,10,102899,102840,102859,102840,1475,1.455,1,1
20240915,1118,72,859,208,11,103471,102968,,102968,1603,1.581,1,0
20240915,1118,72,851,212,12,103337,103035,,103035,1670,1.648,1,0
20240915,1118,72,808,208,13,103101,103191,,103101,1736,1.713,1,0
20240915,1118,72,840,116,14,103370,103404,,103370,2005,1.978,1,0
20240915,1118,72,817,212,15,103547,,,103547,2182,2.153,0,0
20240915,1118,72,845,1,16,103609,,,103609,2244,2.214,0,0
20240915,1118,72,822,15,17,103618,,,103618,2253,2.223,0,0
20240915,1118,72,854,15,18,104246,,,104246,2881,2.842,0,0
20240915,1118,72,839,211,19,104504,,,104504,3139,3.097,0,0
20240915,1118,72,453,211,20,103088,103179,,103088,1723,1.7,1,0
20240922,1119,15,845,1,1,90002,90007,89525,89525,0,0.0,1,1
20240922,1119,15,830,9,2,90157,89680,89728,89680,155,0.173,1,1
20240922,1119,15,1,130,3,90393,89929,89841,89841,316,0.353,1,1
20240922,1119,15,846,130,4,90811,90153,89867,89867,342,0.382,1,1
20240922,1119,15,856,1,5,90258,89640,89953,89640,115,0.128,1,1
20240922,1119,15,808,208,6,90724,90150,90115,90115,590,0.659,1,1
20240922,1119,15,4,116,7,90684,90450,90214,90214,689,0.77,1,1
20240922,1119,15,851,212,8,90710,90289,90354,90289,764,0.853,1,1
20240922,1119,15,843,6,9,90786,89747,,89747,222,0.248,1,0
20240922,1119,15,832,6,10,90670,90108,,90108,583,0.651,1,0
20240922,1119,15,847,3,11,90679,90474,,90474,949,1.06,1,0
20240922,1119,15,860,3,12,90704,90481,,90481,956,1.068,1,0
20240922,1119,15,815,9,13,90624,90579,,90579,1054,1.177,1,0
20240922,1119,15,825,208,14,90829,90653,,90653,1128,1.26,1,0
20240922,1119,15,839,211,15,90958,90769,,90769,1244,1.39,1,0
20240922,1119,15,817,212,16,91085,,,91085,1560,1.743,0,0
20240922,1119,15,840,116,17,91094,,,91094,1569,1.753,0,0
20240922,1119,15,453,211,18,91312,,,91312,1787,1.996,0,0
20240922,1119,15,822,15,19,91572,,,91572,2047,2.287,0,0
20240922,1119,15,854,15,20,92054,,,92054,2529,2.825,0,0
20241020,1120,69,845,1,1,93616,92851,92330,92330,0,0.0,1,1
20241020,1120,69,830,9,2,93046,92584,92361,92361,31,0.034,1,1
20241020,1120,69,832,6,3,93556,92836,92652,92652,322,0.349,1,1
20241020,1120,69,843,6,4,93241,92962,92740,92740,410,0.444,1,1
20241020,1120,69,856,1,5,93864,93057,92950,92950,620,0.672,1,1
20241020,1120,69,846,130,6,93536,93142,92974,92974,644,0.697,1,1
20241020,1120,69,453,211,7,93550,93162,93018,93018,688,0.745,1,1
20241020,1120,69,4,116,8,93973,93429,93309,93309,979,1.06,1,1
20241020,1120,69,825,208,9,93564,93474,93481,93474,1144,1.239,1,1
20241020,1120,69,815,9,10,93611,93020,,93020,690,0.747,1,0
20241020,1120,69,851,212,11,93795,93506,,93506,1176,1.274,1,0
20241020,1120,69,808,208,12,93601,93544,,93544,1214,1.315,1,0
20241020,1120,69,839,211,13,93986,93597,,93597,1267,1.372,1,0
20241020,1120,69,840,116,14,94033,93759,,93759,1429,1.548,1,0
20241020,1120,69,858,212,15,93339,,,93339,1009,1.093,0,0
20241020,1120,69,847,3,16,94051,,,94051,1721,1.864,0,0
20241020,1120,69,860,3,17,94062,,,94062,1732,1.876,0,0
20241020,1120,69,822,15,18,94152,,,94152,1822,1.973,0,0
20241020,1120,69,1,130,19,94154,,,94154,1824,1.976,0,0
20241020,1120,69,854,15,20,94228,,,94228,1898,2.056,0,0
20241027,1121,32,832,6,1,76778,76515,75946,75946,0,0.0,1,1
20241027,1121,32,830,9,2,76803,76514,76171,76171,225,0.296,1,1
20241027,1121,32,845,1,3,76505,76301,76260,76260,314,0.413,1,1
20241027,1121,32,843,6,4,76972,76641,76265,76265,319,0.42,1,1
20241027,1121,32,846,130,5,77194,76937,76356,76356,410,0.54,1,1
20241027,1121,32,1,130,6,77306,76973,76651,76651,705,0.928,1,1
20241027,1121,32,825,208,7,77125,77003,76886,76886,940,1.238,1,1
20241027,1121,32,453,211,8,77149,77048,76892,76892,946,1.246,1,1
20241027,1121,32,847,3,9,77189,76988,77065,76988,1042,1.372,1,1
20241027,1121,32,808,208,10,77186,76995,77365,76995,1049,1.381,1,1
20241027,1121,32,851,212,11,77182,77129,,77129,1183,1.558,1,0
20241027,1121,32,858,212,12,77380,77162,,77162,1216,1.601,1,0
20241027,1121,32,4,116,13,77307,77168,,77168,1222,1.609,1,0
20241027,1121,32,840,116,14,77407,77294,,77294,1348,1.775,1,0
20241027,1121,32,822,15,15,77393,77817,,77393,1447,1.905,1,0
20241027,1121,32,860,3,16,77558,,,77558,1612,2.123,0,0
20241027,1121,32,856,1,17,77597,,,77597,1651,2.174,0,0
20241027,1121,32,815,9,18,77611,,,77611,1665,2.192,0,0
20241027,1121,32,839,211,19,77617,,,77617,1671,2.2,0,0
20241027,1121,32,854,15,20,78072,,,78072,2126,2.799,0,0
20241103,1122,18,845,1,1,90944,84844,83405,83405,0,0.0,1,1
20241103,1122,18,846,130,2,89121,86307,83578,83578,173,0.207,1,1
20241103,1122,18,851,212,3,89172,86464,84111,84111,706,0.846,1,1
20241103,1122,18,839,211,4,89171,86206,84475,84475,1070,1.283,1,1
20241103,1122,18,858,212,5,90758,85654,84484,84484,1079,1.294,1,1
20241103,1122,18,843,6,6,89839,86097,84525,84525,1120,1.343,1,1
20241103,1122,18,847,3,7,89072,85889,84657,84657,1252,1.501,1,1
20241103,1122,18,856,1,8,90114,85179,84686,84686,1281,1.536,1,1
20241103,1122,18,4,116,9,90207,85035,88998,85035,1630,1.954,1,1
20241103,1122,18,840,116,10,90580,86334,,86334,2929,3.512,1,0
20241103,1122,18,822,15,11,90633,86472,,86472,3067,3.677,1,0
20241103,1122,18,830,9,12,88522,87771,,87771,4366,5.235,1,0
20241103,1122,18,815,9,13,90035,88158,,88158,4753,5.699,1,0
20241103,1122,18,832,6,14,90303,89406,,89406,6001,7.195,1,0
20241103,1122,18,453,211,15,89420,89614,,89420,6015,7.212,1,0
20241103,1122,18,1,130,16,91150,,,91150,7745,9.286,0,0
20241103,1122,18,859,208,17,91229,,,91229,7824,9.381,0,0
20241103,1122,18,860,3,18,91270,,,91270,7865,9.43,0,0
20241103,1122,18,808,208,19,91623,,,91623,8218,9.853,0,0
20241103,1122,18,854,15,20,92263,,,92263,8858,10.62,0,0
20241123,1123,23,846,130,1,93186,92779,92312,92312,0,0.0,1,1
20241123,1123,23,832,6,2,93484,92711,92410,92410,98,0.106,1,1
20241123,1123,23,453,211,3,93691,92879,92664,92664,352,0.381,1,1
20241123,1123,23,843,6,4,93446,93016,92783,92783,471,0.51,1,1
20241123,1123,23,830,9,5,93299,93085,92797,92797,485,0.525,1,1
20241123,1123,23,845,1,6,93592,93099,93008,93008,696,0.754,1,1
20241123,1123,23,851,212,7,93789,93089,93029,93029,717,0.777,1,1
20241123,1123,23,856,1,8,93450,93024,93033,93024,712,0.771,1,1
20241123,1123,23,808,208,9,93920,93114,93062,93062,750,0.812,1,1
20241123,1123,23,1,130,10,93225,92567,108106,92567,255,0.276,1,1
20241123,1123,23,839,211,11,93968,93221,,93221,909,0.985,1,0
20241123,1123,23,825,208,12,93991,93297,,93297,985,1.067,1,0
20241123,1123,23,854,15,13,94079,93566,,93566,1254,1.358,1,0
20241123,1123,23,860,3,14,93746,93749,,93746,1434,1.553,1,0
20241123,1123,23,858,212,15,94087,94257,,94087,1775,1.923,1,0
20241123,1123,23,815,9,16,94155,,,94155,1843,1.996,0,0
20241123,1123,23,4,116,17,94258,,,94258,1946,2.108,0,0
20241123,1123,23,847,3,18,94425,,,94425,2113,2.289,0,0
20241123,1123,23,822,15,19,94430,,,94430,2118,2.294,0,0
20241123,1123,23,840,116,20,94484,,,94484,2172,2.353,0,0
20241201,1124,76,830,9,1,81579,80687,80520,80520,0,0.0,1,1
20241201,1124,76,846,130,2,81241,81069,80575,80575,55,0.068,1,1
20241201,1124,76,845,1,3,81578,80983,80772,80772,252,0.313,1,1
20241201,1124,76,856,1,4,81821,81121,80829,80829,309,0.384,1,1
20241201,1124,76,843,6,5,81278,81000,80852,80852,332,0.412,1,1
20241201,1124,76,1,130,6,81637,81095,81011,81011,491,0.61,1,1
20241201,1124,76,832,6,7,81447,81199,81041,81041,521,0.647,1,1
20241201,1124,76,4,116,8,81608,81208,81251,81208,688,0.854,1,1
20241201,1124,76,815,9,9,81675,81425,81425,81425,905,1.124,1,1
20241201,1124,76,825,208,10,81891,81387,81500,81387,867,1.077,1,1
20241201,1124,76,453,211,11,81843,81437,,81437,917,1.139,1,0
20241201,1124,76,854,15,12,82103,81501,,81501,981,1.218,1,0
20241201,1124,76,822,15,13,81927,81731,,81731,1211,1.504,1,0
20241201,1124,76,851,212,14,82364,81771,,81771,1251,1.554,1,0
20241201,1124,76,840,116,15,82011,81911,,81911,1391,1.728,1,0
20241201,1124,76,847,3,16,82390,,,82390,1870,2.322,0,0
20241201,1124,76,858,212,17,82411,,,82411,1891,2.348,0,0
20241201,1124,76,808,208,18,82442,,,82442,1922,2.387,0,0
20241201,1124,76,860,3,19,82594,,,82594,2074,2.576,0,0
20241201,1124,76,839,211,20,82714,,,82714,2194,2.725,0,0
20241208,1125,24,845,1,1,83682,83098,82595,82595,0,0.0,1,1
20241208,1125,24,856,1,2,83640,83199,82804,82804,209,0.253,1,1
20241208,1125,24,832,6,3,83487,82985,82824,82824,229,0.277,1,1
20241208,1125,24,808,208,4,83722,83040,82886,82886,291,0.352,1,1
20241208,1125,24,830,9,5,83516,82998,82945,82945,350,0.424,1,1
20241208,1125,24,453,211,6,83548,83086,82984,82984,389,0.471,1,1
20241208,1125,24,846,130,7,83678,83283,83132,83132,537,0.65,1,1
20241208,1125,24,4,116,8,83794,83268,83196,83196,601,0.728,1,1
20241208,1125,24,822,15,9,83481,83341,83204,83204,609,0.737,1,1
20241208,1125,24,815,9,10,83559,83379,83264,83264,669,0.81,1,1
20241208,1125,24,851,212,11,83735,83419,,83419,824,0.998,1,0
20241208,1125,24,858,212,12,83733,83472,,83472,877,1.062,1,0
20241208,1125,24,840,116,13,83729,83784,,83729,1134,1.373,1,0
20241208,1125,24,843,6,14,83302,83833,,83302,707,0.856,1,0
20241208,1125,24,825,208,15,83632,83877,,83632,1037,1.256,1,0
20241208,1125,24,847,3,16,83821,,,83821,1226,1.484,0,0
20241208,1125,24,854,15,17,83880,,,83880,1285,1.556,0,0
20241208,1125,24,1,130,18,83887,,,83887,1292,1.564,0,0
20241208,1125,24,860,3,19,83912,,,83912,1317,1.595,0,0
20241208,1125,24,861,211,20,84105,,,84105,1510,1.828,0,0
