DateKey,RaceKey,CircuitKey,DriverKey,ConstructorKey,StopNumber,LapNumber,StopTimeOfDay,DurationMs,IsOutlier
20110327,840,1,153,5,1,1,17:05:23,26898,0
20110327,840,1,30,130,1,1,17:05:52,25021,0
20110327,840,1,17,9,1,11,17:20:48,23426,0
20110327,840,1,4,6,1,12,17:22:34,23251,0
20110327,840,1,13,6,1,13,17:24:10,23842,0
20110327,840,1,22,3,1,13,17:24:29,23643,0
20110327,840,1,20,9,1,14,17:25:17,22603,0
20110327,840,1,814,10,1,14,17:26:03,24863,0
20110327,840,1,816,165,1,14,17:26:50,25259,0
20110327,840,1,67,5,1,15,17:27:34,25342,0
20110327,840,1,2,4,1,15,17:27:41,22994,0
20110327,840,1,1,1,1,16,17:28:24,23227,0
20110327,840,1,809,4,1,16,17:28:39,24535,0
20110327,840,1,3,130,1,16,17:29:00,23716,0
20110327,840,1,155,15,1,16,17:29:06,24064,0
20110327,840,1,16,10,1,16,17:29:08,25978,0
20110327,840,1,15,203,1,16,17:29:49,24899,0
20110327,840,1,18,1,1,17,17:30:24,16867,0
20110327,840,1,153,5,2,17,17:31:06,24463,0
20110327,840,1,5,203,1,17,17:31:11,24865,0
20110327,840,1,30,130,2,17,17:32:08,23988,0
20110327,840,1,10,165,1,18,17:33:02,23792,0
20110327,840,1,18,1,2,19,17:33:53,23303,0
20110327,840,1,815,15,1,23,17:40:27,23438,0
20110327,840,1,22,3,2,23,17:40:45,37856,0
20110327,840,1,17,9,2,26,17:44:29,22520,0
20110327,840,1,4,6,2,27,17:46:04,24733,0
20110327,840,1,22,3,3,28,17:49:07,16892,0
20110327,840,1,67,5,2,29,17:49:47,23100,0
20110327,840,1,2,4,2,30,17:51:32,25098,0
20110327,840,1,13,6,2,31,17:52:28,24500,0
20110327,840,1,155,15,2,32,17:54:21,24192,0
20110327,840,1,20,9,2,36,17:59:17,24036,0
20110327,840,1,1,1,2,36,17:59:29,23199,0
20110327,840,1,153,5,3,35,17:59:45,26348,0
20110327,840,1,809,4,2,36,17:59:47,25683,0
20110327,840,1,814,10,2,36,18:00:48,24332,0
20110327,840,1,18,1,3,37,18:01:49,22681,0
20110327,840,1,16,10,2,37,18:02:15,23871,0
20110327,840,1,15,203,2,37,18:03:55,24848,0
20110327,840,1,816,165,2,38,18:06:53,26446,0
20110327,840,1,17,9,3,41,18:07:37,26230,0
20110327,840,1,22,3,4,40,18:08:03,26309,0
20110327,840,1,4,6,3,42,18:09:08,24181,0
20110327,840,1,13,6,3,48,18:18:54,24095,0
20110410,841,2,16,10,1,3,16:09:07,31694,0
20110410,841,2,22,3,1,3,16:10:04,32978,0
20110410,841,2,17,9,1,10,16:21:21,22572,0
20110410,841,2,814,10,1,11,16:23:16,22773,0
20110410,841,2,1,1,1,12,16:24:40,22552,0
20110410,841,2,20,9,1,13,16:26:17,23019,0
20110410,841,2,2,4,1,13,16:26:28,23900,0
20110410,841,2,18,1,1,13,16:26:29,22400,0
20110410,841,2,13,6,1,13,16:26:30,29224,0
20110410,841,2,15,203,1,13,16:27:03,25516,0
20110410,841,2,4,6,1,14,16:28:15,23152,0
20110410,841,2,30,130,1,14,16:28:34,22576,0
20110410,841,2,809,4,1,15,16:30:10,23182,0
20110410,841,2,67,5,1,15,16:30:23,23280,0
20110410,841,2,3,130,1,15,16:30:37,24967,0
20110410,841,2,5,203,1,15,16:30:37,29084,0
20110410,841,2,153,5,1,16,16:32:25,23584,0
20110410,841,2,16,10,2,16,16:32:31,22046,0
20110410,841,2,155,15,1,17,16:33:53,23280,0
20110410,841,2,815,15,1,17,16:34:14,23597,0
20110410,841,2,10,165,1,17,16:34:28,24617,0
20110410,841,2,816,165,1,17,16:34:39,26252,0
20110410,841,2,24,163,1,17,16:34:56,27815,0
20110410,841,2,22,3,2,17,16:35:41,24502,0
20110410,841,2,67,5,2,20,16:39:30,29843,0
20110410,841,2,17,9,2,22,16:42:37,21991,0
20110410,841,2,18,1,2,23,16:44:11,22471,0
20110410,841,2,1,1,2,24,16:45:48,22611,0
20110410,841,2,814,10,2,24,16:46:20,22419,0
20110410,841,2,20,9,2,25,16:47:27,21893,0
20110410,841,2,4,6,2,26,16:49:19,23894,0
20110410,841,2,2,4,2,26,16:49:31,23221,0
20110410,841,2,13,6,2,27,16:51:17,22541,0
20110410,841,2,809,4,2,27,16:51:25,22680,0
20110410,841,2,30,130,2,28,16:53:26,22261,0
20110410,841,2,3,130,2,29,16:55:28,22577,0
20110410,841,2,17,9,3,32,17:00:01,22069,0
20110410,841,2,153,5,2,32,17:00:55,22888,0
20110410,841,2,16,10,3,32,17:00:56,22550,0
20110410,841,2,67,5,3,32,17:01:03,27439,0
20110410,841,2,5,203,2,34,17:04:41,23336,0
20110410,841,2,10,165,2,34,17:05:19,24429,0
20110410,841,2,816,165,2,35,17:07:20,24416,0
20110410,841,2,155,15,2,36,17:07:26,23442,0
20110410,841,2,1,1,3,37,17:08:28,25382,0
20110410,841,2,814,10,3,37,17:09:21,23977,0
20110410,841,2,18,1,3,38,17:10:13,22483,0
20110410,841,2,13,6,3,38,17:10:28,22893,0
20110410,841,2,2,4,3,39,17:12:09,22602,0
20110410,841,2,24,163,2,38,17:13:32,26554,0
20110410,841,2,3,130,3,40,17:15:05,22526,0
20110410,841,2,20,9,3,41,17:15:08,22313,0
20110410,841,2,4,6,3,41,17:15:25,23812,0
20110410,841,2,30,130,3,42,17:18:08,22227,0
20110410,841,2,17,9,4,43,17:19:10,22161,0
20110410,841,2,809,4,3,44,17:21:08,28694,0
20110410,841,2,4,6,4,46,17:24:24,27182,0
20110410,841,2,24,163,3,44,17:25:07,38823,0
20110410,841,2,1,1,4,52,17:34:48,22466,0
20110417,842,17,153,5,1,9,15:19:36,22419,0
20110417,842,17,24,163,1,9,15:20:00,14160,0
20110417,842,17,30,130,1,10,15:21:12,20522,0
20110417,842,17,17,9,1,10,15:21:27,23442,0
20110417,842,17,813,3,1,10,15:21:35,23160,0
20110417,842,17,814,10,1,11,15:22:57,21989,0
20110417,842,17,3,130,1,12,15:24:32,20771,0
20110417,842,17,67,5,1,12,15:24:56,22010,0
20110417,842,17,18,1,1,14,15:27:59,23779,0
20110417,842,17,20,9,1,14,15:28:00,21995,0
20110417,842,17,155,15,1,14,15:28:17,21855,0
20110417,842,17,13,6,1,15,15:29:47,21624,0
20110417,842,17,1,1,1,15,15:29:49,20878,0
20110417,842,17,16,10,1,15,15:30:01,20989,0
20110417,842,17,4,6,1,16,15:31:34,22524,0
20110417,842,17,815,15,1,16,15:31:55,21473,0
20110417,842,17,22,3,1,16,15:32:01,21709,0
20110417,842,17,67,5,2,16,15:32:19,24722,0
20110417,842,17,10,165,1,16,15:32:33,22683,0
20110417,842,17,809,4,1,17,15:33:36,21981,0
20110417,842,17,2,4,1,18,15:35:28,22216,0
20110417,842,17,5,203,1,19,15:37:31,22485,0
20110417,842,17,15,203,1,20,15:39:24,23029,0
20110417,842,17,816,165,1,20,15:39:50,22901,0
20110417,842,17,24,163,2,21,15:42:05,24467,0
20110417,842,17,39,163,1,23,15:45:28,26049,0
20110417,842,17,18,1,2,24,15:45:35,20758,0
20110417,842,17,3,130,2,25,15:47:13,22005,0
20110417,842,17,1,1,2,25,15:47:20,20533,0
20110417,842,17,17,9,2,25,15:47:44,21132,0
20110417,842,17,813,3,2,25,15:48:09,22062,0
20110417,842,17,30,130,2,26,15:49:15,21964,0
20110417,842,17,10,165,2,28,15:54:22,21908,0
20110417,842,17,16,10,2,30,15:56:26,21058,0
20110417,842,17,155,15,2,30,15:56:28,21936,0
20110417,842,17,2,4,2,30,15:56:29,21821,0
20110417,842,17,20,9,2,31,15:57:37,21533,0
20110417,842,17,4,6,2,32,15:59:39,21251,0
20110417,842,17,814,10,2,32,15:59:51,21218,0
20110417,842,17,13,6,2,33,16:01:04,21168,0
20110417,842,17,67,5,3,33,16:02:13,21928,0
20110417,842,17,816,165,2,34,16:05:10,22802,0
20110417,842,17,22,3,2,35,16:05:24,21481,0
20110417,842,17,815,15,2,36,16:06:55,23397,0
20110417,842,17,18,1,3,37,16:08:00,21237,0
20110417,842,17,809,4,2,37,16:08:34,22005,0
20110417,842,17,1,1,3,38,16:09:38,20567,0
20110417,842,17,3,130,3,39,16:11:19,20720,0
20110417,842,17,30,130,3,39,16:11:49,21400,0
20110417,842,17,17,9,3,40,16:13:29,21091,0
20110417,842,17,10,165,3,39,16:14:17,33827,0
20110417,842,17,5,203,2,40,16:14:27,21890,0
20110417,842,17,813,3,3,40,16:14:36,27620,0
20110417,842,17,15,203,2,42,16:18:14,22260,0
20110417,842,17,24,163,3,45,16:25:39,23499,0
20110417,842,17,16,10,3,47,16:26:24,28708,0
20110417,842,17,815,15,3,48,16:28:01,13900,0
20110417,842,17,815,15,4,50,16:31:39,28845,0
20110508,843,5,815,15,1,1,15:05:18,29270,0
20110508,843,5,30,130,1,2,15:06:35,30182,0
20110508,843,5,809,4,1,8,15:16:06,21422,0
20110508,843,5,13,6,1,9,15:17:37,22022,0
20110508,843,5,1,1,1,9,15:17:38,20833,0
20110508,843,5,67,5,1,9,15:17:47,21769,0
20110508,843,5,17,9,1,10,15:19:04,21050,0
20110508,843,5,4,6,1,10,15:19:05,21308,0
20110508,843,5,3,130,1,10,15:19:09,22573,0
20110508,843,5,2,4,1,10,15:19:16,22300,0
20110508,843,5,22,3,1,10,15:19:20,22717,0
20110508,843,5,16,10,1,10,15:19:22,21649,0
20110508,843,5,20,9,1,11,15:20:32,20623,0
20110508,843,5,814,10,1,11,15:21:00,20775,0
20110508,843,5,813,3,1,11,15:21:09,23881,0
20110508,843,5,18,1,1,13,15:23:57,21368,0
20110508,843,5,155,15,1,13,15:24:09,21820,0
20110508,843,5,153,5,1,13,15:24:25,22713,0
20110508,843,5,15,203,1,13,15:24:28,23066,0
20110508,843,5,30,130,2,14,15:26:02,20907,0
20110508,843,5,39,163,1,14,15:26:26,27353,0
20110508,843,5,5,203,1,15,15:27:42,22854,0
20110508,843,5,24,163,1,15,15:28:03,24634,0
20110508,843,5,815,15,2,16,15:29:30,22895,0
20110508,843,5,816,165,1,16,15:29:37,22779,0
20110508,843,5,24,163,2,16,15:30:57,56611,0
20110508,843,5,809,4,2,19,15:33:42,21323,0
20110508,843,5,1,1,2,20,15:35:09,21075,0
20110508,843,5,17,9,2,21,15:36:27,20421,0
20110508,843,5,3,130,2,22,15:38:24,20927,0
20110508,843,5,2,4,2,22,15:38:25,21919,0
20110508,843,5,4,6,2,23,15:39:35,21732,0
20110508,843,5,13,6,2,23,15:39:58,21322,0
20110508,843,5,67,5,2,23,15:40:07,22128,0
20110508,843,5,155,15,2,23,15:40:15,23455,0
20110508,843,5,22,3,2,24,15:41:43,22868,0
20110508,843,5,814,10,2,24,15:41:50,20930,0
20110508,843,5,20,9,2,25,15:42:31,20112,0
20110508,843,5,16,10,2,25,15:43:21,21084,0
20110508,843,5,813,3,2,25,15:43:41,22555,0
20110508,843,5,15,203,2,25,15:43:47,22862,0
20110508,843,5,18,1,2,26,15:44:37,22639,0
20110508,843,5,39,163,2,27,15:47:59,24962,0
20110508,843,5,153,5,2,29,15:49:46,21826,0
20110508,843,5,30,130,3,30,15:51:13,20379,0
20110508,843,5,5,203,2,31,15:53:27,21633,0
20110508,843,5,814,10,3,32,15:54:38,20887,0
20110508,843,5,815,15,3,32,15:54:42,22365,0
20110508,843,5,3,130,3,33,15:55:49,20949,0
20110508,843,5,1,1,3,34,15:57:04,35688,0
20110508,843,5,816,165,2,33,15:57:20,24837,0
20110508,843,5,809,4,3,34,15:57:21,21838,0
20110508,843,5,13,6,3,34,15:57:22,23471,0
20110508,843,5,17,9,3,35,15:58:20,20843,0
20110508,843,5,4,6,3,36,15:59:49,21702,0
20110508,843,5,2,4,3,36,16:00:31,20872,0
20110508,843,5,24,163,3,35,16:02:57,25125,0
20110508,843,5,155,15,3,38,16:03:58,22456,0
20110508,843,5,18,1,3,39,16:05:05,21417,0
20110508,843,5,153,5,3,39,16:05:31,21986,0
20110508,843,5,20,9,3,40,16:05:46,20385,0
20110508,843,5,15,203,3,39,16:06:10,22219,0
20110508,843,5,67,5,3,40,16:06:48,22032,0
20110508,843,5,22,3,3,40,16:07:01,21687,0
20110508,843,5,16,10,3,40,16:07:05,21006,0
20110508,843,5,24,163,4,37,16:07:22,43603,0
20110508,843,5,813,3,3,41,16:09:04,21827,0
20110508,843,5,815,15,4,42,16:10:21,21715,0
20110508,843,5,3,130,4,44,16:12:55,20308,0
20110508,843,5,814,10,4,44,16:13:28,21403,0
20110508,843,5,17,9,4,45,16:13:49,22087,0
20110508,843,5,809,4,4,45,16:14:37,21662,0
20110508,843,5,30,130,4,45,16:14:46,20597,0
20110508,843,5,4,6,4,46,16:15:17,21379,0
20110508,843,5,813,3,4,45,16:15:30,13925,0
20110508,843,5,1,1,4,46,16:15:51,22041,0
20110508,843,5,2,4,4,46,16:16:10,21884,0
20110508,843,5,13,6,4,46,16:16:13,26685,0
20110508,843,5,20,9,4,47,16:16:40,20489,0
20110508,843,5,39,163,3,45,16:17:26,24474,0
20110508,843,5,5,203,3,53,16:28:36,23114,0
20110508,843,5,153,5,4,55,16:30:31,21931,0
20110522,844,4,155,15,1,1,14:05:11,24871,0
20110522,844,4,815,15,1,7,14:14:14,23592,0
20110522,844,4,813,3,1,8,14:15:48,22689,0
20110522,844,4,20,9,1,9,14:16:54,20253,0
20110522,844,4,67,5,1,9,14:17:17,20818,0
20110522,844,4,4,6,1,10,14:18:23,20567,0
20110522,844,4,17,9,1,10,14:18:27,20881,0
20110522,844,4,30,130,1,10,14:18:43,20084,0
20110522,844,4,1,1,1,11,14:19:57,19761,0
20110522,844,4,809,4,1,11,14:20:14,21856,0
20110522,844,4,3,130,1,11,14:20:17,20647,0
20110522,844,4,13,6,1,11,14:20:19,20800,0
20110522,844,4,153,5,1,11,14:20:28,20741,0
20110522,844,4,22,3,1,11,14:20:48,29936,0
20110522,844,4,16,10,1,13,14:23:57,20773,0
20110522,844,4,18,1,1,14,14:24:51,20015,0
20110522,844,4,39,163,1,14,14:25:56,24843,0
20110522,844,4,814,10,1,15,14:26:40,20070,0
20110522,844,4,15,203,1,15,14:26:50,22364,0
20110522,844,4,5,203,1,16,14:28:30,21019,0
20110522,844,4,24,163,1,16,14:28:55,23157,0
20110522,844,4,10,165,1,16,14:29:00,22744,0
20110522,844,4,816,165,1,17,14:30:41,23176,0
20110522,844,4,20,9,2,18,14:30:44,19887,0
20110522,844,4,4,6,2,19,14:32:13,20238,0
20110522,844,4,17,9,2,19,14:32:16,20079,0
20110522,844,4,813,3,2,20,14:34:36,24821,0
20110522,844,4,13,6,2,21,14:35:51,21635,0
20110522,844,4,2,4,1,21,14:36:21,21322,0
20110522,844,4,1,1,2,23,14:38:08,20235,0
20110522,844,4,22,3,2,23,14:39:40,21226,0
20110522,844,4,153,5,2,24,14:40:47,20872,0
20110522,844,4,67,5,2,25,14:42:10,24745,0
20110522,844,4,155,15,2,25,14:42:46,21128,0
20110522,844,4,30,130,2,26,14:43:25,20487,0
20110522,844,4,809,4,2,26,14:43:33,24232,0
20110522,844,4,3,130,2,27,14:45:01,19534,0
20110522,844,4,4,6,3,29,14:47:26,20738,0
20110522,844,4,17,9,3,29,14:47:27,20279,0
20110522,844,4,5,203,2,28,14:47:28,20807,0
20110522,844,4,815,15,2,29,14:48:40,21143,0
20110522,844,4,15,203,2,29,14:48:41,21723,0
20110522,844,4,39,163,2,28,14:48:52,24448,0
20110522,844,4,18,1,2,30,14:49:06,20763,0
20110522,844,4,16,10,2,30,14:50:19,20267,0
20110522,844,4,814,10,2,32,14:53:02,20126,0
20110522,844,4,20,9,3,34,14:54:42,20426,0
20110522,844,4,1,1,3,35,14:56:14,20473,0
20110522,844,4,816,165,2,34,14:58:05,22982,0
20110522,844,4,22,3,3,35,14:58:09,20650,0
20110522,844,4,13,6,3,36,14:58:48,22419,0
20110522,844,4,813,3,3,36,14:59:14,21574,0
20110522,844,4,2,4,2,36,14:59:22,21953,0
20110522,844,4,153,5,3,36,14:59:25,21019,0
20110522,844,4,4,6,4,39,15:02:54,20380,0
20110522,844,4,10,165,2,38,15:03:54,21632,0
20110522,844,4,30,130,3,41,15:06:21,20451,0
20110522,844,4,809,4,3,41,15:06:36,21739,0
20110522,844,4,5,203,3,41,15:07:42,23068,0
20110522,844,4,3,130,3,42,15:07:53,20395,0
20110522,844,4,67,5,3,42,15:08:31,20819,0
20110522,844,4,15,203,3,43,15:10:27,23001,0
20110522,844,4,155,15,3,44,15:11:40,20500,0
20110522,844,4,17,9,4,47,15:14:50,19984,0
20110522,844,4,20,9,4,48,15:15:41,20292,0
20110522,844,4,815,15,3,47,15:16:00,21829,0
20110522,844,4,18,1,3,48,15:16:10,20107,0
20110522,844,4,1,1,4,49,15:17:11,20988,0
20110522,844,4,16,10,3,48,15:17:54,23230,0
20110522,844,4,39,163,3,47,15:19:38,24298,0
20110522,844,4,2,4,3,50,15:20:32,20796,0
20110522,844,4,153,5,4,50,15:21:09,23143,0
20110522,844,4,816,165,3,49,15:21:44,21708,0
20110522,844,4,814,10,3,51,15:22:03,20573,0
20110522,844,4,813,3,4,53,15:25:26,22077,0
20110522,844,4,10,165,3,53,15:27:29,21170,0
20110522,844,4,22,3,4,54,15:27:32,20637,0
20110529,845,6,30,130,1,12,14:19:30,35084,0
20110529,845,6,18,1,1,15,14:22:57,25280,0
20110529,845,6,3,130,1,15,14:23:33,25189,0
20110529,845,6,20,9,1,16,14:24:15,28536,0
20110529,845,6,17,9,1,16,14:24:32,37735,0
20110529,845,6,4,6,1,17,14:25:41,25352,0
20110529,845,6,5,203,1,19,14:29:21,26477,0
20110529,845,6,814,10,1,20,14:30:24,24970,0
20110529,845,6,1,1,1,22,14:33:00,31445,0
20110529,845,6,10,165,1,22,14:33:33,26827,0
20110529,845,6,15,203,1,24,14:36:13,25595,0
20110529,845,6,813,3,1,25,14:37:09,26468,0
20110529,845,6,13,6,1,26,14:38:20,26615,0
20110529,845,6,39,163,1,25,14:38:46,28325,0
20110529,845,6,814,10,2,27,14:40:23,19360,0
20110529,845,6,809,4,1,28,14:41:17,28856,0
20110529,845,6,153,5,1,29,14:43:07,25907,0
20110529,845,6,22,3,1,32,14:46:47,25921,0
20110529,845,6,18,1,2,33,14:46:57,26421,0
20110529,845,6,814,10,3,32,14:47:35,47226,0
20110529,845,6,2,4,1,33,14:48:15,25851,0
20110529,845,6,67,5,1,33,14:48:16,26073,0
20110529,845,6,4,6,2,34,14:48:45,31382,0
20110529,845,6,3,130,2,33,14:48:50,25310,0
20110529,845,6,24,163,1,32,14:49:02,28298,0
20110529,845,6,816,165,1,33,14:49:39,27577,0
20110529,845,6,155,15,1,34,14:49:49,28642,0
20110529,845,6,16,10,1,34,14:49:51,25037,0
20110529,845,6,39,163,2,33,14:51:08,39917,0
20110529,845,6,1,1,2,43,15:03:45,19347,0
20110529,845,6,15,203,2,46,15:09:08,26065,0
20110529,845,6,18,1,3,48,15:09:55,24670,0
20110529,845,6,1,1,3,49,15:12:04,26977,0
20110529,845,6,5,203,2,52,15:17:38,25878,0
20110529,845,6,3,130,3,53,15:18:33,25116,0
20110529,845,6,813,3,2,54,15:18:38,25687,0
20110529,845,6,17,9,2,55,15:19:56,26269,0
20110529,845,6,153,5,2,56,15:22:30,27550,0
20110529,845,6,67,5,2,62,15:30:24,25045,0
20110529,845,6,816,165,2,63,15:33:21,26464,0
20110529,845,6,16,10,2,68,15:37:52,27879,0
20110529,845,6,22,3,2,68,15:38:54,25675,0
20110529,845,6,2,4,2,69,15:40:13,26281,0
20110612,846,7,18,1,1,8,13:15:11,23650,0
20110612,846,7,24,163,1,9,13:17:25,27202,0
20110612,846,7,18,1,2,13,13:25:10,14501,0
20110612,846,7,22,3,1,15,13:28:31,23305,0
20110612,846,7,16,10,1,16,13:30:09,24052,0
20110612,846,7,4,6,1,17,13:31:21,23893,0
20110612,846,7,3,130,1,17,13:31:28,23105,0
20110612,846,7,813,3,1,17,13:31:45,23571,0
20110612,846,7,67,5,1,17,13:31:50,23949,0
20110612,846,7,816,165,1,17,13:32:07,24143,0
20110612,846,7,30,130,1,18,13:33:04,24472,0
20110612,846,7,4,6,2,19,13:34:54,26348,0
20110612,846,7,18,1,3,19,13:35:02,23868,0
20110612,846,7,3,130,2,19,13:35:10,22986,0
20110612,846,7,153,5,1,19,13:35:14,26045,0
20110612,846,7,22,3,2,19,13:35:21,25066,0
20110612,846,7,5,203,1,19,13:35:26,44037,0
20110612,846,7,15,203,1,19,13:35:28,51684,0
20110612,846,7,813,3,2,19,13:35:30,24943,0
20110612,846,7,20,9,1,20,13:36:13,23872,0
20110612,846,7,17,9,1,20,13:36:40,29546,0
20110612,846,7,67,5,2,20,13:37:27,24649,0
20110612,846,7,13,6,1,21,13:38:09,24886,0
20110612,846,7,30,130,2,21,13:38:51,24196,0
20110612,846,7,816,165,2,23,13:43:32,30497,0
20110612,846,7,816,165,3,33,16:07:00,24655,0
20110612,846,7,30,130,3,34,16:08:48,22832,0
20110612,846,7,16,10,2,34,16:08:49,22923,0
20110612,846,7,10,165,1,34,16:08:50,24425,0
20110612,846,7,22,3,3,34,16:08:51,24684,0
20110612,846,7,67,5,3,34,16:08:53,23970,0
20110612,846,7,2,4,1,35,16:10:18,23113,0
20110612,846,7,814,10,1,35,16:10:20,22479,0
20110612,846,7,18,1,4,35,16:10:22,23589,0
20110612,846,7,37,15,1,35,16:10:23,30288,0
20110612,846,7,153,5,2,35,16:10:26,24863,0
20110612,846,7,813,3,3,35,16:10:29,23593,0
20110612,846,7,24,163,2,35,16:10:48,34897,0
20110612,846,7,155,15,1,36,16:11:49,23687,0
20110612,846,7,13,6,2,36,16:11:50,22742,0
20110612,846,7,809,4,1,36,16:11:52,23816,0
20110612,846,7,17,9,2,36,16:11:53,22402,0
20110612,846,7,4,6,3,36,16:11:54,26129,0
20110612,846,7,3,130,3,36,16:11:57,22735,0
20110612,846,7,15,203,2,36,16:12:14,23332,0
20110612,846,7,816,165,4,36,16:12:15,14538,0
20110612,846,7,20,9,2,37,16:13:21,22958,0
20110612,846,7,39,163,1,37,16:14:01,29115,0
20110612,846,7,18,1,5,37,16:14:55,31718,0
20110612,846,7,814,10,2,43,16:24:38,28630,0
20110612,846,7,16,10,3,45,16:27:43,14565,0
20110612,846,7,16,10,4,49,16:33:51,32449,0
20110612,846,7,17,9,3,50,16:35:03,22770,0
20110612,846,7,22,3,4,50,16:35:12,23059,0
20110612,846,7,67,5,4,50,16:35:23,26561,0
20110612,846,7,814,10,3,50,16:35:33,14538,0
20110612,846,7,18,1,6,51,16:36:41,23741,0
20110612,846,7,153,5,3,51,16:36:45,23338,0
20110612,846,7,813,3,4,51,16:36:46,23700,0
20110612,846,7,10,165,2,51,16:37:16,25079,0
20110612,846,7,39,163,2,51,16:37:38,29540,0
20110612,846,7,30,130,4,52,16:37:50,22869,0
20110612,846,7,13,6,3,52,16:37:52,22560,0
20110612,846,7,2,4,2,52,16:37:57,23364,0
20110612,846,7,37,15,2,52,16:38:22,24039,0
20110612,846,7,15,203,3,52,16:38:45,25140,0
20110612,846,7,816,165,5,52,16:38:56,30714,0
20110612,846,7,20,9,3,53,16:39:07,22526,0
20110612,846,7,24,163,3,52,16:39:20,33278,0
20110612,846,7,155,15,2,53,16:39:22,24618,0
20110612,846,7,809,4,2,53,16:39:31,24145,0
20110612,846,7,3,130,4,53,16:39:36,22702,0
20110612,846,7,13,6,4,53,16:39:50,28346,0
20110612,846,7,814,10,4,53,16:40:04,23129,0
20110612,846,7,813,3,5,61,16:53:19,31701,0
20110626,847,12,813,3,1,10,14:22:02,21301,0
20110626,847,12,2,4,1,11,14:23:23,22114,0
20110626,847,12,22,3,1,11,14:23:27,21163,0
20110626,847,12,155,15,1,11,14:23:29,23492,0
20110626,847,12,1,1,1,12,14:24:49,20340,0
20110626,847,12,3,130,1,12,14:25:02,21054,0
20110626,847,12,16,10,1,12,14:25:09,20676,0
20110626,847,12,17,9,1,13,14:26:28,20465,0
20110626,847,12,20,9,1,14,14:28:11,21006,0
20110626,847,12,4,6,1,14,14:28:15,21477,0
20110626,847,12,18,1,1,14,14:28:31,20997,0
20110626,847,12,30,130,1,14,14:28:40,21201,0
20110626,847,12,814,10,1,14,14:28:51,20567,0
20110626,847,12,67,5,1,14,14:28:54,21321,0
20110626,847,12,5,203,1,14,14:29:11,23241,0
20110626,847,12,39,163,1,14,14:29:43,28030,0
20110626,847,12,13,6,1,15,14:30:07,20718,0
20110626,847,12,809,4,1,15,14:30:49,22104,0
20110626,847,12,30,130,2,15,14:30:59,30665,0
20110626,847,12,24,163,1,15,14:31:23,24459,0
20110626,847,12,10,165,1,17,14:34:56,21900,0
20110626,847,12,15,203,1,18,14:36:30,23327,0
20110626,847,12,816,165,1,18,14:36:56,21943,0
20110626,847,12,153,5,1,19,14:37:50,21391,0
20110626,847,12,1,1,2,24,14:46:06,21035,0
20110626,847,12,815,15,1,25,14:48:56,21939,0
20110626,847,12,67,5,2,26,14:50:28,20460,0
20110626,847,12,5,203,2,26,14:51:06,21126,0
20110626,847,12,2,4,2,27,14:52:04,22285,0
20110626,847,12,814,10,2,27,14:52:08,20818,0
20110626,847,12,809,4,2,27,14:52:26,21168,0
20110626,847,12,17,9,2,28,14:52:53,20319,0
20110626,847,12,16,10,2,28,14:53:47,20286,0
20110626,847,12,22,3,2,28,14:53:53,21262,0
20110626,847,12,813,3,2,28,14:54:30,21805,0
20110626,847,12,4,6,2,29,14:54:36,20551,0
20110626,847,12,24,163,2,28,14:55:33,22766,0
20110626,847,12,20,9,2,30,14:56:16,20441,0
20110626,847,12,18,1,2,30,14:56:46,20325,0
20110626,847,12,3,130,2,30,14:57:07,23547,0
20110626,847,12,39,163,2,29,14:58:17,24675,0
20110626,847,12,13,6,2,31,14:58:23,25537,0
20110626,847,12,30,130,3,31,14:59:40,21168,0
20110626,847,12,155,15,2,33,15:03:14,20545,0
20110626,847,12,15,203,2,34,15:05:36,22131,0
20110626,847,12,816,165,2,37,15:11:48,22250,0
20110626,847,12,809,4,3,39,15:13:41,21105,0
20110626,847,12,2,4,3,40,15:15:10,21472,0
20110626,847,12,22,3,3,40,15:15:16,21286,0
20110626,847,12,17,9,3,42,15:17:11,20367,0
20110626,847,12,1,1,3,42,15:17:41,20212,0
20110626,847,12,153,5,2,42,15:18:33,21103,0
20110626,847,12,5,203,3,42,15:19:57,22632,0
20110626,847,12,16,10,3,43,15:20:21,21036,0
20110626,847,12,10,165,2,42,15:20:26,22030,0
20110626,847,12,814,10,3,44,15:22:18,21069,0
20110626,847,12,4,6,3,45,15:22:21,20136,0
20110626,847,12,24,163,3,43,15:23:02,22235,0
20110626,847,12,813,3,3,44,15:23:06,21490,0
20110626,847,12,3,130,3,45,15:23:36,20896,0
20110626,847,12,67,5,3,45,15:24:07,20995,0
20110626,847,12,20,9,3,47,15:25:39,20331,0
20110626,847,12,39,163,3,44,15:26:13,26059,0
20110626,847,12,13,6,3,48,15:28:09,20404,0
20110626,847,12,18,1,3,48,15:28:21,20479,0
20110710,848,9,30,130,1,9,13:20:38,30242,0
20110710,848,9,2,4,1,10,13:22:37,24716,0
20110710,848,9,18,1,1,11,13:24:05,25070,0
20110710,848,9,16,10,1,11,13:24:13,25737,0
20110710,848,9,155,15,1,11,13:24:19,28448,0
20110710,848,9,813,3,1,11,13:24:27,26238,0
20110710,848,9,67,5,1,11,13:24:30,26279,0
20110710,848,9,809,4,1,11,13:24:37,24880,0
20110710,848,9,22,3,1,11,13:24:38,25860,0
20110710,848,9,10,165,1,11,13:24:52,25416,0
20110710,848,9,24,163,1,11,13:25:12,26643,0
20110710,848,9,816,165,1,11,13:25:14,28742,0
20110710,848,9,17,9,1,12,13:25:41,23973,0
20110710,848,9,4,6,1,12,13:25:42,26566,0
20110710,848,9,1,1,1,12,13:25:49,25100,0
20110710,848,9,814,10,1,12,13:26:02,26612,0
20110710,848,9,3,130,1,12,13:26:12,24722,0
20110710,848,9,815,15,1,12,13:26:13,25386,0
20110710,848,9,153,5,1,12,13:26:20,24719,0
20110710,848,9,817,163,1,12,13:27:17,25872,0
20110710,848,9,20,9,1,13,13:27:22,24818,0
20110710,848,9,13,6,1,13,13:27:39,24159,0
20110710,848,9,30,130,2,16,13:33:23,31751,0
20110710,848,9,155,15,2,20,13:40:27,31551,0
20110710,848,9,1,1,2,24,13:46:21,24065,0
20110710,848,9,814,10,2,24,13:46:50,45291,0
20110710,848,9,813,3,2,24,13:47:12,24272,0
20110710,848,9,16,10,2,25,13:48:32,24077,0
20110710,848,9,67,5,2,25,13:48:50,24620,0
20110710,848,9,17,9,2,26,13:49:36,25490,0
20110710,848,9,18,1,2,26,13:49:45,24287,0
20110710,848,9,13,6,2,26,13:49:48,23929,0
20110710,848,9,814,10,3,26,13:50:52,31471,0
20110710,848,9,20,9,2,27,13:51:10,31558,0
20110710,848,9,4,6,2,27,13:51:15,23974,0
20110710,848,9,816,165,2,28,13:55:39,25428,0
20110710,848,9,817,163,2,28,13:56:23,26942,0
20110710,848,9,3,130,2,30,13:56:50,24399,0
20110710,848,9,2,4,2,30,13:57:06,24434,0
20110710,848,9,10,165,2,30,13:58:43,24959,0
20110710,848,9,153,5,2,31,13:58:46,24095,0
20110710,848,9,30,130,3,31,13:58:47,24651,0
20110710,848,9,22,3,2,31,13:59:02,23955,0
20110710,848,9,815,15,2,32,14:00:08,25619,0
20110710,848,9,24,163,2,31,14:00:49,25505,0
20110710,848,9,813,3,3,35,14:05:42,23869,0
20110710,848,9,20,9,3,36,14:06:13,23137,0
20110710,848,9,1,1,3,37,14:07:50,23340,0
20110710,848,9,17,9,3,38,14:09:30,23785,0
20110710,848,9,809,4,2,38,14:10:21,24172,0
20110710,848,9,4,6,3,39,14:10:50,23474,0
20110710,848,9,18,1,3,39,14:11:08,23292,0
20110710,848,9,16,10,3,40,14:13:32,27240,0
20110710,848,9,13,6,3,41,14:14:35,23238,0
20110724,849,20,815,15,1,8,14:17:05,27247,0
20110724,849,20,67,5,1,10,14:20:28,27301,0
20110724,849,20,812,203,1,10,14:21:22,31879,0
20110724,849,20,17,9,1,14,14:26:23,20440,0
20110724,849,20,3,130,1,14,14:26:39,20348,0
20110724,849,20,30,130,1,15,14:28:22,20768,0
20110724,849,20,813,3,1,15,14:28:35,21601,0
20110724,849,20,1,1,1,16,14:29:38,20982,0
20110724,849,20,4,6,1,16,14:29:39,20430,0
20110724,849,20,20,9,1,16,14:29:57,20394,0
20110724,849,20,13,6,1,17,14:31:36,20344,0
20110724,849,20,155,15,1,20,14:36:51,20882,0
20110724,849,20,24,163,1,20,14:37:44,22048,0
20110724,849,20,817,163,1,21,14:39:29,22319,0
20110724,849,20,16,10,1,22,14:39:56,20839,0
20110724,849,20,10,165,1,22,14:41:05,22252,0
20110724,849,20,809,4,1,23,14:41:53,21449,0
20110724,849,20,153,5,1,23,14:42:02,21062,0
20110724,849,20,814,10,1,23,14:42:05,23676,0
20110724,849,20,18,1,1,24,14:43:15,20952,0
20110724,849,20,816,165,1,24,14:44:42,20762,0
20110724,849,20,5,203,1,26,14:47:26,22088,0
20110724,849,20,17,9,2,30,14:52:32,21299,0
20110724,849,20,812,203,2,28,14:53:09,22331,0
20110724,849,20,1,1,2,31,14:54:10,20496,0
20110724,849,20,4,6,2,32,14:55:46,20035,0
20110724,849,20,813,3,2,35,15:01:53,21057,0
20110724,849,20,3,130,2,36,15:03:03,20975,0
20110724,849,20,67,5,2,36,15:04:03,20954,0
20110724,849,20,30,130,2,37,15:04:59,20299,0
20110724,849,20,20,9,2,40,15:09:11,20274,0
20110724,849,20,13,6,2,41,15:10:46,20185,0
20110724,849,20,815,15,2,41,15:11:48,21645,0
20110724,849,20,153,5,2,43,15:15:07,21689,0
20110724,849,20,809,4,2,46,15:19:54,20572,0
20110724,849,20,16,10,2,48,15:22:30,20879,0
20110724,849,20,155,15,2,48,15:23:03,21267,0
20110724,849,20,10,165,2,48,15:25:25,21252,0
20110724,849,20,1,1,3,51,15:26:17,20403,0
20110724,849,20,816,165,2,49,15:27:24,23588,0
20110724,849,20,817,163,2,49,15:27:43,24053,0
20110724,849,20,5,203,2,50,15:27:48,21175,0
20110724,849,20,814,10,2,51,15:28:11,22535,0
20110724,849,20,4,6,3,53,15:29:30,19975,0
20110724,849,20,3,130,3,53,15:30:50,20047,0
20110724,849,20,812,203,3,51,15:32:52,22458,0
20110724,849,20,17,9,3,56,15:34:20,20324,0
20110724,849,20,30,130,3,56,15:35:53,19930,0
20110724,849,20,13,6,3,59,15:39:43,21903,0
20110724,849,20,20,9,3,59,15:39:44,20110,0
20110731,850,11,17,9,1,10,14:20:59,20854,0
20110731,850,11,13,6,1,10,14:21:09,22293,0
20110731,850,11,809,4,1,10,14:21:18,25532,0
20110731,850,11,22,3,1,10,14:21:19,22640,0
20110731,850,11,18,1,1,11,14:22:29,21786,0
20110731,850,11,814,10,1,11,14:22:46,22262,0
20110731,850,11,813,3,1,11,14:23:04,23397,0
20110731,850,11,2,4,1,11,14:23:12,21371,0
20110731,850,11,10,165,1,11,14:23:27,22222,0
20110731,850,11,816,165,1,11,14:23:32,25337,0
20110731,850,11,1,1,1,12,14:23:59,21880,0
20110731,850,11,20,9,1,12,14:24:05,20690,0
20110731,850,11,4,6,1,12,14:24:10,22886,0
20110731,850,11,3,130,1,12,14:24:17,20767,0
20110731,850,11,155,15,1,12,14:24:35,23725,0
20110731,850,11,67,5,1,12,14:24:42,22349,0
20110731,850,11,5,203,1,12,14:24:53,22772,0
20110731,850,11,16,10,1,12,14:24:55,21902,0
20110731,850,11,815,15,1,12,14:24:56,22215,0
20110731,850,11,24,163,1,12,14:25:35,23633,0
20110731,850,11,30,130,1,13,14:26:02,21948,0
20110731,850,11,153,5,1,13,14:26:24,23734,0
20110731,850,11,15,203,1,13,14:26:49,23118,0
20110731,850,11,817,163,1,13,14:27:04,22844,0
20110731,850,11,813,3,2,16,14:31:22,13186,0
20110731,850,11,2,4,2,23,14:42:16,25434,0
20110731,850,11,22,3,2,24,14:43:19,22217,0
20110731,850,11,153,5,2,24,14:43:20,22552,0
20110731,850,11,5,203,2,24,14:43:45,22147,0
20110731,850,11,815,15,2,24,14:43:49,20570,0
20110731,850,11,17,9,2,25,14:44:03,20000,0
20110731,850,11,4,6,2,25,14:44:04,23208,0
20110731,850,11,13,6,2,25,14:44:34,21138,0
20110731,850,11,809,4,2,25,14:44:47,24194,0
20110731,850,11,67,5,2,25,14:44:55,21460,0
20110731,850,11,1,1,2,26,14:45:16,20803,0
20110731,850,11,30,130,2,26,14:46:04,20071,0
20110731,850,11,24,163,2,25,14:46:40,22501,0
20110731,850,11,16,10,2,26,14:46:48,20589,0
20110731,850,11,18,1,2,27,14:46:49,21065,0
20110731,850,11,3,130,2,27,14:47:28,19939,0
20110731,850,11,814,10,2,27,14:47:32,20801,0
20110731,850,11,20,9,2,28,14:48:22,20611,0
20110731,850,11,813,3,3,28,14:49:55,21426,0
20110731,850,11,10,165,2,28,14:50:32,20613,0
20110731,850,11,817,163,2,28,14:51:12,23563,0
20110731,850,11,816,165,2,29,14:52:27,20916,0
20110731,850,11,815,15,3,32,14:56:05,13201,0
20110731,850,11,155,15,2,34,14:58:08,22852,0
20110731,850,11,4,6,3,36,15:00:23,19936,0
20110731,850,11,22,3,3,37,15:02:51,20580,0
20110731,850,11,17,9,3,39,15:04:48,20673,0
20110731,850,11,24,163,3,37,15:05:37,27839,0
20110731,850,11,1,1,3,40,15:05:54,20861,0
20110731,850,11,13,6,3,40,15:06:53,22453,0
20110731,850,11,20,9,3,41,15:07:32,19664,0
20110731,850,11,18,1,3,42,15:08:53,20046,0
20110731,850,11,814,10,3,42,15:10:06,20935,0
20110731,850,11,67,5,3,43,15:11:41,20360,0
20110731,850,11,5,203,3,43,15:12:56,20990,0
20110731,850,11,815,15,4,44,15:14:07,20917,0
20110731,850,11,817,163,3,43,15:14:54,21651,0
20110731,850,11,4,6,4,47,15:16:33,20126,0
20110731,850,11,153,5,3,47,15:17:40,21345,0
20110731,850,11,816,165,3,47,15:20:46,49849,0
20110731,850,11,3,130,3,50,15:22:04,20563,0
20110731,850,11,17,9,4,51,15:22:51,21122,0
20110731,850,11,809,4,3,50,15:22:54,21353,0
20110731,850,11,22,3,4,50,15:22:55,31539,0
20110731,850,11,5,203,4,49,15:22:56,22364,0
20110731,850,11,16,10,3,50,15:23:22,21796,0
20110731,850,11,24,163,4,48,15:23:32,23010,0
20110731,850,11,813,3,4,50,15:23:34,23016,0
20110731,850,11,1,1,4,52,15:24:11,20855,0
20110731,850,11,17,9,5,53,15:26:20,20715,0
20110731,850,11,22,3,5,52,15:26:36,25596,0
20110731,850,11,1,1,5,54,15:27:35,21628,0
20110731,850,11,809,4,4,53,15:28:00,21609,0
20110731,850,11,5,203,5,52,15:28:12,21715,0
20110731,850,11,16,10,4,53,15:28:27,21503,0
20110731,850,11,816,165,4,51,15:28:37,22470,0
20110731,850,11,3,130,4,54,15:28:47,23244,0
20110731,850,11,813,3,5,53,15:28:55,22825,0
20110731,850,11,24,163,5,51,15:28:58,22458,0
20110731,850,11,10,165,3,53,15:30:17,20929,0
20110731,850,11,1,1,6,56,15:30:48,13173,0
20110731,850,11,13,6,4,58,15:33:53,21157,0
20110731,850,11,155,15,3,62,15:40:56,21258,0
20110828,851,13,10,165,1,1,14:05:58,35092,0
20110828,851,13,811,4,1,1,14:06:10,30795,0
20110828,851,13,5,203,1,1,14:06:14,28539,0
20110828,851,13,17,9,1,3,14:09:42,21015,0
20110828,851,13,18,1,1,3,14:09:46,26046,0
20110828,851,13,30,130,1,4,14:11:45,20153,0
20110828,851,13,20,9,1,5,14:13:27,20898,0
20110828,851,13,815,15,1,5,14:13:49,26092,0
20110828,851,13,10,165,2,6,14:16:35,13914,0
20110828,851,13,4,6,1,8,14:19:18,20994,0
20110828,851,13,811,4,2,8,14:20:14,13968,0
20110828,851,13,13,6,1,9,14:21:21,22267,0
20110828,851,13,1,1,1,10,14:23:14,21895,0
20110828,851,13,3,130,1,11,14:25:16,23090,0
20110828,851,13,24,163,1,11,14:26:05,21766,0
20110828,851,13,809,4,1,12,14:27:22,21395,0
20110828,851,13,813,3,1,12,14:27:31,21421,0
20110828,851,13,20,9,2,13,14:29:09,21411,0
20110828,851,13,16,10,1,13,14:29:31,22773,0
20110828,851,13,22,3,1,13,14:29:38,21818,0
20110828,851,13,30,130,2,13,14:29:39,20226,0
20110828,851,13,18,1,2,13,14:29:40,21756,0
20110828,851,13,817,163,1,13,14:30:19,23780,0
20110828,851,13,15,203,1,13,14:30:20,22159,0
20110828,851,13,816,165,1,13,14:30:22,22939,0
20110828,851,13,5,203,2,13,14:30:46,22009,0
20110828,851,13,155,15,1,14,14:32:10,24161,0
20110828,851,13,814,10,1,14,14:32:11,21334,0
20110828,851,13,10,165,3,14,14:33:40,24204,0
20110828,851,13,811,4,3,21,14:47:48,20756,0
20110828,851,13,815,15,2,22,14:49:35,14089,0
20110828,851,13,815,15,3,23,14:51:40,23883,0
20110828,851,13,24,163,2,27,14:59:56,30959,0
20110828,851,13,4,6,2,29,15:02:28,21243,0
20110828,851,13,813,3,2,29,15:03:01,22303,0
20110828,851,13,155,15,2,29,15:03:08,21269,0
20110828,851,13,20,9,3,30,15:04:14,20786,0
20110828,851,13,3,130,2,30,15:04:42,21171,0
20110828,851,13,13,6,2,30,15:04:43,21856,0
20110828,851,13,809,4,2,30,15:04:45,21979,0
20110828,851,13,814,10,2,30,15:05:01,21350,0
20110828,851,13,17,9,2,31,15:06:19,20947,0
20110828,851,13,16,10,2,31,15:06:38,20983,0
20110828,851,13,30,130,3,31,15:06:39,21319,0
20110828,851,13,22,3,2,31,15:06:56,21478,0
20110828,851,13,15,203,2,31,15:07:16,21484,0
20110828,851,13,18,1,3,32,15:08:15,21640,0
20110828,851,13,13,6,3,32,15:08:49,21485,0
20110828,851,13,5,203,3,33,15:11:16,22306,0
20110828,851,13,10,165,4,35,15:15:37,21721,0
20110828,851,13,816,165,2,36,15:17:29,22114,0
20110828,851,13,22,3,3,40,15:24:23,47753,0
20110911,852,14,155,15,1,1,14:05:42,27550,0
20110911,852,14,22,3,1,1,14:06:43,29157,0
20110911,852,14,811,4,1,2,14:08:02,22534,0
20110911,852,14,817,163,1,1,14:08:50,1004718,1
20110911,852,14,15,203,1,5,14:13:34,30391,0
20110911,852,14,814,10,1,13,14:25:33,21870,0
20110911,852,14,30,130,1,16,14:29:42,22709,0
20110911,852,14,67,5,1,16,14:30:10,24234,0
20110911,852,14,18,1,1,17,14:31:10,21660,0
20110911,852,14,1,1,1,18,14:32:41,22083,0
20110911,852,14,155,15,2,18,14:33:12,22939,0
20110911,852,14,4,6,1,19,14:34:04,22539,0
20110911,852,14,813,3,1,19,14:34:39,23063,0
20110911,852,14,811,4,2,19,14:34:43,23145,0
20110911,852,14,20,9,1,20,14:35:21,22124,0
20110911,852,14,153,5,1,20,14:36:08,21988,0
20110911,852,14,10,165,1,20,14:36:42,25147,0
20110911,852,14,13,6,1,21,14:37:20,21821,0
20110911,852,14,5,203,1,21,14:38:01,23298,0
20110911,852,14,15,203,2,24,14:43:14,23420,0
20110911,852,14,814,10,2,31,14:52:56,23069,0
20110911,852,14,22,3,2,32,14:54:59,23414,0
20110911,852,14,18,1,2,33,14:55:00,22095,0
20110911,852,14,817,163,2,20,14:55:30,30777,0
20110911,852,14,4,6,2,34,14:56:26,21989,0
20110911,852,14,1,1,2,34,14:56:36,21876,0
20110911,852,14,20,9,2,35,14:57:38,21378,0
20110911,852,14,5,203,2,35,14:59:46,22611,0
20110911,852,14,30,130,2,37,15:01:01,22014,0
20110911,852,14,813,3,2,37,15:02:04,22614,0
20110911,852,14,10,165,2,38,15:04:43,22784,0
20110911,852,14,67,5,2,40,15:06:23,24086,0
20110911,852,14,811,4,3,40,15:06:27,22273,0
20110911,852,14,13,6,2,41,15:07:06,22148,0
20110911,852,14,153,5,2,41,15:07:43,22279,0
20110925,853,15,817,163,1,1,20:06:48,44170,0
20110925,853,15,3,130,1,9,20:21:25,29549,0
20110925,853,15,4,6,1,10,20:23:15,30621,0
20110925,853,15,30,130,1,10,20:23:27,29610,0
20110925,853,15,811,4,1,10,20:23:47,35398,0
20110925,853,15,13,6,1,11,20:25:14,30290,0
20110925,853,15,1,1,1,11,20:25:15,30142,0
20110925,853,15,16,10,1,11,20:25:25,30718,0
20110925,853,15,813,3,1,11,20:25:39,30888,0
20110925,853,15,67,5,1,11,20:25:50,32827,0
20110925,853,15,5,203,1,11,20:25:56,32202,0
20110925,853,15,811,4,2,11,20:26:39,36856,0
20110925,853,15,17,9,1,12,20:27:10,30462,0
20110925,853,15,22,3,1,12,20:27:40,30456,0
20110925,853,15,13,6,2,12,20:28:04,32351,0
20110925,853,15,1,1,2,13,20:29:39,33456,0
20110925,853,15,24,163,1,13,20:30:31,34329,0
20110925,853,15,20,9,1,14,20:30:38,30023,0
20110925,853,15,18,1,1,14,20:30:49,30169,0
20110925,853,15,815,15,1,15,20:33:28,30810,0
20110925,853,15,1,1,3,15,20:34:04,24342,0
20110925,853,15,155,15,1,16,20:35:49,30464,0
20110925,853,15,15,203,1,16,20:36:05,31048,0
20110925,853,15,809,4,1,16,20:36:09,30807,0
20110925,853,15,817,163,2,15,20:36:19,34782,0
20110925,853,15,816,165,1,16,20:36:22,31763,0
20110925,853,15,153,5,1,17,20:38:05,30948,0
20110925,853,15,814,10,1,19,20:41:08,30704,0
20110925,853,15,15,203,2,19,20:43:14,33317,0
20110925,853,15,3,130,2,22,20:47:06,29417,0
20110925,853,15,30,130,2,24,20:51:04,29473,0
20110925,853,15,13,6,3,24,20:51:44,30478,0
20110925,853,15,153,5,2,24,20:52:14,24299,0
20110925,853,15,4,6,2,25,20:52:35,30387,0
20110925,853,15,813,3,2,25,20:53:37,30187,0
20110925,853,15,5,203,2,26,20:56:11,31621,0
20110925,853,15,24,163,2,26,20:57:30,32122,0
20110925,853,15,17,9,2,29,21:00:16,31204,0
20110925,853,15,816,165,2,28,21:00:59,31592,0
20110925,853,15,814,10,2,29,21:01:05,29764,0
20110925,853,15,16,10,2,29,21:01:11,33418,0
20110925,853,15,3,130,3,29,21:01:12,30261,0
20110925,853,15,815,15,2,29,21:01:17,33344,0
20110925,853,15,817,163,3,27,21:01:25,33058,0
20110925,853,15,811,4,3,28,21:01:27,30832,0
20110925,853,15,1,1,4,29,21:01:31,30706,0
20110925,853,15,20,9,2,30,21:01:48,30809,0
20110925,853,15,155,15,2,29,21:01:59,31602,0
20110925,853,15,18,1,2,30,21:02:11,29921,0
20110925,853,15,809,4,2,29,21:02:43,30625,0
20110925,853,15,22,3,2,30,21:04:10,30544,0
20110925,853,15,67,5,2,31,21:06:25,31394,0
20110925,853,15,153,5,3,35,21:16:28,31836,0
20110925,853,15,155,15,3,40,21:25:43,24715,0
20110925,853,15,13,6,4,41,21:26:06,30983,0
20110925,853,15,813,3,3,45,21:33:51,30477,0
20110925,853,15,15,203,3,44,21:36:23,31168,0
20110925,853,15,17,9,3,47,21:36:42,30413,0
20110925,853,15,24,163,3,45,21:38:30,31687,0
20110925,853,15,18,1,3,48,21:38:31,30305,0
20110925,853,15,1,1,5,48,21:39:06,29876,0
20110925,853,15,5,203,3,47,21:40:09,31207,0
20110925,853,15,20,9,3,49,21:40:10,30796,0
20110925,853,15,809,4,3,47,21:40:13,30485,0
20110925,853,15,4,6,3,49,21:40:46,29972,0
20110925,853,15,67,5,3,49,21:41:40,32739,0
20110925,853,15,24,163,4,46,21:41:47,42920,0
20110925,853,15,811,4,4,48,21:42:01,30987,0
20110925,853,15,155,15,4,53,21:51:26,30869,0
20111009,854,22,1,1,1,8,15:17:14,21091,0
20111009,854,22,16,10,1,8,15:17:26,21511,0
20111009,854,22,24,163,1,8,15:18:13,28244,0
20111009,854,22,20,9,1,9,15:18:49,22374,0
20111009,854,22,30,130,1,9,15:19:04,20667,0
20111009,854,22,18,1,1,10,15:20:34,21094,0
20111009,854,22,4,6,1,10,15:20:34,21147,0
20111009,854,22,17,9,1,10,15:20:39,21820,0
20111009,854,22,814,10,1,10,15:20:50,21964,0
20111009,854,22,155,15,1,10,15:20:59,24263,0
20111009,854,22,5,203,1,10,15:21:10,21412,0
20111009,854,22,13,6,1,11,15:22:19,21313,0
20111009,854,22,67,5,1,11,15:22:41,21849,0
20111009,854,22,15,203,1,11,15:22:59,21636,0
20111009,854,22,817,163,1,11,15:23:13,23723,0
20111009,854,22,22,3,1,12,15:24:26,22130,0
20111009,854,22,3,130,1,12,15:24:36,20575,0
20111009,854,22,10,165,1,12,15:24:57,25563,0
20111009,854,22,816,165,1,13,15:26:41,23013,0
20111009,854,22,811,4,1,15,15:29:45,25927,0
20111009,854,22,813,3,1,16,15:31:31,21339,0
20111009,854,22,153,5,1,17,15:33:17,21792,0
20111009,854,22,809,4,1,18,15:34:39,21304,0
20111009,854,22,20,9,2,19,15:35:48,21596,0
20111009,854,22,17,9,2,19,15:35:57,21369,0
20111009,854,22,18,1,2,20,15:37:28,20713,0
20111009,854,22,10,165,2,19,15:37:30,21726,0
20111009,854,22,815,15,1,20,15:38:10,21655,0
20111009,854,22,4,6,2,21,15:39:11,21319,0
20111009,854,22,1,1,2,21,15:39:19,22821,0
20111009,854,22,13,6,2,22,15:41:00,21214,0
20111009,854,22,5,203,2,22,15:42:00,21519,0
20111009,854,22,817,163,2,22,15:42:48,23172,0
20111009,854,22,16,10,2,23,15:43:10,21337,0
20111009,854,22,816,165,2,23,15:44:26,22258,0
20111009,854,22,30,130,2,24,15:44:52,22570,0
20111009,854,22,814,10,2,24,15:45:11,21964,0
20111009,854,22,155,15,2,24,15:45:21,22299,0
20111009,854,22,22,3,2,24,15:45:22,22736,0
20111009,854,22,3,130,2,24,15:45:23,20665,0
20111009,854,22,24,163,2,23,15:45:48,24716,0
20111009,854,22,15,203,2,24,15:46:04,22233,0
20111009,854,22,813,3,2,25,15:47:52,21075,0
20111009,854,22,20,9,3,33,16:01:45,21705,0
20111009,854,22,17,9,3,34,16:03:28,21455,0
20111009,854,22,1,1,3,35,16:05:09,21292,0
20111009,854,22,814,10,3,35,16:05:21,21553,0
20111009,854,22,811,4,2,35,16:05:42,22466,0
20111009,854,22,18,1,3,36,16:06:38,20998,0
20111009,854,22,13,6,3,36,16:06:46,21100,0
20111009,854,22,153,5,2,36,16:07:16,22584,0
20111009,854,22,24,163,3,35,16:07:51,22631,0
20111009,854,22,4,6,3,37,16:08:19,20731,0
20111009,854,22,815,15,2,37,16:08:38,24461,0
20111009,854,22,16,10,3,37,16:08:44,21839,0
20111009,854,22,22,3,3,37,16:08:54,21890,0
20111009,854,22,5,203,3,37,16:09:04,22532,0
20111009,854,22,10,165,3,36,16:09:24,22877,0
20111009,854,22,15,203,3,38,16:10:48,22156,0
20111009,854,22,816,165,3,37,16:11:06,24269,0
20111009,854,22,809,4,2,39,16:12:09,20832,0
20111009,854,22,817,163,3,38,16:12:53,22910,0
20111009,854,22,30,130,3,41,16:15:04,20879,0
20111009,854,22,3,130,3,41,16:15:25,20809,0
20111009,854,22,813,3,3,41,16:15:38,21012,0
20111016,855,35,24,163,1,1,15:05:51,26379,0
20111016,855,35,155,15,1,10,15:21:45,21623,0
20111016,855,35,22,3,1,10,15:21:47,21722,0
20111016,855,35,814,10,1,11,15:23:25,22075,0
20111016,855,35,15,203,1,12,15:25:30,22441,0
20111016,855,35,18,1,1,13,15:26:42,20766,0
20111016,855,35,3,130,1,13,15:26:43,20091,0
20111016,855,35,811,4,1,13,15:27:10,21163,0
20111016,855,35,5,203,1,13,15:27:13,21951,0
20111016,855,35,17,9,1,14,15:28:23,20828,0
20111016,855,35,13,6,1,14,15:28:28,23642,0
20111016,855,35,809,4,1,14,15:28:33,21478,0
20111016,855,35,30,130,1,14,15:28:35,20238,0
20111016,855,35,67,5,1,14,15:28:48,22098,0
20111016,855,35,1,1,1,15,15:30:01,20846,0
20111016,855,35,4,6,1,15,15:30:19,20978,0
20111016,855,35,20,9,1,16,15:31:42,19985,0
20111016,855,35,16,10,1,16,15:32:24,24820,0
20111016,855,35,813,3,1,16,15:32:31,21569,0
20111016,855,35,815,15,1,16,15:32:32,21225,0
20111016,855,35,10,165,1,16,15:33:19,22533,0
20111016,855,35,817,163,1,16,15:33:22,23196,0
20111016,855,35,816,165,1,16,15:33:28,26905,0
20111016,855,35,153,5,1,17,15:34:24,22301,0
20111016,855,35,24,163,2,16,15:34:32,23544,0
20111016,855,35,813,3,2,22,15:45:44,13984,0
20111016,855,35,155,15,2,24,15:49:22,25578,0
20111016,855,35,3,130,2,27,15:54:18,20772,0
20111016,855,35,813,3,3,28,15:56:30,22035,0
20111016,855,35,811,4,2,30,15:59:48,21893,0
20111016,855,35,814,10,2,31,16:01:23,21060,0
20111016,855,35,22,3,2,31,16:01:32,22347,0
20111016,855,35,1,1,2,33,16:04:21,20584,0
20111016,855,35,17,9,2,33,16:04:22,20800,0
20111016,855,35,20,9,2,34,16:05:58,20170,0
20111016,855,35,18,1,2,34,16:06:08,20758,0
20111016,855,35,13,6,2,34,16:06:13,21080,0
20111016,855,35,16,10,2,35,16:08:18,21916,0
20111016,855,35,67,5,2,36,16:10:01,21992,0
20111016,855,35,815,15,2,36,16:10:09,21385,0
20111016,855,35,15,203,2,36,16:10:35,22851,0
20111016,855,35,4,6,2,37,16:11:21,20639,0
20111016,855,35,153,5,2,37,16:11:31,22325,0
20111016,855,35,5,203,2,38,16:13:56,22669,0
20111016,855,35,816,165,2,38,16:14:40,22412,0
20111016,855,35,24,163,3,38,16:16:35,22092,0
20111016,855,35,10,165,2,41,16:19:51,22481,0
20111016,855,35,817,163,2,41,16:19:54,22115,0
20111016,855,35,155,15,3,42,16:21:02,21472,0
20111016,855,35,815,15,3,53,16:39:58,21971,0
20111030,856,68,815,15,1,1,15:05:16,22676,0
20111030,856,68,10,165,1,1,15:05:23,27378,0
20111030,856,68,22,3,1,1,15:05:36,33650,0
20111030,856,68,15,203,1,1,15:06:37,40734,0
20111030,856,68,814,10,1,2,15:06:50,21525,0
20111030,856,68,809,4,1,3,15:08:27,27137,0
20111030,856,68,16,10,1,15,15:27:09,21424,0
20111030,856,68,17,9,1,16,15:28:08,21392,0
20111030,856,68,4,6,1,16,15:28:09,21873,0
20111030,856,68,1,1,1,16,15:28:14,22530,0
20111030,856,68,153,5,1,16,15:28:37,22856,0
20111030,856,68,13,6,1,17,15:29:43,21848,0
20111030,856,68,3,130,1,17,15:29:56,21149,0
20111030,856,68,18,1,1,18,15:31:05,21092,0
20111030,856,68,30,130,1,18,15:31:35,20893,0
20111030,856,68,67,5,1,18,15:31:43,22579,0
20111030,856,68,20,9,1,19,15:32:31,21415,0
20111030,856,68,814,10,2,19,15:33:45,24150,0
20111030,856,68,5,203,1,21,15:36:36,22226,0
20111030,856,68,811,4,1,22,15:38:07,22144,0
20111030,856,68,39,163,1,22,15:38:47,24046,0
20111030,856,68,816,165,1,22,15:38:52,22687,0
20111030,856,68,1,1,2,24,15:40:48,27193,0
20111030,856,68,817,163,1,25,15:43:17,25074,0
20111030,856,68,15,203,2,27,15:49:31,22894,0
20111030,856,68,13,6,2,30,15:49:55,14919,0
20111030,856,68,13,6,3,31,15:51:40,27619,0
20111030,856,68,817,163,2,32,15:54:51,42529,0
20111030,856,68,809,4,2,33,15:55:13,22519,0
20111030,856,68,815,15,2,34,15:56:37,24789,0
20111030,856,68,16,10,2,35,15:58:06,21977,0
20111030,856,68,22,3,2,35,15:59:21,22339,0
20111030,856,68,17,9,2,37,16:00:03,21240,0
20111030,856,68,4,6,2,39,16:03:03,21755,0
20111030,856,68,814,10,3,39,16:04:47,20984,0
20111030,856,68,5,203,2,41,16:07:49,22001,0
20111030,856,68,3,130,2,45,16:12:29,22978,0
20111030,856,68,1,1,3,45,16:12:44,22172,0
20111030,856,68,18,1,2,46,16:13:11,21838,0
20111030,856,68,153,5,2,46,16:14:27,23084,0
20111030,856,68,20,9,2,47,16:14:36,21449,0
20111030,856,68,30,130,2,50,16:19:55,21482,0
20111030,856,68,39,163,2,50,16:23:00,23605,0
20111030,856,68,811,4,2,56,16:30:01,21723,0
20111030,856,68,816,165,2,55,16:30:49,22472,0
20111030,856,68,15,203,3,54,16:32:20,24150,0
20111030,856,68,817,163,3,56,16:32:48,28474,0
20111113,857,24,811,4,1,1,17:05:36,20882,0
20111113,857,24,815,15,1,2,17:07:22,24654,0
20111113,857,24,155,15,1,5,17:13:02,19833,0
20111113,857,24,13,6,1,15,17:30:30,20471,0
20111113,857,24,153,5,1,15,17:31:05,43574,0
20111113,857,24,1,1,1,16,17:32:01,19439,0
20111113,857,24,4,6,1,16,17:32:03,20211,0
20111113,857,24,18,1,1,16,17:32:14,20908,0
20111113,857,24,16,10,1,16,17:32:35,20356,0
20111113,857,24,30,130,1,16,17:32:36,19660,0
20111113,857,24,5,203,1,16,17:33:01,21146,0
20111113,857,24,17,9,1,17,17:34:01,25182,0
20111113,857,24,3,130,1,17,17:34:12,19785,0
20111113,857,24,15,203,1,17,17:35:11,20824,0
20111113,857,24,809,4,1,18,17:36:34,20738,0
20111113,857,24,22,3,1,18,17:36:43,24219,0
20111113,857,24,817,163,1,18,17:37:20,21693,0
20111113,857,24,811,4,2,20,17:40:33,20330,0
20111113,857,24,24,163,1,24,17:48:28,21247,0
20111113,857,24,813,3,1,25,17:49:31,20201,0
20111113,857,24,10,165,1,25,17:50:06,21792,0
20111113,857,24,814,10,1,27,17:52:50,20216,0
20111113,857,24,815,15,2,27,17:53:09,19979,0
20111113,857,24,813,3,2,30,17:58:49,12897,0
20111113,857,24,155,15,2,33,18:03:42,23108,0
20111113,857,24,22,3,2,34,18:05:35,20534,0
20111113,857,24,17,9,2,35,18:06:07,20000,0
20111113,857,24,153,5,2,34,18:06:16,21363,0
20111113,857,24,18,1,2,36,18:07:45,20301,0
20111113,857,24,16,10,2,36,18:08:17,20614,0
20111113,857,24,811,4,3,36,18:09:34,12959,0
20111113,857,24,809,4,2,38,18:12:53,19968,0
20111113,857,24,1,1,2,40,18:14:22,19350,0
20111113,857,24,5,203,2,39,18:14:52,20652,0
20111113,857,24,13,6,2,40,18:14:54,20035,0
20111113,857,24,30,130,2,42,18:18:51,20638,0
20111113,857,24,817,163,2,41,18:19:37,23192,0
20111113,857,24,4,6,2,43,18:19:38,21314,0
20111113,857,24,15,203,2,42,18:20:55,20791,0
20111113,857,24,10,165,2,44,18:24:59,20561,0
20111113,857,24,3,130,2,48,18:29:04,19907,0
20111113,857,24,17,9,3,54,18:39:14,19525,0
20111127,858,18,30,130,1,10,14:17:19,25481,0
20111127,858,18,811,4,1,12,14:19:18,21900,0
20111127,858,18,809,4,1,13,14:20:39,21169,0
20111127,858,18,16,10,1,14,14:21:51,21097,0
20111127,858,18,18,1,1,15,14:22:58,22005,0
20111127,858,18,4,6,1,16,14:24:15,20773,0
20111127,858,18,1,1,1,16,14:24:18,21099,0
20111127,858,18,3,130,1,16,14:24:30,20773,0
20111127,858,18,22,3,1,16,14:24:50,21537,0
20111127,858,18,20,9,1,17,14:25:24,20927,0
20111127,858,18,814,10,1,17,14:25:58,20745,0
20111127,858,18,813,3,1,17,14:26:13,21561,0
20111127,858,18,5,203,1,17,14:26:16,22854,0
20111127,858,18,17,9,1,18,14:26:46,20755,0
20111127,858,18,811,4,2,18,14:27:37,14029,0
20111127,858,18,67,5,1,19,14:28:43,22417,0
20111127,858,18,815,15,1,20,14:30:05,22221,0
20111127,858,18,816,165,1,20,14:30:42,21859,0
20111127,858,18,817,163,1,20,14:30:47,23473,0
20111127,858,18,13,6,1,21,14:30:57,21696,0
20111127,858,18,155,15,1,21,14:31:18,25117,0
20111127,858,18,153,5,1,21,14:31:26,22773,0
20111127,858,18,24,163,1,21,14:32:06,22666,0
20111127,858,18,10,165,1,21,14:32:08,22452,0
20111127,858,18,15,203,1,22,14:33:08,22616,0
20111127,858,18,811,4,3,28,14:41:14,23289,0
20111127,858,18,809,4,2,30,14:43:17,23102,0
20111127,858,18,18,1,2,31,14:44:05,21038,0
20111127,858,18,16,10,2,31,14:44:24,20900,0
20111127,858,18,5,203,2,31,14:45:14,22013,0
20111127,858,18,1,1,2,33,14:46:43,20396,0
20111127,858,18,30,130,2,32,14:46:47,20782,0
20111127,858,18,22,3,2,34,14:48:56,22590,0
20111127,858,18,4,6,2,35,14:49:11,20664,0
20111127,858,18,17,9,2,38,14:52:52,20990,0
20111127,858,18,20,9,2,39,14:54:13,20652,0
20111127,858,18,814,10,2,40,14:56:27,21767,0
20111127,858,18,3,130,2,42,14:58:56,20658,0
20111127,858,18,67,5,2,42,14:59:19,22461,0
20111127,858,18,816,165,2,41,14:59:31,23542,0
20111127,858,18,817,163,2,41,14:59:46,22904,0
20111127,858,18,15,203,2,42,15:00:23,21555,0
20111127,858,18,155,15,2,43,15:00:26,21231,0
20111127,858,18,1,1,3,44,15:01:16,20681,0
20111127,858,18,815,15,2,44,15:02:10,21337,0
20111127,858,18,13,6,2,45,15:02:33,21053,0
20111127,858,18,16,10,3,45,15:02:49,21138,0
20111127,858,18,809,4,3,45,15:03:14,21781,0
20111127,858,18,24,163,2,45,15:05:02,22996,0
20111127,858,18,153,5,2,48,15:07:11,21855,0
20111127,858,18,811,4,4,48,15:08:23,22128,0
20111127,858,18,5,203,3,49,15:09:19,21478,0
20111127,858,18,18,1,3,52,15:11:27,21583,0
20111127,858,18,30,130,3,51,15:11:49,21373,0
20111127,858,18,4,6,3,54,15:13:55,20752,0
20111127,858,18,22,3,3,53,15:14:17,21638,0
20111127,858,18,17,9,3,58,15:18:40,20781,0
20111127,858,18,20,9,3,59,15:20:05,22094,0
20120318,859,1,811,3,1,1,17:05:23,24599,0
20120318,859,1,817,5,1,1,17:05:35,32319,0
20120318,859,1,13,6,1,11,17:21:08,22313,0
20120318,859,1,3,130,1,12,17:22:31,23203,0
20120318,859,1,4,6,1,13,17:24:04,22035,0
20120318,859,1,155,15,1,13,17:24:20,25346,0
20120318,859,1,814,10,1,13,17:24:21,24933,0
20120318,859,1,17,9,1,14,17:25:41,23302,0
20120318,859,1,5,205,1,14,17:26:12,24397,0
20120318,859,1,18,1,1,16,17:28:30,23275,0
20120318,859,1,20,9,1,16,17:28:41,24256,0
20120318,859,1,813,3,1,16,17:28:53,23427,0
20120318,859,1,1,1,1,17,17:30:12,22862,0
20120318,859,1,809,205,1,18,17:32:32,24579,0
20120318,859,1,8,206,1,19,17:33:43,24881,0
20120318,859,1,818,5,1,19,17:33:54,23203,0
20120318,859,1,10,204,1,20,17:36:09,26322,0
20120318,859,1,819,204,1,21,17:37:59,25303,0
20120318,859,1,817,5,2,22,17:39:23,23257,0
20120318,859,1,815,15,1,24,17:41:45,23882,0
20120318,859,1,13,6,2,28,17:48:15,22528,0
20120318,859,1,811,3,2,30,17:51:46,23777,0
20120318,859,1,3,130,2,31,17:52:34,23017,0
20120318,859,1,814,10,2,33,17:55:58,24579,0
20120318,859,1,4,6,2,34,17:57:06,21910,0
20120318,859,1,5,205,2,34,17:58:11,24580,0
20120318,859,1,18,1,2,36,17:59:44,22837,0
20120318,859,1,1,1,2,36,17:59:54,23464,0
20120318,859,1,155,15,2,36,18:00:33,24162,0
20120318,859,1,819,204,2,35,18:01:35,48984,0
20120318,859,1,20,9,2,37,18:01:36,24131,0
20120318,859,1,17,9,2,37,18:01:58,22915,0
20120318,859,1,813,3,2,37,18:02:03,23166,0
20120318,859,1,8,206,2,37,18:02:13,23310,0
20120318,859,1,818,5,2,37,18:02:41,23569,0
20120318,859,1,10,204,2,36,18:02:46,25046,0
20120318,859,1,13,6,3,37,18:03:05,22103,0
20120318,859,1,5,205,3,37,18:04:32,28888,0
20120318,859,1,817,5,3,38,18:05:15,24348,0
20120318,859,1,811,3,3,47,18:22:20,30888,0
20120318,859,1,819,204,3,51,18:30:07,17088,0
20120325,860,2,815,15,1,1,16:05:39,25671,0
20120325,860,2,811,3,1,1,16:06:01,31006,0
20120325,860,2,814,10,1,2,16:07:52,23988,0
20120325,860,2,13,6,1,3,16:10:03,24034,0
20120325,860,2,10,204,1,3,16:10:14,25096,0
20120325,860,2,819,204,1,3,16:10:20,29317,0
20120325,860,2,18,1,1,4,16:12:01,24305,0
20120325,860,2,4,6,1,4,16:12:09,24653,0
20120325,860,2,808,10,1,4,16:12:17,23856,0
20120325,860,2,817,5,1,4,16:12:26,25470,0
20120325,860,2,809,205,1,4,16:12:28,24718,0
20120325,860,2,5,205,1,4,16:12:30,32670,0
20120325,860,2,1,1,1,5,16:14:12,24271,0
20120325,860,2,17,9,1,5,16:14:20,24569,0
20120325,860,2,20,9,1,5,16:14:27,25658,0
20120325,860,2,3,130,1,5,16:14:31,25600,0
20120325,860,2,813,3,1,5,16:14:32,25535,0
20120325,860,2,8,206,1,5,16:14:36,27602,0
20120325,860,2,155,15,1,5,16:14:39,28122,0
20120325,860,2,30,130,1,5,16:14:40,24831,0
20120325,860,2,811,3,2,7,16:20:17,26269,0
20120325,860,2,18,1,2,13,17:26:27,25922,0
20120325,860,2,3,130,2,13,17:26:30,25199,0
20120325,860,2,8,206,2,13,17:26:32,24927,0
20120325,860,2,155,15,2,13,17:26:34,26255,0
20120325,860,2,37,163,1,13,17:26:36,15684,0
20120325,860,2,809,205,2,13,17:26:37,29359,0
20120325,860,2,10,204,2,13,17:26:37,25660,0
20120325,860,2,811,3,3,13,17:26:38,24980,0
20120325,860,2,1,1,2,14,17:28:30,27961,0
20120325,860,2,4,6,2,14,17:28:34,22864,0
20120325,860,2,17,9,2,14,17:28:36,26337,0
20120325,860,2,13,6,2,14,17:28:39,24420,0
20120325,860,2,814,10,2,14,17:28:42,22856,0
20120325,860,2,813,3,2,14,17:28:42,21621,0
20120325,860,2,30,130,2,14,17:28:43,24094,0
20120325,860,2,817,5,2,14,17:28:45,24539,0
20120325,860,2,5,205,2,14,17:28:46,25130,0
20120325,860,2,815,15,2,15,17:30:37,24520,0
20120325,860,2,20,9,2,15,17:30:43,24057,0
20120325,860,2,818,5,1,15,17:30:48,24216,0
20120325,860,2,808,10,2,15,17:30:50,23549,0
20120325,860,2,819,204,2,15,17:31:03,36542,0
20120325,860,2,39,163,1,15,17:31:07,36876,0
20120325,860,2,18,1,3,15,17:31:07,36517,0
20120325,860,2,813,3,3,15,17:31:11,23974,0
20120325,860,2,37,163,2,16,17:33:35,38887,0
20120325,860,2,5,205,3,23,17:48:07,34109,0
20120325,860,2,18,1,4,24,17:50:04,23509,0
20120325,860,2,817,5,3,25,17:51:55,22610,0
20120325,860,2,3,130,3,26,17:53:46,23050,0
20120325,860,2,13,6,3,27,17:55:53,23130,0
20120325,860,2,817,5,4,37,18:16:06,23648,0
20120325,860,2,39,163,2,37,18:18:02,27700,0
20120325,860,2,13,6,4,38,18:18:08,26934,0
20120325,860,2,5,205,4,38,18:18:52,23782,0
20120325,860,2,17,9,3,39,18:19:05,23195,0
20120325,860,2,814,10,3,39,18:19:15,22175,0
20120325,860,2,811,3,4,39,18:19:18,23824,0
20120325,860,2,30,130,3,39,18:19:33,22163,0
20120325,860,2,813,3,4,39,18:19:34,23409,0
20120325,860,2,3,130,4,39,18:19:47,23231,0
20120325,860,2,18,1,5,39,18:19:49,23477,0
20120325,860,2,809,205,3,39,18:20:00,30335,0
20120325,860,2,10,204,3,39,18:20:20,25390,0
20120325,860,2,4,6,3,40,18:20:25,22534,0
20120325,860,2,819,204,3,39,18:20:48,32224,0
20120325,860,2,20,9,3,40,18:20:50,22998,0
20120325,860,2,8,206,3,40,18:20:58,25041,0
20120325,860,2,818,5,2,40,18:21:12,23343,0
20120325,860,2,808,10,3,40,18:21:13,23358,0
20120325,860,2,155,15,3,40,18:21:24,23662,0
20120325,860,2,37,163,3,39,18:22:06,28483,0
20120325,860,2,815,15,3,41,18:22:19,24543,0
20120325,860,2,1,1,3,41,18:22:31,26338,0
20120325,860,2,20,9,4,47,18:33:40,25884,0
20120415,861,17,4,6,2,27,15:50:50,20136,0
20120415,861,17,8,206,2,28,15:52:32,21494,0
20120415,861,17,818,5,2,28,15:53:07,23623,0
20120415,861,17,5,205,2,28,15:53:24,22606,0
20120415,861,17,811,3,2,29,15:54:32,21323,0
20120415,861,17,809,205,2,29,15:55:09,22007,0
20120415,861,17,808,10,2,30,15:56:37,21027,0
20120415,861,17,5,205,3,29,15:57:39,37748,0
20120415,861,17,20,9,2,31,15:57:50,21146,0
20120415,861,17,154,206,2,32,15:59:28,25835,0
20120415,861,17,37,163,2,31,15:59:35,23488,0
20120415,861,17,814,10,2,32,15:59:44,21006,0
20120415,861,17,813,3,2,33,16:01:26,21229,0
20120415,861,17,817,5,2,33,16:01:52,22318,0
20120415,861,17,39,163,2,32,16:01:55,23151,0
20120415,861,17,3,130,2,34,16:02:40,20645,0
20120415,861,17,17,9,3,34,16:03:03,20471,0
20120415,861,17,815,15,2,35,16:04:47,22565,0
20120415,861,17,10,204,2,36,16:07:41,21515,0
20120415,861,17,819,204,2,37,16:09:27,23579,0
20120415,861,17,1,1,3,38,16:09:51,20177,0
20120415,861,17,4,6,3,38,16:09:52,20024,0
20120415,861,17,155,15,3,38,16:10:03,21795,0
20120415,861,17,18,1,3,39,16:11:21,26618,0
20120415,861,17,13,6,2,41,16:15:10,20051,0
20120415,861,17,818,5,3,41,16:15:32,22531,0
20120415,861,17,819,204,3,48,16:28:45,13981,0
20120415,861,17,17,9,1,6,15:14:20,20474,0
20120415,861,17,155,15,1,9,15:19:30,21551,0
20120415,861,17,20,9,1,9,15:19:39,21449,0
20120415,861,17,808,10,1,9,15:19:47,32407,0
20120415,861,17,8,206,1,10,15:21:12,21433,0
20120415,861,17,1,1,1,10,15:21:13,20903,0
20120415,861,17,809,205,1,10,15:21:40,21851,0
20120415,861,17,18,1,1,11,15:22:56,20563,0
20120415,861,17,154,206,1,11,15:23:04,21184,0
20120415,861,17,814,10,1,11,15:23:08,20387,0
20120415,861,17,813,3,1,11,15:23:09,21569,0
20120415,861,17,818,5,1,11,15:23:22,22835,0
20120415,861,17,30,130,1,12,15:24:39,21746,0
20120415,861,17,4,6,1,12,15:24:44,20296,0
20120415,861,17,811,3,1,12,15:24:49,21184,0
20120415,861,17,5,205,1,12,15:25:06,22713,0
20120415,861,17,3,130,1,13,15:26:17,21113,0
20120415,861,17,815,15,1,16,15:31:38,23009,0
20120415,861,17,39,163,1,16,15:32:47,24937,0
20120415,861,17,817,5,1,17,15:33:56,21884,0
20120415,861,17,37,163,1,17,15:34:24,23634,0
20120415,861,17,13,6,1,18,15:35:14,20250,0
20120415,861,17,10,204,1,18,15:35:58,21327,0
20120415,861,17,819,204,1,19,15:37:45,22306,0
20120415,861,17,17,9,2,21,15:40:30,20377,0
20120415,861,17,1,1,2,22,15:42:10,20691,0
20120415,861,17,18,1,2,24,15:45:32,20474,0
20120415,861,17,155,15,2,25,15:47:30,21012,0
20120422,862,3,5,205,1,1,15:05:40,25047,0
20120422,862,3,817,5,1,7,15:15:42,25829,0
20120422,862,3,18,1,1,8,15:17:12,23016,0
20120422,862,3,13,6,1,8,15:17:14,23557,0
20120422,862,3,3,130,1,8,15:17:15,22228,0
20120422,862,3,1,1,1,9,15:18:49,28341,0
20120422,862,3,17,9,1,9,15:18:50,22236,0
20120422,862,3,4,6,1,9,15:18:53,22094,0
20120422,862,3,815,15,1,9,15:19:00,23408,0
20120422,862,3,811,3,1,9,15:19:03,23405,0
20120422,862,3,30,130,1,9,15:19:05,21979,0
20120422,862,3,808,10,1,9,15:19:08,22413,0
20120422,862,3,37,163,1,9,15:19:27,24241,0
20120422,862,3,154,206,1,10,15:20:26,23246,0
20120422,862,3,818,5,1,10,15:20:50,22763,0
20120422,862,3,809,205,1,10,15:20:55,23411,0
20120422,862,3,10,204,1,10,15:21:10,23423,0
20120422,862,3,39,163,1,10,15:21:21,25896,0
20120422,862,3,20,9,1,11,15:22:02,22017,0
20120422,862,3,8,206,1,11,15:22:13,22412,0
20120422,862,3,813,3,1,11,15:22:27,22868,0
20120422,862,3,819,204,1,12,15:24:32,24020,0
20120422,862,3,5,205,2,13,15:26:27,23323,0
20120422,862,3,814,10,1,14,15:27:28,22069,0
20120422,862,3,155,15,1,14,15:27:35,22758,0
20120422,862,3,808,10,2,19,15:36:18,22446,0
20120422,862,3,815,15,2,21,15:39:34,23428,0
20120422,862,3,39,163,2,21,15:40:50,25204,0
20120422,862,3,18,1,2,22,15:41:03,22270,0
20120422,862,3,3,130,2,22,15:41:09,22903,0
20120422,862,3,13,6,2,22,15:41:13,21963,0
20120422,862,3,37,163,2,22,15:42:24,23420,0
20120422,862,3,17,9,2,23,15:42:40,22649,0
20120422,862,3,1,1,2,23,15:42:46,30622,0
20120422,862,3,4,6,2,23,15:42:48,23449,0
20120422,862,3,813,3,2,23,15:42:55,22330,0
20120422,862,3,30,130,2,23,15:43:00,22105,0
20120422,862,3,809,205,2,23,15:43:18,23421,0
20120422,862,3,817,5,2,23,15:43:21,22295,0
20120422,862,3,10,204,2,23,15:43:55,29648,0
20120422,862,3,8,206,2,24,15:44:08,22362,0
20120422,862,3,811,3,2,24,15:44:50,22310,0
20120422,862,3,20,9,2,25,15:45:43,22717,0
20120422,862,3,154,206,2,25,15:45:51,22896,0
20120422,862,3,818,5,2,25,15:46:40,23353,0
20120422,862,3,5,205,3,25,15:47:05,23639,0
20120422,862,3,155,15,2,31,15:56:31,25590,0
20120422,862,3,814,10,2,33,15:59:46,22483,0
20120422,862,3,39,163,3,32,16:00:15,26417,0
20120422,862,3,3,130,3,36,16:04:47,21888,0
20120422,862,3,1,1,3,36,16:04:54,23696,0
20120422,862,3,808,10,3,36,16:05:05,22560,0
20120422,862,3,18,1,3,37,16:06:26,22616,0
20120422,862,3,4,6,3,37,16:06:29,23207,0
20120422,862,3,815,15,3,37,16:06:37,22924,0
20120422,862,3,30,130,3,37,16:06:38,22192,0
20120422,862,3,13,6,3,38,16:08:13,21938,0
20120422,862,3,811,3,3,38,16:08:29,22796,0
20120422,862,3,817,5,3,38,16:08:50,22495,0
20120422,862,3,5,205,4,38,16:09:08,23173,0
20120422,862,3,20,9,3,39,16:09:10,21800,0
20120422,862,3,8,206,3,39,16:09:12,22597,0
20120422,862,3,17,9,3,39,16:09:31,21705,0
20120422,862,3,10,204,3,38,16:10:20,22933,0
20120422,862,3,809,205,3,39,16:10:35,23167,0
20120422,862,3,37,163,3,38,16:10:38,24520,0
20120422,862,3,154,206,3,40,16:10:56,22763,0
20120422,862,3,818,5,3,40,16:12:03,22241,0
20120422,862,3,39,163,4,45,16:22:48,24317,0
20120422,862,3,155,15,3,50,16:28:31,24674,0
20120422,862,3,18,1,4,53,16:33:05,23943,0
20120513,863,4,815,15,1,1,14:05:24,21864,0
20120513,863,4,17,9,1,6,14:12:45,20119,0
20120513,863,4,20,9,1,7,14:14:11,19745,0
20120513,863,4,155,15,1,8,14:15:44,22260,0
20120513,863,4,3,130,1,9,14:17:10,20502,0
20120513,863,4,18,1,1,9,14:17:14,20333,0
20120513,863,4,814,10,1,9,14:17:22,19987,0
20120513,863,4,4,6,1,10,14:18:30,19456,0
20120513,863,4,154,206,1,10,14:18:42,20223,0
20120513,863,4,30,130,1,10,14:18:44,20113,0
20120513,863,4,818,5,1,10,14:18:52,20388,0
20120513,863,4,13,6,1,10,14:18:53,20130,0
20120513,863,4,808,10,1,10,14:18:56,20521,0
20120513,863,4,809,205,1,10,14:19:03,24856,0
20120513,863,4,37,163,1,10,14:19:19,22275,0
20120513,863,4,813,3,1,11,14:20:01,20620,0
20120513,863,4,8,206,1,11,14:20:05,19777,0
20120513,863,4,817,5,1,11,14:20:29,21101,0
20120513,863,4,39,163,1,11,14:20:59,21518,0
20120513,863,4,5,205,1,13,14:23:37,21290,0
20120513,863,4,1,1,1,14,14:24:59,21963,0
20120513,863,4,10,204,1,14,14:25:27,21082,0
20120513,863,4,819,204,1,15,14:27:06,20936,0
20120513,863,4,17,9,2,17,14:29:54,24864,0
20120513,863,4,815,15,2,17,14:30:09,21055,0
20120513,863,4,808,10,2,19,14:32:55,20558,0
20120513,863,4,37,163,2,19,14:33:43,22135,0
20120513,863,4,3,130,2,22,14:37:13,20059,0
20120513,863,4,39,163,2,22,14:38:37,22515,0
20120513,863,4,814,10,2,23,14:38:57,21680,0
20120513,863,4,818,5,2,23,14:38:58,22645,0
20120513,863,4,813,3,2,24,14:39:46,20218,0
20120513,863,4,18,1,2,25,14:41:49,21061,0
20120513,863,4,817,5,2,25,14:42:02,20114,0
20120513,863,4,4,6,2,26,14:42:46,20028,0
20120513,863,4,154,206,2,26,14:43:10,21215,0
20120513,863,4,155,15,2,26,14:43:23,20381,0
20120513,863,4,10,204,2,26,14:44:13,20902,0
20120513,863,4,8,206,2,27,14:44:27,21301,0
20120513,863,4,20,9,2,27,14:44:46,19624,0
20120513,863,4,5,205,2,27,14:45:19,22566,0
20120513,863,4,819,204,2,27,14:45:53,21338,0
20120513,863,4,13,6,2,28,14:46:33,13259,0
20120513,863,4,809,205,2,28,14:47:06,23072,0
20120513,863,4,13,6,3,29,14:48:17,19699,0
20120513,863,4,20,9,3,30,14:49:35,13335,0
20120513,863,4,1,1,2,35,14:57:08,19980,0
20120513,863,4,37,163,3,35,14:59:17,21543,0
20120513,863,4,815,15,3,37,15:00:35,28531,0
20120513,863,4,18,1,3,38,15:01:44,19888,0
20120513,863,4,808,10,3,39,15:03:27,20515,0
20120513,863,4,817,5,3,39,15:03:31,20059,0
20120513,863,4,3,130,3,40,15:04:39,20197,0
20120513,863,4,17,9,3,40,15:05:00,20129,0
20120513,863,4,818,5,3,40,15:05:04,20460,0
20120513,863,4,813,3,3,41,15:05:16,22829,0
20120513,863,4,155,15,3,41,15:06:09,21311,0
20120513,863,4,20,9,4,42,15:07:43,26143,0
20120513,863,4,814,10,3,42,15:08:07,19867,0
20120513,863,4,4,6,3,44,15:09:47,20105,0
20120513,863,4,5,205,3,43,15:10:04,21275,0
20120513,863,4,809,205,3,44,15:11:45,21817,0
20120513,863,4,13,6,4,45,15:12:32,22645,0
20120513,863,4,8,206,3,48,15:16:02,20073,0
20120513,863,4,10,204,3,47,15:16:42,20669,0
20120513,863,4,154,206,3,51,15:20:41,21035,0
20120513,863,4,37,163,4,51,15:24:24,21471,0
20120527,864,6,155,15,1,1,14:04:47,28390,0
20120527,864,6,809,205,1,3,14:08:18,39391,0
20120527,864,6,818,5,1,17,14:27:24,26063,0
20120527,864,6,3,130,1,27,14:40:15,24874,0
20120527,864,6,17,9,1,29,14:42:54,25566,0
20120527,864,6,1,1,1,29,14:43:03,25748,0
20120527,864,6,8,206,1,29,14:43:28,26380,0
20120527,864,6,808,10,1,29,14:43:29,26447,0
20120527,864,6,811,3,1,29,14:43:29,26410,0
20120527,864,6,39,163,1,29,14:44:09,27306,0
20120527,864,6,4,6,1,30,14:44:22,25220,0
20120527,864,6,5,205,1,30,14:44:53,26066,0
20120527,864,6,10,204,1,30,14:45:01,25567,0
20120527,864,6,13,6,1,31,14:45:47,24993,0
20120527,864,6,819,204,1,33,14:49:17,27186,0
20120527,864,6,30,130,1,34,14:50:07,25117,0
20120527,864,6,815,15,1,34,14:50:36,25666,0
20120527,864,6,814,10,1,35,14:51:32,25642,0
20120527,864,6,18,1,1,38,14:55:43,25219,0
20120527,864,6,815,15,2,39,14:57:38,19677,0
20120527,864,6,817,5,1,40,14:58:28,25335,0
20120527,864,6,20,9,1,46,15:05:40,25079,0
20120527,864,6,10,204,2,54,15:17:48,36503,0
20120527,864,6,818,5,2,70,15:38:55,26157,0
20120527,864,6,5,205,2,73,15:43:52,31293,0
20120527,864,6,39,163,2,74,15:46:48,26973,0
20120610,865,7,13,6,1,12,14:19:28,21128,0
20120610,865,7,814,10,1,13,14:20:45,21489,0
20120610,865,7,30,130,1,13,14:20:47,21807,0
20120610,865,7,18,1,1,15,14:23:32,21748,0
20120610,865,7,20,9,1,16,14:24:31,21639,0
20120610,865,7,818,5,1,16,14:24:55,22278,0
20120610,865,7,1,1,1,17,14:25:51,21375,0
20120610,865,7,17,9,1,17,14:25:59,21199,0
20120610,865,7,817,5,1,17,14:26:17,21689,0
20120610,865,7,5,205,1,17,14:26:32,21733,0
20120610,865,7,809,205,1,18,14:27:54,21888,0
20120610,865,7,4,6,1,19,14:28:31,21133,0
20120610,865,7,3,130,1,19,14:28:43,21222,0
20120610,865,7,154,206,1,21,14:31:23,21830,0
20120610,865,7,808,10,1,21,14:31:32,24583,0
20120610,865,7,811,3,1,23,14:34:41,22781,0
20120610,865,7,155,15,1,24,14:35:30,21453,0
20120610,865,7,10,204,1,24,14:36:31,25520,0
20120610,865,7,819,204,1,28,14:41:55,23291,0
20120610,865,7,813,3,1,29,14:42:22,22704,0
20120610,865,7,18,1,2,33,14:47:50,21845,0
20120610,865,7,3,130,2,38,14:53:57,21179,0
20120610,865,7,8,206,1,40,14:56:32,21534,0
20120610,865,7,815,15,1,41,14:57:52,21407,0
20120610,865,7,808,10,2,42,14:59:35,23660,0
20120610,865,7,5,205,2,42,15:00:15,21704,0
20120610,865,7,30,130,2,43,15:00:53,22524,0
20120610,865,7,818,5,2,43,15:01:05,23163,0
20120610,865,7,809,205,2,43,15:01:38,21403,0
20120610,865,7,814,10,2,44,15:02:08,21734,0
20120610,865,7,818,5,3,47,15:06:41,14641,0
20120610,865,7,1,1,2,50,15:09:20,22530,0
20120610,865,7,17,9,2,52,15:12:15,21254,0
20120610,865,7,18,1,3,52,15:13:15,21363,0
20120610,865,7,13,6,2,58,15:20:18,21115,0
20120610,865,7,817,5,2,58,15:20:40,21558,0
20120610,865,7,20,9,2,63,15:26:26,22428,0
20120624,866,12,18,1,1,10,14:21:23,20246,0
20120624,866,12,815,15,1,10,14:21:27,21032,0
20120624,866,12,13,6,1,11,14:23:08,20498,0
20120624,866,12,819,204,1,11,14:23:43,31636,0
20120624,866,12,5,205,1,12,14:25:12,21040,0
20120624,866,12,1,1,1,13,14:26:30,19355,0
20120624,866,12,809,205,1,13,14:26:58,20726,0
20120624,866,12,155,15,1,14,14:28:20,23071,0
20120624,866,12,8,206,1,14,14:28:21,21879,0
20120624,866,12,813,3,1,14,14:28:23,21342,0
20120624,866,12,808,10,1,14,14:28:26,21198,0
20120624,866,12,817,5,1,14,14:28:38,21209,0
20120624,866,12,37,163,1,14,14:29:09,23127,0
20120624,866,12,4,6,1,15,14:30:09,19789,0
20120624,866,12,39,163,1,15,14:31:07,22930,0
20120624,866,12,20,9,1,16,14:31:32,20357,0
20120624,866,12,154,206,1,16,14:31:48,20479,0
20120624,866,12,818,5,1,17,14:34:17,21303,0
20120624,866,12,30,130,1,19,14:37:38,20477,0
20120624,866,12,17,9,1,19,14:37:40,20246,0
20120624,866,12,3,130,1,20,14:39:17,20625,0
20120624,866,12,155,15,2,20,14:39:29,25719,0
20120624,866,12,811,3,1,20,14:40:14,28440,0
20120624,866,12,814,10,1,23,14:44:48,20295,0
20120624,866,12,811,3,2,24,14:47:48,14659,0
20120624,866,12,815,15,2,25,14:48:26,20904,0
20120624,866,12,809,205,2,25,14:48:42,21224,0
20120624,866,12,18,1,2,26,14:50:09,19640,0
20120624,866,12,13,6,2,27,14:51:54,20126,0
20120624,866,12,5,205,2,27,14:53:03,24445,0
20120624,866,12,154,206,2,28,14:53:16,23183,0
20120624,866,12,1,1,2,28,14:53:30,31081,0
20120624,866,12,4,6,2,28,14:53:33,20718,0
20120624,866,12,8,206,2,28,14:53:38,21103,0
20120624,866,12,813,3,2,28,14:53:44,21525,0
20120624,866,12,808,10,2,28,14:53:50,20332,0
20120624,866,12,809,205,3,28,14:54:43,21407,0
20120624,866,12,20,9,2,29,14:55:02,20023,0
20120624,866,12,37,163,2,28,14:55:13,23125,0
20120624,866,12,819,204,2,28,14:55:13,22838,0
20120624,866,12,39,163,2,29,14:57:51,26370,0
20120624,866,12,13,6,3,34,15:07:46,39041,0
20120624,866,12,817,5,2,37,15:12:44,22597,0
20120624,866,12,17,9,2,38,15:14:32,20222,0
20120624,866,12,39,163,3,39,15:16:58,14780,0
20120624,866,12,30,130,2,41,15:19:40,20041,0
20120624,866,12,3,130,2,46,15:28:36,20115,0
20120624,866,12,809,205,4,47,15:30:40,30800,0
20120624,866,12,13,6,4,53,15:41:54,20476,0
20120708,867,9,819,204,2,32,13:58:04,26164,0
20120708,867,9,17,9,2,33,13:57:42,25179,0
20120708,867,9,813,3,2,12,13:24:16,33068,0
20120708,867,9,13,6,1,13,13:24:56,25325,0
20120708,867,9,8,206,1,13,13:24:58,25581,0
20120708,867,9,819,204,1,13,13:25:46,26313,0
20120708,867,9,17,9,1,14,13:26:30,25854,0
20120708,867,9,811,3,1,14,13:26:49,25983,0
20120708,867,9,818,5,1,14,13:26:57,26489,0
20120708,867,9,4,6,1,15,13:28:03,25372,0
20120708,867,9,3,130,1,15,13:28:30,25189,0
20120708,867,9,155,15,1,16,13:30:03,26845,0
20120708,867,9,808,10,1,16,13:30:05,26060,0
20120708,867,9,18,1,1,16,13:30:09,25138,0
20120708,867,9,817,5,1,16,13:30:14,25626,0
20120708,867,9,39,163,1,16,13:30:53,29908,0
20120708,867,9,10,204,1,18,13:34:02,26165,0
20120708,867,9,1,1,1,21,13:38:11,24498,0
20120708,867,9,154,206,2,26,13:46:39,25388,0
20120708,867,9,37,163,1,27,13:49:37,27715,0
20120708,867,9,1,1,2,28,13:49:52,25003,0
20120708,867,9,817,5,2,29,13:51:50,25613,0
20120708,867,9,5,205,2,29,13:52:21,26434,0
20120708,867,9,811,3,2,30,13:53:19,26573,0
20120708,867,9,20,9,2,31,13:54:33,25319,0
20120708,867,9,18,1,2,31,13:55:02,24762,0
20120708,867,9,818,5,2,32,13:56:46,26200,0
20120708,867,9,814,10,1,1,13:05:45,32790,0
20120708,867,9,154,206,1,2,13:06:42,34201,0
20120708,867,9,20,9,1,10,13:19:58,25829,0
20120708,867,9,813,3,1,11,13:21:39,25630,0
20120708,867,9,815,15,1,11,13:21:41,25192,0
20120708,867,9,30,130,1,12,13:23:17,25938,0
20120708,867,9,5,205,1,12,13:23:46,26196,0
20120708,867,9,8,206,2,34,13:59:31,25871,0
20120708,867,9,30,130,2,34,13:59:45,25552,0
20120708,867,9,13,6,2,35,14:01:05,25110,0
20120708,867,9,808,10,2,35,14:01:25,25444,0
20120708,867,9,39,163,2,35,14:03:37,27944,0
20120708,867,9,4,6,2,37,14:04:03,24998,0
20120708,867,9,155,15,2,37,14:04:36,39208,0
20120708,867,9,3,130,2,37,14:04:48,33529,0
20120708,867,9,10,204,2,38,14:07:52,25241,0
20120722,868,10,13,6,1,1,14:04:39,23049,0
20120722,868,10,811,3,1,1,14:04:53,47942,0
20120722,868,10,154,206,1,1,14:04:56,32766,0
20120722,868,10,1,1,1,3,14:07:52,21012,0
20120722,868,10,818,5,1,6,14:11:33,18901,0
20120722,868,10,814,10,1,10,14:17:02,17899,0
20120722,868,10,8,206,1,11,14:18:20,18002,0
20120722,868,10,808,10,1,12,14:19:41,18442,0
20120722,868,10,17,9,1,12,14:19:43,18253,0
20120722,868,10,3,130,1,12,14:19:51,18395,0
20120722,868,10,813,3,1,13,14:21:05,19646,0
20120722,868,10,5,205,1,13,14:21:24,19385,0
20120722,868,10,30,130,1,14,14:22:25,18497,0
20120722,868,10,809,205,1,14,14:22:47,19802,0
20120722,868,10,815,15,1,17,14:26:37,18143,0
20120722,868,10,4,6,1,18,14:27:43,17570,0
20120722,868,10,18,1,1,19,14:29:13,17867,0
20120722,868,10,817,5,1,19,14:29:34,18374,0
20120722,868,10,10,204,1,19,14:30:15,21399,0
20120722,868,10,20,9,1,20,14:30:30,17512,0
20120722,868,10,37,163,1,20,14:31:43,19850,0
20120722,868,10,819,204,1,21,14:32:56,17821,0
20120722,868,10,155,15,1,22,14:33:31,18904,0
20120722,868,10,39,163,1,22,14:34:43,19535,0
20120722,868,10,13,6,2,24,14:36:49,19137,0
20120722,868,10,154,206,2,24,14:37:20,20388,0
20120722,868,10,811,3,2,25,14:38:46,18822,0
20120722,868,10,818,5,2,27,14:40:49,18425,0
20120722,868,10,808,10,2,31,14:46:05,18286,0
20120722,868,10,5,205,2,31,14:46:32,18801,0
20120722,868,10,1,1,2,31,14:46:44,17598,0
20120722,868,10,3,130,2,32,14:47:31,17894,0
20120722,868,10,809,205,2,32,14:47:59,18323,0
20120722,868,10,30,130,2,36,14:52:44,17928,0
20120722,868,10,8,206,2,38,14:55:22,17735,0
20120722,868,10,813,3,2,38,14:55:56,19210,0
20120722,868,10,817,5,2,38,14:55:57,17990,0
20120722,868,10,814,10,2,39,14:57:08,17968,0
20120722,868,10,18,1,2,40,14:57:48,16831,0
20120722,868,10,815,15,2,40,14:58:14,18199,0
20120722,868,10,17,9,2,40,14:58:22,17290,0
20120722,868,10,4,6,2,41,14:59:05,17942,0
20120722,868,10,20,9,2,41,14:59:07,17859,0
20120722,868,10,10,204,2,40,15:00:18,18952,0
20120722,868,10,154,206,3,42,15:02:09,22743,0
20120722,868,10,155,15,2,43,15:02:13,19177,0
20120722,868,10,819,204,2,43,15:03:49,19391,0
20120722,868,10,5,205,3,44,15:04:41,19233,0
20120722,868,10,818,5,3,45,15:05:35,19949,0
20120722,868,10,808,10,3,46,15:06:33,18365,0
20120722,868,10,37,163,2,45,15:07:26,20664,0
20120722,868,10,13,6,3,47,15:08:15,19680,0
20120722,868,10,1,1,3,47,15:08:33,18877,0
20120722,868,10,39,163,2,46,15:08:59,19382,0
20120722,868,10,811,3,3,47,15:09:01,18313,0
20120722,868,10,3,130,3,50,15:11:59,18741,0
20120722,868,10,809,205,3,50,15:12:58,18354,0
20120722,868,10,30,130,3,52,15:14:25,18163,0
20120722,868,10,5,205,4,53,15:17:23,28988,0
20120722,868,10,813,3,3,57,15:22:00,18085,0
20120729,869,11,30,130,1,1,14:08:08,21336,0
20120729,869,11,30,130,2,4,14:12:58,13199,0
20120729,869,11,155,15,1,8,14:18:40,20234,0
20120729,869,11,818,5,1,12,14:24:37,20363,0
20120729,869,11,817,5,1,14,14:27:32,20510,0
20120729,869,11,18,1,1,15,14:28:38,19408,0
20120729,869,11,808,10,1,15,14:28:52,20736,0
20120729,869,11,813,3,1,15,14:28:54,20304,0
20120729,869,11,811,3,1,16,14:30:15,20213,0
20120729,869,11,3,130,1,16,14:30:21,20352,0
20120729,869,11,814,10,1,16,14:30:26,20460,0
20120729,869,11,20,9,1,17,14:31:35,19380,0
20120729,869,11,4,6,1,17,14:31:38,19669,0
20120729,869,11,5,205,1,17,14:32:09,20780,0
20120729,869,11,1,1,1,18,14:32:53,20436,0
20120729,869,11,13,6,1,18,14:33:17,19981,0
20120729,869,11,809,205,1,18,14:33:47,21070,0
20120729,869,11,39,163,1,18,14:34:22,21259,0
20120729,869,11,154,206,1,19,14:34:22,22151,0
20120729,869,11,10,204,1,18,14:34:25,21337,0
20120729,869,11,8,206,1,20,14:36:01,20087,0
20120729,869,11,17,9,1,20,14:36:05,19611,0
20120729,869,11,819,204,1,20,14:36:59,20915,0
20120729,869,11,815,15,1,21,14:37:57,20320,0
20120729,869,11,37,163,1,22,14:40:27,22332,0
20120729,869,11,818,5,2,30,14:51:44,19858,0
20120729,869,11,30,130,3,32,14:54:51,20503,0
20120729,869,11,18,1,2,34,14:56:39,19083,0
20120729,869,11,817,5,2,34,14:57:29,19630,0
20120729,869,11,809,205,2,35,14:59:27,20592,0
20120729,869,11,5,205,2,36,15:00:48,21855,0
20120729,869,11,20,9,2,38,15:02:27,19331,0
20120729,869,11,814,10,2,38,15:03:06,20352,0
20120729,869,11,154,206,2,39,15:03:52,20231,0
20120729,869,11,17,9,2,39,15:04:09,19175,0
20120729,869,11,808,10,2,39,15:04:31,20607,0
20120729,869,11,1,1,2,40,15:05:18,19059,0
20120729,869,11,819,204,2,39,15:05:50,21378,0
20120729,869,11,3,130,2,40,15:05:53,20632,0
20120729,869,11,155,15,2,40,15:06:36,20065,0
20120729,869,11,39,163,2,39,15:07:06,22031,0
20120729,869,11,813,3,2,41,15:07:28,19755,0
20120729,869,11,10,204,2,40,15:08:28,20383,0
20120729,869,11,811,3,2,42,15:08:36,20604,0
20120729,869,11,37,163,2,41,15:10:00,21877,0
20120729,869,11,4,6,2,43,15:10:01,19365,0
20120729,869,11,13,6,2,43,15:10:12,19917,0
20120729,869,11,8,206,2,45,15:12:35,19772,0
20120729,869,11,18,1,3,45,15:12:56,20355,0
20120729,869,11,818,5,3,46,15:15:27,19644,0
20120729,869,11,815,15,2,47,15:16:34,20216,0
20120729,869,11,817,5,3,47,15:16:46,20027,0
20120729,869,11,809,205,3,51,15:23:46,20515,0
20120729,869,11,813,3,3,52,15:23:48,13206,0
20120729,869,11,17,9,3,55,15:27:30,19386,0
20120729,869,11,5,205,3,56,15:30:55,20567,0
20120729,869,11,20,9,3,58,15:31:43,18964,0
20120729,869,11,818,5,4,64,15:42:01,19600,0
20120902,870,13,37,163,1,1,14:06:31,29107,0
20120902,870,13,155,15,1,1,14:06:35,27248,0
20120902,870,13,813,3,1,1,14:06:36,21842,0
20120902,870,13,155,15,2,7,14:21:42,21669,0
20120902,870,13,814,10,1,10,14:27:27,21402,0
20120902,870,13,8,206,1,11,14:29:22,20383,0
20120902,870,13,17,9,1,11,14:29:28,20908,0
20120902,870,13,10,204,1,11,14:29:54,22463,0
20120902,870,13,817,5,1,12,14:31:21,20287,0
20120902,870,13,13,6,1,12,14:31:26,20306,0
20120902,870,13,809,205,1,12,14:31:42,25972,0
20120902,870,13,808,10,1,13,14:33:14,22152,0
20120902,870,13,5,205,1,14,14:35:49,52206,0
20120902,870,13,39,163,1,14,14:35:55,23953,0
20120902,870,13,818,5,1,15,14:37:19,20660,0
20120902,870,13,37,163,2,15,14:38:00,25027,0
20120902,870,13,811,3,1,16,14:39:19,21690,0
20120902,870,13,819,204,1,18,14:44:03,21611,0
20120902,870,13,30,130,1,19,14:45:02,21664,0
20120902,870,13,18,1,1,20,14:46:43,19668,0
20120902,870,13,3,130,1,20,14:47:24,21062,0
20120902,870,13,20,9,1,21,14:48:56,20811,0
20120902,870,13,155,15,3,24,14:55:27,22106,0
20120902,870,13,10,204,2,25,14:58:05,20660,0
20120902,870,13,814,10,2,26,14:59:07,21115,0
20120902,870,13,809,205,2,26,14:59:52,21180,0
20120902,870,13,808,10,2,27,15:00:38,20696,0
20120902,870,13,17,9,2,27,15:00:39,20385,0
20120902,870,13,13,6,2,27,15:00:45,21049,0
20120902,870,13,37,163,3,27,15:02:18,22064,0
20120902,870,13,5,205,2,27,15:02:21,21931,0
20120902,870,13,8,206,2,28,15:02:30,20289,0
20120902,870,13,817,5,2,28,15:02:51,21060,0
20120902,870,13,39,163,2,28,15:04:17,22523,0
20120902,870,13,818,5,2,29,15:04:49,21077,0
20120902,870,13,30,130,2,35,15:16:18,20835,0
20120902,870,13,3,130,2,36,15:18:36,20534,0
20120902,870,13,811,3,2,39,15:24:25,22030,0
20120909,871,14,10,204,1,7,14:14:33,28747,0
20120909,871,14,813,3,1,13,14:23:38,22970,0
20120909,871,14,3,130,1,14,14:25:03,22346,0
20120909,871,14,30,130,1,15,14:26:24,22247,0
20120909,871,14,8,206,1,17,14:29:28,21730,0
20120909,871,14,5,205,1,17,14:29:51,22737,0
20120909,871,14,819,204,1,18,14:31:32,24039,0
20120909,871,14,13,6,1,19,14:32:19,22161,0
20120909,871,14,809,205,1,19,14:32:59,22182,0
20120909,871,14,20,9,1,20,14:33:51,22303,0
20120909,871,14,4,6,1,20,14:33:52,21515,0
20120909,871,14,155,15,1,20,14:34:08,22874,0
20120909,871,14,17,9,1,21,14:35:36,21556,0
20120909,871,14,814,10,1,21,14:35:39,22190,0
20120909,871,14,18,1,1,22,14:36:49,23375,0
20120909,871,14,37,163,1,22,14:38:04,23488,0
20120909,871,14,1,1,1,23,14:38:13,20736,0
20120909,871,14,39,163,1,23,14:39:30,31745,0
20120909,871,14,817,5,1,24,14:40:19,21720,0
20120909,871,14,811,3,1,24,14:40:20,22985,0
20120909,871,14,808,10,1,27,14:44:55,22746,0
20120909,871,14,816,206,1,27,14:45:12,21962,0
20120909,871,14,815,15,1,29,14:47:32,22472,0
20120909,871,14,10,204,2,32,14:53:27,22581,0
20120909,871,14,20,9,2,34,14:55:13,15008,0
20120909,871,14,813,3,2,35,14:57:05,21814,0
20120909,871,14,819,204,2,35,14:57:49,22046,0
20120909,871,14,30,130,2,37,14:59:46,22310,0
20120909,871,14,3,130,2,38,15:01:21,21854,0
20120909,871,14,5,205,2,39,15:03:38,21910,0
20120909,871,14,809,205,2,40,15:05:10,22811,0
20120923,872,15,10,204,2,25,20:54:19,32015,0
20120923,872,15,5,205,2,26,20:55:51,30099,0
20120923,872,15,17,9,2,28,20:58:56,29304,0
20120923,872,15,813,3,2,29,21:00:34,30540,0
20120923,872,15,4,6,2,29,21:00:36,29190,0
20120923,872,15,155,15,2,30,21:03:49,30842,0
20120923,872,15,809,205,3,30,21:04:39,30405,0
20120923,872,15,37,163,2,30,21:05:01,32625,0
20120923,872,15,817,5,2,31,21:05:16,29789,0
20120923,872,15,8,206,2,32,21:07:02,29370,0
20120923,872,15,20,9,2,33,21:08:19,31137,0
20120923,872,15,18,1,2,33,21:08:25,29662,0
20120923,872,15,819,204,2,32,21:08:32,30834,0
20120923,872,15,814,10,2,33,21:08:49,30029,0
20120923,872,15,3,130,2,33,21:09:07,29687,0
20120923,872,15,154,206,2,33,21:09:08,31753,0
20120923,872,15,813,3,3,33,21:09:10,30981,0
20120923,872,15,30,130,2,33,21:09:20,30338,0
20120923,872,15,811,3,3,33,21:09:41,30684,0
20120923,872,15,13,6,3,33,21:10:02,29455,0
20120923,872,15,17,9,3,40,21:26:54,29348,0
20120923,872,15,808,10,2,40,21:26:54,30613,0
20120923,872,15,815,15,2,40,21:26:57,30217,0
20120923,872,15,809,205,4,40,21:27:04,41154,0
20120923,872,15,37,163,3,40,21:27:06,44101,0
20120923,872,15,5,205,3,45,21:38:17,30232,0
20120923,872,15,155,15,3,50,21:48:02,36146,0
20120923,872,15,808,10,3,50,21:48:19,34601,0
20120923,872,15,809,205,1,1,20:06:04,36148,0
20120923,872,15,13,6,1,1,20:06:31,31958,0
20120923,872,15,17,9,1,8,20:19:35,29333,0
20120923,872,15,20,9,1,10,20:23:17,29117,0
20120923,872,15,811,3,1,10,20:23:50,30317,0
20120923,872,15,4,6,1,11,20:25:22,29557,0
20120923,872,15,30,130,1,11,20:25:39,30879,0
20120923,872,15,817,5,1,11,20:25:50,30992,0
20120923,872,15,1,1,1,12,20:27:09,29124,0
20120923,872,15,814,10,1,12,20:27:23,31026,0
20120923,872,15,3,130,1,12,20:27:30,29546,0
20120923,872,15,818,5,1,12,20:27:44,30499,0
20120923,872,15,5,205,1,12,20:27:55,30440,0
20120923,872,15,813,3,1,13,20:29:11,30234,0
20120923,872,15,8,206,1,13,20:29:37,29669,0
20120923,872,15,10,204,1,13,20:30:01,30977,0
20120923,872,15,18,1,1,14,20:31:06,30019,0
20120923,872,15,154,206,1,14,20:31:24,32080,0
20120923,872,15,155,15,1,14,20:31:56,30693,0
20120923,872,15,819,204,1,16,20:36:09,30647,0
20120923,872,15,808,10,1,18,20:39:33,30363,0
20120923,872,15,815,15,1,18,20:39:37,30043,0
20120923,872,15,37,163,1,18,20:40:26,33042,0
20120923,872,15,809,205,2,18,20:40:30,30341,0
20120923,872,15,13,6,2,19,20:42:14,29403,0
20120923,872,15,39,163,1,19,20:42:28,32436,0
20120923,872,15,818,5,2,24,20:51:30,29898,0
20120923,872,15,811,3,2,25,20:53:24,30828,0
20121007,873,22,154,206,1,1,15:05:37,32329,0
20121007,873,22,811,3,1,1,15:05:49,27098,0
20121007,873,22,17,9,1,1,15:06:19,32462,0
20121007,873,22,154,206,2,7,15:16:52,29793,0
20121007,873,22,18,1,1,13,15:26:28,20233,0
20121007,873,22,8,206,1,13,15:26:35,20901,0
20121007,873,22,808,10,1,13,15:26:38,21007,0
20121007,873,22,814,10,1,13,15:26:54,21063,0
20121007,873,22,155,15,1,14,15:28:06,20783,0
20121007,873,22,819,204,1,14,15:29:02,21343,0
20121007,873,22,815,15,1,15,15:29:58,21273,0
20121007,873,22,39,163,1,15,15:30:44,23227,0
20121007,873,22,1,1,1,16,15:31:39,21148,0
20121007,873,22,813,3,1,16,15:31:44,21361,0
20121007,873,22,811,3,2,16,15:32:04,21538,0
20121007,873,22,20,9,1,17,15:32:58,20508,0
20121007,873,22,13,6,1,17,15:33:08,20936,0
20121007,873,22,817,5,1,17,15:33:31,21944,0
20121007,873,22,30,130,1,17,15:33:45,20643,0
20121007,873,22,37,163,1,17,15:34:08,26287,0
20121007,873,22,5,205,1,18,15:35:26,22816,0
20121007,873,22,818,5,1,18,15:35:28,22528,0
20121007,873,22,809,205,1,19,15:37:33,21368,0
20121007,873,22,10,204,1,20,15:39:00,20662,0
20121007,873,22,811,3,3,21,15:40:44,14608,0
20121007,873,22,154,206,3,22,15:42:35,21143,0
20121007,873,22,17,9,2,26,15:48:48,20691,0
20121007,873,22,8,206,2,30,15:55:12,21222,0
20121007,873,22,155,15,2,31,15:56:42,20762,0
20121007,873,22,1,1,2,31,15:56:51,19794,0
20121007,873,22,808,10,2,31,15:56:55,21688,0
20121007,873,22,819,204,2,31,15:58:08,42505,0
20121007,873,22,814,10,2,32,15:59:02,21344,0
20121007,873,22,813,3,2,33,16:00:13,21118,0
20121007,873,22,817,5,2,34,16:02:03,21516,0
20121007,873,22,811,3,4,34,16:02:29,21520,0
20121007,873,22,18,1,2,35,16:03:20,21099,0
20121007,873,22,818,5,2,35,16:04:02,21431,0
20121007,873,22,13,6,2,36,16:04:50,20778,0
20121007,873,22,30,130,2,36,16:05:33,20379,0
20121007,873,22,20,9,2,37,16:06:11,20346,0
20121007,873,22,37,163,2,36,16:06:51,22487,0
20121007,873,22,10,204,2,40,16:12:57,21520,0
20121007,873,22,5,205,2,41,16:14:28,22678,0
20121007,873,22,809,205,2,42,16:16:46,21367,0
20121007,873,22,809,205,3,48,16:27:04,14250,0
20121014,874,35,155,15,1,1,15:06:00,33003,0
20121014,874,35,155,15,2,7,15:17:22,13986,0
20121014,874,35,1,1,1,13,15:26:44,19638,0
20121014,874,35,808,10,1,13,15:26:59,22125,0
20121014,874,35,154,206,1,13,15:27:00,21681,0
20121014,874,35,30,130,1,13,15:27:06,20087,0
20121014,874,35,818,5,1,13,15:27:09,20865,0
20121014,874,35,5,205,1,13,15:27:25,21896,0
20121014,874,35,17,9,1,14,15:28:25,19811,0
20121014,874,35,13,6,1,14,15:28:32,20607,0
20121014,874,35,8,206,1,14,15:28:33,20211,0
20121014,874,35,817,5,1,14,15:28:56,20151,0
20121014,874,35,811,3,1,14,15:28:57,21886,0
20121014,874,35,809,205,1,14,15:29:17,22278,0
20121014,874,35,10,204,1,14,15:29:19,22334,0
20121014,874,35,20,9,1,15,15:30:06,19830,0
20121014,874,35,4,6,1,15,15:30:13,19930,0
20121014,874,35,814,10,1,15,15:30:41,20805,0
20121014,874,35,819,204,1,17,15:35:01,21302,0
20121014,874,35,815,15,1,18,15:35:58,24408,0
20121014,874,35,39,163,1,18,15:37:11,22749,0
20121014,874,35,813,3,1,21,15:41:35,21137,0
20121014,874,35,1,1,2,26,15:50:01,20777,0
20121014,874,35,814,10,2,28,15:54:05,20218,0
20121014,874,35,154,206,2,31,15:59:00,20935,0
20121014,874,35,10,204,2,31,16:00:08,20494,0
20121014,874,35,17,9,2,32,16:00:11,19616,0
20121014,874,35,808,10,2,32,16:00:43,20982,0
20121014,874,35,30,130,2,32,16:01:04,20276,0
20121014,874,35,811,3,2,32,16:01:12,22813,0
20121014,874,35,809,205,2,32,16:01:49,21581,0
20121014,874,35,815,15,2,33,16:02:54,20767,0
20121014,874,35,5,205,2,33,16:03:37,21489,0
20121014,874,35,4,6,2,34,16:03:41,20090,0
20121014,874,35,817,5,2,34,16:04:24,20804,0
20121014,874,35,20,9,2,35,16:05:18,19801,0
20121014,874,35,13,6,2,35,16:05:28,20855,0
20121014,874,35,8,206,2,35,16:05:40,21012,0
20121014,874,35,819,204,2,34,16:06:00,22019,0
20121014,874,35,818,5,2,38,16:11:27,21188,0
20121014,874,35,1,1,3,42,16:18:28,19447,0
20121028,875,68,818,5,1,1,15:05:15,25097,0
20121028,875,68,30,130,1,1,15:05:50,25036,0
20121028,875,68,815,15,1,14,15:25:19,21336,0
20121028,875,68,815,15,2,19,15:33:50,24508,0
20121028,875,68,18,1,1,25,15:42:00,21509,0
20121028,875,68,811,3,1,26,15:43:56,22047,0
20121028,875,68,39,163,1,26,15:45:08,24544,0
20121028,875,68,8,206,1,27,15:45:09,21404,0
20121028,875,68,3,130,1,27,15:45:26,21490,0
20121028,875,68,813,3,1,27,15:45:28,22003,0
20121028,875,68,817,5,1,27,15:45:46,22637,0
20121028,875,68,13,6,1,28,15:46:40,21100,0
20121028,875,68,808,10,1,28,15:46:47,21654,0
20121028,875,68,814,10,1,28,15:47:07,23948,0
20121028,875,68,819,204,1,28,15:47:38,22692,0
20121028,875,68,4,6,1,29,15:47:52,20800,0
20121028,875,68,17,9,1,30,15:49:21,20808,0
20121028,875,68,813,3,2,30,15:50:59,28053,0
20121028,875,68,809,205,1,31,15:52:12,22445,0
20121028,875,68,10,204,1,31,15:52:31,27303,0
20121028,875,68,1,1,1,32,15:52:33,20852,0
20121028,875,68,5,205,1,32,15:53:40,22967,0
20121028,875,68,20,9,1,33,15:53:43,20707,0
20121028,875,68,37,163,1,32,15:54:30,23830,0
20121028,875,68,818,5,2,33,15:55:26,21658,0
20121028,875,68,30,130,2,33,15:56:04,21322,0
20121028,875,68,154,206,1,36,15:59:04,20976,0
20121028,875,68,155,15,1,36,15:59:41,22726,0
20121104,876,24,3,130,1,1,17:05:24,29277,0
20121104,876,24,154,206,1,1,17:05:48,26057,0
20121104,876,24,814,10,1,1,17:06:13,26670,0
20121104,876,24,818,5,1,9,17:20:35,20319,0
20121104,876,24,154,206,2,9,17:21:21,21017,0
20121104,876,24,814,10,2,9,17:21:58,19829,0
20121104,876,24,20,9,1,13,17:31:03,24962,0
20121104,876,24,155,15,1,25,17:53:36,19529,0
20121104,876,24,13,6,1,26,17:55:31,19585,0
20121104,876,24,817,5,1,26,17:55:32,20122,0
20121104,876,24,819,204,1,26,17:55:56,21941,0
20121104,876,24,30,130,1,27,17:57:17,19701,0
20121104,876,24,10,204,1,27,17:57:44,19884,0
20121104,876,24,809,205,1,27,17:57:47,20769,0
20121104,876,24,4,6,1,28,17:58:45,19368,0
20121104,876,24,5,205,1,28,17:59:21,23032,0
20121104,876,24,37,163,1,28,17:59:46,22272,0
20121104,876,24,18,1,1,29,18:00:35,19455,0
20121104,876,24,813,3,1,29,18:00:45,20723,0
20121104,876,24,815,15,1,30,18:02:32,19486,0
20121104,876,24,17,9,1,30,18:02:33,19066,0
20121104,876,24,8,206,1,31,18:03:59,20278,0
20121104,876,24,811,3,1,32,18:06:19,22587,0
20121104,876,24,818,5,2,33,18:08:11,19885,0
20121104,876,24,20,9,2,37,18:15:02,19918,0
20121104,876,24,815,15,2,38,18:17:35,33431,0
20121104,876,24,817,5,2,38,18:17:36,21231,0
20121104,876,24,814,10,3,39,18:19:26,20265,0
20121104,876,24,30,130,2,41,18:24:11,21270,0
20121104,876,24,815,15,3,44,18:30:24,26858,0
20121118,877,69,154,206,1,9,13:19:50,21190,0
20121118,877,69,155,15,1,13,13:26:55,24079,0
20121118,877,69,30,130,1,14,13:28:39,22263,0
20121118,877,69,808,10,1,17,13:33:38,22099,0
20121118,877,69,1,1,1,20,13:38:21,20814,0
20121118,877,69,4,6,1,20,13:38:33,24439,0
20121118,877,69,811,3,1,20,13:38:57,22143,0
20121118,877,69,20,9,1,21,13:40:02,20904,0
20121118,877,69,814,10,1,21,13:40:40,22498,0
20121118,877,69,813,3,1,21,13:40:43,22342,0
20121118,877,69,5,205,1,21,13:41:14,22713,0
20121118,877,69,10,204,1,21,13:41:15,23092,0
20121118,877,69,815,15,1,22,13:42:28,22079,0
20121118,877,69,809,205,1,23,13:44:41,22762,0
20121118,877,69,8,206,1,24,13:45:33,24840,0
20121118,877,69,37,163,1,24,13:47:04,24798,0
20121118,877,69,39,163,1,25,13:48:53,24497,0
20121118,877,69,13,6,1,26,13:49:03,21520,0
20121118,877,69,819,204,1,26,13:50:13,22379,0
20121118,877,69,817,5,1,30,13:56:20,22651,0
20121118,877,69,814,10,2,30,13:56:45,22444,0
20121118,877,69,3,130,1,34,14:03:17,21346,0
20121118,877,69,18,1,1,35,14:04:36,21445,0
20121118,877,69,30,130,2,39,14:12:20,21297,0
20121125,878,18,8,206,1,5,14:10:08,21541,0
20121125,878,18,30,130,1,5,14:10:23,25980,0
20121125,878,18,155,15,1,8,14:14:32,27266,0
20121125,878,18,30,130,2,8,14:15:29,22486,0
20121125,878,18,3,130,1,9,14:16:06,23018,0
20121125,878,18,817,5,1,9,14:16:07,22838,0
20121125,878,18,17,9,1,9,14:16:09,23127,0
20121125,878,18,1,1,1,10,14:17:17,24410,0
20121125,878,18,4,6,1,10,14:17:29,22472,0
20121125,878,18,20,9,1,10,14:17:36,20997,0
20121125,878,18,814,10,1,10,14:17:37,28336,0
20121125,878,18,39,163,1,13,14:22:30,27113,0
20121125,878,18,819,204,1,13,14:22:37,24427,0
20121125,878,18,10,204,1,14,14:23:56,23251,0
20121125,878,18,809,205,1,14,14:23:58,23031,0
20121125,878,18,37,163,1,14,14:24:13,25787,0
20121125,878,18,13,6,1,15,14:25:26,22596,0
20121125,878,18,818,5,1,15,14:25:27,22362,0
20121125,878,18,5,205,1,15,14:25:33,23429,0
20121125,878,18,30,130,3,17,14:29:13,22243,0
20121125,878,18,1,1,2,18,14:29:24,21606,0
20121125,878,18,4,6,2,18,14:29:41,23000,0
20121125,878,18,155,15,2,18,14:29:44,24254,0
20121125,878,18,3,130,2,18,14:29:54,21806,0
20121125,878,18,814,10,2,18,14:29:55,21364,0
20121125,878,18,20,9,2,19,14:31:08,22016,0
20121125,878,18,17,9,2,19,14:31:16,21232,0
20121125,878,18,817,5,2,19,14:31:25,21182,0
20121125,878,18,8,206,2,19,14:31:26,22731,0
20121125,878,18,13,6,2,19,14:31:32,21680,0
20121125,878,18,10,204,2,19,14:31:36,21442,0
20121125,878,18,809,205,2,19,14:31:43,27452,0
20121125,878,18,5,205,2,19,14:31:46,38291,0
20121125,878,18,37,163,2,19,14:32:05,26573,0
20121125,878,18,818,5,2,20,14:33:06,21302,0
20121125,878,18,819,204,2,20,14:33:27,22746,0
20121125,878,18,39,163,2,20,14:33:37,26739,0
20121125,878,18,3,130,3,20,14:33:42,24262,0
20121125,878,18,808,10,1,23,14:35:55,21347,0
20121125,878,18,18,1,1,23,14:35:56,21550,0
20121125,878,18,818,5,3,29,14:48:26,25976,0
20121125,878,18,10,204,3,31,14:51:14,23544,0
20121125,878,18,5,205,3,37,14:59:15,22721,0
20121125,878,18,3,130,4,50,15:17:16,31768,0
20121125,878,18,37,163,3,50,15:17:24,25375,0
20121125,878,18,817,5,3,51,15:18:04,21444,0
20121125,878,18,39,163,3,51,15:19:00,23625,0
20121125,878,18,20,9,3,52,15:19:17,21256,0
20121125,878,18,8,206,3,53,15:21:39,32309,0
20121125,878,18,155,15,3,54,15:22:32,32823,0
20121125,878,18,30,130,4,54,15:22:33,21827,0
20121125,878,18,20,9,4,54,15:22:38,28932,0
20121125,878,18,809,205,3,54,15:23:17,22702,0
20121125,878,18,13,6,3,55,15:23:33,22427,0
20121125,878,18,17,9,3,55,15:23:53,21006,0
20121125,878,18,819,204,3,55,15:24:35,23082,0
20121125,878,18,4,6,3,56,15:25:03,21862,0
20121125,878,18,818,5,4,56,15:25:47,22061,0
20121125,878,18,37,163,4,55,15:25:57,24510,0
20121125,878,18,817,5,4,56,15:26:13,22923,0
20121125,878,18,18,1,2,57,15:26:15,21456,0
20121125,878,18,39,163,4,55,15:26:24,27480,0
20121125,878,18,808,10,2,57,15:26:30,22250,0
20121125,878,18,5,205,4,56,15:26:34,23002,0
20121125,878,18,10,204,4,56,15:26:40,24816,0
20121125,878,18,814,10,3,57,15:27:15,22389,0
20121125,878,18,808,10,3,58,15:28:20,14128,0
20121125,878,18,5,205,5,59,15:31:24,21849,0
20121125,878,18,817,5,5,61,15:33:59,21973,0
20130317,879,1,18,1,1,4,17:09:54,22282,0
20130317,879,1,17,9,1,5,17:11:28,24240,0
20130317,879,1,154,206,1,5,17:11:33,22239,0
20130317,879,1,821,15,1,5,17:11:35,22316,0
20130317,879,1,822,3,1,6,17:13:14,23528,0
20130317,879,1,820,204,1,6,17:13:26,36564,0
20130317,879,1,20,9,1,7,17:14:25,21807,0
20130317,879,1,823,205,1,7,17:15:07,24104,0
20130317,879,1,13,6,1,8,17:16:00,21754,0
20130317,879,1,814,10,1,8,17:16:13,23010,0
20130317,879,1,819,205,1,8,17:16:47,23394,0
20130317,879,1,4,6,1,9,17:17:35,21792,0
20130317,879,1,8,206,1,9,17:17:36,22709,0
20130317,879,1,818,5,1,9,17:17:54,23074,0
20130317,879,1,824,204,1,9,17:18:08,23371,0
20130317,879,1,813,3,1,10,17:19:36,23099,0
20130317,879,1,1,130,1,13,17:23:56,22155,0
20130317,879,1,3,130,1,14,17:25:35,22274,0
20130317,879,1,817,5,1,15,17:27:32,23435,0
20130317,879,1,815,1,1,16,17:29:00,23677,0
20130317,879,1,823,205,2,16,17:29:58,23834,0
20130317,879,1,17,9,2,18,17:32:17,21717,0
20130317,879,1,154,206,2,19,17:33:53,22133,0
20130317,879,1,820,204,2,19,17:34:48,30838,0
20130317,879,1,4,6,2,20,17:35:01,21606,0
20130317,879,1,18,1,2,20,17:35:24,23571,0
20130317,879,1,16,10,1,21,17:36:31,22693,0
20130317,879,1,20,9,2,21,17:36:32,22704,0
20130317,879,1,13,6,2,23,17:39:40,21511,0
20130317,879,1,815,1,2,23,17:40:25,22004,0
20130317,879,1,818,5,2,24,17:41:44,24688,0
20130317,879,1,822,3,2,24,17:42:08,23215,0
20130317,879,1,821,15,2,27,17:46:47,22315,0
20130317,879,1,824,204,2,27,17:47:07,23387,0
20130317,879,1,817,5,2,30,17:51:27,24177,0
20130317,879,1,1,130,2,31,17:52:21,22015,0
20130317,879,1,814,10,2,33,17:55:48,23051,0
20130317,879,1,8,206,2,34,17:56:41,22181,0
20130317,879,1,819,205,2,33,17:57:12,23509,0
20130317,879,1,823,205,3,34,17:59:22,23917,0
20130317,879,1,820,204,3,34,17:59:26,22948,0
20130317,879,1,13,6,3,36,18:00:04,21509,0
20130317,879,1,20,9,3,37,18:01:32,21596,0
20130317,879,1,18,1,3,37,18:02:18,21538,0
20130317,879,1,154,206,3,37,18:02:19,22534,0
20130317,879,1,17,9,3,38,18:03:34,21515,0
20130317,879,1,4,6,3,39,18:04:29,21704,0
20130317,879,1,822,3,3,40,18:07:27,24060,0
20130317,879,1,815,1,3,41,18:08:37,21705,0
20130317,879,1,1,130,3,42,18:09:35,21778,0
20130317,879,1,818,5,3,44,18:13:03,23160,0
20130317,879,1,16,10,2,46,18:15:28,22749,0
20130317,879,1,824,204,3,50,18:23:42,22669,0
20130324,880,2,20,9,1,5,16:13:32,21135,0
20130324,880,2,13,6,1,5,16:13:49,22403,0
20130324,880,2,16,10,1,6,16:15:54,37833,0
20130324,880,2,817,5,1,6,16:15:56,22416,0
20130324,880,2,8,206,1,6,16:15:57,25905,0
20130324,880,2,814,10,1,6,16:15:57,43713,0
20130324,880,2,813,3,1,6,16:16:01,24737,0
20130324,880,2,823,205,1,6,16:16:05,23252,0
20130324,880,2,824,204,1,6,16:16:07,26546,0
20130324,880,2,822,3,1,6,16:16:09,24960,0
20130324,880,2,820,204,1,6,16:16:12,30365,0
20130324,880,2,17,9,1,7,16:17:26,21010,0
20130324,880,2,1,130,1,7,16:17:30,24933,0
20130324,880,2,18,1,1,7,16:17:43,22448,0
20130324,880,2,808,15,1,7,16:17:44,22996,0
20130324,880,2,815,1,1,7,16:17:51,21583,0
20130324,880,2,154,206,1,7,16:17:52,22105,0
20130324,880,2,821,15,1,7,16:17:55,24397,0
20130324,880,2,818,5,1,7,16:17:57,49216,0
20130324,880,2,819,205,1,7,16:18:03,44428,0
20130324,880,2,3,130,1,8,16:19:28,22028,0
20130324,880,2,813,3,2,13,16:29:27,32561,0
20130324,880,2,824,204,2,17,16:36:29,23755,0
20130324,880,2,823,205,2,18,16:38:15,22706,0
20130324,880,2,17,9,2,19,16:38:48,20736,0
20130324,880,2,817,5,2,19,16:39:32,22388,0
20130324,880,2,820,204,2,19,16:40:11,22668,0
20130324,880,2,13,6,2,20,16:40:56,21635,0
20130324,880,2,154,206,2,20,16:40:57,21812,0
20130324,880,2,819,205,2,20,16:41:58,25015,0
20130324,880,2,1,130,2,21,16:42:22,21465,0
20130324,880,2,18,1,2,21,16:42:32,21028,0
20130324,880,2,808,15,2,21,16:42:39,21699,0
20130324,880,2,8,206,2,21,16:42:42,22677,0
20130324,880,2,20,9,2,22,16:44:00,21339,0
20130324,880,2,3,130,2,22,16:44:07,21079,0
20130324,880,2,815,1,2,22,16:44:32,20894,0
20130324,880,2,821,15,2,22,16:44:52,22575,0
20130324,880,2,822,3,2,22,16:44:54,28045,0
20130324,880,2,818,5,2,26,16:52:14,21638,0
20130324,880,2,823,205,3,28,16:56:15,25118,0
20130324,880,2,824,204,3,29,16:57:51,22017,0
20130324,880,2,1,130,3,30,16:58:00,21549,0
20130324,880,2,17,9,3,31,16:59:38,20883,0
20130324,880,2,3,130,3,31,16:59:42,22114,0
20130324,880,2,20,9,3,32,17:01:24,21482,0
20130324,880,2,820,204,3,31,17:01:52,22115,0
20130324,880,2,813,3,3,32,17:03:12,22703,0
20130324,880,2,819,205,3,32,17:03:34,23373,0
20130324,880,2,13,6,3,33,17:03:34,21561,0
20130324,880,2,815,1,3,33,17:03:40,21338,0
20130324,880,2,817,5,3,33,17:04:13,22008,0
20130324,880,2,808,15,3,34,17:05:21,22629,0
20130324,880,2,8,206,3,34,17:05:22,21903,0
20130324,880,2,154,206,3,35,17:07:03,22385,0
20130324,880,2,821,15,3,36,17:09:30,22394,0
20130324,880,2,822,3,3,40,17:16:24,22937,0
20130324,880,2,1,130,4,41,17:17:00,21271,0
20130324,880,2,20,9,4,42,17:18:37,20757,0
20130324,880,2,3,130,4,42,17:18:44,21202,0
20130324,880,2,820,204,4,41,17:19:43,22271,0
20130324,880,2,17,9,4,43,17:20:16,20767,0
20130324,880,2,823,205,4,42,17:21:22,22744,0
20130324,880,2,818,5,3,43,17:21:38,21702,0
20130324,880,2,824,204,4,43,17:22:37,22335,0
20130324,880,2,808,15,4,44,17:22:50,23198,0
20130324,880,2,819,205,4,43,17:23:04,23844,0
20130324,880,2,13,6,4,47,17:27:39,20970,0
20130324,880,2,821,15,4,51,17:35:38,22542,0
20130324,880,2,815,1,4,54,17:40:12,21366,0
20130414,881,17,17,9,1,1,15:05:52,21287,0
20130414,881,17,817,5,1,4,15:11:03,24946,0
20130414,881,17,1,130,1,5,15:12:45,20379,0
20130414,881,17,3,130,1,5,15:12:50,22299,0
20130414,881,17,819,205,1,5,15:12:59,21265,0
20130414,881,17,4,6,1,6,15:14:28,19719,0
20130414,881,17,8,206,1,6,15:14:31,20753,0
20130414,881,17,824,204,1,6,15:14:46,21097,0
20130414,881,17,823,205,1,6,15:14:51,20905,0
20130414,881,17,13,6,1,7,15:16:16,20753,0
20130414,881,17,154,206,1,7,15:16:21,20083,0
20130414,881,17,813,3,1,7,15:16:30,20794,0
20130414,881,17,820,204,1,7,15:16:42,21063,0
20130414,881,17,808,15,1,14,15:28:27,22838,0
20130414,881,17,20,9,1,14,15:28:27,19323,0
20130414,881,17,814,10,1,14,15:28:38,20598,0
20130414,881,17,17,9,2,15,15:30:32,26956,0
20130414,881,17,818,5,1,15,15:30:41,20977,0
20130414,881,17,822,3,1,16,15:32:22,21614,0
20130414,881,17,824,204,2,16,15:32:43,24834,0
20130414,881,17,819,205,2,17,15:34:28,22183,0
20130414,881,17,13,6,2,19,15:37:26,20027,0
20130414,881,17,3,130,2,19,15:37:32,19894,0
20130414,881,17,3,130,3,20,15:39:47,22727,0
20130414,881,17,823,205,2,20,15:40:06,20743,0
20130414,881,17,1,130,2,21,15:40:48,20584,0
20130414,881,17,8,206,2,21,15:40:49,20759,0
20130414,881,17,820,204,2,21,15:41:43,25091,0
20130414,881,17,4,6,2,23,15:44:07,20521,0
20130414,881,17,18,1,1,23,15:44:11,19898,0
20130414,881,17,154,206,2,23,15:44:31,20286,0
20130414,881,17,817,5,2,23,15:44:33,20303,0
20130414,881,17,813,3,2,23,15:44:50,21517,0
20130414,881,17,815,1,1,24,15:46:14,19969,0
20130414,881,17,808,15,2,29,15:54:43,20327,0
20130414,881,17,20,9,2,31,15:58:05,20084,0
20130414,881,17,815,1,2,31,15:58:33,20253,0
20130414,881,17,814,10,2,32,16:00:08,20320,0
20130414,881,17,824,204,3,32,16:00:54,20625,0
20130414,881,17,819,205,3,33,16:02:38,21294,0
20130414,881,17,820,204,3,33,16:02:57,25151,0
20130414,881,17,8,206,3,34,16:03:20,20464,0
20130414,881,17,822,3,2,34,16:04:01,22217,0
20130414,881,17,808,15,3,36,16:07:00,19957,0
20130414,881,17,13,6,3,36,16:07:01,19449,0
20130414,881,17,1,130,3,37,16:08:26,19600,0
20130414,881,17,154,206,3,37,16:08:50,20109,0
20130414,881,17,818,5,2,37,16:09:02,20235,0
20130414,881,17,823,205,3,37,16:10:13,21067,0
20130414,881,17,817,5,3,38,16:10:28,20362,0
20130414,881,17,813,3,3,39,16:12:48,20982,0
20130414,881,17,4,6,3,41,16:14:58,21012,0
20130414,881,17,818,5,3,43,16:19:28,20716,0
20130414,881,17,18,1,2,49,16:28:59,19862,0
20130414,881,17,20,9,3,51,16:32:06,20191,0
20130414,881,17,822,3,3,51,16:33:18,21490,0
20130414,881,17,814,10,3,53,16:35:54,19831,0
20130421,882,3,821,15,1,1,15:06:04,28102,0
20130421,882,3,16,10,1,1,15:06:49,26495,0
20130421,882,3,823,205,1,2,15:08:11,28344,0
20130421,882,3,818,5,1,2,15:09:07,41485,0
20130421,882,3,4,6,1,7,15:16:09,23055,0
20130421,882,3,17,9,1,8,15:17:54,21798,0
20130421,882,3,154,206,1,8,15:17:57,24605,0
20130421,882,3,4,6,2,8,15:18:11,21436,0
20130421,882,3,3,130,1,9,15:19:37,22237,0
20130421,882,3,18,1,1,9,15:19:38,23093,0
20130421,882,3,817,5,1,9,15:19:48,22529,0
20130421,882,3,824,204,1,9,15:19:57,24325,0
20130421,882,3,20,9,1,10,15:21:11,21660,0
20130421,882,3,13,6,1,10,15:21:20,21665,0
20130421,882,3,815,1,1,10,15:21:21,21471,0
20130421,882,3,1,130,1,10,15:21:24,22072,0
20130421,882,3,813,3,1,10,15:21:26,23173,0
20130421,882,3,820,204,1,10,15:21:45,22745,0
20130421,882,3,819,205,1,11,15:23:21,22912,0
20130421,882,3,808,15,1,12,15:24:51,21656,0
20130421,882,3,822,3,1,13,15:26:40,22729,0
20130421,882,3,814,10,1,14,15:28:08,22009,0
20130421,882,3,823,205,2,14,15:29:30,22950,0
20130421,882,3,8,206,1,16,15:31:35,22715,0
20130421,882,3,821,15,2,16,15:32:19,21997,0
20130421,882,3,13,6,2,17,15:33:34,21722,0
20130421,882,3,16,10,2,18,15:36:08,22199,0
20130421,882,3,3,130,2,20,15:38:32,21331,0
20130421,882,3,815,1,2,20,15:38:33,21161,0
20130421,882,3,17,9,2,21,15:40:08,21221,0
20130421,882,3,18,1,2,21,15:40:13,21894,0
20130421,882,3,1,130,2,22,15:42:02,21444,0
20130421,882,3,824,204,2,22,15:42:41,23455,0
20130421,882,3,813,3,2,23,15:43:49,22220,0
20130421,882,3,819,205,2,23,15:44:11,22576,0
20130421,882,3,820,204,2,23,15:44:27,24141,0
20130421,882,3,4,6,3,24,15:45:32,21123,0
20130421,882,3,20,9,2,25,15:46:35,21290,0
20130421,882,3,823,205,3,24,15:47:12,22252,0
20130421,882,3,817,5,2,25,15:47:31,22028,0
20130421,882,3,808,15,2,26,15:48:57,22400,0
20130421,882,3,154,206,2,27,15:50:20,21608,0
20130421,882,3,13,6,3,28,15:52:18,21569,0
20130421,882,3,822,3,2,29,15:54:07,28408,0
20130421,882,3,3,130,3,33,16:00:40,21183,0
20130421,882,3,821,15,3,33,16:01:35,22438,0
20130421,882,3,8,206,2,34,16:02:06,21723,0
20130421,882,3,18,1,3,34,16:02:20,21696,0
20130421,882,3,819,205,3,35,16:04:48,23263,0
20130421,882,3,814,10,2,36,16:05:30,22475,0
20130421,882,3,13,6,4,36,16:06:01,27757,0
20130421,882,3,824,204,3,36,16:06:51,22817,0
20130421,882,3,17,9,3,37,16:07:17,21031,0
20130421,882,3,820,204,3,37,16:08:38,26004,0
20130421,882,3,1,130,3,38,16:09:03,21600,0
20130421,882,3,815,1,3,39,16:10:45,21319,0
20130421,882,3,4,6,4,39,16:10:48,21189,0
20130421,882,3,813,3,3,39,16:11:04,22066,0
20130421,882,3,823,205,4,39,16:13:18,22380,0
20130421,882,3,808,15,3,41,16:14:30,22814,0
20130421,882,3,817,5,3,41,16:14:49,22623,0
20130421,882,3,20,9,3,42,16:15:09,21906,0
20130421,882,3,154,206,3,42,16:15:35,21556,0
20130421,882,3,16,10,3,42,16:16:30,22346,0
20130421,882,3,821,15,4,43,16:18:34,22246,0
20130421,882,3,3,130,4,44,16:19:15,21267,0
20130421,882,3,18,1,4,46,16:22:36,21230,0
20130421,882,3,820,204,4,46,16:24:10,22552,0
20130421,882,3,822,3,3,47,16:24:37,23837,0
20130421,882,3,823,205,5,47,16:27:16,23375,0
20130421,882,3,824,204,4,48,16:27:23,23803,0
20130512,883,4,824,204,1,2,14:06:58,29994,0
20130512,883,4,17,9,1,7,14:14:27,19668,0
20130512,883,4,13,6,1,8,14:15:53,19490,0
20130512,883,4,808,15,1,8,14:15:59,19993,0
20130512,883,4,813,3,1,8,14:16:03,20205,0
20130512,883,4,819,205,1,8,14:16:15,20734,0
20130512,883,4,4,6,1,9,14:17:21,18909,0
20130512,883,4,1,130,1,9,14:17:26,22018,0
20130512,883,4,814,10,1,9,14:17:29,20615,0
20130512,883,4,818,5,1,9,14:17:33,19772,0
20130512,883,4,823,205,1,9,14:17:41,21686,0
20130512,883,4,822,3,1,9,14:17:42,21171,0
20130512,883,4,3,130,1,10,14:18:50,19414,0
20130512,883,4,20,9,1,10,14:18:51,18606,0
20130512,883,4,8,206,1,10,14:18:53,19978,0
20130512,883,4,815,1,1,10,14:18:59,19250,0
20130512,883,4,817,5,1,10,14:19:03,19795,0
20130512,883,4,18,1,1,11,14:20:44,18810,0
20130512,883,4,821,15,1,13,14:23:38,22144,0
20130512,883,4,813,3,2,13,14:23:55,13266,0
20130512,883,4,820,204,1,15,14:27:24,25294,0
20130512,883,4,824,204,2,16,14:28:59,20656,0
20130512,883,4,814,10,2,19,14:32:58,19792,0
20130512,883,4,13,6,2,20,14:34:12,19373,0
20130512,883,4,17,9,2,20,14:34:27,19151,0
20130512,883,4,818,5,2,20,14:34:37,20671,0
20130512,883,4,813,3,3,20,14:34:52,23139,0
20130512,883,4,823,205,2,20,14:34:59,22029,0
20130512,883,4,4,6,2,21,14:35:36,19952,0
20130512,883,4,808,15,2,21,14:36:06,19402,0
20130512,883,4,16,10,2,22,14:38:15,20306,0
20130512,883,4,815,1,2,23,14:39:06,20578,0
20130512,883,4,819,205,2,23,14:39:41,20870,0
20130512,883,4,20,9,2,24,14:40:14,18708,0
20130512,883,4,817,5,2,24,14:40:39,20100,0
20130512,883,4,1,130,2,25,14:42:21,20132,0
20130512,883,4,822,3,2,25,14:42:37,20533,0
20130512,883,4,8,206,2,26,14:43:15,19743,0
20130512,883,4,3,130,2,27,14:45:06,20032,0
20130512,883,4,821,15,2,28,14:46:47,19988,0
20130512,883,4,18,1,2,28,14:46:53,19196,0
20130512,883,4,824,204,3,29,14:49:08,19904,0
20130512,883,4,820,204,2,30,14:50:58,21582,0
20130512,883,4,808,15,3,34,14:56:00,22324,0
20130512,883,4,818,5,3,34,14:56:06,25362,0
20130512,883,4,808,15,4,35,14:57:53,24001,0
20130512,883,4,813,3,4,35,14:57:57,20800,0
20130512,883,4,4,6,3,36,14:58:10,19519,0
20130512,883,4,13,6,3,36,14:58:25,19326,0
20130512,883,4,17,9,3,36,14:58:48,19170,0
20130512,883,4,1,130,3,36,14:59:15,19700,0
20130512,883,4,16,10,3,36,14:59:34,19591,0
20130512,883,4,818,5,4,37,15:01:38,29740,0
20130512,883,4,814,10,3,38,15:01:59,19822,0
20130512,883,4,815,1,3,38,15:02:10,19866,0
20130512,883,4,808,15,5,38,15:02:43,28971,0
20130512,883,4,20,9,3,39,15:03:01,19551,0
20130512,883,4,817,5,3,39,15:03:42,19498,0
20130512,883,4,819,205,3,41,15:07:38,21202,0
20130512,883,4,821,15,3,42,15:08:17,20082,0
20130512,883,4,822,3,3,43,15:10:28,19908,0
20130512,883,4,8,206,3,45,15:11:53,20184,0
20130512,883,4,18,1,3,46,15:14:18,19290,0
20130512,883,4,824,204,4,46,15:15:24,19830,0
20130512,883,4,3,130,3,47,15:15:40,19352,0
20130512,883,4,820,204,3,47,15:17:21,21340,0
20130512,883,4,4,6,4,49,15:17:37,18471,0
20130512,883,4,16,10,4,49,15:19:07,22931,0
20130512,883,4,17,9,4,50,15:19:53,18931,0
20130512,883,4,815,1,4,50,15:20:19,19993,0
20130512,883,4,1,130,4,50,15:20:35,19457,0
20130512,883,4,13,6,4,51,15:20:57,19001,0
20130512,883,4,20,9,4,51,15:21:09,18694,0
20130512,883,4,817,5,4,51,15:21:47,19857,0
20130512,883,4,814,10,4,53,15:24:38,19481,0
20130512,883,4,813,3,5,53,15:25:17,19723,0
20130512,883,4,808,15,6,53,15:25:37,20314,0
20130512,883,4,821,15,4,54,15:26:28,19324,0
20130526,884,6,813,3,1,1,14:04:48,40507,0
20130526,884,6,823,205,1,1,14:04:55,35100,0
20130526,884,6,814,10,1,9,14:15:54,25643,0
20130526,884,6,817,5,1,22,14:33:49,25225,0
20130526,884,6,824,204,1,22,14:34:05,25098,0
20130526,884,6,820,204,1,23,14:35:17,25337,0
20130526,884,6,823,205,2,24,14:37:13,25676,0
20130526,884,6,17,9,1,25,14:37:28,24316,0
20130526,884,6,8,206,1,26,14:38:49,24420,0
20130526,884,6,18,1,1,26,14:38:54,24585,0
20130526,884,6,13,6,1,26,14:39:26,25331,0
20130526,884,6,808,15,1,27,14:40:28,24974,0
20130526,884,6,4,6,1,28,14:41:32,24489,0
20130526,884,6,821,15,1,28,14:42:09,25364,0
20130526,884,6,815,1,1,29,14:42:57,24672,0
20130526,884,6,818,5,1,29,14:43:05,24827,0
20130526,884,6,20,9,1,30,14:44:08,24375,0
20130526,884,6,16,10,1,30,14:44:28,25274,0
20130526,884,6,822,3,1,30,14:44:53,29063,0
20130526,884,6,154,206,1,30,14:44:55,24565,0
20130526,884,6,813,3,2,30,14:45:08,26146,0
20130526,884,6,3,130,1,31,14:45:40,25200,0
20130526,884,6,1,130,1,31,14:45:51,24801,0
20130526,884,6,824,204,2,35,14:54:16,25215,0
20130526,884,6,823,205,3,35,14:55:21,25862,0
20130526,884,6,820,204,2,48,15:38:30,19553,0
20130526,884,6,154,206,2,62,15:58:00,39980,0
20130526,884,6,821,15,2,63,15:59:23,25926,0
20130526,884,6,820,204,3,63,15:59:31,26198,0
20130526,884,6,8,206,2,70,16:10:41,25125,0
20130324,880,2,814,10,2,20,16:41:12,123124,1
20130324,880,2,16,10,2,22,16:44:43,89401,1
20130324,880,2,18,1,3,35,17:06:47,104833,1
20130512,883,4,16,10,1,8,14:15:56,74026,1
20130609,885,7,823,205,1,8,14:14:22,22323,0
20130609,885,7,16,10,1,9,14:15:30,22789,0
20130609,885,7,819,205,1,11,14:18:33,22184,0
20130609,885,7,817,5,1,12,14:19:39,21223,0
20130609,885,7,808,15,1,12,14:19:40,21623,0
20130609,885,7,813,3,1,12,14:19:42,24557,0
20130609,885,7,17,9,1,13,14:20:32,20716,0
20130609,885,7,818,5,1,13,14:20:45,21900,0
20130609,885,7,815,1,1,13,14:21:03,20427,0
20130609,885,7,3,130,1,14,14:21:51,21125,0
20130609,885,7,822,3,1,14,14:22:18,22242,0
20130609,885,7,20,9,1,16,14:24:20,20835,0
20130609,885,7,4,6,1,16,14:24:36,20512,0
20130609,885,7,13,6,1,17,14:26:26,20473,0
20130609,885,7,813,3,2,17,14:26:50,14446,0
20130609,885,7,1,130,1,19,14:28:27,20879,0
20130609,885,7,821,15,1,21,14:32:08,22017,0
20130609,885,7,8,206,1,22,14:33:09,25182,0
20130609,885,7,18,1,1,27,14:40:12,20212,0
20130609,885,7,3,130,2,31,14:44:51,20832,0
20130609,885,7,823,205,2,32,14:48:17,22039,0
20130609,885,7,819,205,2,36,14:53:10,22033,0
20130609,885,7,16,10,2,37,14:53:24,21000,0
20130609,885,7,808,15,2,38,14:55:03,21014,0
20130609,885,7,820,204,1,38,14:55:52,21374,0
20130609,885,7,817,5,2,39,14:56:29,21315,0
20130609,885,7,823,205,3,38,14:56:58,29056,0
20130609,885,7,822,3,2,40,14:57:42,24418,0
20130609,885,7,13,6,2,41,14:58:51,20372,0
20130609,885,7,824,204,1,41,14:59:38,21378,0
20130609,885,7,823,205,4,40,15:00:06,24510,0
20130609,885,7,154,206,1,42,15:00:07,20859,0
20130609,885,7,815,1,2,43,15:01:30,20805,0
20130609,885,7,17,9,2,46,15:04:23,22709,0
20130609,885,7,4,6,2,47,15:05:39,20636,0
20130609,885,7,1,130,2,48,15:06:50,20656,0
20130609,885,7,20,9,2,49,15:07:50,20898,0
20130609,885,7,813,3,3,49,15:10:14,21637,0
20130609,885,7,154,206,2,53,15:14:53,21574,0
20130609,885,7,814,10,1,56,15:18:16,21066,0
20130609,885,7,3,130,3,57,15:19:14,21459,0
20130609,885,7,818,5,2,57,15:19:32,20739,0
20130609,885,7,16,10,3,61,15:25:13,14489,0
20130609,885,7,821,15,2,63,15:28:44,21524,0
20130630,886,9,1,130,1,8,13:17:20,29026,0
20130630,886,9,154,206,1,9,13:18:36,24725,0
20130630,886,9,814,10,1,9,13:18:47,25004,0
20130630,886,9,4,6,1,10,13:20:16,24572,0
20130630,886,9,17,9,1,10,13:20:19,31448,0
20130630,886,9,821,15,1,10,13:20:28,25330,0
20130630,886,9,823,205,1,10,13:20:57,26515,0
20130630,886,9,13,6,1,10,13:21:18,35210,0
20130630,886,9,8,206,1,11,13:21:52,24992,0
20130630,886,9,817,5,1,11,13:21:54,29446,0
20130630,886,9,18,1,1,11,13:22:03,24745,0
20130630,886,9,824,204,1,11,13:22:28,25729,0
20130630,886,9,3,130,1,12,13:23:20,24990,0
20130630,886,9,16,10,1,12,13:23:29,24807,0
20130630,886,9,808,15,1,12,13:23:43,29684,0
20130630,886,9,820,204,1,12,13:24:20,26031,0
20130630,886,9,20,9,1,13,13:24:55,24159,0
20130630,886,9,815,1,1,13,13:25:16,24596,0
20130630,886,9,818,5,1,14,13:27:16,29418,0
20130630,886,9,813,3,1,15,13:29:05,25244,0
20130630,886,9,822,3,1,15,13:29:14,30231,0
20130630,886,9,819,205,1,15,13:29:18,26191,0
20130630,886,9,13,6,2,16,13:32:21,24680,0
20130630,886,9,808,15,2,25,13:50:08,26256,0
20130630,886,9,818,5,2,25,13:50:17,26317,0
20130630,886,9,821,15,2,27,13:53:31,26040,0
20130630,886,9,823,205,2,28,13:55:33,25814,0
20130630,886,9,8,206,2,29,13:56:33,24428,0
20130630,886,9,821,15,3,29,13:57:08,31937,0
20130630,886,9,4,6,2,30,13:58:10,24789,0
20130630,886,9,154,206,2,30,13:58:16,24751,0
20130630,886,9,17,9,2,31,13:59:51,24781,0
20130630,886,9,817,5,2,32,14:01:28,26229,0
20130630,886,9,18,1,2,32,14:01:33,24357,0
20130630,886,9,820,204,2,32,14:02:17,25701,0
20130630,886,9,16,10,2,33,14:03:04,25158,0
20130630,886,9,815,1,2,33,14:03:08,25028,0
20130630,886,9,814,10,2,33,14:03:14,25099,0
20130630,886,9,824,204,2,33,14:03:42,25927,0
20130630,886,9,3,130,2,34,14:04:28,24893,0
20130630,886,9,819,205,2,34,14:05:14,26371,0
20130630,886,9,20,9,2,35,14:06:01,24092,0
20130630,886,9,1,130,2,36,14:08:08,24635,0
20130630,886,9,13,6,3,36,14:08:18,24400,0
20130630,886,9,813,3,2,37,14:10:02,25275,0
20130630,886,9,808,15,3,37,14:10:02,24863,0
20130630,886,9,822,3,2,38,14:11:48,31851,0
20130630,886,9,821,15,4,40,14:15:23,25087,0
20130630,886,9,823,205,3,40,14:16:02,26391,0
20130630,886,9,4,6,3,41,14:16:06,25018,0
20130630,886,9,3,130,3,42,14:17:48,25436,0
20130630,886,9,17,9,3,42,14:18:03,24473,0
20130630,886,9,154,206,3,42,14:18:29,25911,0
20130630,886,9,814,10,3,42,14:18:34,33401,0
20130630,886,9,13,6,4,42,14:18:38,24872,0
20130707,887,20,814,10,1,4,14:10:30,20547,0
20130707,887,20,818,5,1,4,14:10:37,23147,0
20130707,887,20,819,205,1,4,14:10:40,22699,0
20130707,887,20,817,5,1,5,14:12:03,19846,0
20130707,887,20,16,10,1,5,14:12:09,19910,0
20130707,887,20,823,205,1,5,14:12:16,21900,0
20130707,887,20,824,204,1,5,14:12:18,20840,0
20130707,887,20,1,130,1,6,14:13:34,19487,0
20130707,887,20,821,15,1,6,14:13:52,19816,0
20130707,887,20,20,9,1,7,14:15:09,18979,0
20130707,887,20,815,1,1,7,14:15:22,20432,0
20130707,887,20,17,9,1,8,14:16:48,162042,1
20130707,887,20,8,206,1,8,14:16:51,19378,0
20130707,887,20,820,204,1,8,14:17:26,21021,0
20130707,887,20,4,6,1,12,14:23:32,20199,0
20130707,887,20,154,206,1,13,14:25:00,20273,0
20130707,887,20,3,130,1,16,14:30:21,19690,0
20130707,887,20,808,15,1,17,14:31:56,21226,0
20130707,887,20,817,5,2,18,14:33:49,19952,0
20130707,887,20,824,204,2,18,14:34:30,20371,0
20130707,887,20,823,205,2,19,14:36:10,20974,0
20130707,887,20,820,204,2,20,14:37:56,19953,0
20130707,887,20,18,1,1,21,14:38:27,20812,0
20130707,887,20,813,3,1,21,14:38:44,20331,0
20130707,887,20,1,130,2,22,14:40:10,19321,0
20130707,887,20,822,3,1,22,14:40:31,33796,0
20130707,887,20,821,15,2,22,14:40:34,19869,0
20130707,887,20,20,9,2,24,14:43:10,20039,0
20130707,887,20,154,206,2,24,14:43:13,20007,0
20130707,887,20,8,206,2,24,14:43:25,20528,0
20130707,887,20,4,6,2,24,14:43:36,19539,0
20130707,887,20,815,1,2,24,14:43:57,20433,0
20130707,887,20,16,10,2,24,14:44:00,20204,0
20130707,887,20,814,10,2,24,14:44:07,21483,0
20130707,887,20,3,130,2,24,14:44:07,22207,0
20130707,887,20,17,9,2,23,14:44:15,19991,0
20130707,887,20,819,205,2,24,14:44:58,21388,0
20130707,887,20,820,204,3,26,14:48:52,20272,0
20130707,887,20,819,205,3,34,15:03:58,22986,0
20130707,887,20,808,15,2,37,15:08:26,20364,0
20130707,887,20,820,204,4,37,15:08:55,21433,0
20130707,887,20,17,9,3,38,15:10:15,19921,0
20130707,887,20,823,205,3,38,15:10:34,20545,0
20130707,887,20,154,206,3,40,15:13:03,19591,0
20130707,887,20,817,5,3,40,15:13:28,20196,0
20130707,887,20,20,9,3,41,15:14:38,19118,0
20130707,887,20,821,15,3,41,15:15:07,21160,0
20130707,887,20,16,10,3,43,15:18:18,21799,0
20130707,887,20,1,130,3,45,15:21:19,19316,0
20130707,887,20,18,1,2,47,15:24:27,19692,0
20130707,887,20,3,130,3,48,15:26:26,19684,0
20130707,887,20,8,206,3,49,15:27:24,19390,0
20130707,887,20,4,6,3,49,15:27:29,19476,0
20130707,887,20,808,15,3,49,15:28:02,20557,0
20130707,887,20,813,3,2,50,15:29:39,36196,0
20130707,887,20,822,3,2,54,15:36:20,45695,0
20130728,888,11,818,5,1,8,14:15:51,22745,0
20130728,888,11,823,205,1,8,14:15:55,23200,0
20130728,888,11,1,130,1,9,14:16:48,21840,0
20130728,888,11,813,3,1,9,14:17:14,22103,0
20130728,888,11,814,10,1,9,14:17:18,22754,0
20130728,888,11,817,5,1,10,14:18:44,24033,0
20130728,888,11,3,130,1,10,14:18:45,22015,0
20130728,888,11,822,3,1,10,14:18:55,22023,0
20130728,888,11,20,9,1,11,14:19:47,21343,0
20130728,888,11,13,6,1,11,14:19:57,23012,0
20130728,888,11,808,15,1,11,14:20:17,22303,0
20130728,888,11,4,6,1,12,14:21:21,21599,0
20130728,888,11,154,206,1,13,14:22:46,22054,0
20130728,888,11,8,206,1,13,14:22:56,22161,0
20130728,888,11,819,205,1,13,14:23:32,22465,0
20130728,888,11,824,204,1,20,14:34:40,22159,0
20130728,888,11,820,204,1,21,14:36:25,22323,0
20130728,888,11,17,9,1,23,14:37:39,21762,0
20130728,888,11,815,1,1,23,14:38:10,22323,0
20130728,888,11,821,15,1,23,14:38:18,22425,0
20130728,888,11,18,1,1,24,14:39:26,22107,0
20130728,888,11,154,206,2,25,14:40:51,22267,0
20130728,888,11,814,10,2,26,14:43:05,22723,0
20130728,888,11,823,205,2,27,14:44:59,22831,0
20130728,888,11,813,3,2,28,14:45:48,21880,0
20130728,888,11,3,130,2,29,14:47:10,22628,0
20130728,888,11,818,5,2,30,14:49:06,22282,0
20130728,888,11,1,130,2,31,14:49:23,21454,0
20130728,888,11,13,6,2,31,14:50:01,21753,0
20130728,888,11,822,3,2,33,14:53:46,22612,0
20130728,888,11,20,9,2,34,14:53:58,21863,0
20130728,888,11,4,6,2,34,14:54:07,22249,0
20130728,888,11,824,204,2,33,14:54:39,22221,0
20130728,888,11,808,15,2,35,14:56:17,22606,0
20130728,888,11,820,204,2,34,14:56:34,22301,0
20130728,888,11,154,206,3,37,14:58:34,16453,0
20130728,888,11,18,1,2,37,14:58:44,22496,0
20130728,888,11,815,1,2,38,15:00:37,22722,0
20130728,888,11,817,5,2,38,15:01:00,21996,0
20130728,888,11,819,205,2,38,15:01:50,22450,0
20130728,888,11,808,15,3,40,15:04:00,16512,0
20130728,888,11,8,206,2,42,15:05:48,21643,0
20130728,888,11,17,9,2,43,15:07:06,22349,0
20130728,888,11,823,205,3,44,15:10:43,22384,0
20130728,888,11,154,206,4,47,15:13:17,22451,0
20130728,888,11,824,204,3,46,15:14:34,23030,0
20130728,888,11,4,6,3,48,15:14:42,21753,0
20130728,888,11,13,6,3,48,15:15:06,21612,0
20130728,888,11,3,130,3,48,15:15:07,21854,0
20130728,888,11,814,10,3,48,15:15:49,23027,0
20130728,888,11,1,130,3,50,15:17:08,22136,0
20130728,888,11,818,5,3,50,15:18:45,23756,0
20130728,888,11,813,3,3,51,15:19:53,24796,0
20130728,888,11,820,204,3,50,15:21:06,23257,0
20130728,888,11,20,9,3,55,15:24:30,21666,0
20130728,888,11,17,9,3,59,15:30:24,22022,0
20130825,889,13,808,15,1,9,14:21:40,24219,0
20130825,889,13,13,6,1,9,14:21:42,22872,0
20130825,889,13,814,10,1,10,14:23:35,23475,0
20130825,889,13,818,5,1,10,14:23:44,24070,0
20130825,889,13,1,130,1,11,14:25:16,23397,0
20130825,889,13,16,10,1,11,14:25:37,23327,0
20130825,889,13,813,3,1,11,14:25:40,27059,0
20130825,889,13,3,130,1,12,14:27:19,22893,0
20130825,889,13,4,6,1,13,14:29:10,22631,0
20130825,889,13,17,9,1,13,14:29:16,23004,0
20130825,889,13,815,1,1,13,14:29:25,17378,0
20130825,889,13,20,9,1,14,14:30:58,22685,0
20130825,889,13,8,206,1,14,14:31:18,23744,0
20130825,889,13,822,3,1,14,14:31:44,23411,0
20130825,889,13,824,204,1,14,14:32:07,24083,0
20130825,889,13,823,205,1,15,14:33:51,24968,0
20130825,889,13,820,204,1,15,14:34:15,24013,0
20130825,889,13,817,5,1,16,14:35:26,23144,0
20130825,889,13,18,1,1,17,14:37:03,22465,0
20130825,889,13,815,1,2,18,14:39:24,22597,0
20130825,889,13,821,15,1,19,14:41:20,22761,0
20130825,889,13,154,206,1,22,14:46:53,23445,0
20130825,889,13,808,15,2,24,14:50:59,23334,0
20130825,889,13,818,5,2,24,14:51:01,24539,0
20130825,889,13,3,130,2,25,14:52:20,23723,0
20130825,889,13,814,10,2,25,14:52:51,23540,0
20130825,889,13,1,130,2,26,14:54:11,22682,0
20130825,889,13,13,6,2,26,14:54:35,22634,0
20130825,889,13,16,10,2,26,14:54:42,23655,0
20130825,889,13,813,3,2,27,14:57:12,35228,0
20130825,889,13,4,6,2,28,14:57:52,22444,0
20130825,889,13,821,15,2,28,14:58:53,22712,0
20130825,889,13,822,3,2,28,14:59:02,23540,0
20130825,889,13,824,204,2,28,14:59:47,23961,0
20130825,889,13,17,9,2,29,15:00:00,23477,0
20130825,889,13,823,205,2,29,15:01:18,23998,0
20130825,889,13,20,9,2,30,15:01:29,22884,0
20130825,889,13,820,204,2,29,15:02:06,23916,0
20130825,889,13,817,5,2,33,15:08:12,22871,0
20130825,889,13,820,204,3,32,15:08:14,17427,0
20130825,889,13,18,1,2,34,15:09:32,23317,0
20130825,889,13,813,3,3,38,15:18:29,30894,0
20130825,889,13,821,15,3,41,15:23:35,17433,0
20130908,890,14,8,206,1,1,14:05:19,30975,0
20130908,890,14,1,130,1,13,14:23:23,24460,0
20130908,890,14,819,205,1,17,14:29:42,25569,0
20130908,890,14,823,205,1,18,14:31:18,26302,0
20130908,890,14,154,206,1,20,14:33:49,27040,0
20130908,890,14,18,1,1,21,14:35:17,24450,0
20130908,890,14,817,5,1,22,14:36:44,24319,0
20130908,890,14,815,1,1,22,14:36:45,25933,0
20130908,890,14,824,204,1,22,14:37:35,25541,0
20130908,890,14,20,9,1,23,14:37:56,24305,0
20130908,890,14,17,9,1,23,14:38:07,24205,0
20130908,890,14,820,204,1,23,14:39:08,26146,0
20130908,890,14,13,6,1,24,14:39:35,24692,0
20130908,890,14,808,15,1,24,14:39:37,25633,0
20130908,890,14,16,10,1,24,14:39:52,26873,0
20130908,890,14,813,3,1,24,14:39:58,25397,0
20130908,890,14,822,3,1,25,14:41:33,24665,0
20130908,890,14,3,130,1,26,14:42:35,24079,0
20130908,890,14,4,6,1,27,14:43:56,24208,0
20130908,890,14,821,15,1,27,14:44:20,24668,0
20130908,890,14,8,206,2,30,14:48:51,24764,0
20130908,890,14,1,130,2,38,15:00:35,24315,0
20130908,890,14,819,205,2,38,15:01:38,26363,0
20130908,890,14,823,205,2,39,15:03:12,33200,0
20130922,891,15,4,6,2,25,20:52:09,29176,0
20130922,891,15,154,206,2,25,20:52:13,30293,0
20130922,891,15,13,6,2,25,20:52:21,29136,0
20130922,891,15,18,1,2,25,20:52:22,30085,0
20130922,891,15,8,206,2,25,20:52:24,33013,0
20130922,891,15,815,1,2,25,20:52:31,29396,0
20130922,891,15,808,15,2,25,20:52:32,30253,0
20130922,891,15,821,15,2,25,20:52:42,31706,0
20130922,891,15,16,10,2,25,20:52:54,30166,0
20130922,891,15,813,3,2,25,20:53:06,30444,0
20130922,891,15,819,205,2,25,20:53:55,32008,0
20130922,891,15,823,205,2,26,20:55:33,37700,0
20130922,891,15,154,206,3,33,21:11:23,73009,1
20130922,891,15,818,5,3,39,21:22:44,29999,0
20130922,891,15,17,9,2,40,21:24:28,28909,0
20130922,891,15,16,10,3,40,21:24:36,31230,0
20130922,891,15,824,204,4,40,21:25:13,29421,0
20130922,891,15,3,130,2,41,21:26:16,29616,0
20130922,891,15,813,3,3,41,21:26:35,30175,0
20130922,891,15,820,204,3,41,21:27:04,29687,0
20130922,891,15,814,10,2,42,21:28:14,29777,0
20130922,891,15,13,6,3,42,21:28:15,29573,0
20130922,891,15,822,3,3,42,21:28:43,33836,0
20130922,891,15,823,205,3,42,21:28:50,30141,0
20130922,891,15,1,130,2,43,21:30:03,30085,0
20130922,891,15,20,9,2,44,21:31:26,28934,0
20130922,891,15,819,205,3,54,21:52:04,31546,0
20130922,891,15,8,206,1,10,20:23:19,29469,0
20130922,891,15,824,204,1,10,20:23:58,29573,0
20130922,891,15,821,15,1,11,20:25:19,29364,0
20130922,891,15,818,5,1,11,20:25:28,29736,0
20130922,891,15,819,205,1,11,20:25:52,31841,0
20130922,891,15,820,204,1,11,20:25:57,30497,0
20130922,891,15,824,204,2,11,20:26:28,32243,0
20130922,891,15,13,6,1,12,20:26:59,29040,0
20130922,891,15,16,10,1,12,20:27:25,29678,0
20130922,891,15,17,9,1,13,20:28:48,29031,0
20130922,891,15,18,1,1,13,20:28:57,29284,0
20130922,891,15,808,15,1,13,20:29:01,29910,0
20130922,891,15,823,205,1,13,20:29:27,30161,0
20130922,891,15,822,3,1,13,20:29:30,31792,0
20130922,891,15,4,6,1,14,20:30:36,29436,0
20130922,891,15,815,1,1,14,20:30:57,28709,0
20130922,891,15,3,130,1,15,20:32:27,29212,0
20130922,891,15,154,206,1,15,20:32:38,29702,0
20130922,891,15,1,130,1,15,20:32:41,29032,0
20130922,891,15,817,5,1,15,20:33:06,32097,0
20130922,891,15,813,3,1,16,20:35:13,29966,0
20130922,891,15,20,9,1,17,20:36:08,28787,0
20130922,891,15,814,10,1,20,20:42:28,29667,0
20130922,891,15,824,204,3,23,20:50:22,29823,0
20130922,891,15,818,5,2,24,20:50:34,30714,0
20130922,891,15,822,3,2,24,20:50:54,30790,0
20130922,891,15,820,204,2,24,20:51:40,31173,0
20131006,892,35,16,10,1,3,15:09:31,29829,0
20131006,892,35,18,1,1,4,15:11:11,26948,0
20131006,892,35,13,6,1,6,15:14:57,22474,0
20131006,892,35,813,3,1,7,15:16:37,23470,0
20131006,892,35,814,10,1,7,15:16:40,23814,0
20131006,892,35,821,15,1,7,15:16:43,23096,0
20131006,892,35,822,3,1,8,15:18:36,23912,0
20131006,892,35,1,130,1,9,15:19:55,22270,0
20131006,892,35,4,6,1,9,15:20:07,22208,0
20131006,892,35,819,205,1,9,15:20:36,24320,0
20131006,892,35,154,206,1,10,15:21:39,22519,0
20131006,892,35,3,130,1,10,15:21:47,23412,0
20131006,892,35,808,15,1,10,15:21:50,23654,0
20131006,892,35,815,1,1,10,15:22:03,22901,0
20131006,892,35,823,205,1,10,15:22:24,17513,0
20131006,892,35,824,204,1,10,15:22:31,23097,0
20131006,892,35,20,9,1,11,15:23:22,22662,0
20131006,892,35,8,206,1,11,15:23:39,22924,0
20131006,892,35,823,205,2,11,15:24:34,23987,0
20131006,892,35,17,9,1,12,15:25:27,22587,0
20131006,892,35,818,5,1,12,15:25:54,24477,0
20131006,892,35,820,204,1,12,15:26:16,23761,0
20131006,892,35,817,5,1,18,15:36:21,23892,0
20131006,892,35,18,1,2,22,15:43:41,25946,0
20131006,892,35,813,3,2,23,15:45:35,23642,0
20131006,892,35,814,10,2,23,15:45:42,23854,0
20131006,892,35,818,5,2,24,15:47:44,23845,0
20131006,892,35,8,206,2,25,15:48:47,23236,0
20131006,892,35,808,15,2,26,15:50:32,24112,0
20131006,892,35,3,130,2,28,15:53:56,42432,0
20131006,892,35,4,6,2,28,15:54:07,22807,0
20131006,892,35,16,10,2,28,15:54:36,23155,0
20131006,892,35,822,3,2,28,15:54:54,24240,0
20131006,892,35,1,130,2,29,15:55:45,22251,0
20131006,892,35,13,6,2,29,15:56:20,22401,0
20131006,892,35,17,9,2,30,15:57:29,22718,0
20131006,892,35,20,9,2,31,15:58:48,22935,0
20131006,892,35,819,205,2,30,15:58:50,24366,0
20131006,892,35,154,206,2,31,15:58:56,22767,0
20131006,892,35,824,204,2,30,15:59:15,23814,0
20131006,892,35,820,204,2,30,15:59:21,26299,0
20131006,892,35,823,205,3,30,15:59:22,24548,0
20131006,892,35,817,5,2,31,16:00:11,23194,0
20131006,892,35,17,9,3,31,16:00:12,23490,0
20131006,892,35,821,15,2,31,16:00:19,23408,0
20131006,892,35,815,1,2,31,16:00:22,38893,0
20131006,892,35,818,5,3,38,16:16:31,24016,0
20131006,892,35,16,10,3,38,16:16:46,71445,1
20131006,892,35,16,10,4,41,16:23:32,18979,0
20131013,893,22,819,205,1,1,15:05:34,17935,0
20131013,893,22,1,130,1,1,15:06:11,25297,0
20131013,893,22,818,5,1,7,15:15:39,25816,0
20131013,893,22,18,1,1,8,15:17:14,23462,0
20131013,893,22,822,3,1,8,15:17:18,23421,0
20131013,893,22,16,10,1,8,15:17:19,23803,0
20131013,893,22,821,15,1,9,15:18:50,23887,0
20131013,893,22,813,3,1,9,15:18:58,23524,0
20131013,893,22,808,15,1,10,15:20:27,23383,0
20131013,893,22,814,10,1,10,15:20:37,23476,0
20131013,893,22,17,9,1,11,15:21:54,23617,0
20131013,893,22,13,6,1,11,15:22:06,22946,0
20131013,893,22,8,206,1,11,15:22:11,23313,0
20131013,893,22,820,204,1,11,15:22:39,23648,0
20131013,893,22,154,206,1,12,15:23:30,23282,0
20131013,893,22,3,130,1,12,15:23:43,22812,0
20131013,893,22,815,1,1,12,15:23:48,26423,0
20131013,893,22,4,6,1,13,15:25:26,22645,0
20131013,893,22,20,9,1,14,15:26:53,22916,0
20131013,893,22,3,130,2,16,15:30:40,17806,0
20131013,893,22,819,205,2,17,15:33:03,24380,0
20131013,893,22,817,5,1,21,15:39:04,24608,0
20131013,893,22,818,5,2,21,15:39:24,24087,0
20131013,893,22,18,1,2,23,15:42:30,26263,0
20131013,893,22,3,130,3,24,15:44:05,22771,0
20131013,893,22,17,9,2,25,15:45:06,22774,0
20131013,893,22,814,10,2,26,15:47:38,23858,0
20131013,893,22,822,3,2,27,15:49:16,23483,0
20131013,893,22,16,10,2,27,15:49:23,23484,0
20131013,893,22,13,6,2,28,15:50:36,22871,0
20131013,893,22,813,3,2,28,15:51:02,24202,0
20131013,893,22,154,206,2,29,15:51:38,23086,0
20131013,893,22,808,15,2,29,15:52:08,23831,0
20131013,893,22,820,204,2,29,15:53:22,24373,0
20131013,893,22,4,6,2,30,15:53:46,22839,0
20131013,893,22,821,15,2,30,15:54:04,23184,0
20131013,893,22,815,1,2,30,15:54:05,27707,0
20131013,893,22,8,206,2,31,15:55:30,23290,0
20131013,893,22,817,5,2,32,15:57:31,17801,0
20131013,893,22,13,6,3,34,16:00:41,17822,0
20131013,893,22,819,205,3,35,16:03:32,24381,0
20131013,893,22,20,9,2,37,16:04:36,22873,0
20131013,893,22,818,5,3,38,16:07:30,24876,0
20131013,893,22,3,130,4,39,16:08:49,22551,0
20131013,893,22,18,1,3,40,16:10:36,23105,0
20131013,893,22,17,9,3,42,16:12:42,23094,0
20131013,893,22,815,1,3,42,16:14:05,25585,0
20131013,893,22,817,5,3,44,16:17:21,24178,0
20131027,894,68,814,10,1,1,15:05:12,23662,0
20131027,894,68,818,5,1,1,15:05:14,24232,0
20131027,894,68,819,205,1,1,15:05:39,29082,0
20131027,894,68,20,9,1,2,15:06:36,24000,0
20131027,894,68,4,6,1,2,15:06:48,29800,0
20131027,894,68,808,15,1,5,15:11:22,24096,0
20131027,894,68,824,204,1,5,15:11:40,33937,0
20131027,894,68,18,1,1,6,15:13:04,23517,0
20131027,894,68,3,130,1,7,15:14:25,23685,0
20131027,894,68,8,206,1,7,15:14:33,26989,0
20131027,894,68,13,6,1,8,15:15:56,23579,0
20131027,894,68,1,130,1,8,15:16:00,23546,0
20131027,894,68,813,3,1,8,15:16:14,25530,0
20131027,894,68,18,1,2,12,15:22:48,23774,0
20131027,894,68,154,206,1,13,15:23:59,23648,0
20131027,894,68,821,15,1,16,15:28:39,18423,0
20131027,894,68,819,205,2,16,15:29:58,26970,0
20131027,894,68,821,15,2,26,15:44:22,25660,0
20131027,894,68,818,5,2,26,15:44:28,24128,0
20131027,894,68,3,130,2,27,15:45:31,23895,0
20131027,894,68,17,9,1,28,15:46:25,23487,0
20131027,894,68,815,1,1,28,15:46:43,23541,0
20131027,894,68,820,204,1,29,15:49:37,24757,0
20131027,894,68,13,6,2,30,15:50:06,23332,0
20131027,894,68,1,130,2,30,15:50:07,23574,0
20131027,894,68,814,10,2,30,15:50:21,24024,0
20131027,894,68,4,6,2,30,15:50:22,23595,0
20131027,894,68,20,9,2,31,15:51:05,23568,0
20131027,894,68,822,3,1,31,15:51:52,27619,0
20131027,894,68,17,9,2,32,15:52:46,23459,0
20131027,894,68,18,1,3,32,15:53:44,24754,0
20131027,894,68,817,5,1,33,15:54:38,25608,0
20131027,894,68,815,1,2,33,15:54:42,24910,0
20131027,894,68,808,15,2,33,15:54:45,24834,0
20131027,894,68,824,204,2,33,15:56:05,25383,0
20131027,894,68,4,6,3,36,15:59:44,24066,0
20131027,894,68,817,5,2,38,16:02:35,24471,0
20131027,894,68,813,3,2,38,16:02:44,26312,0
20131027,894,68,16,10,1,41,16:07:01,23891,0
20131027,894,68,821,15,3,47,16:16:34,24415,0
20131027,894,68,822,3,2,49,16:19:37,25909,0
20131027,894,68,808,15,3,53,16:25:07,29057,0
20131027,894,68,820,204,2,52,16:25:27,24445,0
20131027,894,68,8,206,2,58,16:32:33,24141,0
20131103,895,24,18,1,1,2,17:07:35,27176,0
20131103,895,24,813,3,1,5,17:12:55,22886,0
20131103,895,24,824,204,1,5,17:13:09,24064,0
20131103,895,24,815,1,1,6,17:14:42,21503,0
20131103,895,24,820,204,1,6,17:15:04,23490,0
20131103,895,24,1,130,1,7,17:16:23,21372,0
20131103,895,24,817,5,1,7,17:16:41,22194,0
20131103,895,24,823,205,1,7,17:16:50,22834,0
20131103,895,24,17,9,1,8,17:18:09,21175,0
20131103,895,24,154,206,1,8,17:18:10,21627,0
20131103,895,24,819,205,1,8,17:18:39,22498,0
20131103,895,24,808,15,1,9,17:20:04,22363,0
20131103,895,24,3,130,1,10,17:21:41,21653,0
20131103,895,24,18,1,2,11,17:24:21,21516,0
20131103,895,24,20,9,1,14,17:28:39,22275,0
20131103,895,24,4,6,1,16,17:32:49,21530,0
20131103,895,24,818,5,1,17,17:34:46,21930,0
20131103,895,24,13,6,1,18,17:36:23,21485,0
20131103,895,24,821,15,1,18,17:36:43,22685,0
20131103,895,24,814,10,1,20,17:40:06,22270,0
20131103,895,24,822,3,1,24,17:47:40,23361,0
20131103,895,24,813,3,2,25,17:49:29,23410,0
20131103,895,24,808,15,2,27,17:53:04,22863,0
20131103,895,24,815,1,2,27,17:53:06,21370,0
20131103,895,24,16,10,1,28,17:54:54,22048,0
20131103,895,24,817,5,2,28,17:55:05,22946,0
20131103,895,24,1,130,2,29,17:56:37,21609,0
20131103,895,24,821,15,2,30,17:58:38,22070,0
20131103,895,24,824,204,2,31,18:01:41,23576,0
20131103,895,24,819,205,2,32,18:03:05,24005,0
20131103,895,24,17,9,2,33,18:03:15,21911,0
20131103,895,24,3,130,2,33,18:03:19,21633,0
20131103,895,24,820,204,2,32,18:03:37,22802,0
20131103,895,24,823,205,2,33,18:04:45,22286,0
20131103,895,24,808,15,3,34,18:05:56,16147,0
20131103,895,24,20,9,2,37,18:09:50,21298,0
20131103,895,24,154,206,2,37,18:10:31,22286,0
20131103,895,24,13,6,2,38,18:12:40,22315,0
20131103,895,24,4,6,2,44,18:23:20,21453,0
20131103,895,24,822,3,2,45,18:25:31,26680,0
20131103,895,24,818,5,2,51,18:36:34,23608,0
20131117,896,69,821,15,1,1,13:05:59,24859,0
20131117,896,69,820,204,1,5,13:15:49,18737,0
20131117,896,69,813,3,1,8,13:21:04,32794,0
20131117,896,69,5,206,1,17,13:36:46,25323,0
20131117,896,69,18,1,1,20,13:42:04,24589,0
20131117,896,69,819,205,1,20,13:42:30,27568,0
20131117,896,69,13,6,1,21,13:43:48,23936,0
20131117,896,69,824,204,1,21,13:44:14,26205,0
20131117,896,69,823,205,1,21,13:44:15,25268,0
20131117,896,69,815,1,1,22,13:45:19,23808,0
20131117,896,69,814,10,1,22,13:45:29,24444,0
20131117,896,69,3,130,1,22,13:45:30,23806,0
20131117,896,69,817,5,1,22,13:45:31,24226,0
20131117,896,69,822,3,1,23,13:47:05,25014,0
20131117,896,69,1,130,1,25,13:50:25,23904,0
20131117,896,69,4,6,1,26,13:52:15,23817,0
20131117,896,69,20,9,1,27,13:53:30,24086,0
20131117,896,69,820,204,2,26,13:53:36,24293,0
20131117,896,69,808,15,1,27,13:53:54,24030,0
20131117,896,69,818,5,1,27,13:54:22,24381,0
20131117,896,69,17,9,1,28,13:55:26,23537,0
20131117,896,69,154,206,1,29,13:57:05,23876,0
20131117,896,69,5,206,2,31,14:01:31,36333,0
20131117,896,69,821,15,2,36,14:10:01,25027,0
20131117,896,69,13,6,2,38,14:13:40,24116,0
20131117,896,69,814,10,2,49,14:32:33,24914,0
20131117,896,69,819,205,2,50,14:35:29,18692,0
20131124,897,18,818,5,1,10,14:16:58,23455,0
20131124,897,18,817,5,1,14,14:22:11,22721,0
20131124,897,18,5,206,1,15,14:23:39,23019,0
20131124,897,18,822,3,1,17,14:26:13,24166,0
20131124,897,18,16,10,1,17,14:26:14,23161,0
20131124,897,18,13,6,1,19,14:28:38,22342,0
20131124,897,18,815,1,1,19,14:28:47,22591,0
20131124,897,18,18,1,1,20,14:30:03,22746,0
20131124,897,18,808,15,1,20,14:30:06,23887,0
20131124,897,18,814,10,1,20,14:30:15,23237,0
20131124,897,18,4,6,1,21,14:31:09,22755,0
20131124,897,18,1,130,1,21,14:31:13,22655,0
20131124,897,18,824,204,1,21,14:32:02,24657,0
20131124,897,18,3,130,1,22,14:32:39,23328,0
20131124,897,18,821,15,1,22,14:33:00,23857,0
20131124,897,18,17,9,1,23,14:33:42,25012,0
20131124,897,18,813,3,1,23,14:34:24,23600,0
20131124,897,18,20,9,1,24,14:34:51,22510,0
20131124,897,18,823,205,1,24,14:36:01,23732,0
20131124,897,18,819,205,1,25,14:37:24,24099,0
20131124,897,18,820,204,1,26,14:38:59,25060,0
20131124,897,18,818,5,2,28,14:41:19,24183,0
20131124,897,18,13,6,2,34,14:48:24,17367,0
20131124,897,18,5,206,2,34,14:49:00,22646,0
20131124,897,18,16,10,2,37,14:52:49,24001,0
20131124,897,18,822,3,2,41,14:58:30,23695,0
20131124,897,18,817,5,2,42,14:59:24,23340,0
20131124,897,18,18,1,2,43,15:00:19,23788,0
20131124,897,18,13,6,3,43,15:00:27,22655,0
20131124,897,18,813,3,2,43,15:00:59,26734,0
20131124,897,18,3,130,2,44,15:01:40,22753,0
20131124,897,18,815,1,2,44,15:01:41,22397,0
20131124,897,18,808,15,2,46,15:04:31,23237,0
20131124,897,18,20,9,2,47,15:04:55,32899,0
20131124,897,18,17,9,2,47,15:05:08,26718,0
20131124,897,18,818,5,3,46,15:05:09,23451,0
20131124,897,18,4,6,2,47,15:05:13,22732,0
20131124,897,18,1,130,2,47,15:05:43,24423,0
20131124,897,18,814,10,2,47,15:06:01,23330,0
20131124,897,18,821,15,2,47,15:06:09,23138,0
20131124,897,18,823,205,2,47,15:06:59,27107,0
20131124,897,18,824,204,2,47,15:07:06,23403,0
20131124,897,18,820,204,2,48,15:08:47,23449,0
20131124,897,18,1,130,3,52,15:12:31,17385,0
20131124,897,18,823,205,3,52,15:13:57,17339,0
20131124,897,18,16,10,3,54,15:15:17,22981,0
20131124,897,18,820,204,3,66,15:32:58,23222,0
20140316,898,1,154,206,1,1,17:09:56,17255,0
20140316,898,1,821,15,1,1,17:10:12,32657,0
20140316,898,1,815,10,1,1,17:10:14,25541,0
20140316,898,1,18,1,1,11,17:26:02,22411,0
20140316,898,1,815,10,2,11,17:27:03,22497,0
20140316,898,1,3,130,1,12,17:27:27,24331,0
20140316,898,1,817,9,1,12,17:27:37,22994,0
20140316,898,1,825,1,1,12,17:27:45,23150,0
20140316,898,1,808,10,1,12,17:27:51,22615,0
20140316,898,1,4,6,1,12,17:27:55,22887,0
20140316,898,1,8,6,1,12,17:28:02,25543,0
20140316,898,1,818,5,1,12,17:28:02,23124,0
20140316,898,1,826,5,1,12,17:28:03,30514,0
20140316,898,1,828,205,1,23,17:48:18,23238,0
20140316,898,1,820,204,1,24,17:49:56,24209,0
20140316,898,1,824,204,1,20,17:54:48,23821,0
20140316,898,1,154,206,2,28,17:56:08,22264,0
20140316,898,1,813,206,1,29,17:57:57,22847,0
20140316,898,1,821,15,2,30,17:59:29,23797,0
20140316,898,1,18,1,2,32,18:02:01,22399,0
20140316,898,1,815,10,3,32,18:02:29,22526,0
20140316,898,1,808,10,2,33,18:03:36,22933,0
20140316,898,1,818,5,2,33,18:03:39,22978,0
20140316,898,1,4,6,2,35,18:06:45,21978,0
20140316,898,1,817,9,2,36,18:08:06,22427,0
20140316,898,1,8,6,2,36,18:08:30,21825,0
20140316,898,1,826,5,2,36,18:08:31,23920,0
20140316,898,1,825,1,2,37,18:09:47,22273,0
20140316,898,1,3,130,2,38,18:10:59,23673,0
20140316,898,1,820,204,2,41,18:18:13,23493,0
20140316,898,1,824,204,2,35,18:19:32,22656,0
20140316,898,1,822,3,1,10,17:24:46,34921,0
20140316,898,1,16,15,1,35,18:07:21,24305,0
20140316,898,1,822,3,2,36,18:08:28,23117,0
20140330,899,2,824,204,1,1,16:07:01,52836,0
20140330,899,2,818,5,1,2,16:07:55,45629,0
20140330,899,2,8,6,1,2,16:08:22,26399,0
20140330,899,2,825,1,1,9,16:20:38,37116,0
20140330,899,2,826,5,1,10,16:22:31,25109,0
20140330,899,2,821,15,1,10,16:22:33,29420,0
20140330,899,2,820,204,1,10,16:22:44,25639,0
20140330,899,2,4,6,1,11,16:24:00,24466,0
20140330,899,2,16,15,1,11,16:24:25,25998,0
20140330,899,2,828,205,1,11,16:24:33,30040,0
20140330,899,2,817,9,1,12,16:25:46,24709,0
20140330,899,2,13,3,1,12,16:26:05,24637,0
20140330,899,2,154,206,1,12,16:26:14,25046,0
20140330,899,2,20,9,1,13,16:27:33,24432,0
20140330,899,2,18,1,1,13,16:27:49,24841,0
20140330,899,2,3,130,1,14,16:29:15,24723,0
20140330,899,2,822,3,1,14,16:29:48,25020,0
20140330,899,2,1,130,1,15,16:30:55,24604,0
20140330,899,2,155,205,1,15,16:31:53,27124,0
20140330,899,2,808,10,1,16,16:33:07,25336,0
20140330,899,2,818,5,2,17,16:36:11,26598,0
20140330,899,2,8,6,2,18,16:37:53,24417,0
20140330,899,2,826,5,2,22,16:44:37,27473,0
20140330,899,2,821,15,2,23,16:46:42,26325,0
20140330,899,2,825,1,2,24,16:48:18,30661,0
20140330,899,2,16,15,2,24,16:48:28,25493,0
20140330,899,2,18,1,2,25,16:49:48,24524,0
20140330,899,2,154,206,2,25,16:50:09,25596,0
20140330,899,2,828,205,2,26,16:52:40,26515,0
20140330,899,2,4,6,2,27,16:53:03,24222,0
20140330,899,2,13,3,2,27,16:53:28,24577,0
20140330,899,2,820,204,2,27,16:54:31,29210,0
20140330,899,2,817,9,2,28,16:54:45,24775,0
20140330,899,2,822,3,2,29,16:57:09,24964,0
20140330,899,2,20,9,2,31,17:00:00,24728,0
20140330,899,2,155,205,2,31,17:01:26,26505,0
20140330,899,2,3,130,2,32,17:01:43,25287,0
20140330,899,2,1,130,2,33,17:03:18,25296,0
20140330,899,2,808,10,2,34,17:05:38,24887,0
20140330,899,2,826,5,3,34,17:06:44,25289,0
20140330,899,2,8,6,3,34,17:07:07,24246,0
20140330,899,2,828,205,3,38,17:15:01,26030,0
20140330,899,2,18,1,3,39,17:15:13,25028,0
20140330,899,2,825,1,3,39,17:15:37,24415,0
20140330,899,2,817,9,3,40,17:16:28,109329,1
20140330,899,2,154,206,3,40,17:17:34,25735,0
20140330,899,2,4,6,3,42,17:20:04,24641,0
20140330,899,2,820,204,3,41,17:20:31,27828,0
20140330,899,2,13,3,3,42,17:20:35,24526,0
20140330,899,2,817,9,4,42,17:22:17,34697,0
20140330,899,2,822,3,3,44,17:24:12,24498,0
20140330,899,2,817,9,5,44,17:26:23,34480,0
20140330,899,2,20,9,3,49,17:32:08,25186,0
20140330,899,2,3,130,3,50,17:33:47,24654,0
20140330,899,2,1,130,3,51,17:35:18,24484,0
20140406,900,3,818,5,1,1,18:06:44,33895,0
20140406,900,3,16,15,1,7,18:16:37,25293,0
20140406,900,3,822,3,1,10,18:21:24,25040,0
20140406,900,3,826,5,1,10,18:21:32,26064,0
20140406,900,3,824,204,1,10,18:21:44,25756,0
20140406,900,3,828,205,1,11,18:23:34,25367,0
20140406,900,3,820,204,1,11,18:23:35,25858,0
20140406,900,3,4,6,1,12,18:24:52,25770,0
20140406,900,3,821,15,1,12,18:25:08,25543,0
20140406,900,3,13,3,1,13,18:26:30,24528,0
20140406,900,3,8,6,1,13,18:26:37,25009,0
20140406,900,3,154,206,1,13,18:26:50,25192,0
20140406,900,3,824,204,2,13,18:27:52,29729,0
20140406,900,3,825,1,1,14,18:28:29,24611,0
20140406,900,3,16,15,2,13,18:29:29,40747,0
20140406,900,3,818,5,2,14,18:29:48,25897,0
20140406,900,3,808,10,1,15,18:29:59,24757,0
20140406,900,3,155,205,1,15,18:30:29,27124,0
20140406,900,3,815,10,1,16,18:31:38,24697,0
20140406,900,3,20,9,1,16,18:31:48,24964,0
20140406,900,3,18,1,1,17,18:33:25,24476,0
20140406,900,3,817,9,1,18,18:35:12,24706,0
20140406,900,3,1,130,1,19,18:36:24,24687,0
20140406,900,3,813,206,1,19,18:37:12,25395,0
20140406,900,3,824,204,3,18,18:37:15,18989,0
20140406,900,3,3,130,1,21,18:39:48,24851,0
20140406,900,3,826,5,2,24,18:45:46,25340,0
20140406,900,3,822,3,2,25,18:47:07,25068,0
20140406,900,3,825,1,2,25,18:47:29,24559,0
20140406,900,3,828,205,2,26,18:49:57,25819,0
20140406,900,3,821,15,2,27,18:51:10,25633,0
20140406,900,3,13,3,2,28,18:52:16,25896,0
20140406,900,3,4,6,2,28,18:52:21,24576,0
20140406,900,3,154,206,2,28,18:52:44,25032,0
20140406,900,3,820,204,2,28,18:53:21,27233,0
20140406,900,3,824,204,4,31,19:00:23,25866,0
20140406,900,3,8,6,2,33,19:01:01,25415,0
20140406,900,3,815,10,2,34,19:02:23,24737,0
20140406,900,3,20,9,2,34,19:02:35,26186,0
20140406,900,3,808,10,2,35,19:04:06,24440,0
20140406,900,3,18,1,2,35,19:04:08,25245,0
20140406,900,3,817,9,2,35,19:04:23,24816,0
20140406,900,3,155,205,2,35,19:05:19,26628,0
20140406,900,3,154,206,3,37,19:08:17,25693,0
20140406,900,3,13,3,3,38,19:09:23,24575,0
20140406,900,3,825,1,3,38,19:09:48,25572,0
20140406,900,3,813,206,2,39,19:11:30,26440,0
20140406,900,3,826,5,3,39,19:11:36,25345,0
20140406,900,3,822,3,3,40,19:12:44,25980,0
20140406,900,3,1,130,2,41,19:13:29,25146,0
20140406,900,3,3,130,2,41,19:13:42,24907,0
20140406,900,3,813,206,3,40,19:13:51,34249,0
20140406,900,3,820,204,3,40,19:14:34,25981,0
20140406,900,3,4,6,3,41,19:14:50,24493,0
20140406,900,3,8,6,3,41,19:15:09,24453,0
20140406,900,3,824,204,5,40,19:16:59,25383,0
20140406,900,3,813,206,4,47,19:27:48,32874,0
20140420,901,17,18,1,1,7,15:16:33,22408,0
20140420,901,17,154,206,1,9,15:19:58,23213,0
20140420,901,17,13,3,1,10,15:21:37,78277,1
20140420,901,17,8,6,1,10,15:21:45,22994,0
20140420,901,17,815,10,1,10,15:21:51,22914,0
20140420,901,17,828,205,1,10,15:22:18,23677,0
20140420,901,17,4,6,1,11,15:23:16,22776,0
20140420,901,17,808,10,1,11,15:23:24,23438,0
20140420,901,17,155,205,1,11,15:23:49,24883,0
20140420,901,17,813,206,1,11,15:23:51,24010,0
20140420,901,17,824,204,1,11,15:23:56,24784,0
20140420,901,17,20,9,1,12,15:25:00,22570,0
20140420,901,17,822,3,1,12,15:25:09,24780,0
20140420,901,17,820,204,1,12,15:25:48,23781,0
20140420,901,17,3,130,1,13,15:26:51,23277,0
20140420,901,17,826,5,1,14,15:28:56,23521,0
20140420,901,17,821,15,1,14,15:29:04,22988,0
20140420,901,17,817,9,1,15,15:30:17,23186,0
20140420,901,17,818,5,1,15,15:30:46,24119,0
20140420,901,17,1,130,1,17,15:33:31,22968,0
20140420,901,17,825,1,1,17,15:34:28,23670,0
20140420,901,17,821,15,2,27,15:52:18,23252,0
20140420,901,17,828,205,2,27,15:53:08,23730,0
20140420,901,17,18,1,2,28,15:53:59,22548,0
20140420,901,17,824,204,2,28,15:54:28,24320,0
20140420,901,17,815,10,2,30,15:57:11,23636,0
20140420,901,17,155,205,2,30,15:57:59,25402,0
20140420,901,17,808,10,2,31,15:58:34,22764,0
20140420,901,17,822,3,2,31,15:58:35,23639,0
20140420,901,17,8,6,2,31,15:58:50,23291,0
20140420,901,17,826,5,2,31,15:59:08,23628,0
20140420,901,17,825,1,2,31,15:59:19,22579,0
20140420,901,17,13,3,2,31,15:59:50,23830,0
20140420,901,17,818,5,2,32,16:00:58,24417,0
20140420,901,17,813,206,2,32,16:01:12,23022,0
20140420,901,17,4,6,2,33,16:01:40,22947,0
20140420,901,17,820,204,2,32,16:01:49,23878,0
20140420,901,17,20,9,2,34,16:03:40,22246,0
20140420,901,17,3,130,2,37,16:08:37,23089,0
20140420,901,17,817,9,2,37,16:08:42,22498,0
20140420,901,17,1,130,2,38,16:09:59,23999,0
20140420,901,17,821,15,3,40,16:15:29,22734,0
20140420,901,17,155,205,3,40,16:15:53,24722,0
20140420,901,17,828,205,3,42,16:20:02,23969,0
20140420,901,17,820,204,3,48,16:30:26,23886,0
20140511,902,4,20,9,1,12,14:22:29,21974,0
20140511,902,4,817,9,1,14,14:25:18,21969,0
20140511,902,4,154,206,1,15,14:26:57,22126,0
20140511,902,4,13,3,1,15,14:27:02,22890,0
20140511,902,4,813,206,1,15,14:27:21,27851,0
20140511,902,4,4,6,1,16,14:28:34,21970,0
20140511,902,4,818,5,1,16,14:28:57,22976,0
20140511,902,4,8,6,1,17,14:30:07,22056,0
20140511,902,4,808,10,1,17,14:30:13,22355,0
20140511,902,4,18,1,1,17,14:30:19,21810,0
20140511,902,4,16,15,1,17,14:30:29,28013,0
20140511,902,4,820,204,1,17,14:30:46,24337,0
20140511,902,4,1,130,1,18,14:31:07,22951,0
20140511,902,4,815,10,1,18,14:31:48,22367,0
20140511,902,4,826,5,1,18,14:31:51,22703,0
20140511,902,4,821,15,1,18,14:32:02,23063,0
20140511,902,4,828,205,1,18,14:32:30,23091,0
20140511,902,4,825,1,1,19,14:33:31,21894,0
20140511,902,4,822,3,1,20,14:34:39,22824,0
20140511,902,4,3,130,1,21,14:35:43,22254,0
20140511,902,4,824,204,1,21,14:37:01,22928,0
20140511,902,4,155,205,1,23,14:40:18,22789,0
20140511,902,4,13,3,2,28,14:47:33,22381,0
20140511,902,4,820,204,2,31,14:53:03,23232,0
20140511,902,4,20,9,2,33,14:55:18,21599,0
20140511,902,4,154,206,2,34,14:56:49,22078,0
20140511,902,4,4,6,2,35,14:58:14,22014,0
20140511,902,4,16,15,2,35,14:58:53,23378,0
20140511,902,4,808,10,2,36,14:59:56,22724,0
20140511,902,4,18,1,2,36,15:00:01,24408,0
20140511,902,4,826,5,2,36,15:00:07,22841,0
20140511,902,4,821,15,2,36,15:00:25,24780,0
20140511,902,4,815,10,2,37,15:01:31,22282,0
20140511,902,4,813,206,2,37,15:01:54,22024,0
20140511,902,4,828,205,2,40,15:07:44,26671,0
20140511,902,4,825,1,2,41,15:07:56,21768,0
20140511,902,4,824,204,2,41,15:08:45,22568,0
20140511,902,4,1,130,2,43,15:09:35,23590,0
20140511,902,4,8,6,2,43,15:10:34,22727,0
20140511,902,4,820,204,3,42,15:10:46,23586,0
20140511,902,4,3,130,2,45,15:12:42,22309,0
20140511,902,4,817,9,2,45,15:13:16,21830,0
20140511,902,4,822,3,2,45,15:13:31,22701,0
20140511,902,4,13,3,3,46,15:15:37,22304,0
20140511,902,4,20,9,3,52,15:24:24,21608,0
20140511,902,4,821,15,3,52,15:25:31,23025,0
20140511,902,4,4,6,3,53,15:25:53,21664,0
20140511,902,4,826,5,3,53,15:26:38,22984,0
20140525,903,6,154,206,1,1,14:04:54,26312,0
20140525,903,6,16,15,1,1,14:04:55,33207,0
20140525,903,6,20,9,1,4,14:10:25,66065,1
20140525,903,6,154,206,2,23,14:37:00,25029,0
20140525,903,6,820,204,1,24,14:38:19,33074,0
20140525,903,6,18,1,1,25,14:38:59,25992,0
20140525,903,6,821,15,1,25,14:39:10,25906,0
20140525,903,6,155,205,1,25,14:39:30,25421,0
20140525,903,6,824,204,1,25,14:39:30,32658,0
20140525,903,6,3,130,1,26,14:39:54,24672,0
20140525,903,6,1,130,1,26,14:40:01,27509,0
20140525,903,6,828,205,1,25,14:40:02,28091,0
20140525,903,6,8,6,1,26,14:40:06,25282,0
20140525,903,6,817,9,1,26,14:40:07,26584,0
20140525,903,6,4,6,1,26,14:40:12,26499,0
20140525,903,6,825,1,1,26,14:40:29,28943,0
20140525,903,6,818,5,1,26,14:40:32,25444,0
20140525,903,6,808,10,1,26,14:40:36,25714,0
20140525,903,6,822,3,1,26,14:40:41,25595,0
20140525,903,6,8,6,2,28,14:44:21,25684,0
20140525,903,6,820,204,2,27,14:44:22,37352,0
20140525,903,6,818,5,2,37,14:57:54,19385,0
20140525,903,6,13,3,1,45,15:08:42,24264,0
20140525,903,6,828,205,2,51,15:17:37,25585,0
20140525,903,6,155,205,2,62,15:34:01,25116,0
20140525,903,6,820,204,3,66,15:40:58,26137,0
20140525,903,6,8,6,3,73,15:47:37,31896,0
20140608,904,7,821,15,1,1,14:05:32,24370,0
20140608,904,7,821,15,2,2,14:07:36,24768,0
20140608,904,7,154,206,1,11,14:23:03,23943,0
20140608,904,7,817,9,1,13,14:25:36,23606,0
20140608,904,7,822,3,1,14,14:26:56,23448,0
20140608,904,7,18,1,1,14,14:27:05,23493,0
20140608,904,7,20,9,1,15,14:28:14,23904,0
20140608,904,7,13,3,1,15,14:28:20,27949,0
20140608,904,7,818,5,1,15,14:28:22,24433,0
20140608,904,7,825,1,1,15,14:28:30,23479,0
20140608,904,7,16,15,1,15,14:28:33,23703,0
20140608,904,7,4,6,1,16,14:29:44,23932,0
20140608,904,7,8,6,1,17,14:31:08,23925,0
20140608,904,7,3,130,1,18,14:32:06,23882,0
20140608,904,7,1,130,1,19,14:33:29,24417,0
20140608,904,7,826,5,1,29,14:47:47,25235,0
20140608,904,7,821,15,3,32,14:52:08,24403,0
20140608,904,7,815,10,1,34,14:54:04,23907,0
20140608,904,7,822,3,2,35,14:55:26,24491,0
20140608,904,7,20,9,2,36,14:56:46,23340,0
20140608,904,7,817,9,2,37,14:58:06,23274,0
20140608,904,7,18,1,2,38,14:59:46,25050,0
20140608,904,7,818,5,2,39,15:01:02,23975,0
20140608,904,7,8,6,2,39,15:01:06,24221,0
20140608,904,7,16,15,2,40,15:02:56,24068,0
20140608,904,7,808,10,1,41,15:03:27,23902,0
20140608,904,7,3,130,2,44,15:07:09,25102,0
20140608,904,7,4,6,2,44,15:07:33,23790,0
20140608,904,7,1,130,2,45,15:08:31,23554,0
20140608,904,7,825,1,2,45,15:09:13,23907,0
20140608,904,7,154,206,2,46,15:10:53,23856,0
20140608,904,7,826,5,2,46,15:10:54,25698,0
20140608,904,7,13,3,2,48,15:12:49,24012,0
20140622,905,70,154,206,1,3,14:07:00,21884,0
20140622,905,70,818,5,1,8,14:13:14,22232,0
20140622,905,70,808,10,1,9,14:14:26,21920,0
20140622,905,70,825,1,1,10,14:15:40,21670,0
20140622,905,70,826,5,1,10,14:15:42,21906,0
20140622,905,70,817,9,1,10,14:15:42,21467,0
20140622,905,70,3,130,1,11,14:16:41,21474,0
20140622,905,70,16,15,1,11,14:17:03,22960,0
20140622,905,70,821,15,1,12,14:18:21,55222,0
20140622,905,70,1,130,1,13,14:19:10,22226,0
20140622,905,70,13,3,1,14,14:20:24,21896,0
20140622,905,70,4,6,1,14,14:20:35,21234,0
20140622,905,70,155,205,1,14,14:21:00,22480,0
20140622,905,70,822,3,1,15,14:21:40,21133,0
20140622,905,70,8,6,1,15,14:22:00,21914,0
20140622,905,70,20,9,1,20,14:29:37,21381,0
20140622,905,70,821,15,2,21,14:30:35,29067,0
20140622,905,70,813,206,1,26,14:36:02,23343,0
20140622,905,70,18,1,1,27,14:37:01,21505,0
20140622,905,70,154,206,2,27,14:37:37,24212,0
20140622,905,70,828,205,1,28,14:39:03,23177,0
20140622,905,70,815,10,1,29,14:39:23,23770,0
20140622,905,70,20,9,2,28,14:39:56,29844,0
20140622,905,70,820,204,1,37,14:50:48,22977,0
20140622,905,70,1,130,2,39,14:51:40,22555,0
20140622,905,70,808,10,2,39,14:52:03,22246,0
20140622,905,70,818,5,2,39,14:52:32,22374,0
20140622,905,70,3,130,2,40,14:52:50,21664,0
20140622,905,70,825,1,2,40,14:53:16,21882,0
20140622,905,70,822,3,2,41,14:54:08,22208,0
20140622,905,70,824,204,1,40,14:54:11,24452,0
20140622,905,70,13,3,2,43,14:56:41,22096,0
20140622,905,70,817,9,2,43,14:57:02,21398,0
20140622,905,70,16,15,2,43,14:57:38,22449,0
20140622,905,70,828,205,2,43,14:58:18,25178,0
20140622,905,70,8,6,2,44,14:58:20,21618,0
20140622,905,70,821,15,3,45,15:01:17,22530,0
20140622,905,70,4,6,2,47,15:01:38,21276,0
20140622,905,70,815,10,2,55,15:11:39,21960,0
20140622,905,70,813,206,2,56,15:13:32,22612,0
20140622,905,70,18,1,2,58,15:15:32,21242,0
20140706,906,9,820,204,2,2,14:09:26,23154,0
20140706,906,9,20,9,1,10,14:20:59,28558,0
20140706,906,9,826,5,1,14,14:27:58,28700,0
20140706,906,9,817,9,1,15,14:29:30,28483,0
20140706,906,9,3,130,1,18,14:33:49,28329,0
20140706,906,9,155,205,1,18,14:35:28,29507,0
20140706,906,9,16,15,1,23,14:43:21,29956,0
20140706,906,9,1,130,1,24,14:43:45,29679,0
20140706,906,9,4,6,1,25,14:46:13,34410,0
20140706,906,9,815,10,1,26,14:48:38,29599,0
20140706,906,9,813,206,1,26,14:48:44,28831,0
20140706,906,9,825,1,1,27,14:49:39,28745,0
20140706,906,9,818,5,1,27,14:50:07,30218,0
20140706,906,9,18,1,1,28,14:51:14,28645,0
20140706,906,9,808,10,1,29,14:53:24,29579,0
20140706,906,9,824,204,1,29,14:54:00,30353,0
20140706,906,9,155,205,2,29,14:54:55,29540,0
20140706,906,9,154,206,1,30,14:55:23,29710,0
20140706,906,9,822,3,1,31,14:55:58,29104,0
20140706,906,9,820,204,3,29,14:56:02,29737,0
20140706,906,9,20,9,2,33,14:59:34,28787,0
20140706,906,9,826,5,2,35,15:03:28,28575,0
20140706,906,9,1,130,2,41,15:12:01,29291,0
20140720,907,10,825,1,1,1,14:05:24,25859,0
20140720,907,10,828,205,1,3,14:08:42,27495,0
20140720,907,10,826,5,1,9,14:17:06,20313,0
20140720,907,10,4,6,1,12,14:20:59,19174,0
20140720,907,10,18,1,1,13,14:22:30,22604,0
20140720,907,10,817,9,1,13,14:22:38,19050,0
20140720,907,10,818,5,1,13,14:22:39,20274,0
20140720,907,10,20,9,1,14,14:23:46,19607,0
20140720,907,10,808,10,1,14,14:23:52,19564,0
20140720,907,10,815,10,1,14,14:24:04,21802,0
20140720,907,10,821,15,1,14,14:24:08,21002,0
20140720,907,10,3,130,1,15,14:24:57,20055,0
20140720,907,10,822,3,1,15,14:25:07,20115,0
20140720,907,10,155,205,1,15,14:25:55,20121,0
20140720,907,10,16,15,1,16,14:26:55,20031,0
20140720,907,10,820,204,1,16,14:27:18,23883,0
20140720,907,10,813,206,1,18,14:29:48,19099,0
20140720,907,10,828,205,2,18,14:30:40,19890,0
20140720,907,10,8,6,1,20,14:32:31,19737,0
20140720,907,10,824,204,1,20,14:32:49,20031,0
20140720,907,10,154,206,1,24,14:38:27,18928,0
20140720,907,10,1,130,1,26,14:40:40,19710,0
20140720,907,10,825,1,2,29,14:45:25,19135,0
20140720,907,10,18,1,2,31,14:47:51,18916,0
20140720,907,10,821,15,2,31,14:48:20,23305,0
20140720,907,10,16,15,2,32,14:49:41,19638,0
20140720,907,10,826,5,2,32,14:49:52,20251,0
20140720,907,10,155,205,2,32,14:50:24,20092,0
20140720,907,10,820,204,2,32,14:50:27,20920,0
20140720,907,10,4,6,2,33,14:50:28,19032,0
20140720,907,10,20,9,2,34,14:51:49,19061,0
20140720,907,10,8,6,2,34,14:52:22,19867,0
20140720,907,10,815,10,2,34,14:52:29,19843,0
20140720,907,10,817,9,2,35,14:53:27,19358,0
20140720,907,10,818,5,2,37,14:56:42,26711,0
20140720,907,10,813,206,2,38,14:58:08,19126,0
20140720,907,10,808,10,2,39,14:59:03,19514,0
20140720,907,10,822,3,2,40,14:59:58,20206,0
20140720,907,10,3,130,2,41,15:01:08,20257,0
20140720,907,10,1,130,2,42,15:02:54,19918,0
20140720,907,10,828,205,3,41,15:03:48,20423,0
20140720,907,10,20,9,3,45,15:07:09,18879,0
20140720,907,10,824,204,2,45,15:08:29,20575,0
20140720,907,10,817,9,3,46,15:08:49,18868,0
20140720,907,10,16,15,3,47,15:10:49,20424,0
20140720,907,10,820,204,3,47,15:11:56,20632,0
20140720,907,10,155,205,3,48,15:13:19,20358,0
20140720,907,10,818,5,3,49,15:13:46,20431,0
20140720,907,10,1,130,3,50,15:13:58,19868,0
20140720,907,10,821,15,3,50,15:15:08,19779,0
20140720,907,10,815,10,3,52,15:17:42,19932,0
20140720,907,10,825,1,3,53,15:18:59,19427,0
20140720,907,10,8,6,3,53,15:19:04,19740,0
20140720,907,10,4,6,3,55,15:21:01,19308,0
20140720,907,10,18,1,3,61,15:29:41,19221,0
20140727,908,11,18,1,1,8,14:17:29,26737,0
20140727,908,11,817,9,1,8,14:17:30,22205,0
20140727,908,11,808,10,1,8,14:17:33,24040,0
20140727,908,11,13,3,1,8,14:17:38,22851,0
20140727,908,11,818,5,1,8,14:17:39,23809,0
20140727,908,11,815,10,1,8,14:17:44,25535,0
20140727,908,11,821,15,1,8,14:17:46,24050,0
20140727,908,11,16,15,1,8,14:17:48,31956,0
20140727,908,11,1,130,1,8,14:17:49,23800,0
20140727,908,11,8,6,1,8,14:17:51,23214,0
20140727,908,11,154,206,1,8,14:17:53,23979,0
20140727,908,11,826,5,1,8,14:17:58,23423,0
20140727,908,11,155,205,1,8,14:18:04,34086,0
20140727,908,11,820,204,1,8,14:18:13,24625,0
20140727,908,11,813,206,1,8,14:18:14,22376,0
20140727,908,11,3,130,1,9,14:19:36,22827,0
20140727,908,11,822,3,1,9,14:19:37,25497,0
20140727,908,11,20,9,1,9,14:19:37,22170,0
20140727,908,11,4,6,1,9,14:19:38,22253,0
20140727,908,11,824,204,1,9,14:19:52,22892,0
20140727,908,11,18,1,2,15,14:32:05,22807,0
20140727,908,11,825,1,1,15,14:32:11,23546,0
20140727,908,11,813,206,2,17,14:35:49,32608,0
20140727,908,11,824,204,2,17,14:35:56,25504,0
20140727,908,11,817,9,2,23,14:44:24,23741,0
20140727,908,11,13,3,2,23,14:44:30,22111,0
20140727,908,11,822,3,2,23,14:44:48,22518,0
20140727,908,11,826,5,2,30,14:57:13,22202,0
20140727,908,11,3,130,2,32,15:00:00,23864,0
20140727,908,11,20,9,2,33,15:01:35,21608,0
20140727,908,11,818,5,2,34,15:03:00,23123,0
20140727,908,11,18,1,3,37,15:07:38,22211,0
20140727,908,11,4,6,2,38,15:08:47,21634,0
20140727,908,11,1,130,2,39,15:10:18,23364,0
20140727,908,11,16,15,2,39,15:10:43,22500,0
20140727,908,11,825,1,2,39,15:10:44,21812,0
20140727,908,11,8,6,2,41,15:13:31,22154,0
20140727,908,11,824,204,3,42,15:15:42,24226,0
20140727,908,11,813,206,3,43,15:16:53,21818,0
20140727,908,11,13,3,3,45,15:19:26,22278,0
20140727,908,11,820,204,2,45,15:20:20,23232,0
20140727,908,11,817,9,3,54,15:32:30,22273,0
20140727,908,11,3,130,3,56,15:35:44,22001,0
20140727,908,11,822,3,3,59,15:40:29,22589,0
20140824,909,13,154,206,1,1,14:06:17,29256,0
20140824,909,13,824,204,1,1,14:06:49,25362,0
20140824,909,13,1,130,1,2,14:08:41,25580,0
20140824,909,13,3,130,1,8,14:19:40,29997,0
20140824,909,13,8,6,1,8,14:19:44,22858,0
20140824,909,13,815,10,1,9,14:21:49,24104,0
20140824,909,13,13,3,1,9,14:21:55,23945,0
20140824,909,13,20,9,1,10,14:23:35,22800,0
20140824,909,13,826,5,1,10,14:23:49,24082,0
20140824,909,13,808,10,1,10,14:23:52,23823,0
20140824,909,13,817,9,1,11,14:25:27,22913,0
20140824,909,13,825,1,1,11,14:25:37,23115,0
20140824,909,13,16,15,1,11,14:25:53,23755,0
20140824,909,13,828,205,1,11,14:26:12,24083,0
20140824,909,13,820,204,1,11,14:26:13,23734,0
20140824,909,13,822,3,1,12,14:27:28,22769,0
20140824,909,13,4,6,1,12,14:27:29,28920,0
20140824,909,13,18,1,1,13,14:29:34,22800,0
20140824,909,13,154,206,2,13,14:30:15,22838,0
20140824,909,13,821,15,1,14,14:31:51,23259,0
20140824,909,13,818,5,1,15,14:33:42,23571,0
20140824,909,13,1,130,2,17,14:38:06,23066,0
20140824,909,13,3,130,2,19,14:41:14,22936,0
20140824,909,13,8,6,2,21,14:44:58,22819,0
20140824,909,13,13,3,2,21,14:45:39,24083,0
20140824,909,13,16,15,2,21,14:45:40,23779,0
20140824,909,13,20,9,2,22,14:46:57,22731,0
20140824,909,13,815,10,2,22,14:47:17,22977,0
20140824,909,13,825,1,2,23,14:49:03,22414,0
20140824,909,13,824,204,2,23,14:50:34,23918,0
20140824,909,13,826,5,2,24,14:51:10,24436,0
20140824,909,13,828,205,2,24,14:52:11,24213,0
20140824,909,13,4,6,2,25,14:52:56,22974,0
20140824,909,13,817,9,2,27,14:56:18,22675,0
20140824,909,13,154,206,3,27,14:57:40,24569,0
20140824,909,13,822,3,2,28,14:58:29,23176,0
20140824,909,13,18,1,2,29,15:00:43,22588,0
20140824,909,13,818,5,2,29,15:01:07,23202,0
20140824,909,13,820,204,2,29,15:02:05,24873,0
20140824,909,13,808,10,2,30,15:02:51,23841,0
20140824,909,13,821,15,2,30,15:03:10,22898,0
20140824,909,13,1,130,3,31,15:05:18,24757,0
20140824,909,13,3,130,3,34,15:09:54,23392,0
20140824,909,13,20,9,3,34,15:10:16,23190,0
20140824,909,13,16,15,3,34,15:10:53,23732,0
20140824,909,13,13,3,3,35,15:12:42,23224,0
20140907,910,14,821,15,1,9,14:17:44,26376,0
20140907,910,14,20,9,1,18,14:31:00,25176,0
20140907,910,14,815,10,1,19,14:32:34,24938,0
20140907,910,14,808,10,1,19,14:32:44,25547,0
20140907,910,14,8,6,1,20,14:34:06,24547,0
20140907,910,14,154,206,1,20,14:34:42,25098,0
20140907,910,14,825,1,1,21,14:35:33,24214,0
20140907,910,14,4,6,1,21,14:35:34,24913,0
20140907,910,14,813,206,1,21,14:35:52,24223,0
20140907,910,14,18,1,1,22,14:37:04,24669,0
20140907,910,14,155,205,1,22,14:37:42,25277,0
20140907,910,14,13,3,1,23,14:38:19,24323,0
20140907,910,14,3,130,1,24,14:39:36,24583,0
20140907,910,14,822,3,1,24,14:40:01,24991,0
20140907,910,14,818,5,1,24,14:40:20,25046,0
20140907,910,14,16,15,1,24,14:40:40,26864,0
20140907,910,14,1,130,1,25,14:41:07,24453,0
20140907,910,14,817,9,1,26,14:43:11,24388,0
20140907,910,14,824,204,1,27,14:45:35,26641,0
20140907,910,14,826,5,1,30,14:49:25,24651,0
20140907,910,14,828,205,1,30,14:50:45,28685,0
20140907,910,14,821,15,2,36,14:59:03,25693,0
20140907,910,14,821,15,3,49,15:19:29,26849,0
20140921,911,15,818,5,2,24,20:50:42,35309,0
20140921,911,15,16,15,2,24,20:51:16,29748,0
20140921,911,15,20,9,2,25,20:52:01,28733,0
20140921,911,15,8,6,2,25,20:52:18,29164,0
20140921,911,15,808,10,2,25,20:52:46,29362,0
20140921,911,15,1,130,2,26,20:53:42,31040,0
20140921,911,15,825,1,2,26,20:54:35,28841,0
20140921,911,15,817,9,2,27,20:55:55,29113,0
20140921,911,15,815,10,2,29,21:00:56,29502,0
20140921,911,15,154,206,3,30,21:02:56,29761,0
20140921,911,15,813,206,3,30,21:03:14,29363,0
20140921,911,15,815,10,3,30,21:03:37,35289,0
20140921,911,15,824,204,2,30,21:03:38,29885,0
20140921,911,15,4,6,3,31,21:04:03,28991,0
20140921,911,15,828,205,2,30,21:04:09,30364,0
20140921,911,15,18,1,2,31,21:04:39,28627,0
20140921,911,15,8,6,3,31,21:04:42,30194,0
20140921,911,15,808,10,3,31,21:05:18,30415,0
20140921,911,15,16,15,3,31,21:06:15,30672,0
20140921,911,15,813,206,4,31,21:06:18,29655,0
20140921,911,15,820,204,3,41,21:28:56,29877,0
20140921,911,15,826,5,3,43,21:32:14,31092,0
20140921,911,15,818,5,3,44,21:34:02,30111,0
20140921,911,15,815,10,4,44,21:34:11,29339,0
20140921,911,15,824,204,3,45,21:36:16,29752,0
20140921,911,15,825,1,3,46,21:37:54,28706,0
20140921,911,15,1,130,3,52,21:48:32,29284,0
20140921,911,15,16,15,1,8,20:19:52,29887,0
20140921,911,15,808,10,1,9,20:21:39,29987,0
20140921,911,15,13,3,1,10,20:23:21,29578,0
20140921,911,15,826,5,1,10,20:23:35,30089,0
20140921,911,15,154,206,1,10,20:23:40,29322,0
20140921,911,15,8,6,1,11,20:25:15,29702,0
20140921,911,15,822,3,1,11,20:25:21,30340,0
20140921,911,15,818,5,1,11,20:25:26,29806,0
20140921,911,15,813,206,1,11,20:25:40,29960,0
20140921,911,15,20,9,1,12,20:26:56,30147,0
20140921,911,15,4,6,1,12,20:27:01,28912,0
20140921,911,15,817,9,1,12,20:27:04,29761,0
20140921,911,15,828,205,1,12,20:28:03,30144,0
20140921,911,15,1,130,1,13,20:28:41,29422,0
20140921,911,15,825,1,1,13,20:29:15,28684,0
20140921,911,15,18,1,1,14,20:31:07,28641,0
20140921,911,15,815,10,1,15,20:33:27,29979,0
20140921,911,15,821,15,1,15,20:33:38,33679,0
20140921,911,15,824,204,1,15,20:33:44,30413,0
20140921,911,15,820,204,1,16,20:36:06,30751,0
20140921,911,15,820,204,2,18,20:40:34,37975,0
20140921,911,15,13,3,2,22,20:46:35,29006,0
20140921,911,15,154,206,2,22,20:47:09,29040,0
20140921,911,15,822,3,2,23,20:48:37,28880,0
20140921,911,15,826,5,2,23,20:49:04,30188,0
20140921,911,15,813,206,2,23,20:49:20,29036,0
20140921,911,15,4,6,2,24,20:50:06,28810,0
20141005,912,22,3,130,1,2,15:06:10,1136516,1
20141005,912,22,1,130,1,2,15:06:11,1137295,1
20141005,912,22,822,3,1,2,15:06:13,1136994,1
20141005,912,22,13,3,1,2,15:06:15,1136594,1
20141005,912,22,4,6,1,2,15:06:17,1137051,1
20141005,912,22,817,9,1,2,15:06:20,1135520,1
20141005,912,22,825,1,1,2,15:06:21,1135891,1
20141005,912,22,18,1,1,2,15:06:23,1136054,1
20141005,912,22,20,9,1,2,15:06:26,1134978,1
20141005,912,22,8,6,1,2,15:06:28,1135276,1
20141005,912,22,815,10,1,2,15:06:30,1135712,1
20141005,912,22,826,5,1,2,15:06:33,1134529,1
20141005,912,22,808,10,1,2,15:06:35,1136562,1
20141005,912,22,16,15,1,2,15:06:37,1135797,1
20141005,912,22,821,15,1,2,15:06:39,1134553,1
20141005,912,22,154,206,1,2,15:06:42,1133680,1
20141005,912,22,824,204,1,2,15:06:44,1133708,1
20141005,912,22,155,205,1,2,15:06:47,1133381,1
20141005,912,22,818,5,1,2,15:06:50,1136557,1
20141005,912,22,820,204,1,2,15:06:52,1135937,1
20141005,912,22,813,206,1,2,15:07:03,1127145,1
20141005,912,22,828,205,1,2,15:07:18,1113851,1
20141005,912,22,18,1,2,9,15:44:19,24532,0
20141005,912,22,813,206,2,9,15:44:28,25460,0
20141005,912,22,822,3,2,11,15:48:14,24465,0
20141005,912,22,817,9,2,11,15:48:16,24184,0
20141005,912,22,825,1,2,11,15:48:17,24550,0
20141005,912,22,8,6,2,11,15:48:20,25191,0
20141005,912,22,815,10,2,11,15:48:20,24971,0
20141005,912,22,826,5,2,11,15:48:22,24567,0
20141005,912,22,821,15,2,11,15:48:25,24873,0
20141005,912,22,154,206,2,11,15:48:26,24011,0
20141005,912,22,155,205,2,11,15:48:28,28656,0
20141005,912,22,818,5,2,11,15:48:29,25451,0
20141005,912,22,828,205,2,11,15:48:34,31187,0
20141005,912,22,820,204,2,11,15:48:36,25879,0
20141005,912,22,13,3,2,12,15:50:12,24374,0
20141005,912,22,20,9,2,12,15:50:13,23764,0
20141005,912,22,808,10,2,12,15:50:17,24696,0
20141005,912,22,16,15,2,12,15:50:21,25136,0
20141005,912,22,3,130,2,13,15:51:49,23696,0
20141005,912,22,824,204,2,13,15:52:24,25116,0
20141005,912,22,1,130,2,14,15:53:43,23891,0
20141005,912,22,825,1,3,15,15:56:34,33215,0
20141005,912,22,818,5,3,19,16:04:37,24353,0
20141005,912,22,154,206,3,21,16:08:25,23656,0
20141005,912,22,16,15,3,22,16:10:19,24407,0
20141005,912,22,813,206,3,22,16:10:28,24184,0
20141005,912,22,8,6,3,23,16:12:06,32466,0
20141005,912,22,826,5,3,23,16:12:08,24222,0
20141005,912,22,820,204,3,23,16:12:57,25278,0
20141005,912,22,824,204,3,24,16:14:29,24910,0
20141005,912,22,815,10,3,25,16:16:02,24622,0
20141005,912,22,828,205,3,25,16:16:32,25977,0
20141005,912,22,808,10,3,26,16:17:49,23873,0
20141005,912,22,155,205,3,26,16:18:42,25635,0
20141005,912,22,20,9,3,29,16:22:58,23443,0
20141005,912,22,18,1,3,31,16:26:40,28547,0
20141005,912,22,16,15,4,32,16:30:14,24314,0
20141005,912,22,3,130,3,33,16:30:17,24862,0
20141005,912,22,825,1,4,33,16:32:03,23701,0
20141005,912,22,821,15,3,34,16:33:51,26943,0
20141005,912,22,8,6,4,34,16:33:52,24173,0
20141005,912,22,154,206,4,34,16:33:58,23745,0
20141005,912,22,1,130,3,35,16:34:00,23677,0
20141005,912,22,817,9,3,36,16:36:14,25607,0
20141005,912,22,13,3,3,37,16:39:03,24930,0
20141005,912,22,822,3,3,38,16:40:55,25052,0
20141005,912,22,155,205,4,38,16:42:35,25576,0
20141005,912,22,826,5,4,39,16:43:18,26554,0
20141005,912,22,828,205,4,39,16:44:06,25655,0
20141005,912,22,155,205,5,39,16:45:03,24907,0
20141005,912,22,813,206,4,40,16:45:34,25981,0
20141005,912,22,825,1,5,40,16:45:43,24361,0
20141005,912,22,18,1,4,42,16:48:03,24757,0
20141005,912,22,808,10,4,43,16:51:01,24792,0
20141005,912,22,815,10,4,43,16:51:21,25313,0
20141005,912,22,8,6,5,43,16:51:48,24768,0
20141005,912,22,154,206,5,43,16:52:21,23785,0
20141012,913,71,3,130,1,1,15:05:38,33820,0
20141012,913,71,13,3,1,1,15:05:45,29912,0
20141012,913,71,820,204,1,4,15:11:25,31374,0
20141012,913,71,817,9,1,11,15:23:27,30006,0
20141012,913,71,16,15,1,12,15:25:38,30733,0
20141012,913,71,826,5,1,20,15:39:18,31584,0
20141012,913,71,154,206,1,20,15:39:40,30037,0
20141012,913,71,813,206,1,21,15:41:54,30180,0
20141012,913,71,18,1,1,22,15:42:24,29994,0
20141012,913,71,818,5,1,23,15:44:29,30272,0
20141012,913,71,808,10,1,24,15:46:32,30096,0
20141012,913,71,4,6,1,25,15:47:40,35112,0
20141012,913,71,815,10,1,25,15:48:06,29876,0
20141012,913,71,822,3,1,26,15:49:13,30363,0
20141012,913,71,825,1,1,26,15:49:27,29736,0
20141012,913,71,8,6,1,26,15:49:44,30097,0
20141012,913,71,1,130,1,27,15:50:40,30503,0
20141012,913,71,13,3,2,27,15:51:39,30278,0
20141012,913,71,828,205,1,27,15:52:14,31020,0
20141012,913,71,20,9,1,30,15:56:37,30355,0
20141012,913,71,826,5,2,37,16:09:35,30321,0
20141012,913,71,821,15,1,39,16:12:57,30303,0
20141012,913,71,828,205,2,43,16:21:18,30760,0
20141102,914,69,825,1,1,1,14:05:26,26881,0
20141102,914,69,808,10,1,1,14:05:32,33427,0
20141102,914,69,18,1,1,1,14:05:32,26806,0
20141102,914,69,821,15,1,1,14:05:34,25007,0
20141102,914,69,20,9,1,1,14:05:37,24226,0
20141102,914,69,20,9,2,2,14:08:25,23909,0
20141102,914,69,13,3,1,14,14:30:44,24488,0
20141102,914,69,817,9,1,14,14:30:46,24040,0
20141102,914,69,3,130,1,15,14:32:19,24433,0
20141102,914,69,822,3,1,15,14:32:30,24151,0
20141102,914,69,813,206,1,15,14:32:45,29734,0
20141102,914,69,818,5,1,15,14:32:46,30158,0
20141102,914,69,1,130,1,16,14:34:07,24368,0
20141102,914,69,4,6,1,16,14:34:26,24601,0
20141102,914,69,154,206,1,16,14:34:33,24688,0
20141102,914,69,8,6,1,17,14:36:16,24131,0
20141102,914,69,821,15,2,20,14:42:01,31198,0
20141102,914,69,826,5,1,21,14:43:32,24995,0
20141102,914,69,20,9,3,26,14:52:33,23799,0
20141102,914,69,825,1,2,27,14:54:14,24497,0
20141102,914,69,18,1,2,28,14:56:05,23546,0
20141102,914,69,154,206,2,29,14:57:45,23802,0
20141102,914,69,818,5,2,29,14:57:50,24553,0
20141102,914,69,822,3,2,30,14:58:59,24283,0
20141102,914,69,817,9,2,31,15:00:38,24356,0
20141102,914,69,13,3,2,32,15:02:21,25456,0
20141102,914,69,1,130,2,33,15:03:57,24244,0
20141102,914,69,3,130,2,34,15:05:43,24513,0
20141102,914,69,813,206,2,35,15:08:22,24468,0
20141102,914,69,821,15,3,40,15:17:42,24726,0
20141102,914,69,826,5,2,41,15:18:59,24189,0
20141102,914,69,8,6,2,42,15:20:41,23872,0
20141102,914,69,4,6,2,43,15:22:10,24133,0
20141102,914,69,20,9,4,48,15:31:17,23948,0
20141102,914,69,826,5,3,51,15:36:52,26541,0
20141102,914,69,8,6,3,52,15:38:29,24226,0
20141109,915,18,813,206,1,4,14:08:39,23753,0
20141109,915,18,13,3,1,5,14:09:42,23220,0
20141109,915,18,815,10,1,5,14:09:55,23467,0
20141109,915,18,822,3,1,6,14:11:00,23294,0
20141109,915,18,18,1,1,6,14:11:00,23018,0
20141109,915,18,20,9,1,6,14:11:07,23808,0
20141109,915,18,3,130,1,7,14:12:10,23730,0
20141109,915,18,825,1,1,7,14:12:21,23061,0
20141109,915,18,4,6,1,7,14:12:23,23278,0
20141109,915,18,817,9,1,7,14:12:24,23141,0
20141109,915,18,1,130,1,8,14:13:27,23351,0
20141109,915,18,821,15,1,8,14:13:43,23661,0
20141109,915,18,8,6,1,8,14:13:44,23427,0
20141109,915,18,818,5,1,9,14:15:04,23782,0
20141109,915,18,808,10,1,16,14:24:01,23554,0
20141109,915,18,826,5,1,18,14:26:39,25001,0
20141109,915,18,16,15,1,18,14:26:52,29465,0
20141109,915,18,20,9,2,24,14:34:28,23195,0
20141109,915,18,154,206,1,24,14:34:30,25591,0
20141109,915,18,13,3,2,25,14:35:32,30084,0
20141109,915,18,815,10,2,25,14:35:57,22997,0
20141109,915,18,3,130,2,26,14:36:33,23346,0
20141109,915,18,822,3,2,26,14:36:50,35284,0
20141109,915,18,825,1,2,26,14:36:58,24190,0
20141109,915,18,18,1,2,27,14:38:10,22620,0
20141109,915,18,817,9,2,27,14:38:18,22871,0
20141109,915,18,821,15,2,27,14:38:26,24267,0
20141109,915,18,818,5,2,27,14:38:30,24408,0
20141109,915,18,813,206,2,27,14:38:36,22865,0
20141109,915,18,1,130,2,28,14:39:09,24224,0
20141109,915,18,4,6,2,28,14:39:32,23134,0
20141109,915,18,8,6,2,35,14:48:30,27934,0
20141109,915,18,808,10,2,36,14:49:47,23323,0
20141109,915,18,826,5,2,38,14:52:30,24385,0
20141109,915,18,16,15,2,39,14:54:06,24302,0
20141109,915,18,154,206,2,40,14:55:19,23023,0
20141109,915,18,822,3,3,42,14:57:48,26463,0
20141109,915,18,813,206,3,45,15:01:47,23090,0
20141109,915,18,818,5,3,46,15:03:02,24002,0
20141109,915,18,825,1,3,47,15:03:59,24131,0
20141109,915,18,815,10,3,47,15:04:19,30067,0
20141109,915,18,20,9,3,48,15:05:05,22746,0
20141109,915,18,821,15,3,48,15:05:32,23418,0
20141109,915,18,3,130,3,50,15:06:59,23240,0
20141109,915,18,16,15,3,49,15:07:08,24853,0
20141109,915,18,13,3,3,50,15:07:25,26918,0
20141109,915,18,18,1,3,50,15:07:33,23383,0
20141109,915,18,1,130,3,51,15:08:16,22874,0
20141109,915,18,4,6,3,52,15:10:12,23077,0
20141109,915,18,826,5,3,59,15:19:23,24726,0
20141109,915,18,154,206,3,59,15:19:41,23197,0
20141109,915,18,808,10,3,60,15:20:21,23411,0
20141123,916,24,154,206,1,1,17:05:39,16120,0
20141123,916,24,4,6,1,5,17:12:48,21619,0
20141123,916,24,16,15,1,5,17:13:03,22491,0
20141123,916,24,18,1,1,6,17:14:36,22627,0
20141123,916,24,826,5,1,6,17:14:38,24169,0
20141123,916,24,8,6,1,6,17:14:41,21546,0
20141123,916,24,821,15,1,7,17:16:39,23128,0
20141123,916,24,813,206,1,7,17:16:42,21998,0
20141123,916,24,154,206,2,8,17:18:40,21699,0
20141123,916,24,1,130,1,10,17:21:35,21885,0
20141123,916,24,822,3,1,10,17:21:52,21661,0
20141123,916,24,3,130,1,11,17:23:26,21741,0
20141123,916,24,13,3,1,13,17:27:05,22054,0
20141123,916,24,818,5,1,13,17:27:37,22919,0
20141123,916,24,815,10,1,14,17:29:24,22031,0
20141123,916,24,829,205,1,14,17:30:04,24144,0
20141123,916,24,808,10,1,15,17:31:09,27445,0
20141123,916,24,155,205,1,15,17:31:40,24421,0
20141123,916,24,825,1,1,21,17:42:16,22087,0
20141123,916,24,20,9,1,21,17:42:18,23094,0
20141123,916,24,154,206,3,21,17:42:47,21574,0
20141123,916,24,16,15,2,22,17:44:35,22277,0
20141123,916,24,8,6,2,26,17:51:27,22206,0
20141123,916,24,817,9,1,27,17:52:58,21747,0
20141123,916,24,4,6,2,27,17:53:14,22068,0
20141123,916,24,18,1,2,28,17:55:03,22042,0
20141123,916,24,821,15,2,28,17:55:32,23270,0
20141123,916,24,825,1,2,29,17:57:15,21623,0
20141123,916,24,818,5,2,30,17:58:48,22761,0
20141123,916,24,1,130,2,31,17:59:40,21887,0
20141123,916,24,3,130,2,34,18:05:35,24083,0
20141123,916,24,822,3,2,35,18:07:17,22015,0
20141123,916,24,155,205,2,36,18:10:43,22426,0
20141123,916,24,808,10,2,37,18:11:24,21642,0
20141123,916,24,16,15,3,37,18:12:07,22227,0
20141123,916,24,829,205,2,37,18:13:03,23545,0
20141123,916,24,815,10,2,41,18:18:37,22325,0
20141123,916,24,13,3,2,43,18:21:15,22040,0
20141123,916,24,818,5,3,44,18:24:19,22348,0
20141123,916,24,20,9,2,46,18:27:33,21611,0
20141123,916,24,817,9,2,47,18:28:55,21582,0
20150315,917,1,828,15,1,1,16:05:59,22681,0
20150315,917,1,8,6,1,16,16:31:07,27465,0
20150315,917,1,13,3,1,21,16:38:38,22062,0
20150315,917,1,808,10,1,21,16:39:11,22137,0
20150315,917,1,817,9,1,23,16:42:09,22535,0
20150315,917,1,20,6,1,24,16:43:16,22694,0
20150315,917,1,832,5,1,24,16:43:48,55789,0
20150315,917,1,1,130,1,25,16:44:32,22295,0
20150315,917,1,831,15,1,25,16:45:12,22933,0
20150315,917,1,3,130,1,26,16:46:11,22105,0
20150315,917,1,828,15,2,26,16:47:15,23254,0
20150315,917,1,18,1,1,27,16:49:15,23353,0
20150315,917,1,830,5,1,32,16:56:30,23532,0
20150315,917,1,815,10,1,38,17:06:52,26009,0
20150315,917,1,8,6,2,40,17:08:30,22405,0
20150315,917,1,828,15,3,43,17:14:28,22353,0
20150315,917,1,808,10,2,44,17:15:43,21612,0
20150329,918,2,813,206,1,1,15:06:15,37289,0
20150329,918,2,831,15,1,2,15:07:27,33918,0
20150329,918,2,8,6,1,2,15:08:04,27285,0
20150329,918,2,1,130,1,4,15:11:07,26094,0
20150329,918,2,3,130,1,4,15:11:11,33689,0
20150329,918,2,817,9,1,4,15:11:13,26714,0
20150329,918,2,13,3,1,4,15:11:16,25831,0
20150329,918,2,826,9,1,4,15:11:17,30463,0
20150329,918,2,830,5,1,4,15:11:22,29516,0
20150329,918,2,822,3,1,4,15:11:24,30154,0
20150329,918,2,4,1,1,4,15:11:32,25222,0
20150329,918,2,18,1,1,4,15:11:38,33027,0
20150329,918,2,833,207,1,5,15:14:03,27540,0
20150329,918,2,832,5,1,14,15:30:50,25126,0
20150329,918,2,8,6,2,14,15:30:53,24744,0
20150329,918,2,808,10,1,15,15:32:38,25826,0
20150329,918,2,154,206,1,15,15:32:40,24377,0
20150329,918,2,20,6,1,17,15:35:47,23996,0
20150329,918,2,815,10,1,17,15:36:31,25268,0
20150329,918,2,817,9,2,18,15:38:11,25604,0
20150329,918,2,813,206,2,18,15:38:27,37394,0
20150329,918,2,830,5,2,20,15:41:45,25655,0
20150329,918,2,831,15,2,20,15:42:00,25741,0
20150329,918,2,826,9,2,21,15:43:36,24781,0
20150329,918,2,18,1,2,21,15:43:48,25581,0
20150329,918,2,833,207,2,22,15:46:29,27004,0
20150329,918,2,1,130,2,24,15:48:25,24595,0
20150329,918,2,13,3,2,24,15:48:49,24788,0
20150329,918,2,822,3,2,25,15:50:42,24432,0
20150329,918,2,3,130,2,26,15:52:07,24574,0
20150329,918,2,154,206,2,26,15:52:37,24621,0
20150329,918,2,831,15,3,30,16:00:16,25331,0
20150329,918,2,808,10,2,31,16:02:02,25047,0
20150329,918,2,832,5,2,32,16:03:31,25165,0
20150329,918,2,813,206,3,33,16:05:48,24276,0
20150329,918,2,8,6,3,34,16:06:41,24653,0
20150329,918,2,817,9,3,34,16:07:16,25393,0
20150329,918,2,154,206,3,34,16:07:29,26014,0
20150329,918,2,815,10,2,35,16:09:15,35776,0
20150329,918,2,18,1,3,35,16:09:16,25846,0
20150329,918,2,20,6,2,37,16:11:15,25092,0
20150329,918,2,1,130,3,38,16:13:14,24179,0
20150329,918,2,13,3,3,38,16:13:54,26971,0
20150329,918,2,826,9,3,39,16:16:13,26149,0
20150329,918,2,822,3,3,40,16:17:30,25002,0
20150329,918,2,830,5,3,40,16:17:48,24768,0
20150329,918,2,3,130,3,41,16:18:40,24336,0
20150329,918,2,831,15,4,43,16:23:49,25204,0
20150329,918,2,833,207,3,42,16:24:30,29202,0
20150329,918,2,808,10,3,44,16:25:34,35351,0
20150412,919,17,831,15,1,10,14:21:26,23409,0
20150412,919,17,813,206,1,11,14:23:09,22470,0
20150412,919,17,815,10,1,11,14:23:19,22829,0
20150412,919,17,154,206,1,12,14:24:52,23421,0
20150412,919,17,830,5,1,12,14:24:59,24256,0
20150412,919,17,4,1,1,12,14:25:14,23238,0
20150412,919,17,20,6,1,13,14:26:23,22488,0
20150412,919,17,13,3,1,13,14:26:33,23145,0
20150412,919,17,1,130,1,14,14:28:00,22645,0
20150412,919,17,822,3,1,14,14:28:20,23084,0
20150412,919,17,828,15,1,14,14:28:36,23846,0
20150412,919,17,817,9,1,14,14:28:38,22635,0
20150412,919,17,18,1,1,14,14:28:51,23936,0
20150412,919,17,3,130,1,15,14:29:48,22483,0
20150412,919,17,8,6,1,15,14:29:55,22818,0
20150412,919,17,829,207,1,16,14:32:55,24132,0
20150412,919,17,833,207,1,17,14:34:51,25938,0
20150412,919,17,832,5,1,19,14:37:55,23795,0
20150412,919,17,815,10,2,26,14:50:03,23338,0
20150412,919,17,20,6,2,30,14:56:09,22444,0
20150412,919,17,828,15,2,30,14:57:12,24589,0
20150412,919,17,3,130,2,31,14:57:50,22829,0
20150412,919,17,831,15,2,31,14:58:53,23732,0
20150412,919,17,154,206,2,32,15:00:30,23605,0
20150412,919,17,830,5,2,32,15:00:35,23258,0
20150412,919,17,18,1,2,32,15:00:57,23273,0
20150412,919,17,1,130,2,33,15:01:11,22235,0
20150412,919,17,813,206,2,33,15:02:42,22899,0
20150412,919,17,8,6,2,34,15:03:09,22453,0
20150412,919,17,13,3,2,34,15:03:37,23317,0
20150412,919,17,822,3,2,35,15:05:28,23582,0
20150412,919,17,4,1,2,35,15:06:28,23345,0
20150412,919,17,817,9,2,36,15:07:45,22897,0
20150412,919,17,829,207,2,38,15:13:29,24054,0
20150412,919,17,832,5,2,39,15:14:00,23424,0
20150412,919,17,815,10,3,41,15:16:42,23144,0
20150412,919,17,833,207,2,40,15:17:19,24088,0
20150412,919,17,813,206,3,48,15:29:49,17912,0
20150419,920,3,830,5,1,6,18:14:10,39338,0
20150419,920,3,808,10,1,10,18:20:48,26652,0
20150419,920,3,831,15,1,10,18:20:56,25459,0
20150419,920,3,13,3,1,10,18:20:57,24894,0
20150419,920,3,813,206,1,10,18:20:58,30426,0
20150419,920,3,828,15,1,11,18:22:33,26045,0
20150419,920,3,832,5,1,11,18:22:40,32647,0
20150419,920,3,154,206,1,12,18:24:12,24735,0
20150419,920,3,20,6,1,13,18:25:38,24509,0
20150419,920,3,4,1,1,13,18:26:08,25370,0
20150419,920,3,3,130,1,14,18:27:16,25311,0
20150419,920,3,822,3,1,14,18:27:28,25293,0
20150419,920,3,817,9,1,14,18:27:29,25723,0
20150419,920,3,1,130,1,15,18:28:52,25791,0
20150419,920,3,826,9,1,15,18:29:32,25421,0
20150419,920,3,8,6,1,17,18:32:23,24773,0
20150419,920,3,815,10,1,17,18:32:51,25573,0
20150419,920,3,833,207,1,18,18:35:44,25834,0
20150419,920,3,829,207,1,19,18:37:18,26103,0
20150419,920,3,831,15,2,24,18:44:52,25898,0
20150419,920,3,13,3,2,24,18:44:53,25017,0
20150419,920,3,813,206,2,24,18:44:54,24310,0
20150419,920,3,828,15,2,25,18:46:26,49162,0
20150419,920,3,808,10,2,25,18:46:33,24679,0
20150419,920,3,832,5,2,29,18:53:43,26593,0
20150419,920,3,830,5,2,30,18:55:37,27225,0
20150419,920,3,154,206,2,31,18:56:32,25259,0
20150419,920,3,20,6,2,32,18:57:31,24449,0
20150419,920,3,1,130,2,33,18:59:01,24528,0
20150419,920,3,822,3,2,33,18:59:33,24623,0
20150419,920,3,3,130,2,34,19:00:48,25418,0
20150419,920,3,829,207,2,33,19:01:49,26479,0
20150419,920,3,826,9,2,34,19:01:53,24692,0
20150419,920,3,817,9,2,35,19:03:02,24943,0
20150419,920,3,4,1,2,35,19:03:51,24878,0
20150419,920,3,833,207,2,34,19:04:04,27573,0
20150419,920,3,20,6,3,36,19:04:29,33921,0
20150419,920,3,815,10,2,37,19:06:50,25288,0
20150419,920,3,828,15,3,37,19:07:13,26042,0
20150419,920,3,808,10,3,38,19:08:50,24979,0
20150419,920,3,8,6,2,40,19:10:55,24547,0
20150419,920,3,813,206,3,41,19:13:31,107394,1
20150419,920,3,831,15,3,41,19:13:54,26210,0
20150510,921,4,808,10,1,10,14:19:46,22659,0
20150510,921,4,826,9,1,11,14:21:18,22667,0
20150510,921,4,18,1,1,11,14:21:23,22589,0
20150510,921,4,831,15,1,12,14:22:55,22677,0
20150510,921,4,1,130,1,13,14:23:49,24586,0
20150510,921,4,817,9,1,13,14:24:18,22440,0
20150510,921,4,830,5,1,13,14:24:19,24396,0
20150510,921,4,20,6,1,14,14:25:21,21762,0
20150510,921,4,13,3,1,14,14:25:37,22139,0
20150510,921,4,813,206,1,14,14:25:48,24976,0
20150510,921,4,832,5,1,14,14:25:58,22859,0
20150510,921,4,3,130,1,15,14:26:45,21870,0
20150510,921,4,822,3,1,15,14:27:01,22082,0
20150510,921,4,154,206,1,15,14:27:28,23309,0
20150510,921,4,813,206,2,15,14:27:46,32459,0
20150510,921,4,829,207,1,16,14:29:49,24687,0
20150510,921,4,8,6,1,17,14:30:09,22623,0
20150510,921,4,833,207,1,17,14:31:33,24631,0
20150510,921,4,828,15,1,18,14:32:23,25272,0
20150510,921,4,815,10,1,19,14:33:59,22468,0
20150510,921,4,4,1,1,21,14:37:01,23728,0
20150510,921,4,808,10,2,26,14:45:13,22534,0
20150510,921,4,18,1,2,27,14:47:05,23327,0
20150510,921,4,833,207,2,30,14:53:03,23070,0
20150510,921,4,1,130,2,32,14:53:17,22727,0
20150510,921,4,13,3,2,32,14:53:41,22629,0
20150510,921,4,829,207,2,32,14:56:02,23043,0
20150510,921,4,815,10,2,36,15:01:03,22426,0
20150510,921,4,830,5,2,37,15:02:19,22607,0
20150510,921,4,826,9,2,38,15:03:48,22273,0
20150510,921,4,831,15,2,39,15:05:35,23186,0
20150510,921,4,20,6,2,40,15:05:38,21836,0
20150510,921,4,154,206,2,40,15:06:43,33256,0
20150510,921,4,8,6,2,41,15:07:35,21789,0
20150510,921,4,822,3,2,42,15:08:57,21800,0
20150510,921,4,817,9,2,42,15:09:42,24884,0
20150510,921,4,832,5,2,42,15:10:08,22178,0
20150510,921,4,813,206,3,43,15:12:01,22575,0
20150510,921,4,3,130,2,45,15:13:00,22452,0
20150510,921,4,18,1,3,44,15:13:49,24066,0
20150510,921,4,828,15,2,45,15:15:00,22872,0
20150510,921,4,13,3,3,47,15:17:04,22257,0
20150510,921,4,829,207,3,47,15:20:31,22796,0
20150510,921,4,808,10,3,49,15:21:24,22545,0
20150510,921,4,1,130,3,51,15:22:23,21965,0
20150510,921,4,833,207,3,49,15:24:15,24200,0
20150524,922,6,808,10,1,1,14:04:47,34773,0
20150524,922,6,13,3,1,1,14:05:03,42934,0
20150524,922,6,832,5,1,12,14:19:42,25306,0
20150524,922,6,822,3,1,14,14:22:23,24641,0
20150524,922,6,828,15,1,14,14:22:25,25618,0
20150524,922,6,154,206,1,17,14:26:21,25077,0
20150524,922,6,831,15,1,18,14:27:40,25732,0
20150524,922,6,826,9,1,28,14:40:43,25119,0
20150524,922,6,830,5,1,29,14:42:14,52821,0
20150524,922,6,808,10,2,31,14:46:02,24758,0
20150524,922,6,4,1,1,32,14:46:31,30345,0
20150524,922,6,829,207,1,33,14:50:20,28606,0
20150524,922,6,18,1,1,35,14:50:28,25062,0
20150524,922,6,20,6,1,36,14:51:19,24851,0
20150524,922,6,817,9,1,36,14:51:34,24501,0
20150524,922,6,815,10,1,36,14:51:43,24733,0
20150524,922,6,3,130,1,37,14:52:37,24789,0
20150524,922,6,833,207,1,35,14:52:53,27554,0
20150524,922,6,8,6,1,37,14:52:54,24177,0
20150524,922,6,1,130,1,38,14:53:49,24181,0
20150524,922,6,828,15,2,38,14:55:31,25398,0
20150524,922,6,13,3,2,39,14:58:08,24970,0
20150524,922,6,830,5,2,46,15:06:05,25736,0
20150524,922,6,822,3,2,56,15:19:50,24412,0
20150524,922,6,13,3,3,62,15:29:53,24395,0
20150524,922,6,815,10,2,64,15:29:57,25119,0
20150524,922,6,18,1,2,64,15:30:17,24661,0
20150524,922,6,1,130,2,65,15:30:51,25495,0
20150524,922,6,831,15,2,64,15:30:55,26420,0
20150524,922,6,817,9,2,65,15:31:26,24244,0
20150524,922,6,828,15,3,69,15:40:15,25234,0
20150607,923,7,18,1,1,1,14:04:39,18057,0
20150607,923,7,20,6,1,7,14:12:45,27241,0
20150607,923,7,813,206,1,17,14:25:56,23660,0
20150607,923,7,817,9,1,23,14:34:08,23997,0
20150607,923,7,815,10,1,24,14:35:26,23453,0
20150607,923,7,8,6,1,26,14:37:27,23630,0
20150607,923,7,831,15,1,26,14:38:33,24795,0
20150607,923,7,154,206,1,27,14:39:08,24292,0
20150607,923,7,826,9,1,27,14:39:23,23681,0
20150607,923,7,832,5,1,27,14:39:37,24277,0
20150607,923,7,822,3,1,28,14:40:10,25541,0
20150607,923,7,808,10,1,28,14:40:35,23507,0
20150607,923,7,828,15,1,28,14:40:57,24149,0
20150607,923,7,1,130,1,29,14:41:11,23708,0
20150607,923,7,3,130,1,30,14:42:33,23321,0
20150607,923,7,4,1,1,31,14:45:06,23553,0
20150607,923,7,20,6,2,35,14:50:00,23945,0
20150607,923,7,829,207,1,34,14:50:14,30807,0
20150607,923,7,833,207,1,35,14:51:40,26986,0
20150607,923,7,13,3,1,37,14:52:40,23912,0
20150607,923,7,830,5,1,39,14:55:43,36105,0
20150607,923,7,8,6,2,40,14:56:15,24578,0
20150607,923,7,18,1,2,44,15:03:06,25374,0
20150621,924,70,826,9,1,1,14:04:37,28632,0
20150621,924,70,828,15,1,2,14:06:56,30232,0
20150621,924,70,18,1,1,3,14:09:03,24104,0
20150621,924,70,18,1,2,6,14:14:39,28727,0
20150621,924,70,828,15,2,12,14:22:17,16211,0
20150621,924,70,154,206,1,23,14:35:38,22016,0
20150621,924,70,831,15,1,24,14:36:49,22803,0
20150621,924,70,808,10,1,25,14:37:53,21685,0
20150621,924,70,832,5,1,25,14:38:02,27638,0
20150621,924,70,822,3,1,26,14:39:05,22777,0
20150621,924,70,830,5,1,26,14:39:12,21984,0
20150621,924,70,3,130,1,33,14:47:13,21768,0
20150621,924,70,13,3,1,34,14:48:45,22447,0
20150621,924,70,1,130,1,35,14:49:40,21869,0
20150621,924,70,833,207,1,34,14:50:23,23926,0
20150621,924,70,20,6,1,36,14:51:04,31882,0
20150621,924,70,813,206,1,37,14:52:53,21847,0
20150621,924,70,815,10,1,38,14:54:06,26689,0
20150621,924,70,826,9,2,45,15:03:07,22111,0
20150621,924,70,828,15,3,45,15:04:13,22449,0
20150621,924,70,817,9,1,50,15:09:02,27710,0
20150705,925,9,4,1,1,1,13:05:14,71178,1
20150705,925,9,817,9,1,11,13:23:42,28464,0
20150705,925,9,832,5,1,12,13:25:22,29393,0
20150705,925,9,8,6,1,13,13:26:56,28974,0
20150705,925,9,20,6,1,14,13:28:38,28946,0
20150705,925,9,4,1,2,17,13:34:06,28703,0
20150705,925,9,826,9,1,18,13:35:17,28347,0
20150705,925,9,1,130,1,19,13:36:43,28417,0
20150705,925,9,808,10,1,19,13:36:56,28558,0
20150705,925,9,13,3,1,20,13:38:21,29369,0
20150705,925,9,3,130,1,20,13:38:22,28393,0
20150705,925,9,815,10,1,20,13:38:41,28860,0
20150705,925,9,817,9,2,20,13:39:28,43240,0
20150705,925,9,822,3,1,21,13:39:59,28781,0
20150705,925,9,828,15,1,23,13:43:56,29598,0
20150705,925,9,829,207,1,36,14:07:55,48861,0
20150705,925,9,833,207,1,36,14:08:22,34672,0
20150705,925,9,828,15,2,37,14:08:39,30867,0
20150705,925,9,4,1,3,37,14:08:45,32593,0
20150705,925,9,8,6,2,38,14:09:28,30397,0
20150705,925,9,828,15,3,41,14:16:26,29828,0
20150705,925,9,1,130,2,43,14:17:40,28979,0
20150705,925,9,20,6,2,43,14:18:01,29676,0
20150705,925,9,828,15,4,42,14:18:36,30197,0
20150705,925,9,3,130,2,44,14:19:37,30393,0
20150705,925,9,13,3,2,44,14:19:54,31948,0
20150705,925,9,822,3,2,44,14:20:02,31937,0
20150705,925,9,826,9,2,44,14:20:27,33979,0
20150705,925,9,808,10,2,44,14:20:36,33891,0
20150705,925,9,815,10,2,44,14:21:16,31998,0
20150705,925,9,833,207,2,44,14:24:44,30686,0
20150705,925,9,8,6,3,47,14:26:56,30178,0
20150705,925,9,829,207,2,45,14:27:17,43964,0
20150726,926,11,833,207,1,6,14:15:43,26392,0
20150726,926,11,822,3,1,13,14:25:47,22974,0
20150726,926,11,826,9,1,13,14:25:51,22072,0
20150726,926,11,13,3,1,14,14:27:28,27936,0
20150726,926,11,830,5,1,14,14:27:30,22536,0
20150726,926,11,18,1,1,14,14:27:33,22231,0
20150726,926,11,154,206,1,14,14:27:34,22805,0
20150726,926,11,831,15,1,14,14:27:41,22729,0
20150726,926,11,808,10,1,15,14:28:49,22573,0
20150726,926,11,832,5,1,15,14:28:58,25096,0
20150726,926,11,4,1,1,15,14:29:00,21567,0
20150726,926,11,815,10,1,16,14:30:25,22068,0
20150726,926,11,828,15,1,16,14:30:36,23005,0
20150726,926,11,1,130,1,19,14:34:42,23146,0
20150726,926,11,3,130,1,20,14:35:52,21780,0
20150726,926,11,20,6,1,21,14:37:10,21900,0
20150726,926,11,817,9,1,21,14:37:37,21824,0
20150726,926,11,8,6,1,22,14:38:42,22566,0
20150726,926,11,813,206,1,24,14:42:53,16444,0
20150726,926,11,813,206,2,25,14:44:40,22812,0
20150726,926,11,829,207,1,26,14:46:47,23051,0
20150726,926,11,13,3,2,29,14:50:32,21915,0
20150726,926,11,815,10,2,30,14:51:57,22409,0
20150726,926,11,833,207,2,30,14:53:11,23125,0
20150726,926,11,831,15,2,32,14:55:00,22907,0
20150726,926,11,826,9,2,33,14:56:04,21574,0
20150726,926,11,828,15,2,33,14:56:29,22199,0
20150726,926,11,154,206,2,34,14:57:48,28707,0
20150726,926,11,18,1,2,35,14:59:17,21753,0
20150726,926,11,808,10,2,36,15:00:25,22222,0
20150726,926,11,4,1,2,36,15:00:39,22300,0
20150726,926,11,832,5,2,36,15:00:44,22930,0
20150726,926,11,830,5,2,37,15:02:04,23431,0
20150726,926,11,822,3,2,38,15:03:21,21867,0
20150726,926,11,3,130,2,42,15:08:45,22013,0
20150726,926,11,815,10,3,41,15:08:53,22574,0
20150726,926,11,1,130,2,42,15:08:57,24272,0
20150726,926,11,813,206,3,41,15:08:57,24972,0
20150726,926,11,828,15,3,41,15:09:02,22747,0
20150726,926,11,817,9,2,42,15:09:07,22008,0
20150726,926,11,20,6,2,43,15:10:02,22028,0
20150726,926,11,8,6,2,43,15:10:21,22270,0
20150726,926,11,154,206,3,42,15:10:37,23972,0
20150726,926,11,829,207,2,41,15:10:40,23664,0
20150726,926,11,831,15,3,42,15:10:56,23097,0
20150726,926,11,833,207,3,41,15:11:07,23207,0
20150726,926,11,826,9,3,43,15:11:48,21663,0
20150726,926,11,4,1,3,43,15:12:11,23162,0
20150726,926,11,20,6,3,45,15:14:38,16639,0
20150726,926,11,832,5,3,44,15:14:39,16660,0
20150726,926,11,18,1,3,44,15:14:41,16488,0
20150726,926,11,4,1,4,44,15:14:42,16796,0
20150726,926,11,8,6,3,45,15:14:43,16979,0
20150726,926,11,13,3,3,44,15:14:44,16823,0
20150726,926,11,154,206,4,44,15:14:46,17064,0
20150726,926,11,3,130,3,45,15:14:48,16623,0
20150726,926,11,829,207,3,43,15:14:50,17116,0
20150726,926,11,815,10,4,44,15:14:51,16958,0
20150726,926,11,1,130,3,45,15:14:53,18249,0
20150726,926,11,813,206,4,44,15:14:53,18782,0
20150726,926,11,828,15,4,44,15:14:55,18577,0
20150726,926,11,831,15,4,44,15:14:57,18246,0
20150726,926,11,817,9,3,45,15:14:58,18270,0
20150726,926,11,833,207,4,43,15:14:59,18085,0
20150726,926,11,822,3,3,45,15:15:16,16427,0
20150726,926,11,830,5,3,45,15:15:29,16485,0
20150726,926,11,826,9,4,45,15:15:35,16453,0
20150726,926,11,20,6,4,46,15:17:03,17121,0
20150726,926,11,832,5,4,45,15:17:04,16786,0
20150726,926,11,18,1,4,45,15:17:06,16639,0
20150726,926,11,4,1,5,45,15:17:07,16879,0
20150726,926,11,8,6,4,46,15:17:08,16734,0
20150726,926,11,13,3,4,45,15:17:10,16818,0
20150726,926,11,154,206,5,45,15:17:11,17114,0
20150726,926,11,3,130,4,46,15:17:13,17780,0
20150726,926,11,829,207,4,44,15:17:14,17402,0
20150726,926,11,815,10,5,45,15:17:15,32181,0
20150726,926,11,1,130,4,46,15:17:16,17726,0
20150726,926,11,813,206,5,45,15:17:17,18186,0
20150726,926,11,828,15,5,45,15:17:19,17472,0
20150726,926,11,831,15,5,45,15:17:21,17235,0
20150726,926,11,817,9,4,46,15:17:22,18758,0
20150726,926,11,833,207,5,44,15:17:23,18149,0
20150726,926,11,822,3,4,46,15:17:25,17557,0
20150726,926,11,830,5,4,46,15:17:25,23043,0
20150726,926,11,826,9,5,46,15:17:27,17849,0
20150726,926,11,822,3,5,49,15:23:48,30031,0
20150726,926,11,1,130,5,51,15:26:23,27715,0
20150726,926,11,8,6,5,52,15:27:47,59555,0
20150726,926,11,13,3,5,54,15:31:14,21502,0
20150726,926,11,1,130,6,54,15:31:15,16579,0
20150726,926,11,829,207,5,54,15:33:20,22716,0
20150726,926,11,830,5,5,56,15:33:45,16415,0
20150726,926,11,813,206,6,58,15:37:12,16446,0
20150726,926,11,817,9,5,64,15:45:08,31037,0
20150726,926,11,3,130,5,64,15:45:42,24575,0
20150823,927,13,817,9,1,7,14:20:39,22637,0
20150823,927,13,832,5,1,5,14:20:58,23732,0
20150823,927,13,815,10,1,8,14:22:36,23562,0
20150823,927,13,822,3,1,8,14:22:46,23319,0
20150823,927,13,4,1,1,8,14:23:03,22973,0
20150823,927,13,154,206,1,9,14:24:43,23717,0
20150823,927,13,826,9,1,9,14:24:46,22796,0
20150823,927,13,13,3,1,9,14:24:47,23282,0
20150823,927,13,830,5,1,9,14:24:48,24564,0
20150823,927,13,828,15,1,9,14:24:54,24183,0
20150823,927,13,831,15,1,10,14:27:06,23439,0
20150823,927,13,8,6,1,11,14:28:44,22578,0
20150823,927,13,18,1,1,11,14:29:15,24083,0
20150823,927,13,3,130,1,12,14:30:22,22997,0
20150823,927,13,1,130,1,13,14:32:13,22403,0
20150823,927,13,20,6,1,14,14:34:26,22681,0
20150823,927,13,822,3,2,15,14:36:40,17343,0
20150823,927,13,833,207,1,15,14:37:29,23643,0
20150823,927,13,829,207,1,16,14:39:34,23826,0
20150823,927,13,815,10,2,20,14:46:18,22918,0
20150823,927,13,4,1,2,20,14:47:07,26103,0
20150823,927,13,18,1,2,20,14:47:33,24151,0
20150823,927,13,154,206,2,21,14:48:35,23493,0
20150823,927,13,13,3,2,21,14:48:52,23655,0
20150823,927,13,8,6,2,21,14:48:53,23143,0
20150823,927,13,830,5,2,21,14:48:54,23041,0
20150823,927,13,822,3,3,21,14:49:04,23489,0
20150823,927,13,832,5,2,23,14:57:07,23348,0
20150823,927,13,826,9,2,27,15:00:37,22563,0
20150823,927,13,831,15,2,27,15:01:15,23288,0
20150823,927,13,828,15,2,28,15:03:02,23684,0
20150823,927,13,1,130,2,30,15:05:42,22955,0
20150823,927,13,833,207,2,29,15:06:14,23282,0
20150823,927,13,3,130,2,31,15:07:43,22765,0
20150823,927,13,829,207,2,30,15:08:20,24450,0
20150823,927,13,830,5,3,32,15:10:22,22942,0
20150823,927,13,4,1,3,32,15:11:10,23191,0
20150823,927,13,18,1,3,35,15:17:42,23761,0
20150906,928,14,831,15,1,1,14:05:00,25761,0
20150906,928,14,830,5,1,1,14:05:02,18818,0
20150906,928,14,832,5,1,10,14:18:38,30358,0
20150906,928,14,3,130,1,18,14:30:11,24657,0
20150906,928,14,808,10,1,18,14:30:23,24286,0
20150906,928,14,13,3,1,19,14:31:39,25207,0
20150906,928,14,830,5,2,19,14:32:19,25318,0
20150906,928,14,828,15,1,20,14:33:26,24842,0
20150906,928,14,822,3,1,22,14:36:10,25536,0
20150906,928,14,815,10,1,23,14:37:46,24281,0
20150906,928,14,831,15,2,24,14:40:02,25282,0
20150906,928,14,20,6,1,25,14:40:24,24340,0
20150906,928,14,18,1,1,25,14:41:32,24310,0
20150906,928,14,1,130,1,26,14:41:34,24368,0
20150906,928,14,829,207,1,26,14:43:37,29382,0
20150906,928,14,826,9,1,27,14:44:11,23884,0
20150906,928,14,8,6,1,28,14:45:20,24442,0
20150906,928,14,833,207,1,27,14:45:21,26435,0
20150906,928,14,4,1,1,28,14:46:15,24330,0
20150906,928,14,817,9,1,30,14:48:35,24259,0
20150906,928,14,832,5,2,30,14:48:54,24736,0
20150906,928,14,830,5,3,33,14:53:32,24938,0
20150906,928,14,4,1,2,46,15:13:37,19374,0
20150920,929,15,154,206,1,9,20:20:55,30640,0
20150920,929,15,4,1,1,10,20:22:46,34237,0
20150920,929,15,832,5,1,10,20:22:46,34970,0
20150920,929,15,828,15,1,10,20:22:52,29589,0
20150920,929,15,813,206,1,10,20:22:55,29762,0
20150920,929,15,808,10,1,11,20:24:36,30868,0
20150920,929,15,826,9,1,12,20:26:14,29159,0
20150920,929,15,13,3,1,12,20:26:28,31380,0
20150920,929,15,20,6,1,13,20:28:04,29172,0
20150920,929,15,817,9,1,13,20:28:10,31307,0
20150920,929,15,8,6,1,13,20:28:15,30031,0
20150920,929,15,1,130,1,13,20:28:21,28917,0
20150920,929,15,3,130,1,13,20:28:30,30562,0
20150920,929,15,822,3,1,13,20:28:34,29260,0
20150920,929,15,815,10,1,13,20:28:45,29732,0
20150920,929,15,831,15,1,13,20:28:53,29679,0
20150920,929,15,18,1,1,13,20:28:57,65317,1
20150920,929,15,830,5,1,12,20:29:01,31207,0
20150920,929,15,834,207,1,13,20:29:50,31180,0
20150920,929,15,13,3,2,14,20:31:49,29907,0
20150920,929,15,829,207,1,14,20:32:23,30398,0
20150920,929,15,154,206,2,26,20:57:10,29826,0
20150920,929,15,813,206,2,27,20:59:08,29223,0
20150920,929,15,828,15,2,28,21:01:10,29857,0
20150920,929,15,832,5,2,28,21:01:11,29742,0
20150920,929,15,13,3,3,29,21:03:13,24415,0
20150920,929,15,826,9,2,33,21:10:11,32924,0
20150920,929,15,815,10,2,34,21:12:15,29676,0
20150920,929,15,831,15,2,34,21:12:23,29917,0
20150920,929,15,830,5,2,36,21:16:29,30844,0
20150920,929,15,828,15,3,36,21:16:40,29398,0
20150920,929,15,20,6,2,37,21:17:26,29273,0
20150920,929,15,817,9,2,37,21:17:32,29419,0
20150920,929,15,834,207,2,36,21:17:38,32036,0
20150920,929,15,8,6,2,37,21:17:42,30689,0
20150920,929,15,3,130,2,37,21:17:55,29887,0
20150920,929,15,822,3,2,37,21:18:06,29239,0
20150920,929,15,18,1,2,37,21:18:41,30106,0
20150920,929,15,832,5,3,37,21:19:08,29885,0
20150920,929,15,829,207,2,37,21:20:15,37847,0
20150920,929,15,18,1,3,41,21:28:16,37822,0
20150920,929,15,813,206,3,54,21:53:08,29996,0
20150927,930,22,815,10,1,1,14:05:29,25041,0
20150927,930,22,817,9,1,1,14:06:11,26087,0
20150927,930,22,13,3,1,1,14:06:55,34166,0
20150927,930,22,826,9,1,8,14:17:26,23316,0
20150927,930,22,4,1,1,9,14:19:04,23640,0
20150927,930,22,830,5,1,9,14:19:07,27793,0
20150927,930,22,808,10,1,10,14:20:34,23750,0
20150927,930,22,831,15,1,10,14:20:51,24763,0
20150927,930,22,18,1,1,10,14:20:51,23343,0
20150927,930,22,822,3,1,11,14:22:04,23542,0
20150927,930,22,154,206,1,11,14:22:12,23793,0
20150927,930,22,813,206,1,12,14:23:55,24842,0
20150927,930,22,20,6,1,13,14:25:21,23074,0
20150927,930,22,828,15,1,13,14:26:01,23418,0
20150927,930,22,8,6,1,14,14:27:09,23714,0
20150927,930,22,832,5,1,14,14:27:23,23701,0
20150927,930,22,3,130,1,15,14:28:45,23078,0
20150927,930,22,1,130,1,16,14:30:13,22750,0
20150927,930,22,13,3,2,16,14:32:49,26735,0
20150927,930,22,815,10,2,18,14:34:39,24303,0
20150927,930,22,826,9,2,20,14:38:04,23183,0
20150927,930,22,834,207,1,22,14:42:18,25146,0
20150927,930,22,817,9,2,24,14:45:19,23225,0
20150927,930,22,828,15,2,26,14:48:19,23441,0
20150927,930,22,832,5,2,27,14:49:26,39345,0
20150927,930,22,18,1,2,27,14:49:59,23801,0
20150927,930,22,8,6,2,28,14:50:45,22584,0
20150927,930,22,4,1,2,28,14:51:35,23767,0
20150927,930,22,3,130,2,29,14:52:12,23241,0
20150927,930,22,822,3,2,29,14:52:23,23588,0
20150927,930,22,20,6,2,30,14:53:49,23130,0
20150927,930,22,830,5,2,30,14:54:54,23977,0
20150927,930,22,831,15,2,30,14:55:14,24116,0
20150927,930,22,1,130,2,31,14:55:15,23165,0
20150927,930,22,808,10,2,31,14:56:02,23491,0
20150927,930,22,154,206,2,33,14:59:32,24554,0
20150927,930,22,834,207,2,33,15:01:34,25088,0
20150927,930,22,826,9,3,34,15:01:48,23381,0
20150927,930,22,13,3,3,34,15:03:24,24670,0
20150927,930,22,813,206,2,36,15:04:35,23249,0
20150927,930,22,815,10,3,36,15:05:03,24267,0
20150927,930,22,808,10,3,42,15:17:36,35760,0
20150927,930,22,829,207,1,21,14:40:29,25875,0
20150927,930,22,829,207,2,32,14:59:51,23647,0
20150927,930,22,829,207,3,42,15:17:36,35760,0
20151011,931,71,154,206,1,1,14:05:55,54445,0
20151011,931,71,830,5,1,1,14:06:46,37334,0
20151011,931,71,815,10,1,12,14:27:00,30545,0
20151011,931,71,817,9,1,12,14:27:08,29732,0
20151011,931,71,832,5,1,12,14:27:19,30288,0
20151011,931,71,18,1,1,12,14:27:21,29719,0
20151011,931,71,4,1,1,13,14:29:42,29539,0
20151011,931,71,833,207,1,13,14:30:08,35072,0
20151011,931,71,829,207,1,14,14:32:34,32400,0
20151011,931,71,829,207,2,17,14:39:33,30421,0
20151011,931,71,830,5,2,24,14:51:41,30241,0
20151011,931,71,822,3,1,26,14:54:41,30316,0
20151011,931,71,20,6,1,30,15:01:31,29367,0
20151011,931,71,13,3,1,30,15:01:51,30741,0
20151011,931,71,813,206,1,30,15:01:56,29952,0
20151011,931,71,8,6,1,31,15:03:16,29386,0
20151011,931,71,1,130,1,32,15:04:38,30216,0
20151011,931,71,826,9,1,33,15:06:55,30418,0
20151011,931,71,831,15,1,34,15:08:41,30362,0
20151025,932,69,822,3,1,1,14:05:59,40488,0
20151025,932,69,154,206,1,1,14:06:27,27621,0
20151025,932,69,834,207,1,1,14:06:39,37748,0
20151025,932,69,4,1,1,1,14:06:40,31987,0
20151025,932,69,831,15,1,2,14:08:09,31137,0
20151025,932,69,831,15,2,3,14:11:11,25931,0
20151025,932,69,822,3,2,4,14:14:23,26384,0
20151025,932,69,154,206,2,9,14:23:43,27730,0
20151025,932,69,828,15,1,16,14:36:37,29728,0
20151025,932,69,18,1,1,17,14:38:36,27286,0
20151025,932,69,1,130,1,18,14:40:00,24354,0
20151025,932,69,20,6,1,18,14:40:12,25019,0
20151025,932,69,830,5,1,18,14:40:12,25527,0
20151025,932,69,13,3,1,18,14:40:23,24646,0
20151025,932,69,831,15,3,17,14:40:29,25714,0
20151025,932,69,834,207,2,17,14:40:33,26520,0
20151025,932,69,813,206,1,18,14:40:42,27851,0
20151025,932,69,4,1,2,18,14:41:28,24631,0
20151025,932,69,817,9,1,19,14:41:45,24449,0
20151025,932,69,3,130,1,19,14:41:53,24640,0
20151025,932,69,826,9,1,19,14:41:54,24638,0
20151025,932,69,815,10,1,19,14:42:04,26458,0
20151025,932,69,8,6,1,19,14:42:09,24733,0
20151025,932,69,832,5,1,19,14:42:10,25259,0
20151025,932,69,808,10,1,19,14:42:11,27344,0
20151025,932,69,828,15,2,19,14:42:56,30932,0
20151025,932,69,8,6,2,20,14:45:11,34548,0
20151025,932,69,4,1,3,26,14:56:18,25405,0
20151025,932,69,20,6,2,27,14:56:46,25576,0
20151025,932,69,808,10,2,27,14:56:58,27360,0
20151025,932,69,832,5,2,27,14:57:05,44582,0
20151025,932,69,815,10,2,27,14:57:13,24730,0
20151025,932,69,18,1,2,27,14:57:21,24689,0
20151025,932,69,813,206,2,27,14:58:06,25446,0
20151025,932,69,831,15,4,26,14:58:12,24975,0
20151025,932,69,830,5,2,28,14:59:09,24904,0
20151025,932,69,834,207,3,27,15:00:26,25812,0
20151025,932,69,3,130,2,38,15:20:21,25242,0
20151025,932,69,826,9,2,38,15:20:45,25205,0
20151025,932,69,817,9,2,38,15:20:48,27802,0
20151025,932,69,831,15,5,42,15:29:13,35546,0
20151025,932,69,1,130,2,43,15:29:55,24088,0
20151025,932,69,20,6,3,43,15:30:04,24158,0
20151025,932,69,832,5,3,43,15:30:32,26840,0
20151025,932,69,813,206,3,43,15:30:33,25054,0
20151025,932,69,18,1,3,44,15:32:44,24862,0
20151025,932,69,817,9,3,50,15:44:54,24495,0
20151101,933,32,20,6,1,1,13:04:58,28070,0
20151101,933,32,822,3,1,8,13:14:42,22957,0
20151101,933,32,13,3,1,9,13:16:11,22849,0
20151101,933,32,808,10,1,9,13:16:16,23277,0
20151101,933,32,813,206,1,10,13:17:46,26647,0
20151101,933,32,828,15,1,10,13:17:54,22956,0
20151101,933,32,154,206,1,11,13:19:15,22735,0
20151101,933,32,831,15,1,12,13:20:51,23026,0
20151101,933,32,832,5,1,13,13:21:59,23128,0
20151101,933,32,815,10,1,18,13:29:04,23547,0
20151101,933,32,826,9,1,21,13:32:58,22559,0
20151101,933,32,817,9,1,24,13:37:18,22422,0
20151101,933,32,830,5,1,25,13:38:51,22985,0
20151101,933,32,3,130,1,26,13:39:37,22391,0
20151101,933,32,829,207,1,26,13:41:44,25087,0
20151101,933,32,1,130,1,28,13:42:28,22304,0
20151101,933,32,834,207,1,27,13:43:29,25367,0
20151101,933,32,18,1,1,30,13:46:38,23356,0
20151101,933,32,20,6,2,35,13:53:28,22156,0
20151101,933,32,828,15,2,39,13:59:15,23461,0
20151101,933,32,832,5,2,43,14:04:29,23776,0
20151101,933,32,831,15,2,44,14:06:33,23417,0
20151101,933,32,3,130,2,46,14:07:31,22303,0
20151101,933,32,1,130,2,48,14:10:19,22328,0
20151101,933,32,18,1,2,47,14:11:04,23018,0
20151101,933,32,832,5,3,51,14:15:57,23068,0
20151101,933,32,828,15,3,51,14:16:29,23292,0
20151101,933,32,826,9,2,52,14:16:33,22518,0
20151101,933,32,817,9,2,52,14:16:49,22488,0
20151101,933,32,13,3,2,52,14:16:52,23086,0
20151101,933,32,808,10,2,52,14:16:54,24136,0
20151101,933,32,831,15,3,51,14:17:02,23813,0
20151101,933,32,830,5,2,52,14:17:19,22589,0
20151101,933,32,154,206,2,52,14:17:28,23101,0
20151101,933,32,813,206,2,52,14:17:35,23937,0
20151101,933,32,829,207,2,50,14:17:37,24224,0
20151101,933,32,834,207,2,50,14:17:41,30442,0
20151101,933,32,822,3,2,53,14:18:31,23160,0
20151115,934,18,817,9,1,3,14:07:06,23937,0
20151115,934,18,808,10,1,9,14:14:48,24009,0
20151115,934,18,826,9,1,10,14:16:04,24155,0
20151115,934,18,13,3,1,10,14:16:08,23887,0
20151115,934,18,815,10,1,10,14:16:10,23854,0
20151115,934,18,154,206,1,10,14:16:12,24475,0
20151115,934,18,822,3,1,11,14:17:18,23736,0
20151115,934,18,830,5,1,11,14:17:28,24166,0
20151115,934,18,8,6,1,12,14:18:31,23293,0
20151115,934,18,18,1,1,12,14:18:53,23242,0
20151115,934,18,828,15,1,12,14:18:58,24699,0
20151115,934,18,3,130,1,13,14:19:39,25039,0
20151115,934,18,20,6,1,13,14:19:44,23801,0
20151115,934,18,4,1,1,13,14:20:14,22981,0
20151115,934,18,1,130,1,14,14:20:57,24328,0
20151115,934,18,831,15,1,14,14:21:27,25529,0
20151115,934,18,834,207,1,14,14:22:03,25492,0
20151115,934,18,829,207,1,15,14:23:24,25547,0
20151115,934,18,813,206,1,25,14:36:04,24115,0
20151115,934,18,817,9,2,28,14:40:10,23979,0
20151115,934,18,18,1,2,31,14:44:10,24265,0
20151115,934,18,20,6,2,32,14:44:26,23474,0
20151115,934,18,3,130,2,33,14:45:33,23321,0
20151115,934,18,4,1,2,32,14:45:34,23218,0
20151115,934,18,828,15,2,32,14:45:52,29148,0
20151115,934,18,815,10,2,33,14:46:36,23609,0
20151115,934,18,1,130,2,34,14:46:52,23148,0
20151115,934,18,830,5,2,34,14:47:52,24153,0
20151115,934,18,808,10,2,35,14:48:59,24199,0
20151115,934,18,154,206,2,35,14:49:12,23787,0
20151115,934,18,13,3,2,38,14:53:00,23927,0
20151115,934,18,826,9,2,39,14:54:15,23630,0
20151115,934,18,831,15,2,39,14:54:38,24491,0
20151115,934,18,822,3,2,41,14:56:37,24913,0
20151115,934,18,829,207,2,40,14:57:45,27095,0
20151115,934,18,834,207,2,41,14:59:12,26706,0
20151115,934,18,813,206,2,44,15:01:06,30082,0
20151115,934,18,8,6,2,46,15:02:43,25308,0
20151115,934,18,20,6,3,47,15:03:48,23861,0
20151115,934,18,3,130,3,48,15:04:53,23046,0
20151115,934,18,1,130,3,49,15:06:11,22936,0
20151115,934,18,815,10,3,51,15:10:22,23732,0
20151115,934,18,18,1,3,51,15:10:27,23402,0
20151115,934,18,817,9,3,52,15:11:38,24775,0
20151115,934,18,4,1,3,52,15:11:48,23810,0
20151115,934,18,830,5,3,53,15:12:51,24078,0
20151115,934,18,828,15,3,53,15:13:28,25102,0
20151115,934,18,154,206,3,54,15:14:07,23958,0
20151115,934,18,13,3,3,55,15:15:12,23401,0
20151129,935,24,4,1,1,1,17:05:39,44990,0
20151129,935,24,831,15,1,4,17:11:05,28407,0
20151129,935,24,826,9,1,5,17:12:45,21868,0
20151129,935,24,815,10,1,6,17:14:27,21922,0
20151129,935,24,817,9,1,6,17:14:29,21949,0
20151129,935,24,13,3,1,6,17:14:32,22851,0
20151129,935,24,808,10,1,7,17:16:20,22045,0
20151129,935,24,832,5,1,7,17:16:24,25307,0
20151129,935,24,822,3,1,8,17:18:12,24485,0
20151129,935,24,830,5,1,8,17:18:16,22309,0
20151129,935,24,18,1,1,8,17:18:18,23722,0
20151129,935,24,4,1,2,8,17:19:12,16128,0
20151129,935,24,822,3,2,9,17:20:31,28622,0
20151129,935,24,3,130,1,10,17:21:26,21637,0
20151129,935,24,8,6,1,10,17:21:36,22162,0
20151129,935,24,1,130,1,11,17:23:20,21346,0
20151129,935,24,828,15,1,15,17:31:20,22838,0
20151129,935,24,4,1,3,17,17:36:02,22246,0
20151129,935,24,830,5,2,20,17:40:25,22457,0
20151129,935,24,20,6,1,23,17:45:22,21795,0
20151129,935,24,154,206,1,23,17:45:39,22203,0
20151129,935,24,829,207,1,23,17:47:03,22913,0
20151129,935,24,808,10,2,24,17:47:36,22174,0
20151129,935,24,833,207,1,24,17:49:26,24314,0
20151129,935,24,826,9,2,25,17:49:27,21634,0
20151129,935,24,817,9,2,26,17:51:05,22118,0
20151129,935,24,13,3,2,26,17:51:15,22710,0
20151129,935,24,831,15,2,26,17:51:35,22806,0
20151129,935,24,815,10,2,27,17:52:50,22116,0
20151129,935,24,18,1,2,27,17:53:21,22310,0
20151129,935,24,832,5,2,28,17:54:59,22063,0
20151129,935,24,822,3,3,29,17:57:10,29592,0
20151129,935,24,3,130,2,31,17:59:21,21580,0
20151129,935,24,8,6,2,32,18:01:20,25613,0
20151129,935,24,829,207,2,33,18:06:05,22854,0
20151129,935,24,830,5,3,38,18:13:19,22355,0
20151129,935,24,20,6,2,39,18:14:14,21628,0
20151129,935,24,1,130,2,41,18:17:11,21392,0
20151129,935,24,828,15,2,41,18:18:57,22200,0
20151129,935,24,154,206,2,43,18:22:01,22234,0
20151129,935,24,831,15,3,44,18:24:25,22086,0
20151129,935,24,4,1,4,47,18:30:52,22377,0
20160320,936,1,825,4,1,1,16:09:48,27831,0
20160320,936,1,832,5,1,8,16:19:48,22414,0
20160320,936,1,831,15,1,10,16:23:19,22701,0
20160320,936,1,13,3,1,11,16:24:32,21550,0
20160320,936,1,836,207,1,11,16:24:47,26206,0
20160320,936,1,828,15,1,11,16:24:51,22357,0
20160320,936,1,3,130,1,12,16:25:48,21531,0
20160320,936,1,817,9,1,12,16:25:59,22245,0
20160320,936,1,4,1,1,12,16:26:14,21796,0
20160320,936,1,835,4,1,12,16:26:22,23286,0
20160320,936,1,837,207,1,12,16:26:36,23224,0
20160320,936,1,20,6,1,13,16:27:17,21339,0
20160320,936,1,830,5,1,13,16:27:32,22303,0
20160320,936,1,18,1,1,15,16:31:07,22616,0
20160320,936,1,8,6,1,16,16:32:03,22508,0
20160320,936,1,1,130,1,16,16:32:16,21940,0
20160320,936,1,808,10,1,16,16:32:30,22167,0
20160320,936,1,815,10,1,16,16:32:37,24719,0
20160320,936,1,822,3,1,17,16:34:32,21376,0
20160320,936,1,825,4,2,16,16:34:50,22079,0
20160320,936,1,20,6,2,18,16:36:56,1089312,1
20160320,936,1,3,130,2,18,16:36:58,1089303,1
20160320,936,1,8,6,2,18,16:37:00,1089365,1
20160320,936,1,817,9,2,18,16:37:02,1089822,1
20160320,936,1,830,5,2,18,16:37:03,1089372,1
20160320,936,1,832,5,2,18,16:37:05,1089971,1
20160320,936,1,1,130,2,18,16:37:09,1090087,1
20160320,936,1,13,3,2,18,16:37:10,1089805,1
20160320,936,1,154,208,1,18,16:37:12,1089417,1
20160320,936,1,808,10,2,18,16:37:14,1089155,1
20160320,936,1,822,3,2,18,16:37:16,1088989,1
20160320,936,1,835,4,2,18,16:37:19,1088294,1
20160320,936,1,815,10,2,18,16:37:21,1087311,1
20160320,936,1,828,15,2,18,16:37:25,1086875,1
20160320,936,1,18,1,2,18,16:37:31,1084466,1
20160320,936,1,831,15,2,18,16:37:34,1082337,1
20160320,936,1,836,207,2,18,16:37:36,1082140,1
20160320,936,1,825,4,3,17,16:37:38,946318,1
20160320,936,1,828,15,3,27,17:10:16,16936,0
20160320,936,1,18,1,3,30,17:14:55,21837,0
20160320,936,1,832,5,3,31,17:16:00,22392,0
20160320,936,1,830,5,3,32,17:17:30,29066,0
20160320,936,1,836,207,3,32,17:18:12,23895,0
20160320,936,1,20,6,3,35,17:21:50,24548,0
20160320,936,1,817,9,3,42,17:32:47,21981,0
20160403,937,3,808,10,1,1,18:05:30,31931,0
20160403,937,3,815,10,1,2,18:07:15,30326,0
20160403,937,3,832,5,1,2,18:07:43,28401,0
20160403,937,3,817,9,1,6,18:13:44,24541,0
20160403,937,3,13,3,1,7,18:15:20,24093,0
20160403,937,3,822,3,1,8,18:17:05,24944,0
20160403,937,3,821,208,1,8,18:17:13,32793,0
20160403,937,3,838,1,1,9,18:18:55,24604,0
20160403,937,3,822,3,2,9,18:19:07,19369,0
20160403,937,3,830,5,1,10,18:20:31,25810,0
20160403,937,3,831,15,1,10,18:20:44,26246,0
20160403,937,3,154,208,1,11,18:22:08,25739,0
20160403,937,3,836,207,1,11,18:22:24,26236,0
20160403,937,3,8,6,1,12,18:23:37,24720,0
20160403,937,3,825,4,1,12,18:24:08,26876,0
20160403,937,3,837,207,1,12,18:24:14,26382,0
20160403,937,3,3,130,1,13,18:25:02,24934,0
20160403,937,3,1,130,1,13,18:25:20,24512,0
20160403,937,3,828,15,1,13,18:25:47,24775,0
20160403,937,3,815,10,2,14,18:27:44,25068,0
20160403,937,3,826,9,1,16,18:30:45,24419,0
20160403,937,3,808,10,2,16,18:31:10,24930,0
20160403,937,3,832,5,2,20,18:38:33,34978,0
20160403,937,3,817,9,2,24,18:44:00,26631,0
20160403,937,3,825,4,2,24,18:44:29,24383,0
20160403,937,3,838,1,2,25,18:45:55,24682,0
20160403,937,3,830,5,2,26,18:47:23,25594,0
20160403,937,3,154,208,2,27,18:48:59,26151,0
20160403,937,3,1,130,2,28,18:50:13,25030,0
20160403,937,3,8,6,2,29,18:51:43,25222,0
20160403,937,3,13,3,2,29,18:52:33,24236,0
20160403,937,3,828,15,2,29,18:52:47,25363,0
20160403,937,3,836,207,2,29,18:52:58,25547,0
20160403,937,3,3,130,2,30,18:53:06,27226,0
20160403,937,3,831,15,2,30,18:54:37,25491,0
20160403,937,3,837,207,2,31,18:56:29,28120,0
20160403,937,3,826,9,2,34,19:00:57,24661,0
20160403,937,3,822,3,3,34,19:01:08,26110,0
20160403,937,3,808,10,3,35,19:03:05,24734,0
20160403,937,3,8,6,3,37,19:04:55,25257,0
20160403,937,3,815,10,3,37,19:06:37,24517,0
20160403,937,3,825,4,3,38,19:07:57,24341,0
20160403,937,3,3,130,3,39,19:07:59,25761,0
20160403,937,3,154,208,3,40,19:10:37,30063,0
20160403,937,3,1,130,3,41,19:11:34,24524,0
20160403,937,3,838,1,3,41,19:12:46,25316,0
20160403,937,3,836,207,3,41,19:13:02,25419,0
20160403,937,3,817,9,3,42,19:13:48,24879,0
20160403,937,3,826,9,3,44,19:17:31,24224,0
20160403,937,3,837,207,3,44,19:18:30,25517,0
20160403,937,3,830,5,3,46,19:20:38,25129,0
20160403,937,3,831,15,3,47,19:23:12,25660,0
20160403,937,3,808,10,4,51,19:29:43,26595,0
20160417,938,17,154,208,1,1,14:05:35,58563,0
20160417,938,17,8,6,1,1,14:05:39,31134,0
20160417,938,17,1,130,1,1,14:05:46,29322,0
20160417,938,17,831,15,1,1,14:06:25,36854,0
20160417,938,17,817,9,1,3,14:08:57,24392,0
20160417,938,17,826,9,1,4,14:10:42,24084,0
20160417,938,17,815,10,1,4,14:10:46,23215,0
20160417,938,17,20,6,1,4,14:10:50,30115,0
20160417,938,17,808,10,1,4,14:10:50,27683,0
20160417,938,17,832,5,1,4,14:10:51,25754,0
20160417,938,17,18,1,1,4,14:10:51,24072,0
20160417,938,17,822,3,1,4,14:10:52,22682,0
20160417,938,17,830,5,1,4,14:10:54,30034,0
20160417,938,17,828,15,1,4,14:10:56,23955,0
20160417,938,17,825,4,1,4,14:10:58,23158,0
20160417,938,17,1,130,2,5,14:13:57,25179,0
20160417,938,17,1,130,3,6,14:16:03,22301,0
20160417,938,17,8,6,2,14,14:31:08,23296,0
20160417,938,17,836,207,1,15,14:32:55,26969,0
20160417,938,17,835,4,1,15,14:33:07,22799,0
20160417,938,17,4,1,1,16,14:34:30,22874,0
20160417,938,17,20,6,2,17,14:36:07,22276,0
20160417,938,17,808,10,2,17,14:36:22,23867,0
20160417,938,17,815,10,2,18,14:37:55,22485,0
20160417,938,17,837,207,1,18,14:38:25,23183,0
20160417,938,17,826,9,2,19,14:39:28,22607,0
20160417,938,17,13,3,1,19,14:39:36,22124,0
20160417,938,17,832,5,2,19,14:39:44,22832,0
20160417,938,17,817,9,2,19,14:39:45,22461,0
20160417,938,17,821,208,1,19,14:39:57,23878,0
20160417,938,17,3,130,1,20,14:40:58,22831,0
20160417,938,17,830,5,2,20,14:41:36,23744,0
20160417,938,17,825,4,2,20,14:41:50,23257,0
20160417,938,17,154,208,2,20,14:41:52,24615,0
20160417,938,17,831,15,2,20,14:42:01,23735,0
20160417,938,17,822,3,2,21,14:43:09,22630,0
20160417,938,17,1,130,4,21,14:43:15,22626,0
20160417,938,17,835,4,2,24,14:49:09,23280,0
20160417,938,17,808,10,3,26,14:52:18,29570,0
20160417,938,17,18,1,2,27,14:53:52,23029,0
20160417,938,17,836,207,2,27,14:54:13,24104,0
20160417,938,17,815,10,3,28,14:55:33,22351,0
20160417,938,17,828,15,2,28,14:55:48,23563,0
20160417,938,17,837,207,2,28,14:56:08,24635,0
20160417,938,17,822,3,3,30,14:58:55,22747,0
20160417,938,17,1,130,5,30,14:59:03,22698,0
20160417,938,17,13,3,2,31,15:00:34,23349,0
20160417,938,17,4,1,2,32,15:02:40,22927,0
20160417,938,17,832,5,3,33,15:04:13,24269,0
20160417,938,17,154,208,3,33,15:04:55,23342,0
20160417,938,17,821,208,2,34,15:06:14,22963,0
20160417,938,17,826,9,3,35,15:07:13,22684,0
20160417,938,17,20,6,3,35,15:07:15,22350,0
20160417,938,17,825,4,3,35,15:08:20,22677,0
20160417,938,17,3,130,2,36,15:08:27,23559,0
20160417,938,17,817,9,3,37,15:10:56,22426,0
20160417,938,17,8,6,3,37,15:11:04,22832,0
20160417,938,17,835,4,3,38,15:13:56,24099,0
20160417,938,17,830,5,3,39,15:14:39,23130,0
20160417,938,17,831,15,3,40,15:17:07,25357,0
20160417,938,17,837,207,3,40,15:17:16,24369,0
20160417,938,17,821,208,3,43,15:21:59,23070,0
20160417,938,17,836,207,3,43,15:22:12,24274,0
20160417,938,17,18,1,3,44,15:23:28,22510,0
20160417,938,17,154,208,4,44,15:24:06,23284,0
20160417,938,17,808,10,4,46,15:27:09,22790,0
20160501,939,71,826,9,1,1,15:05:38,41282,0
20160501,939,71,817,9,1,1,15:05:43,47763,0
20160501,939,71,828,15,1,1,15:05:50,30529,0
20160501,939,71,815,10,1,1,15:06:03,32800,0
20160501,939,71,821,208,1,1,15:06:09,40169,0
20160501,939,71,826,9,2,8,15:20:21,38906,0
20160501,939,71,821,208,2,9,15:22:11,25037,0
20160501,939,71,832,5,1,11,15:25:31,30805,0
20160501,939,71,831,15,1,12,15:27:22,30259,0
20160501,939,71,836,207,1,13,15:29:06,31433,0
20160501,939,71,835,4,1,14,15:30:40,30805,0
20160501,939,71,822,3,1,16,15:33:39,29841,0
20160501,939,71,825,4,1,16,15:34:05,30585,0
20160501,939,71,1,130,1,17,15:35:21,30001,0
20160501,939,71,154,208,1,17,15:35:49,31420,0
20160501,939,71,13,3,1,18,15:37:14,29551,0
20160501,939,71,8,6,1,20,15:40:29,30498,0
20160501,939,71,18,1,1,20,15:41:08,30580,0
20160501,939,71,3,130,1,21,15:41:55,29709,0
20160501,939,71,4,1,1,21,15:42:40,29751,0
20160501,939,71,830,5,1,22,15:44:13,30553,0
20160501,939,71,815,10,2,27,15:53:11,30400,0
20160501,939,71,828,15,2,28,15:55:13,30433,0
20160501,939,71,817,9,2,29,15:57:02,31205,0
20160501,939,71,836,207,2,39,16:14:54,57151,0
20160501,939,71,13,3,2,46,16:25:17,30065,0
20160515,940,4,13,3,1,8,14:17:31,21384,0
20160515,940,4,815,10,1,9,14:18:56,22679,0
20160515,940,4,826,5,1,9,14:19:03,23277,0
20160515,940,4,828,15,1,9,14:19:07,22840,0
20160515,940,4,832,5,1,10,14:20:24,22874,0
20160515,940,4,18,1,1,10,14:20:28,22280,0
20160515,940,4,808,10,1,10,14:20:31,22176,0
20160515,940,4,825,4,1,10,14:20:34,22843,0
20160515,940,4,817,9,1,11,14:21:44,21738,0
20160515,940,4,4,1,1,11,14:22:02,21795,0
20160515,940,4,835,4,1,11,14:22:09,23283,0
20160515,940,4,836,207,1,11,14:22:14,24554,0
20160515,940,4,830,9,1,12,14:23:18,22369,0
20160515,940,4,8,6,1,12,14:23:25,22107,0
20160515,940,4,822,3,1,12,14:23:27,21856,0
20160515,940,4,831,15,1,12,14:23:45,22976,0
20160515,940,4,20,6,1,15,14:27:51,21643,0
20160515,940,4,154,208,1,15,14:28:12,23187,0
20160515,940,4,821,208,1,16,14:29:51,23206,0
20160515,940,4,837,207,1,22,14:39:41,28753,0
20160515,940,4,828,15,2,24,14:42:39,23122,0
20160515,940,4,13,3,2,25,14:43:57,22568,0
20160515,940,4,826,5,2,25,14:44:06,22234,0
20160515,940,4,817,9,2,28,14:47:45,22104,0
20160515,940,4,20,6,2,29,14:49:18,22617,0
20160515,940,4,154,208,2,29,14:50:06,22844,0
20160515,940,4,821,208,2,30,14:51:38,22430,0
20160515,940,4,825,4,2,30,14:51:49,23165,0
20160515,940,4,835,4,2,33,14:56:34,22397,0
20160515,940,4,836,207,2,33,14:56:46,24387,0
20160515,940,4,830,9,2,34,14:56:52,22348,0
20160515,940,4,8,6,2,35,14:58:25,22169,0
20160515,940,4,815,10,2,35,14:59:10,21918,0
20160515,940,4,18,1,2,36,15:00:49,22590,0
20160515,940,4,831,15,2,36,15:01:17,23090,0
20160515,940,4,20,6,3,37,15:01:30,21603,0
20160515,940,4,154,208,3,37,15:02:52,34832,0
20160515,940,4,832,5,2,38,15:03:35,22937,0
20160515,940,4,822,3,2,39,15:04:59,22443,0
20160515,940,4,4,1,2,39,15:05:28,22987,0
20160515,940,4,828,15,3,40,15:07:25,22897,0
20160515,940,4,13,3,3,41,15:08:28,21831,0
20160515,940,4,817,9,3,43,15:10:31,21683,0
20160515,940,4,837,207,2,48,15:20:28,26186,0
20160515,940,4,826,5,3,51,15:23:51,22769,0
20160515,940,4,825,4,3,55,15:30:33,22122,0
20160515,940,4,817,9,4,65,15:43:55,23133,0
20160529,941,6,826,5,1,1,14:03:20,92609,1
20160529,941,6,826,5,2,2,14:07:55,19918,0
20160529,941,6,825,4,1,7,14:15:27,25583,0
20160529,941,6,18,1,1,8,14:17:20,25766,0
20160529,941,6,831,15,1,8,14:17:30,28242,0
20160529,941,6,826,5,3,7,14:17:32,27698,0
20160529,941,6,828,15,1,11,14:22:52,27176,0
20160529,941,6,837,207,1,11,14:22:57,29117,0
20160529,941,6,830,9,1,12,14:24:33,25604,0
20160529,941,6,20,6,1,13,14:25:55,25114,0
20160529,941,6,4,1,1,14,14:27:38,25512,0
20160529,941,6,808,10,1,15,14:29:11,25215,0
20160529,941,6,822,3,1,15,14:29:22,27364,0
20160529,941,6,154,208,1,15,14:29:44,33490,0
20160529,941,6,821,208,1,16,14:31:01,26044,0
20160529,941,6,3,130,1,20,14:37:17,26698,0
20160529,941,6,13,3,1,20,14:37:38,24934,0
20160529,941,6,832,5,1,21,14:38:53,27738,0
20160529,941,6,815,10,1,21,14:38:55,25714,0
20160529,941,6,825,4,2,21,14:40:27,38811,0
20160529,941,6,817,9,1,23,14:41:40,25054,0
20160529,941,6,828,15,2,29,14:52:28,26435,0
20160529,941,6,815,10,2,30,14:53:05,25608,0
20160529,941,6,18,1,2,30,14:53:13,25450,0
20160529,941,6,825,4,3,29,14:53:21,25879,0
20160529,941,6,822,3,2,30,14:54:01,25478,0
20160529,941,6,154,208,2,30,14:54:03,25111,0
20160529,941,6,1,130,1,31,14:54:06,26315,0
20160529,941,6,3,130,2,31,14:54:34,27680,0
20160529,941,6,20,6,2,31,14:54:36,25561,0
20160529,941,6,808,10,2,31,14:54:39,27064,0
20160529,941,6,832,5,2,31,14:54:40,28112,0
20160529,941,6,830,9,2,31,14:54:44,25459,0
20160529,941,6,836,207,1,31,14:55:34,26517,0
20160529,941,6,817,9,2,32,14:55:37,35327,0
20160529,941,6,4,1,2,32,14:56:10,26836,0
20160529,941,6,821,208,2,32,14:56:16,27407,0
20160529,941,6,13,3,2,32,14:56:25,25182,0
20160529,941,6,831,15,2,32,14:57:11,27166,0
20160529,941,6,825,4,4,32,14:58:47,31241,0
20160529,941,6,837,207,2,34,15:00:18,27380,0
20160529,941,6,837,207,3,47,15:21:24,26292,0
20160529,941,6,831,15,3,48,15:21:45,45700,0
20160529,941,6,822,3,3,49,15:22:23,24673,0
20160529,941,6,828,15,3,49,15:23:18,33342,0
20160612,942,7,831,15,1,9,14:15:49,23987,0
20160612,942,7,20,6,1,11,14:17:58,22597,0
20160612,942,7,8,6,1,11,14:18:14,22820,0
20160612,942,7,836,207,1,11,14:18:36,24784,0
20160612,942,7,832,5,1,13,14:21:10,23517,0
20160612,942,7,821,208,1,13,14:21:13,23412,0
20160612,942,7,828,15,1,14,14:22:44,22957,0
20160612,942,7,837,207,1,15,14:24:03,29732,0
20160612,942,7,4,1,1,17,14:26:24,27952,0
20160612,942,7,154,208,1,17,14:26:26,23680,0
20160612,942,7,826,5,1,17,14:26:28,23000,0
20160612,942,7,830,9,1,20,14:29:59,23586,0
20160612,942,7,817,9,1,21,14:31:21,22872,0
20160612,942,7,3,130,1,21,14:31:29,22466,0
20160612,942,7,808,10,1,21,14:31:34,22876,0
20160612,942,7,13,3,1,22,14:32:47,22925,0
20160612,942,7,822,3,1,23,14:33:59,22184,0
20160612,942,7,1,130,1,24,14:35:00,22243,0
20160612,942,7,815,10,1,30,14:43:33,22556,0
20160612,942,7,8,6,2,33,14:47:15,23263,0
20160612,942,7,831,15,2,35,14:51:16,23608,0
20160612,942,7,20,6,2,37,14:51:55,22361,0
20160612,942,7,817,9,2,38,14:53:47,24018,0
20160612,942,7,836,207,2,38,14:54:55,24516,0
20160612,942,7,154,208,2,39,14:55:43,23055,0
20160612,942,7,828,15,2,39,14:56:10,23299,0
20160612,942,7,825,4,1,39,14:56:12,23162,0
20160612,942,7,821,208,2,41,14:58:41,23928,0
20160612,942,7,826,5,2,44,15:02:16,22627,0
20160612,942,7,837,207,2,44,15:03:24,25069,0
20160612,942,7,830,9,2,46,15:04:02,22909,0
20160612,942,7,815,10,2,46,15:04:50,24757,0
20160612,942,7,154,208,3,46,15:05:13,32114,0
20160612,942,7,832,5,2,48,15:07:17,24445,0
20160612,942,7,3,130,2,51,15:10:35,22728,0
20160612,942,7,808,10,2,51,15:11:06,23111,0
20160619,943,72,837,207,1,1,17:05:57,33405,0
20160619,943,72,832,5,1,4,17:11:34,22028,0
20160619,943,72,830,9,1,5,17:13:24,20069,0
20160619,943,72,4,1,1,5,17:13:24,20282,0
20160619,943,72,826,5,1,5,17:13:37,24802,0
20160619,943,72,817,9,1,6,17:15:04,19840,0
20160619,943,72,18,1,1,6,17:15:21,20185,0
20160619,943,72,825,4,1,6,17:15:24,20772,0
20160619,943,72,13,3,1,7,17:17:02,19445,0
20160619,943,72,831,15,1,7,17:17:13,20670,0
20160619,943,72,8,6,1,8,17:18:49,20593,0
20160619,943,72,821,208,1,8,17:19:20,29227,0
20160619,943,72,154,208,1,10,17:22:51,21132,0
20160619,943,72,835,4,1,11,17:24:54,20965,0
20160619,943,72,1,130,1,15,17:31:52,20108,0
20160619,943,72,815,10,1,16,17:33:39,20614,0
20160619,943,72,828,15,1,16,17:34:12,21083,0
20160619,943,72,822,3,1,19,17:39:20,19732,0
20160619,943,72,20,6,1,20,17:40:51,20422,0
20160619,943,72,808,10,1,20,17:41:18,20347,0
20160619,943,72,830,9,2,20,17:41:33,22497,0
20160619,943,72,3,130,1,21,17:42:18,20058,0
20160619,943,72,817,9,2,22,17:45:00,20155,0
20160619,943,72,4,1,2,24,17:48:59,20654,0
20160619,943,72,831,15,2,24,17:49:03,20713,0
20160619,943,72,18,1,2,25,17:50:53,20640,0
20160619,943,72,828,15,2,25,17:51:13,20559,0
20160619,943,72,154,208,2,26,17:52:45,23588,0
20160619,943,72,832,5,2,27,17:54:32,21030,0
20160619,943,72,13,3,2,28,17:56:01,19858,0
20160619,943,72,836,207,1,29,17:58:28,26187,0
20160619,943,72,821,208,2,29,17:58:37,21533,0
20160619,943,72,835,4,2,31,18:02:14,20561,0
20160703,944,70,808,10,1,8,14:12:55,22601,0
20160703,944,70,4,1,1,8,14:13:00,21924,0
20160703,944,70,18,1,1,9,14:14:05,22859,0
20160703,944,70,822,3,1,9,14:14:09,21047,0
20160703,944,70,832,5,1,9,14:14:11,22605,0
20160703,944,70,815,10,1,9,14:14:12,21883,0
20160703,944,70,3,130,1,10,14:15:15,21890,0
20160703,944,70,825,4,1,11,14:16:43,22033,0
20160703,944,70,835,4,1,12,14:17:57,21745,0
20160703,944,70,13,3,1,12,14:18:00,21097,0
20160703,944,70,828,15,1,12,14:18:03,22980,0
20160703,944,70,836,207,1,13,14:19:05,22613,0
20160703,944,70,817,9,1,14,14:20:04,21183,0
20160703,944,70,830,9,1,15,14:21:12,21945,0
20160703,944,70,1,130,1,21,14:28:15,22918,0
20160703,944,70,821,208,1,21,14:29:00,22053,0
20160703,944,70,8,6,1,22,14:29:32,21916,0
20160703,944,70,836,207,2,23,14:31:36,23738,0
20160703,944,70,808,10,2,24,14:32:37,21580,0
20160703,944,70,18,1,2,26,14:35:01,22035,0
20160703,944,70,154,208,1,26,14:35:02,22662,0
20160703,944,70,4,1,2,26,14:35:08,22879,0
20160703,944,70,815,10,2,26,14:35:10,21412,0
20160703,944,70,837,207,1,27,14:36:58,23326,0
20160703,944,70,3,130,2,28,14:38:13,17959,0
20160703,944,70,836,207,3,27,14:38:14,18064,0
20160703,944,70,1,130,2,28,14:38:16,16983,0
20160703,944,70,830,9,2,28,14:38:17,17165,0
20160703,944,70,817,9,2,28,14:38:18,19408,0
20160703,944,70,8,6,2,28,14:38:20,21206,0
20160703,944,70,822,3,2,28,14:38:22,20876,0
20160703,944,70,831,15,1,28,14:38:23,20929,0
20160703,944,70,832,5,2,28,14:38:24,33462,0
20160703,944,70,18,1,3,28,14:38:27,18307,0
20160703,944,70,154,208,2,28,14:38:29,18860,0
20160703,944,70,825,4,2,28,14:38:32,17721,0
20160703,944,70,13,3,2,28,14:38:33,17388,0
20160703,944,70,835,4,2,28,14:38:35,16851,0
20160703,944,70,4,1,3,28,14:38:36,16764,0
20160703,944,70,815,10,3,28,14:38:37,16544,0
20160703,944,70,828,15,2,28,14:38:39,16419,0
20160703,944,70,808,10,3,28,14:38:40,16227,0
20160703,944,70,821,208,2,28,14:38:43,16475,0
20160703,944,70,837,207,2,28,14:38:45,16218,0
20160703,944,70,3,130,3,29,14:40:18,18220,0
20160703,944,70,836,207,4,28,14:40:19,18342,0
20160703,944,70,1,130,3,29,14:40:21,18716,0
20160703,944,70,830,9,3,29,14:40:22,18455,0
20160703,944,70,817,9,3,29,14:40:23,18347,0
20160703,944,70,8,6,3,29,14:40:26,18455,0
20160703,944,70,822,3,3,29,14:40:27,17800,0
20160703,944,70,831,15,2,29,14:40:29,17739,0
20160703,944,70,18,1,4,29,14:40:31,18964,0
20160703,944,70,154,208,3,29,14:40:32,19554,0
20160703,944,70,825,4,3,29,14:40:34,19611,0
20160703,944,70,13,3,3,29,14:40:35,19015,0
20160703,944,70,835,4,3,29,14:40:37,18382,0
20160703,944,70,4,1,4,29,14:40:38,18194,0
20160703,944,70,815,10,4,29,14:40:39,17970,0
20160703,944,70,828,15,3,29,14:40:41,19041,0
20160703,944,70,808,10,4,29,14:40:42,19028,0
20160703,944,70,832,5,3,29,14:40:43,18636,0
20160703,944,70,821,208,3,29,14:40:44,18308,0
20160703,944,70,837,207,3,29,14:40:46,17828,0
20160703,944,70,821,208,4,41,14:56:13,21921,0
20160703,944,70,831,15,3,43,14:58:35,22707,0
20160703,944,70,825,4,4,49,15:05:46,27119,0
20160703,944,70,808,10,5,50,15:06:56,27834,0
20160703,944,70,835,4,4,50,15:06:59,22728,0
20160703,944,70,828,15,4,50,15:07:01,24326,0
20160703,944,70,837,207,4,50,15:07:11,25234,0
20160703,944,70,822,3,4,51,15:07:54,21639,0
20160703,944,70,1,130,4,54,15:10:44,22109,0
20160703,944,70,3,130,4,55,15:11:53,21035,0
20160703,944,70,13,3,4,56,15:13:53,21231,0
20160703,944,70,817,9,4,60,15:18:09,22284,0
20160710,945,9,8,6,1,5,13:14:16,29578,0
20160710,945,9,822,3,1,5,13:14:17,29808,0
20160710,945,9,832,5,1,5,13:14:18,30786,0
20160710,945,9,808,10,1,5,13:14:18,30747,0
20160710,945,9,4,1,1,5,13:14:19,32374,0
20160710,945,9,20,6,1,5,13:14:20,31381,0
20160710,945,9,154,208,1,5,13:14:21,31632,0
20160710,945,9,821,208,1,5,13:14:22,41508,0
20160710,945,9,825,4,1,5,13:14:23,30804,0
20160710,945,9,836,207,1,5,13:14:25,31812,0
20160710,945,9,817,9,1,6,13:16:16,30198,0
20160710,945,9,13,3,1,6,13:16:20,29243,0
20160710,945,9,826,5,1,6,13:16:22,30315,0
20160710,945,9,18,1,1,6,13:16:23,30093,0
20160710,945,9,835,4,1,6,13:16:27,29784,0
20160710,945,9,837,207,1,6,13:16:29,29998,0
20160710,945,9,1,130,1,7,13:18:15,30343,0
20160710,945,9,3,130,1,7,13:18:22,29395,0
20160710,945,9,830,9,1,7,13:18:23,31995,0
20160710,945,9,815,10,1,7,13:18:27,29475,0
20160710,945,9,831,15,1,7,13:18:46,30981,0
20160710,945,9,828,15,1,7,13:18:48,35393,0
20160710,945,9,828,15,2,10,13:25:31,104980,1
20160710,945,9,20,6,2,15,13:34:24,29163,0
20160710,945,9,8,6,2,16,13:36:00,30462,0
20160710,945,9,13,3,2,16,13:36:16,29403,0
20160710,945,9,826,5,2,16,13:36:19,30327,0
20160710,945,9,822,3,2,16,13:36:28,29282,0
20160710,945,9,831,15,2,16,13:36:33,30143,0
20160710,945,9,154,208,2,16,13:36:36,30882,0
20160710,945,9,835,4,2,16,13:36:38,55697,0
20160710,945,9,1,130,2,17,13:37:20,28728,0
20160710,945,9,3,130,2,17,13:37:29,29715,0
20160710,945,9,815,10,2,17,13:37:40,28915,0
20160710,945,9,817,9,2,17,13:37:41,29813,0
20160710,945,9,832,5,2,17,13:37:56,29895,0
20160710,945,9,808,10,2,17,13:38:06,29867,0
20160710,945,9,4,1,2,17,13:38:11,28799,0
20160710,945,9,18,1,2,17,13:38:19,29588,0
20160710,945,9,825,4,2,17,13:38:33,29201,0
20160710,945,9,821,208,2,17,13:38:37,29884,0
20160710,945,9,837,207,2,17,13:38:55,30135,0
20160710,945,9,830,9,2,18,13:39:11,29429,0
20160710,945,9,835,4,3,19,13:42:54,41486,0
20160710,945,9,13,3,3,38,14:13:29,29346,0
20160710,945,9,4,1,3,39,14:15:22,28936,0
20160710,945,9,825,4,3,40,14:17:42,28450,0
20160724,946,11,18,1,1,7,14:14:06,22229,0
20160724,946,11,836,207,1,9,14:16:53,23486,0
20160724,946,11,18,1,2,10,14:18:47,16486,0
20160724,946,11,831,15,1,11,14:19:45,22778,0
20160724,946,11,20,6,1,14,14:23:42,21640,0
20160724,946,11,808,10,1,14,14:24:03,22014,0
20160724,946,11,154,208,1,14,14:24:03,22427,0
20160724,946,11,817,9,1,15,14:25:05,22241,0
20160724,946,11,4,1,1,15,14:25:20,22099,0
20160724,946,11,821,208,1,15,14:25:32,22828,0
20160724,946,11,1,130,1,16,14:26:24,21441,0
20160724,946,11,830,9,1,16,14:26:36,22389,0
20160724,946,11,832,5,1,16,14:26:49,22960,0
20160724,946,11,822,3,1,16,14:26:54,21704,0
20160724,946,11,3,130,1,17,14:27:51,21233,0
20160724,946,11,828,15,1,17,14:28:54,23873,0
20160724,946,11,825,4,1,24,14:38:48,21990,0
20160724,946,11,826,5,1,24,14:39:02,22105,0
20160724,946,11,13,3,1,25,14:40:31,21793,0
20160724,946,11,835,4,1,26,14:41:39,21892,0
20160724,946,11,815,10,1,27,14:43:00,22689,0
20160724,946,11,18,1,3,28,14:45:17,22718,0
20160724,946,11,8,6,1,29,14:45:43,21951,0
20160724,946,11,837,207,1,29,14:46:44,24254,0
20160724,946,11,817,9,2,33,14:51:15,22006,0
20160724,946,11,836,207,2,35,14:55:42,22765,0
20160724,946,11,154,208,2,36,14:56:35,22303,0
20160724,946,11,825,4,2,36,14:56:36,22051,0
20160724,946,11,821,208,2,37,14:58:00,22520,0
20160724,946,11,830,9,2,38,14:58:38,21687,0
20160724,946,11,808,10,2,39,15:00:48,23350,0
20160724,946,11,835,4,2,39,15:00:49,21665,0
20160724,946,11,831,15,2,39,15:01:04,22965,0
20160724,946,11,815,10,2,40,15:02:11,29941,0
20160724,946,11,1,130,2,41,15:02:31,21773,0
20160724,946,11,20,6,2,41,15:02:46,21535,0
20160724,946,11,3,130,2,42,15:03:58,22351,0
20160724,946,11,832,5,2,42,15:04:57,22417,0
20160724,946,11,822,3,2,43,15:06:27,21405,0
20160724,946,11,4,1,2,44,15:07:43,21897,0
20160724,946,11,828,15,2,45,15:10:26,23198,0
20160724,946,11,826,5,2,46,15:11:10,27951,0
20160724,946,11,8,6,2,50,15:15:47,21857,0
20160724,946,11,828,15,3,62,15:35:34,23308,0
20160724,946,11,13,3,2,65,15:39:36,22366,0
20160731,947,10,835,4,1,2,14:06:10,19298,0
20160731,947,10,826,5,1,7,14:13:06,23243,0
20160731,947,10,831,15,1,7,14:13:07,29865,0
20160731,947,10,815,10,1,8,14:14:25,19233,0
20160731,947,10,832,5,1,9,14:15:46,22751,0
20160731,947,10,13,3,1,9,14:15:48,18590,0
20160731,947,10,830,9,1,11,14:18:08,19017,0
20160731,947,10,3,130,1,11,14:18:12,19693,0
20160731,947,10,825,4,1,11,14:18:33,19034,0
20160731,947,10,817,9,1,12,14:19:31,18964,0
20160731,947,10,822,3,1,12,14:19:43,18796,0
20160731,947,10,808,10,1,12,14:19:45,19608,0
20160731,947,10,836,207,1,12,14:20:05,19813,0
20160731,947,10,20,6,1,13,14:20:57,19230,0
20160731,947,10,18,1,1,13,14:21:12,19427,0
20160731,947,10,837,207,1,13,14:21:38,31317,0
20160731,947,10,1,130,1,14,14:22:05,18650,0
20160731,947,10,8,6,1,14,14:22:21,22393,0
20160731,947,10,4,1,1,14,14:22:38,19258,0
20160731,947,10,828,15,1,16,14:25:46,20148,0
20160731,947,10,154,208,1,17,14:26:51,20301,0
20160731,947,10,831,15,2,19,14:30:11,19944,0
20160731,947,10,821,208,1,25,14:38:07,20099,0
20160731,947,10,835,4,2,25,14:38:38,26688,0
20160731,947,10,13,3,2,26,14:39:36,36395,0
20160731,947,10,836,207,2,26,14:39:43,19626,0
20160731,947,10,3,130,2,27,14:40:04,18936,0
20160731,947,10,815,10,2,27,14:40:47,19223,0
20160731,947,10,830,9,2,28,14:41:22,19137,0
20160731,947,10,4,1,2,28,14:42:04,19440,0
20160731,947,10,826,5,2,28,14:42:23,20227,0
20160731,947,10,832,5,2,29,14:43:41,19747,0
20160731,947,10,20,6,2,31,14:45:38,19472,0
20160731,947,10,18,1,2,31,14:46:05,19124,0
20160731,947,10,8,6,2,32,14:47:02,19142,0
20160731,947,10,808,10,2,32,14:47:20,19144,0
20160731,947,10,825,4,2,32,14:47:45,19159,0
20160731,947,10,817,9,2,33,14:48:12,18738,0
20160731,947,10,837,207,2,32,14:48:35,20919,0
20160731,947,10,822,3,2,33,14:48:41,19183,0
20160731,947,10,1,130,2,34,14:49:19,18504,0
20160731,947,10,828,15,2,33,14:49:34,19318,0
20160731,947,10,831,15,3,42,15:02:30,19755,0
20160731,947,10,815,10,3,43,15:02:46,19379,0
20160731,947,10,154,208,2,43,15:03:00,19863,0
20160731,947,10,3,130,3,44,15:03:08,28364,0
20160731,947,10,808,10,3,44,15:03:45,19907,0
20160731,947,10,830,9,3,45,15:04:32,18967,0
20160731,947,10,817,9,3,46,15:05:49,18979,0
20160731,947,10,20,6,3,46,15:06:01,19000,0
20160731,947,10,835,4,3,45,15:06:33,19725,0
20160731,947,10,18,1,3,46,15:06:40,19268,0
20160731,947,10,1,130,3,47,15:06:57,18475,0
20160731,947,10,8,6,3,47,15:07:26,19525,0
20160731,947,10,836,207,3,46,15:07:36,19658,0
20160731,947,10,4,1,3,47,15:08:04,19127,0
20160731,947,10,821,208,2,47,15:08:16,19326,0
20160731,947,10,826,5,3,49,15:11:20,19264,0
20160731,947,10,837,207,3,49,15:12:22,21186,0
20160731,947,10,832,5,3,51,15:13:57,19547,0
20160828,948,13,830,9,1,1,14:05:46,31235,0
20160828,948,13,831,15,1,1,14:05:52,26390,0
20160828,948,13,20,6,1,1,14:05:53,22403,0
20160828,948,13,8,6,1,1,14:06:21,87084,1
20160828,948,13,13,3,1,2,14:07:44,22484,0
20160828,948,13,808,10,1,6,14:15:53,23564,0
20160828,948,13,8,6,2,5,14:15:56,23061,0
20160828,948,13,815,10,1,6,14:16:04,23783,0
20160828,948,13,154,208,1,6,14:16:08,23705,0
20160828,948,13,835,4,1,6,14:16:08,22698,0
20160828,948,13,839,207,1,6,14:16:18,28718,0
20160828,948,13,822,3,1,7,14:18:36,22190,0
20160828,948,13,821,208,1,7,14:18:38,23486,0
20160828,948,13,3,130,1,9,14:24:29,996150,1
20160828,948,13,817,9,1,9,14:24:30,998401,1
20160828,948,13,808,10,2,9,14:24:31,998468,1
20160828,948,13,4,1,1,9,14:24:32,998234,1
20160828,948,13,1,130,1,9,14:24:34,1000478,1
20160828,948,13,13,3,2,9,14:24:35,1000664,1
20160828,948,13,815,10,2,9,14:24:36,1000284,1
20160828,948,13,826,5,1,9,14:24:38,1000466,1
20160828,948,13,835,4,2,9,14:24:40,1000234,1
20160828,948,13,154,208,2,9,14:24:42,999366,1
20160828,948,13,20,6,2,9,14:24:44,998511,1
20160828,948,13,822,3,2,9,14:24:46,998328,1
20160828,948,13,821,208,2,9,14:24:48,998622,1
20160828,948,13,830,9,2,9,14:24:49,998546,1
20160828,948,13,839,207,2,9,14:24:51,1000980,1
20160828,948,13,831,15,2,9,14:24:52,1001198,1
20160828,948,13,8,6,3,9,14:25:53,943158,1
20160828,948,13,830,9,3,16,14:55:40,23231,0
20160828,948,13,1,130,2,21,15:05:00,24343,0
20160828,948,13,826,5,2,21,15:05:19,23359,0
20160828,948,13,13,3,3,22,15:07:04,22515,0
20160828,948,13,821,208,3,22,15:07:18,23561,0
20160828,948,13,835,4,3,22,15:07:20,23333,0
20160828,948,13,808,10,3,23,15:08:55,24015,0
20160828,948,13,4,1,2,23,15:08:57,22451,0
20160828,948,13,20,6,3,23,15:09:03,22762,0
20160828,948,13,822,3,3,23,15:09:06,22318,0
20160828,948,13,154,208,3,23,15:09:21,23107,0
20160828,948,13,831,15,3,23,15:09:23,30238,0
20160828,948,13,815,10,3,24,15:10:56,22652,0
20160828,948,13,8,6,4,24,15:11:06,23056,0
20160828,948,13,839,207,3,24,15:11:25,24208,0
20160828,948,13,817,9,2,25,15:12:33,22531,0
20160828,948,13,3,130,2,26,15:14:15,22596,0
20160828,948,13,830,9,4,27,15:17:02,22727,0
20160828,948,13,1,130,3,32,15:26:06,22432,0
20160828,948,13,835,4,4,34,15:30:48,22578,0
20160828,948,13,826,5,3,35,15:32:37,23363,0
20160904,949,14,835,4,1,2,14:06:49,33275,0
20160904,949,14,831,15,1,2,14:07:30,27786,0
20160904,949,14,831,15,2,4,14:11:17,810454,1
20160904,949,14,822,3,1,13,14:22:38,24161,0
20160904,949,14,830,9,1,13,14:22:46,24610,0
20160904,949,14,4,1,1,13,14:22:49,26843,0
20160904,949,14,826,5,1,13,14:23:07,25183,0
20160904,949,14,808,10,1,14,14:24:20,24043,0
20160904,949,14,825,4,1,14,14:24:42,24505,0
20160904,949,14,8,6,1,15,14:25:27,24116,0
20160904,949,14,815,10,1,15,14:25:39,24537,0
20160904,949,14,18,1,1,15,14:26:00,26427,0
20160904,949,14,831,15,3,5,14:26:32,36594,0
20160904,949,14,20,6,1,16,14:26:54,25472,0
20160904,949,14,817,9,1,16,14:27:03,23745,0
20160904,949,14,13,3,1,16,14:27:13,23940,0
20160904,949,14,836,207,1,16,14:27:29,25962,0
20160904,949,14,821,208,1,16,14:27:38,25150,0
20160904,949,14,832,5,1,23,14:38:06,25301,0
20160904,949,14,828,15,1,23,14:38:08,25145,0
20160904,949,14,3,130,1,24,14:38:25,25550,0
20160904,949,14,1,130,1,25,14:40:05,23633,0
20160904,949,14,815,10,2,28,14:45:06,24033,0
20160904,949,14,154,208,1,28,14:45:26,25340,0
20160904,949,14,822,3,2,30,14:47:55,23899,0
20160904,949,14,825,4,2,30,14:49:06,23757,0
20160904,949,14,20,6,2,33,14:52:00,25033,0
20160904,949,14,839,207,1,32,14:52:20,25539,0
20160904,949,14,808,10,2,33,14:52:41,24553,0
20160904,949,14,4,1,2,33,14:52:50,23694,0
20160904,949,14,826,5,2,33,14:53:29,24363,0
20160904,949,14,8,6,2,34,14:53:31,24279,0
20160904,949,14,821,208,2,34,14:54:36,25515,0
20160904,949,14,830,9,2,35,14:55:22,23827,0
20160904,949,14,13,3,2,36,14:56:59,23822,0
20160904,949,14,817,9,2,37,14:58:08,23633,0
20160904,949,14,18,1,2,38,15:00:16,24418,0
20160904,949,14,832,5,2,39,15:02:07,24341,0
20160904,949,14,4,1,3,49,15:16:39,24082,0
20160918,950,15,3,130,1,1,20:06:14,26350,0
20160918,950,15,817,9,1,1,20:06:15,25925,0
20160918,950,15,1,130,1,1,20:06:19,24453,0
20160918,950,15,8,6,1,1,20:06:21,24874,0
20160918,950,15,4,1,1,1,20:06:22,24649,0
20160918,950,15,826,5,1,1,20:06:24,24584,0
20160918,950,15,832,5,1,1,20:06:25,25973,0
20160918,950,15,830,9,1,1,20:06:26,25740,0
20160918,950,15,13,3,1,1,20:06:27,25929,0
20160918,950,15,825,4,1,1,20:06:28,25816,0
20160918,950,15,828,15,1,1,20:06:30,26135,0
20160918,950,15,815,10,1,1,20:06:31,32821,0
20160918,950,15,821,208,1,1,20:06:32,26519,0
20160918,950,15,18,1,1,1,20:06:33,42815,0
20160918,950,15,822,3,1,1,20:06:40,32709,0
20160918,950,15,836,207,1,1,20:06:42,24308,0
20160918,950,15,839,207,1,1,20:06:43,24343,0
20160918,950,15,831,15,1,1,20:06:44,25057,0
20160918,950,15,835,4,1,1,20:06:45,25211,0
20160918,950,15,20,6,1,1,20:06:48,24342,0
20160918,950,15,832,5,2,7,20:18:50,29846,0
20160918,950,15,828,15,2,8,20:20:49,29706,0
20160918,950,15,835,4,2,11,20:26:49,28847,0
20160918,950,15,830,9,2,13,20:30:12,28815,0
20160918,950,15,4,1,2,14,20:31:59,29401,0
20160918,950,15,817,9,2,15,20:33:33,28890,0
20160918,950,15,1,130,2,15,20:33:37,29150,0
20160918,950,15,826,5,2,15,20:33:53,30301,0
20160918,950,15,822,3,2,15,20:34:33,28780,0
20160918,950,15,18,1,2,15,20:34:34,28998,0
20160918,950,15,3,130,2,16,20:35:17,30546,0
20160918,950,15,13,3,2,16,20:35:53,28682,0
20160918,950,15,8,6,2,17,20:37:28,29041,0
20160918,950,15,825,4,2,17,20:37:54,28759,0
20160918,950,15,831,15,2,17,20:38:03,30297,0
20160918,950,15,821,208,2,18,20:39:52,30307,0
20160918,950,15,836,207,2,18,20:40:10,30532,0
20160918,950,15,839,207,2,19,20:42:20,104383,1
20160918,950,15,20,6,2,24,20:51:16,28924,0
20160918,950,15,815,10,2,25,20:53:08,28742,0
20160918,950,15,828,15,3,25,20:53:46,29468,0
20160918,950,15,830,9,3,27,20:56:59,28948,0
20160918,950,15,832,5,3,27,20:57:18,29320,0
20160918,950,15,18,1,3,27,20:57:36,29025,0
20160918,950,15,13,3,3,28,20:58:52,29578,0
20160918,950,15,822,3,3,30,21:03:12,28545,0
20160918,950,15,817,9,3,32,21:05:33,28921,0
20160918,950,15,3,130,3,33,21:07:19,28970,0
20160918,950,15,822,3,4,32,21:07:22,63680,1
20160918,950,15,8,6,3,33,21:07:36,29135,0
20160918,950,15,1,130,3,34,21:09:30,28421,0
20160918,950,15,4,1,3,34,21:10:00,30381,0
20160918,950,15,835,4,3,34,21:11:01,28804,0
20160918,950,15,831,15,3,35,21:12:35,29537,0
20160918,950,15,839,207,3,34,21:12:43,30614,0
20160918,950,15,821,208,3,36,21:14:20,30160,0
20160918,950,15,836,207,3,36,21:14:53,30471,0
20160918,950,15,828,15,4,36,21:15:00,29680,0
20160918,950,15,826,5,3,37,21:15:47,29205,0
20160918,950,15,825,4,3,38,21:17:53,29754,0
20160918,950,15,20,6,3,42,21:24:58,29391,0
20160918,950,15,13,3,4,43,21:27:23,29903,0
20160918,950,15,830,9,4,44,21:28:59,28854,0
20160918,950,15,1,130,4,45,21:30:08,28315,0
20160918,950,15,8,6,4,46,21:31:56,28954,0
20160918,950,15,817,9,4,47,21:33:41,28662,0
20160918,950,15,839,207,4,45,21:34:04,42368,0
20160918,950,15,832,5,4,48,21:37:18,29377,0
20161002,951,2,826,5,1,1,15:06:13,32413,0
20161002,951,2,13,3,1,1,15:06:15,23528,0
20161002,951,2,825,4,1,1,15:06:24,30679,0
20161002,951,2,821,208,1,1,15:06:25,30782,0
20161002,951,2,13,3,2,6,15:15:25,24425,0
20161002,951,2,830,9,1,9,15:20:26,23935,0
20161002,951,2,815,10,1,9,15:20:38,27024,0
20161002,951,2,18,1,1,9,15:20:44,24738,0
20161002,951,2,808,10,1,9,15:20:45,26609,0
20161002,951,2,4,1,1,9,15:20:50,25195,0
20161002,951,2,3,130,1,9,15:20:50,23750,0
20161002,951,2,836,207,1,9,15:20:59,25820,0
20161002,951,2,839,207,1,12,15:26:26,25368,0
20161002,951,2,1,130,1,20,15:39:17,23689,0
20161002,951,2,8,6,1,20,15:39:31,24584,0
20161002,951,2,832,5,1,20,15:40:01,24400,0
20161002,951,2,817,9,1,21,15:41:04,24197,0
20161002,951,2,828,15,1,21,15:41:45,25272,0
20161002,951,2,821,208,2,22,15:44:09,24814,0
20161002,951,2,830,9,2,27,15:51:10,23856,0
20161002,951,2,4,1,2,27,15:52:01,24061,0
20161002,951,2,808,10,2,28,15:53:41,24012,0
20161002,951,2,822,3,1,29,15:55:11,23828,0
20161002,951,2,826,5,2,29,15:55:54,24338,0
20161002,951,2,836,207,2,30,15:57:42,26156,0
20161002,951,2,3,130,2,31,15:58:19,24661,0
20161002,951,2,835,4,1,31,15:59:04,23928,0
20161002,951,2,839,207,2,31,15:59:29,33338,0
20161002,951,2,13,3,3,31,15:59:30,23778,0
20161002,951,2,8,6,2,32,15:59:55,24412,0
20161002,951,2,815,10,2,32,16:00:19,23947,0
20161002,951,2,831,15,1,32,16:00:57,24697,0
20161002,951,2,18,1,2,37,16:08:59,24645,0
20161002,951,2,832,5,2,37,16:09:13,24473,0
20161002,951,2,828,15,2,37,16:09:14,24706,0
20161002,951,2,821,208,3,39,16:13:44,25006,0
20161002,951,2,8,6,3,40,16:13:46,24809,0
20161002,951,2,4,1,3,40,16:14:25,23920,0
20161002,951,2,808,10,3,40,16:14:32,25192,0
20161002,951,2,817,9,2,41,16:15:24,24408,0
20161002,951,2,830,9,3,41,16:15:26,28274,0
20161002,951,2,826,5,3,40,16:15:33,24718,0
20161002,951,2,3,130,3,41,16:15:58,23476,0
20161002,951,2,836,207,3,41,16:18:14,25201,0
20161009,952,22,4,1,1,9,14:19:03,22786,0
20161009,952,22,830,9,1,10,14:20:15,22855,0
20161009,952,22,817,9,1,10,14:20:26,22996,0
20161009,952,22,154,208,1,10,14:20:36,23741,0
20161009,952,22,826,5,1,10,14:20:38,22990,0
20161009,952,22,808,10,1,11,14:22:12,22832,0
20161009,952,22,821,208,1,11,14:22:18,24110,0
20161009,952,22,3,130,1,12,14:23:28,22673,0
20161009,952,22,20,6,1,12,14:23:35,23226,0
20161009,952,22,815,10,1,12,14:23:45,23605,0
20161009,952,22,8,6,1,12,14:23:45,23244,0
20161009,952,22,839,207,1,12,14:24:19,24973,0
20161009,952,22,1,130,1,13,14:25:25,22989,0
20161009,952,22,832,5,1,13,14:25:40,22986,0
20161009,952,22,836,207,1,13,14:26:05,24630,0
20161009,952,22,18,1,1,19,14:36:02,24375,0
20161009,952,22,826,5,2,23,14:42:46,22943,0
20161009,952,22,13,3,1,24,14:44:11,22463,0
20161009,952,22,835,4,1,25,14:45:55,23452,0
20161009,952,22,825,4,1,25,14:46:04,23072,0
20161009,952,22,831,15,1,25,14:46:10,25131,0
20161009,952,22,8,6,2,26,14:47:00,22762,0
20161009,952,22,822,3,1,26,14:47:27,25007,0
20161009,952,22,828,15,1,26,14:47:42,24011,0
20161009,952,22,4,1,2,27,14:49:28,23032,0
20161009,952,22,830,9,2,28,14:49:53,22788,0
20161009,952,22,808,10,2,28,14:50:32,22952,0
20161009,952,22,821,208,2,28,14:51:13,23792,0
20161009,952,22,3,130,2,29,14:51:24,23150,0
20161009,952,22,815,10,2,29,14:52:07,22721,0
20161009,952,22,154,208,2,30,14:54:06,25429,0
20161009,952,22,839,207,2,31,14:56:24,24256,0
20161009,952,22,817,9,2,32,14:56:52,25861,0
20161009,952,22,1,130,2,33,14:58:11,22732,0
20161009,952,22,836,207,2,32,14:58:22,25461,0
20161009,952,22,20,6,2,34,14:59:47,22887,0
20161009,952,22,18,1,2,36,15:04:30,23342,0
20161009,952,22,832,5,2,37,15:06:04,22938,0
20161023,953,69,822,3,1,1,14:06:03,27098,0
20161023,953,69,817,9,1,8,14:17:32,23956,0
20161023,953,69,8,6,1,8,14:17:35,23989,0
20161023,953,69,830,9,1,9,14:19:21,23489,0
20161023,953,69,3,130,1,10,14:21:02,23526,0
20161023,953,69,18,1,1,10,14:21:28,23613,0
20161023,953,69,154,208,1,10,14:21:30,24523,0
20161023,953,69,815,10,1,10,14:21:31,23350,0
20161023,953,69,1,130,1,11,14:22:40,23601,0
20161023,953,69,13,3,1,11,14:23:03,24093,0
20161023,953,69,832,5,1,11,14:23:06,24778,0
20161023,953,69,4,1,1,11,14:23:10,23683,0
20161023,953,69,821,208,1,13,14:27:00,24470,0
20161023,953,69,825,4,1,13,14:27:04,24310,0
20161023,953,69,836,207,1,13,14:27:10,26059,0
20161023,953,69,20,6,1,14,14:28:08,24433,0
20161023,953,69,835,4,1,15,14:30:43,24071,0
20161023,953,69,828,15,1,17,14:34:12,25229,0
20161023,953,69,839,207,1,17,14:34:34,25216,0
20161023,953,69,822,3,2,20,14:40:06,25222,0
20161023,953,69,826,5,1,21,14:41:16,37837,0
20161023,953,69,8,6,2,24,14:45:43,23845,0
20161023,953,69,817,9,2,25,14:47:19,23534,0
20161023,953,69,830,9,2,26,14:49:08,36112,0
20161023,953,69,835,4,2,26,14:50:20,24766,0
20161023,953,69,839,207,2,26,14:50:59,27532,0
20161023,953,69,815,10,2,27,14:51:47,24467,0
20161023,953,69,154,208,2,27,14:51:52,26056,0
20161023,953,69,825,4,2,27,14:52:06,24103,0
20161023,953,69,18,1,2,28,14:53:32,25635,0
20161023,953,69,20,6,2,29,14:54:23,23812,0
20161023,953,69,13,3,2,29,14:54:55,23903,0
20161023,953,69,831,15,1,29,14:55:54,24244,0
20161023,953,69,832,5,2,30,14:56:49,24281,0
20161023,953,69,4,1,2,30,14:56:57,25300,0
20161023,953,69,1,130,2,31,14:57:50,23575,0
20161023,953,69,836,207,2,30,14:58:04,25182,0
20161023,953,69,3,130,2,31,14:58:05,24149,0
20161023,953,69,8,6,3,38,15:11:09,25384,0
20161023,953,69,825,4,3,43,15:21:37,23898,0
20161023,953,69,839,207,3,44,15:24:27,24665,0
20161023,953,69,20,6,3,53,15:37:10,24156,0
20161023,953,69,13,3,3,54,15:39:55,23464,0
20161030,954,32,817,9,1,1,13:04:51,22087,0
20161030,954,32,835,4,1,1,13:05:06,23897,0
20161030,954,32,828,15,1,1,13:05:11,32608,0
20161030,954,32,154,208,1,11,13:20:31,22957,0
20161030,954,32,830,9,1,12,13:21:26,21775,0
20161030,954,32,832,5,1,12,13:21:43,22747,0
20161030,954,32,825,4,1,12,13:21:47,22271,0
20161030,954,32,821,208,1,12,13:21:51,25198,0
20161030,954,32,826,5,1,13,13:23:20,22665,0
20161030,954,32,808,10,1,14,13:24:17,22134,0
20161030,954,32,13,3,1,14,13:24:24,21863,0
20161030,954,32,839,207,1,15,13:26:15,23866,0
20161030,954,32,4,1,1,16,13:27:27,22461,0
20161030,954,32,1,130,1,17,13:28:16,21709,0
20161030,954,32,18,1,1,17,13:28:57,22438,0
20161030,954,32,822,3,1,19,13:31:31,22396,0
20161030,954,32,3,130,1,20,13:32:32,21997,0
20161030,954,32,8,6,1,20,13:32:40,22398,0
20161030,954,32,815,10,1,20,13:32:56,22213,0
20161030,954,32,20,6,1,32,13:49:30,22035,0
20161030,954,32,8,6,2,45,14:07:53,22974,0
20161030,954,32,4,1,2,45,14:09:00,25171,0
20161030,954,32,826,5,2,47,14:11:56,22865,0
20161030,954,32,821,208,2,48,14:13:40,23110,0
20161030,954,32,831,15,1,49,14:14:38,23540,0
20161030,954,32,817,9,2,50,14:14:47,22443,0
20161030,954,32,154,208,2,50,14:16:38,23678,0
20161030,954,32,825,4,2,51,14:17:54,22384,0
20161113,955,18,825,4,1,7,14:24:31,24986,0
20161113,955,18,18,1,1,8,14:26:08,24192,0
20161113,955,18,4,1,1,9,14:27:30,24821,0
20161113,955,18,822,3,1,9,14:27:31,24724,0
20161113,955,18,13,3,1,9,14:27:33,29421,0
20161113,955,18,826,5,1,9,14:27:36,25758,0
20161113,955,18,835,4,1,9,14:27:40,24745,0
20161113,955,18,828,15,1,9,14:27:41,25395,0
20161113,955,18,20,6,1,10,14:29:08,29981,0
20161113,955,18,821,208,1,12,14:32:18,25147,0
20161113,955,18,830,9,1,13,14:33:11,24186,0
20161113,955,18,817,9,1,13,14:33:32,24623,0
20161113,955,18,826,5,2,17,14:41:54,25355,0
20161113,955,18,835,4,2,17,14:41:59,24656,0
20161113,955,18,1,130,1,20,14:47:37,2010361,1
20161113,955,18,3,130,1,20,14:47:40,2009747,1
20161113,955,18,830,9,2,20,14:47:41,2009643,1
20161113,955,18,808,10,1,20,14:47:44,2008504,1
20161113,955,18,815,10,1,20,14:47:46,2008398,1
20161113,955,18,832,5,1,20,14:47:48,2008828,1
20161113,955,18,831,15,1,20,14:47:50,2008206,1
20161113,955,18,817,9,2,20,14:47:52,2008600,1
20161113,955,18,839,207,1,20,14:47:53,2009052,1
20161113,955,18,836,207,1,20,14:47:56,2008464,1
20161113,955,18,4,1,2,20,14:47:57,2008789,1
20161113,955,18,822,3,2,20,14:47:59,2008595,1
20161113,955,18,825,4,2,20,14:48:00,2008979,1
20161113,955,18,18,1,2,20,14:48:04,2010062,1
20161113,955,18,20,6,2,20,14:48:05,2010637,1
20161113,955,18,13,3,2,20,14:48:08,2009630,1
20161113,955,18,821,208,2,20,14:48:09,2011147,1
20161113,955,18,826,5,3,20,14:48:11,2011266,1
20161113,955,18,808,10,2,22,15:25:12,24282,0
20161113,955,18,1,130,2,28,15:37:24,1482048,1
20161113,955,18,3,130,2,28,15:37:26,1481624,1
20161113,955,18,830,9,3,28,15:37:27,1481433,1
20161113,955,18,815,10,2,28,15:37:29,1482290,1
20161113,955,18,832,5,2,28,15:37:31,1483053,1
20161113,955,18,831,15,2,28,15:37:32,1483214,1
20161113,955,18,817,9,3,28,15:37:33,1484725,1
20161113,955,18,839,207,2,28,15:37:35,1485092,1
20161113,955,18,836,207,2,28,15:37:36,1484979,1
20161113,955,18,4,1,3,28,15:37:39,1483818,1
20161113,955,18,822,3,3,28,15:37:41,1483957,1
20161113,955,18,825,4,3,28,15:37:43,1484474,1
20161113,955,18,18,1,3,28,15:37:46,1484987,1
20161113,955,18,20,6,3,28,15:37:49,1483923,1
20161113,955,18,808,10,3,28,15:37:50,1485304,1
20161113,955,18,13,3,3,28,15:37:51,1485969,1
20161113,955,18,821,208,3,28,15:37:54,1484444,1
20161113,955,18,826,5,4,28,15:37:56,1484388,1
20161113,955,18,13,3,4,31,16:08:25,29754,0
20161113,955,18,18,1,4,34,16:13:01,25006,0
20161113,955,18,822,3,4,38,16:18:52,24994,0
20161113,955,18,817,9,4,40,16:21:27,29621,0
20161113,955,18,825,4,4,41,16:23:25,24265,0
20161113,955,18,830,9,4,43,16:25:37,24435,0
20161113,955,18,18,1,5,44,16:28:14,24754,0
20161113,955,18,821,208,4,47,16:32:38,17835,0
20161113,955,18,817,9,5,52,16:41:54,24521,0
20161113,955,18,836,207,3,52,16:42:00,25509,0
20161113,955,18,830,9,5,54,16:45:53,24041,0
20161127,956,24,825,4,1,1,17:05:37,27068,0
20161127,956,24,832,5,1,6,17:14:43,21761,0
20161127,956,24,836,207,1,6,17:14:44,33395,0
20161127,956,24,1,130,1,7,17:16:01,22600,0
20161127,956,24,8,6,1,7,17:16:05,21959,0
20161127,956,24,4,1,1,7,17:16:19,22428,0
20161127,956,24,835,4,1,7,17:16:27,24781,0
20161127,956,24,831,15,1,7,17:16:34,23272,0
20161127,956,24,3,130,1,8,17:17:48,23753,0
20161127,956,24,20,6,1,8,17:17:54,21711,0
20161127,956,24,808,10,1,8,17:17:59,21834,0
20161127,956,24,13,3,1,8,17:18:07,21775,0
20161127,956,24,826,5,1,8,17:18:19,21896,0
20161127,956,24,821,208,1,8,17:18:19,22032,0
20161127,956,24,817,9,1,9,17:19:37,22084,0
20161127,956,24,815,10,1,9,17:19:50,21308,0
20161127,956,24,154,208,1,20,17:40:10,22838,0
20161127,956,24,830,9,1,21,17:41:22,21221,0
20161127,956,24,835,4,2,21,17:42:16,22145,0
20161127,956,24,839,207,1,22,17:43:59,24035,0
20161127,956,24,817,9,2,24,17:46:46,21768,0
20161127,956,24,836,207,2,24,17:47:52,22949,0
20161127,956,24,8,6,2,25,17:48:31,22087,0
20161127,956,24,808,10,2,26,17:50:33,21482,0
20161127,956,24,815,10,2,27,17:52:26,22012,0
20161127,956,24,1,130,2,28,17:53:38,21355,0
20161127,956,24,821,208,2,28,17:54:49,22102,0
20161127,956,24,832,5,2,28,17:55:00,21935,0
20161127,956,24,3,130,2,29,17:55:27,21218,0
20161127,956,24,13,3,2,30,17:57:55,21539,0
20161127,956,24,839,207,2,36,18:09:38,23026,0
20161127,956,24,831,15,2,36,18:09:42,29933,0
20161127,956,24,20,6,2,37,18:09:47,21872,0
20161127,956,24,4,1,2,38,18:12:17,22248,0
20161127,956,24,154,208,2,38,18:12:35,22527,0
20161127,956,24,828,15,1,38,18:13:21,22991,0
20161127,956,24,835,4,3,41,18:18:52,22588,0
20170326,957,1,825,208,1,1,16:08:47,31336,0
20170326,957,1,840,3,1,5,16:14:22,22293,0
20170326,957,1,838,1,1,9,16:20:40,39562,0
20170326,957,1,839,10,1,15,16:29:32,22154,0
20170326,957,1,841,15,1,15,16:29:57,28591,0
20170326,957,1,4,1,1,16,16:31:00,22484,0
20170326,957,1,808,4,1,16,16:31:01,23130,0
20170326,957,1,1,130,1,17,16:31:40,21709,0
20170326,957,1,815,10,1,17,16:32:20,22045,0
20170326,957,1,832,5,1,18,16:33:49,21762,0
20170326,957,1,13,3,1,20,16:36:44,21568,0
20170326,957,1,20,6,1,23,16:40:32,21988,0
20170326,957,1,822,130,1,25,16:43:42,21440,0
20170326,957,1,830,9,1,25,16:43:56,22208,0
20170326,957,1,8,6,1,26,16:45:16,22033,0
20170326,957,1,840,3,2,29,16:51:13,22380,0
20170326,957,1,808,4,2,30,16:52:40,23159,0
20170326,957,1,826,5,1,34,16:57:51,25559,0
20170326,957,1,825,208,2,44,17:15:10,22189,0
20170326,957,1,826,5,2,49,17:20:30,24026,0
20170409,958,17,808,4,1,1,14:05:25,23550,0
20170409,958,17,20,6,1,2,14:07:35,22906,0
20170409,958,17,826,5,1,2,14:07:46,24016,0
20170409,958,17,4,1,1,2,14:07:48,24250,0
20170409,958,17,13,3,1,2,14:07:51,23123,0
20170409,958,17,815,10,1,2,14:07:52,24030,0
20170409,958,17,825,208,1,2,14:07:53,23809,0
20170409,958,17,828,15,1,2,14:07:54,27934,0
20170409,958,17,839,10,1,2,14:07:57,17673,0
20170409,958,17,154,208,1,2,14:08:00,30654,0
20170409,958,17,841,15,1,2,14:08:01,29443,0
20170409,958,17,838,1,1,2,14:08:01,25146,0
20170409,958,17,1,130,1,4,14:12:08,22999,0
20170409,958,17,822,130,1,4,14:12:17,32287,0
20170409,958,17,817,9,1,4,14:12:20,17340,0
20170409,958,17,8,6,1,4,14:12:21,23847,0
20170409,958,17,830,9,1,4,14:12:23,23071,0
20170409,958,17,20,6,2,4,14:12:35,17354,0
20170409,958,17,832,5,1,4,14:12:47,17337,0
20170409,958,17,839,10,2,4,14:12:49,33491,0
20170409,958,17,4,1,2,4,14:12:55,17304,0
20170409,958,17,826,5,2,4,14:13:00,17320,0
20170409,958,17,13,3,2,4,14:13:01,17324,0
20170409,958,17,815,10,2,4,14:13:01,17416,0
20170409,958,17,825,208,2,4,14:13:03,17296,0
20170409,958,17,835,4,1,4,14:13:06,17291,0
20170409,958,17,838,1,2,4,14:13:08,17325,0
20170409,958,17,808,4,2,4,14:13:11,17336,0
20170409,958,17,828,15,2,4,14:13:14,17341,0
20170409,958,17,154,208,2,4,14:13:23,17303,0
20170409,958,17,1,130,2,5,14:15:08,17616,0
20170409,958,17,817,9,2,5,14:15:09,23613,0
20170409,958,17,8,6,2,5,14:15:18,17877,0
20170409,958,17,830,9,2,5,14:15:19,17651,0
20170409,958,17,822,130,2,5,14:15:20,17343,0
20170409,958,17,20,6,3,5,14:15:24,17362,0
20170409,958,17,832,5,2,5,14:15:33,17340,0
20170409,958,17,4,1,3,5,14:15:40,17302,0
20170409,958,17,826,5,3,5,14:15:46,17324,0
20170409,958,17,13,3,3,5,14:15:48,17321,0
20170409,958,17,815,10,3,5,14:15:49,17312,0
20170409,958,17,825,208,3,5,14:15:49,17298,0
20170409,958,17,839,10,3,5,14:15:52,17356,0
20170409,958,17,835,4,2,5,14:15:55,17291,0
20170409,958,17,838,1,3,5,14:15:57,17295,0
20170409,958,17,808,4,3,5,14:15:58,17362,0
20170409,958,17,828,15,3,5,14:16:02,17344,0
20170409,958,17,154,208,3,5,14:16:10,24114,0
20170409,958,17,1,130,3,6,14:17:55,17737,0
20170409,958,17,817,9,3,6,14:18:00,17480,0
20170409,958,17,8,6,3,6,14:18:03,17435,0
20170409,958,17,830,9,3,6,14:18:05,17421,0
20170409,958,17,822,130,3,6,14:18:06,17323,0
20170409,958,17,20,6,4,6,14:18:10,17370,0
20170409,958,17,4,1,4,6,14:18:16,17302,0
20170409,958,17,832,5,3,6,14:18:18,17374,0
20170409,958,17,826,5,4,6,14:18:28,17322,0
20170409,958,17,13,3,4,6,14:18:29,17377,0
20170409,958,17,815,10,4,6,14:18:30,18225,0
20170409,958,17,825,208,4,6,14:18:34,17299,0
20170409,958,17,839,10,4,6,14:18:36,17366,0
20170409,958,17,835,4,3,6,14:18:39,17301,0
20170409,958,17,838,1,4,6,14:18:41,17292,0
20170409,958,17,808,4,4,6,14:18:43,17359,0
20170409,958,17,828,15,4,6,14:18:46,17344,0
20170409,958,17,154,208,4,6,14:18:48,17314,0
20170409,958,17,815,10,5,20,14:43:03,23057,0
20170409,958,17,13,3,5,24,14:50:13,23451,0
20170409,958,17,832,5,4,28,14:56:06,22840,0
20170409,958,17,830,9,4,29,14:57:33,22505,0
20170409,958,17,835,4,4,30,15:00:32,23993,0
20170409,958,17,825,208,5,32,15:03:12,23463,0
20170409,958,17,817,9,4,33,15:04:09,22505,0
20170409,958,17,808,4,5,33,15:05:10,40144,0
20170409,958,17,20,6,5,34,15:05:37,22443,0
20170409,958,17,822,130,4,35,15:07:45,24317,0
20170409,958,17,1,130,4,36,15:08:39,22668,0
20170409,958,17,154,208,5,35,15:08:45,23211,0
20170409,958,17,8,6,4,39,15:14:04,23119,0
20170409,958,17,839,10,5,42,15:20:06,22926,0
20170409,958,17,13,3,6,48,15:30:29,22517,0
20170409,958,17,815,10,6,49,15:31:25,22979,0
20170416,959,3,840,3,1,8,18:16:59,24915,0
20170416,959,3,20,6,1,10,18:19:52,24702,0
20170416,959,3,830,9,1,11,18:21:30,25174,0
20170416,959,3,839,10,1,11,18:21:47,24664,0
20170416,959,3,836,15,1,11,18:21:59,26542,0
20170416,959,3,8,6,1,12,18:23:10,26430,0
20170416,959,3,154,208,1,12,18:23:23,25075,0
20170416,959,3,832,5,1,12,18:23:26,25001,0
20170416,959,3,822,130,1,13,18:24:52,28368,0
20170416,959,3,1,130,1,13,18:24:59,30687,0
20170416,959,3,817,9,1,13,18:24:59,25312,0
20170416,959,3,13,3,1,13,18:25:06,25704,0
20170416,959,3,808,4,1,13,18:25:13,26634,0
20170416,959,3,815,10,1,13,18:25:24,24332,0
20170416,959,3,835,4,1,13,18:25:31,27466,0
20170416,959,3,4,1,1,13,18:25:31,24922,0
20170416,959,3,826,5,1,13,18:25:35,25204,0
20170416,959,3,822,130,2,30,18:54:49,24540,0
20170416,959,3,154,208,2,31,18:56:52,24965,0
20170416,959,3,20,6,2,33,18:59:27,24314,0
20170416,959,3,828,15,1,33,19:00:33,25576,0
20170416,959,3,815,10,2,36,19:04:49,24630,0
20170416,959,3,808,4,2,36,19:04:58,25135,0
20170416,959,3,4,1,2,36,19:05:15,24723,0
20170416,959,3,8,6,2,37,19:06:10,25856,0
20170416,959,3,13,3,2,37,19:06:22,24240,0
20170416,959,3,839,10,2,37,19:06:38,24505,0
20170416,959,3,835,4,2,37,19:06:55,26420,0
20170416,959,3,817,9,2,39,19:09:27,25200,0
20170416,959,3,1,130,2,41,19:12:14,30682,0
20170416,959,3,826,5,2,41,19:13:18,25246,0
20170430,960,71,838,1,1,1,15:08:55,30006,0
20170430,960,71,828,15,1,1,15:08:58,32235,0
20170430,960,71,836,15,1,2,15:11:28,31266,0
20170430,960,71,836,15,2,20,15:43:16,30799,0
20170430,960,71,13,3,1,21,15:44:10,29923,0
20170430,960,71,825,208,1,21,15:44:30,36559,0
20170430,960,71,826,5,1,21,15:44:36,29991,0
20170430,960,71,828,15,2,21,15:44:59,30655,0
20170430,960,71,832,5,1,24,15:49:33,29973,0
20170430,960,71,838,1,2,24,15:49:57,35998,0
20170430,960,71,839,10,1,26,15:52:42,30253,0
20170430,960,71,840,3,1,26,15:52:58,29791,0
20170430,960,71,822,130,1,27,15:53:23,29356,0
20170430,960,71,815,10,1,27,15:54:17,29868,0
20170430,960,71,8,6,1,29,15:56:49,30152,0
20170430,960,71,830,9,1,29,15:57:19,29567,0
20170430,960,71,1,130,1,30,15:58:36,29739,0
20170430,960,71,20,6,1,34,16:04:56,30097,0
20170430,960,71,808,4,1,40,16:16:07,30280,0
20170430,960,71,13,3,2,41,16:17:53,29920,0
20170514,961,4,826,5,1,1,14:04:51,22235,0
20170514,961,4,13,3,1,1,14:05:02,40612,0
20170514,961,4,835,4,1,2,14:06:27,23159,0
20170514,961,4,4,1,1,12,14:21:10,22690,0
20170514,961,4,840,3,1,12,14:21:16,22100,0
20170514,961,4,838,1,1,12,14:21:24,22547,0
20170514,961,4,825,208,1,13,14:22:35,22703,0
20170514,961,4,832,5,1,13,14:22:36,22432,0
20170514,961,4,13,3,2,13,14:23:17,22292,0
20170514,961,4,20,6,1,14,14:23:19,22499,0
20170514,961,4,808,4,1,15,14:25:28,22490,0
20170514,961,4,839,10,1,16,14:26:51,22616,0
20170514,961,4,815,10,1,18,14:29:42,25082,0
20170514,961,4,828,15,1,18,14:30:11,22995,0
20170514,961,4,154,208,1,19,14:31:26,22866,0
20170514,961,4,1,130,1,21,14:33:26,21544,0
20170514,961,4,817,9,1,21,14:33:54,21811,0
20170514,961,4,835,4,2,21,14:35:11,22762,0
20170514,961,4,822,130,1,26,14:41:01,21689,0
20170514,961,4,4,1,2,31,14:49:39,23354,0
20170514,961,4,828,15,2,32,14:51:03,22775,0
20170514,961,4,836,15,1,33,14:52:14,23445,0
20170514,961,4,808,4,2,33,14:52:15,22362,0
20170514,961,4,825,208,2,33,14:52:15,23814,0
20170514,961,4,826,5,2,33,14:52:37,22117,0
20170514,961,4,840,3,2,33,14:52:52,22071,0
20170514,961,4,13,3,3,33,14:53:10,23066,0
20170514,961,4,815,10,2,34,14:53:46,23107,0
20170514,961,4,839,10,2,34,14:53:58,22643,0
20170514,961,4,832,5,2,34,14:54:20,21934,0
20170514,961,4,154,208,2,34,14:54:22,22641,0
20170514,961,4,1,130,2,36,14:56:30,21722,0
20170514,961,4,20,6,2,37,14:57:53,22307,0
20170514,961,4,817,9,2,38,15:00:10,21918,0
20170514,961,4,835,4,3,42,15:07:31,24750,0
20170514,961,4,4,1,3,51,15:20:24,22923,0
20170514,961,4,825,208,3,63,15:37:43,25052,0
20170528,962,6,836,15,1,1,14:04:27,25813,0
20170528,962,6,18,1,1,1,14:04:29,24465,0
20170528,962,6,815,10,1,16,14:23:49,31313,0
20170528,962,6,830,9,1,32,14:44:07,25343,0
20170528,962,6,822,130,1,33,14:45:24,24308,0
20170528,962,6,8,6,1,34,14:46:35,24833,0
20170528,962,6,828,15,1,35,14:49:08,24949,0
20170528,962,6,826,5,1,36,14:49:48,24406,0
20170528,962,6,839,10,1,36,14:50:06,24299,0
20170528,962,6,832,5,1,37,14:50:54,24427,0
20170528,962,6,825,208,1,37,14:51:04,24979,0
20170528,962,6,817,9,1,38,14:51:46,24183,0
20170528,962,6,13,3,1,38,14:52:42,24353,0
20170528,962,6,20,6,1,39,14:52:55,24306,0
20170528,962,6,839,10,2,39,14:54:19,24496,0
20170528,962,6,18,1,2,39,14:54:53,26057,0
20170528,962,6,154,208,1,40,14:54:55,24660,0
20170528,962,6,840,3,1,41,14:56:46,26690,0
20170528,962,6,825,208,2,42,14:57:54,26040,0
20170528,962,6,835,4,1,42,14:58:05,25472,0
20170528,962,6,838,1,1,43,14:58:56,24768,0
20170528,962,6,1,130,1,46,15:02:38,24155,0
20170528,962,6,830,9,2,60,15:20:48,25678,0
20170528,962,6,839,10,3,60,15:22:40,24642,0
20170528,962,6,13,3,2,62,15:24:59,25123,0
20170528,962,6,815,10,2,63,15:26:16,25026,0
20170528,962,6,840,3,2,67,15:33:42,25248,0
20170528,962,6,815,10,3,72,15:40:06,35485,0
20170611,963,7,154,208,1,1,14:04:59,31256,0
20170611,963,7,836,15,1,1,14:05:02,51757,0
20170611,963,7,20,6,1,5,14:11:32,31596,0
20170611,963,7,808,4,1,11,14:19:40,26764,0
20170611,963,7,835,4,1,11,14:19:55,24423,0
20170611,963,7,828,15,1,11,14:19:57,24047,0
20170611,963,7,826,5,1,15,14:25:55,18088,0
20170611,963,7,8,6,1,17,14:28:23,23500,0
20170611,963,7,817,9,1,18,14:29:37,23309,0
20170611,963,7,815,10,1,19,14:30:56,23229,0
20170611,963,7,822,130,1,23,14:35:53,22946,0
20170611,963,7,840,3,1,25,14:39:14,22790,0
20170611,963,7,1,130,1,32,14:47:15,23061,0
20170611,963,7,839,10,1,32,14:47:42,23409,0
20170611,963,7,836,15,2,40,14:59:18,24202,0
20170611,963,7,8,6,2,41,14:59:29,23760,0
20170611,963,7,4,1,1,42,15:01:08,23526,0
20170611,963,7,838,1,1,45,15:05:22,23267,0
20170611,963,7,825,208,1,46,15:06:28,28869,0
20170611,963,7,20,6,2,49,15:09:44,23345,0
20170611,963,7,826,5,2,53,15:15:19,106374,1
20170625,964,72,822,130,1,1,17:07:00,36262,0
20170625,964,72,154,208,1,3,17:09:40,20776,0
20170625,964,72,817,9,1,5,17:13:04,23361,0
20170625,964,72,838,1,1,5,17:13:19,21423,0
20170625,964,72,1,130,1,12,17:25:22,20418,0
20170625,964,72,20,6,1,12,17:25:26,20059,0
20170625,964,72,815,10,1,12,17:25:35,20598,0
20170625,964,72,8,6,1,12,17:25:39,23237,0
20170625,964,72,13,3,1,12,17:25:43,21453,0
20170625,964,72,839,10,1,12,17:25:45,20493,0
20170625,964,72,822,130,2,11,17:25:58,20407,0
20170625,964,72,825,208,1,12,17:26:11,20391,0
20170625,964,72,4,1,1,12,17:26:36,21217,0
20170625,964,72,832,5,1,12,17:26:37,21040,0
20170625,964,72,828,15,1,12,17:26:45,23906,0
20170625,964,72,836,15,1,12,17:26:49,31122,0
20170625,964,72,840,3,1,13,17:28:26,22625,0
20170625,964,72,808,4,1,13,17:28:32,21263,0
20170625,964,72,817,9,2,13,17:29:01,20198,0
20170625,964,72,836,15,2,13,17:29:45,22356,0
20170625,964,72,154,208,2,14,17:31:36,21069,0
20170625,964,72,1,130,2,17,17:39:17,15234,0
20170625,964,72,20,6,2,17,17:39:18,15174,0
20170625,964,72,815,10,2,17,17:39:19,15278,0
20170625,964,72,13,3,2,17,17:39:20,15033,0
20170625,964,72,839,10,2,17,17:39:21,15061,0
20170625,964,72,8,6,2,17,17:39:22,15049,0
20170625,964,72,840,3,2,17,17:39:23,15327,0
20170625,964,72,808,4,2,17,17:39:24,15638,0
20170625,964,72,817,9,3,17,17:39:26,15135,0
20170625,964,72,825,208,2,17,17:39:27,15128,0
20170625,964,72,4,1,2,17,17:39:29,15104,0
20170625,964,72,832,5,2,17,17:39:31,14966,0
20170625,964,72,838,1,2,17,17:39:32,15097,0
20170625,964,72,154,208,3,17,17:39:33,15073,0
20170625,964,72,828,15,2,17,17:39:34,26051,0
20170625,964,72,836,15,3,17,17:39:36,34847,0
20170625,964,72,822,130,3,17,17:39:52,14978,0
20170625,964,72,815,10,3,20,17:47:36,1594609,1
20170625,964,72,839,10,3,20,17:47:51,31657,0
20170625,964,72,8,6,3,20,17:48:02,1583848,1
20170625,964,72,836,15,4,21,17:50:37,22390,0
20170625,964,72,1,130,3,22,17:53:26,1310768,1
20170625,964,72,20,6,3,22,17:53:28,1310808,1
20170625,964,72,13,3,3,22,17:53:30,1310671,1
20170625,964,72,840,3,3,22,17:53:32,1312728,1
20170625,964,72,817,9,4,22,17:53:34,1313343,1
20170625,964,72,808,4,3,22,17:53:35,1313641,1
20170625,964,72,825,208,3,22,17:53:37,1312704,1
20170625,964,72,4,1,3,22,17:53:38,1313187,1
20170625,964,72,832,5,3,22,17:53:40,1313693,1
20170625,964,72,154,208,4,22,17:53:42,1313665,1
20170625,964,72,828,15,3,22,17:53:45,1314950,1
20170625,964,72,838,1,3,22,17:53:48,1314189,1
20170625,964,72,822,130,4,22,17:53:50,1313511,1
20170625,964,72,839,10,4,22,17:53:52,1313873,1
20170625,964,72,836,15,5,22,17:53:54,1315645,1
20170625,964,72,1,130,4,31,18:32:21,27025,0
20170625,964,72,20,6,4,33,18:35:52,29317,0
20170625,964,72,838,1,4,33,18:36:35,20446,0
20170625,964,72,815,10,4,33,18:38:09,14951,0
20170625,964,72,8,6,4,33,18:38:11,14943,0
20170625,964,72,154,208,5,36,18:42:11,24486,0
20170709,965,70,826,5,1,1,14:04:23,33607,0
20170709,965,70,826,5,2,9,14:14:29,16139,0
20170709,965,70,808,4,1,14,14:19:44,21977,0
20170709,965,70,1,130,1,31,14:38:58,20761,0
20170709,965,70,838,1,1,31,14:39:43,21714,0
20170709,965,70,817,9,1,33,14:41:11,21713,0
20170709,965,70,20,6,1,34,14:42:15,21750,0
20170709,965,70,835,4,1,34,14:43:13,22233,0
20170709,965,70,828,15,1,34,14:43:40,22339,0
20170709,965,70,815,10,1,35,14:44:03,22030,0
20170709,965,70,840,3,1,35,14:44:21,21332,0
20170709,965,70,836,15,1,35,14:44:41,22414,0
20170709,965,70,154,208,1,36,14:45:10,22026,0
20170709,965,70,822,130,1,41,14:50:11,22387,0
20170709,965,70,832,5,1,40,14:50:18,21659,0
20170709,965,70,839,10,1,42,14:52:17,22176,0
20170709,965,70,8,6,1,44,14:53:59,21662,0
20170709,965,70,838,1,2,44,14:55:17,16206,0
20170709,965,70,13,3,1,47,14:58:07,20977,0
20170709,965,70,826,5,3,55,15:09:24,22274,0
20170716,966,9,826,5,1,1,13:08:08,45538,0
20170716,966,9,836,15,1,2,13:10:06,29861,0
20170716,966,9,836,15,2,3,13:12:33,29941,0
20170716,966,9,826,5,2,9,13:23:00,22895,0
20170716,966,9,20,6,1,18,13:36:44,28363,0
20170716,966,9,830,9,1,19,13:38:17,29147,0
20170716,966,9,839,10,1,20,13:40:15,29194,0
20170716,966,9,4,1,1,20,13:40:30,28269,0
20170716,966,9,840,3,1,22,13:43:38,29849,0
20170716,966,9,815,10,1,23,13:45:01,28942,0
20170716,966,9,154,208,1,23,13:45:11,28361,0
20170716,966,9,8,6,1,24,13:45:53,28476,0
20170716,966,9,808,4,1,24,13:46:27,30841,0
20170716,966,9,1,130,1,25,13:47:14,27733,0
20170716,966,9,13,3,1,25,13:48:18,27583,0
20170716,966,9,838,1,1,26,13:49:50,29337,0
20170716,966,9,826,5,3,27,13:52:00,28630,0
20170716,966,9,828,15,1,28,13:53:19,28825,0
20170716,966,9,836,15,3,31,13:58:18,31250,0
20170716,966,9,822,130,1,32,13:58:23,27858,0
20170716,966,9,817,9,1,32,13:59:09,27910,0
20170716,966,9,825,208,1,37,14:07:18,28099,0
20170716,966,9,840,3,2,42,14:15:32,28335,0
20170716,966,9,154,208,2,43,14:16:53,28998,0
20170716,966,9,8,6,2,49,14:24:46,29057,0
20170716,966,9,830,9,2,49,14:25:07,28056,0
20170716,966,9,20,6,2,50,14:27:09,35204,0
20170730,967,11,828,15,1,1,14:05:01,25179,0
20170730,967,11,836,15,1,3,14:09:26,24213,0
20170730,967,11,154,208,1,20,14:35:03,22638,0
20170730,967,11,836,15,2,28,14:46:37,22998,0
20170730,967,11,840,3,1,29,14:47:41,21804,0
20170730,967,11,822,130,1,30,14:48:04,22681,0
20170730,967,11,1,130,1,31,14:49:30,21338,0
20170730,967,11,825,208,1,31,14:50:24,22684,0
20170730,967,11,20,6,1,32,14:50:43,22317,0
20170730,967,11,8,6,1,33,14:52:06,21919,0
20170730,967,11,815,10,1,34,14:54:12,24017,0
20170730,967,11,814,3,1,34,14:55:06,22399,0
20170730,967,11,832,5,1,35,14:55:33,22745,0
20170730,967,11,4,1,1,35,14:55:33,22399,0
20170730,967,11,839,10,1,35,14:55:44,22441,0
20170730,967,11,826,5,1,40,15:02:57,22273,0
20170730,967,11,830,9,1,42,15:04:37,33605,0
20170730,967,11,838,1,1,42,15:05:22,28616,0
20170730,967,11,808,4,1,45,15:09:34,31860,0
20170730,967,11,835,4,1,46,15:11:22,22684,0
20170730,967,11,828,15,2,63,15:36:20,24097,0
20170827,968,13,835,4,1,8,14:19:01,26202,0
20170827,968,13,828,15,1,8,14:19:07,23999,0
20170827,968,13,825,208,1,9,14:20:51,22828,0
20170827,968,13,840,3,1,9,14:20:55,24697,0
20170827,968,13,839,10,1,10,14:22:35,23364,0
20170827,968,13,154,208,1,10,14:22:38,22925,0
20170827,968,13,4,1,1,10,14:22:43,24158,0
20170827,968,13,808,4,1,11,14:24:21,23507,0
20170827,968,13,13,3,1,11,14:24:38,22667,0
20170827,968,13,1,130,1,12,14:25:45,22037,0
20170827,968,13,815,10,1,12,14:26:21,23289,0
20170827,968,13,822,130,1,13,14:27:44,22963,0
20170827,968,13,20,6,1,14,14:29:26,22443,0
20170827,968,13,817,9,1,14,14:29:45,22900,0
20170827,968,13,8,6,1,15,14:31:33,22533,0
20170827,968,13,8,6,2,17,14:35:29,30373,0
20170827,968,13,826,5,1,18,14:37:55,22444,0
20170827,968,13,838,1,1,18,14:38:00,26894,0
20170827,968,13,832,5,1,19,14:39:43,24095,0
20170827,968,13,828,15,2,23,14:47:51,23221,0
20170827,968,13,815,10,2,25,14:50:45,28594,0
20170827,968,13,839,10,2,27,14:54:26,23200,0
20170827,968,13,8,6,3,29,14:57:52,22963,0
20170827,968,13,808,4,2,29,14:58:06,23539,0
20170827,968,13,154,208,2,29,14:58:27,22756,0
20170827,968,13,13,3,2,29,14:58:40,23092,0
20170827,968,13,839,10,3,29,14:58:44,29646,0
20170827,968,13,832,5,2,29,14:58:50,24370,0
20170827,968,13,840,3,2,29,14:59:01,23109,0
20170827,968,13,815,10,3,29,14:59:10,26574,0
20170827,968,13,1,130,2,30,14:59:18,22357,0
20170827,968,13,20,6,2,30,14:59:18,25650,0
20170827,968,13,822,130,2,30,14:59:31,22919,0
20170827,968,13,817,9,2,30,14:59:47,23180,0
20170827,968,13,828,15,3,29,14:59:55,23792,0
20170827,968,13,825,208,2,30,15:01:09,22908,0
20170827,968,13,826,5,2,30,15:01:33,23341,0
20170827,968,13,835,4,2,30,15:01:36,24674,0
20170827,968,13,838,1,2,30,15:01:43,26187,0
20170827,968,13,825,208,3,34,15:10:50,23737,0
20170903,969,14,154,208,1,3,14:08:10,33433,0
20170903,969,14,830,9,1,3,14:08:20,39888,0
20170903,969,14,808,4,1,9,14:16:50,24418,0
20170903,969,14,825,208,1,11,14:19:43,24384,0
20170903,969,14,832,5,1,13,14:22:44,24865,0
20170903,969,14,8,6,1,15,14:25:17,25367,0
20170903,969,14,839,10,1,16,14:26:42,24432,0
20170903,969,14,840,3,1,17,14:28:09,26131,0
20170903,969,14,828,15,1,18,14:30:19,25310,0
20170903,969,14,826,5,1,19,14:31:23,25826,0
20170903,969,14,836,15,1,20,14:33:19,25212,0
20170903,969,14,13,3,1,21,14:33:59,25078,0
20170903,969,14,835,4,1,25,14:40:16,31008,0
20170903,969,14,830,9,2,27,14:43:27,24173,0
20170903,969,14,4,1,1,30,14:47:38,24442,0
20170903,969,14,20,6,1,31,14:48:03,24307,0
20170903,969,14,1,130,1,32,14:49:05,23725,0
20170903,969,14,815,10,1,32,14:49:55,25377,0
20170903,969,14,822,130,1,33,14:50:35,23728,0
20170903,969,14,154,208,2,34,14:53:53,24307,0
20170903,969,14,817,9,1,37,14:56:51,23951,0
20170917,970,15,1,130,1,1,20:06:27,30442,0
20170917,970,15,817,9,1,1,20:06:29,30737,0
20170917,970,15,808,4,1,1,20:06:30,31032,0
20170917,970,15,815,10,1,1,20:06:31,30709,0
20170917,970,15,822,130,1,1,20:06:33,30444,0
20170917,970,15,835,4,1,1,20:06:33,30785,0
20170917,970,15,838,1,1,1,20:06:35,31550,0
20170917,970,15,839,10,1,1,20:06:36,31793,0
20170917,970,15,832,5,1,1,20:06:37,32689,0
20170917,970,15,825,208,1,1,20:06:39,32701,0
20170917,970,15,826,5,1,1,20:06:40,33077,0
20170917,970,15,4,1,1,1,20:06:42,36900,0
20170917,970,15,840,3,1,1,20:06:43,37403,0
20170917,970,15,13,3,1,1,20:06:44,38464,0
20170917,970,15,154,208,1,1,20:06:45,39455,0
20170917,970,15,828,15,1,1,20:06:48,40125,0
20170917,970,15,836,15,1,1,20:06:49,40506,0
20170917,970,15,1,130,2,2,20:09:49,24368,0
20170917,970,15,817,9,2,2,20:09:51,24402,0
20170917,970,15,808,4,2,2,20:09:52,25093,0
20170917,970,15,815,10,2,2,20:09:53,25315,0
20170917,970,15,822,130,2,2,20:09:55,25367,0
20170917,970,15,835,4,2,2,20:09:56,26206,0
20170917,970,15,838,1,2,2,20:09:58,26553,0
20170917,970,15,839,10,2,2,20:09:59,26532,0
20170917,970,15,832,5,2,2,20:10:00,27452,0
20170917,970,15,825,208,2,2,20:10:02,26903,0
20170917,970,15,826,5,2,2,20:10:04,27015,0
20170917,970,15,4,1,2,2,20:10:05,29306,0
20170917,970,15,840,3,2,2,20:10:07,29294,0
20170917,970,15,13,3,2,2,20:10:08,30790,0
20170917,970,15,154,208,2,2,20:10:10,31320,0
20170917,970,15,828,15,2,2,20:10:12,38886,0
20170917,970,15,836,15,2,2,20:10:14,45875,0
20170917,970,15,1,130,3,3,20:13:00,24337,0
20170917,970,15,817,9,3,3,20:13:01,24362,0
20170917,970,15,808,4,3,3,20:13:03,24964,0
20170917,970,15,815,10,3,3,20:13:04,25288,0
20170917,970,15,822,130,3,3,20:13:05,25432,0
20170917,970,15,835,4,3,3,20:13:07,25113,0
20170917,970,15,838,1,3,3,20:13:08,24543,0
20170917,970,15,839,10,3,3,20:13:09,24664,0
20170917,970,15,832,5,3,3,20:13:10,25356,0
20170917,970,15,825,208,3,3,20:13:11,25509,0
20170917,970,15,826,5,3,3,20:13:13,25003,0
20170917,970,15,4,1,3,3,20:13:15,25626,0
20170917,970,15,840,3,3,3,20:13:16,25584,0
20170917,970,15,13,3,3,3,20:13:17,25731,0
20170917,970,15,154,208,3,3,20:13:19,26228,0
20170917,970,15,828,15,3,3,20:13:21,27591,0
20170917,970,15,836,15,3,3,20:13:22,27865,0
20170917,970,15,817,9,4,11,20:30:55,29658,0
20170917,970,15,815,10,4,11,20:31:20,30128,0
20170917,970,15,839,10,4,11,20:31:38,31336,0
20170917,970,15,825,208,4,11,20:31:52,30132,0
20170917,970,15,808,4,4,12,20:33:56,30725,0
20170917,970,15,835,4,4,12,20:34:10,30015,0
20170917,970,15,838,1,4,12,20:34:19,30390,0
20170917,970,15,828,15,4,13,20:37:20,31714,0
20170917,970,15,13,3,4,17,20:46:40,29685,0
20170917,970,15,836,15,4,21,20:55:34,32249,0
20170917,970,15,825,208,5,24,21:01:10,30504,0
20170917,970,15,13,3,5,24,21:01:38,30048,0
20170917,970,15,840,3,4,26,21:05:07,29412,0
20170917,970,15,832,5,4,27,21:06:44,30093,0
20170917,970,15,838,1,5,27,21:06:56,36138,0
20170917,970,15,154,208,4,27,21:07:18,29049,0
20170917,970,15,839,10,5,27,21:07:19,29173,0
20170917,970,15,828,15,5,27,21:07:36,50617,0
20170917,970,15,817,9,5,28,21:08:22,29118,0
20170917,970,15,822,130,4,28,21:08:39,29089,0
20170917,970,15,808,4,5,28,21:08:46,30005,0
20170917,970,15,815,10,5,28,21:08:49,29186,0
20170917,970,15,1,130,4,29,21:10:11,28466,0
20170917,970,15,836,15,5,28,21:10:50,31094,0
20170917,970,15,835,4,5,29,21:10:52,30038,0
20170917,970,15,828,15,6,31,21:17:01,30067,0
20170917,970,15,13,3,6,37,21:27:05,29671,0
20170917,970,15,808,4,6,38,21:28:16,68357,1
20170917,970,15,839,10,6,38,21:29:07,29134,0
20170917,970,15,825,208,6,38,21:29:17,29379,0
20170917,970,15,836,15,6,37,21:30:39,32183,0
20171001,971,2,839,10,1,2,15:06:57,24456,0
20171001,971,2,808,4,1,9,15:18:36,24872,0
20171001,971,2,825,208,1,10,15:20:13,23766,0
20171001,971,2,13,3,1,11,15:21:49,23791,0
20171001,971,2,154,208,1,11,15:22:00,24912,0
20171001,971,2,840,3,1,12,15:23:27,24109,0
20171001,971,2,453,5,1,12,15:23:37,25044,0
20171001,971,2,838,1,1,13,15:25:04,24580,0
20171001,971,2,835,4,1,13,15:25:12,25558,0
20171001,971,2,1,130,1,26,15:45:40,23489,0
20171001,971,2,4,1,1,26,15:46:31,25798,0
20171001,971,2,830,9,1,27,15:47:09,23652,0
20171001,971,2,20,6,1,27,15:47:42,23695,0
20171001,971,2,822,130,1,28,15:49:19,23676,0
20171001,971,2,817,9,1,29,15:50:36,24199,0
20171001,971,2,815,10,1,30,15:52:42,24314,0
20171001,971,2,154,208,2,33,15:58:35,24419,0
20171001,971,2,836,15,1,37,16:05:08,25060,0
20171001,971,2,828,15,1,38,16:07:14,24719,0
20171001,971,2,808,4,2,50,16:26:10,25714,0
20171008,972,22,836,15,1,2,14:07:36,24424,0
20171008,972,22,836,15,2,3,14:09:55,24918,0
20171008,972,22,840,3,1,4,14:11:34,23475,0
20171008,972,22,838,1,1,9,14:20:17,23430,0
20171008,972,22,13,3,1,17,14:33:15,22956,0
20171008,972,22,825,208,1,19,14:36:33,23065,0
20171008,972,22,839,10,1,20,14:37:56,24078,0
20171008,972,22,830,9,1,21,14:39:13,22620,0
20171008,972,22,815,10,1,21,14:39:37,23634,0
20171008,972,22,1,130,1,22,14:40:43,22724,0
20171008,972,22,453,5,1,22,14:41:29,23344,0
20171008,972,22,154,208,1,23,14:43:03,22781,0
20171008,972,22,817,9,1,25,14:45:43,23796,0
20171008,972,22,4,1,1,25,14:46:28,24636,0
20171008,972,22,836,15,3,25,14:47:08,24952,0
20171008,972,22,8,6,1,28,14:50:46,23699,0
20171008,972,22,822,130,1,30,14:53:46,22876,0
20171008,972,22,838,1,2,34,15:01:19,23399,0
20171008,972,22,840,3,2,35,15:02:52,22736,0
20171008,972,22,808,4,1,38,15:07:08,23199,0
20171008,972,22,835,4,1,39,15:09:02,25618,0
20171008,972,22,453,5,2,39,15:09:07,24413,0
20171022,973,69,825,208,1,1,14:05:31,25112,0
20171022,973,69,836,15,1,3,14:09:08,31334,0
20171022,973,69,842,5,1,8,14:17:38,24400,0
20171022,973,69,840,3,1,10,14:21:03,24949,0
20171022,973,69,817,9,1,12,14:23:58,23604,0
20171022,973,69,815,10,1,12,14:24:19,24326,0
20171022,973,69,839,10,1,14,14:27:34,24502,0
20171022,973,69,4,1,1,14,14:27:37,23796,0
20171022,973,69,20,6,1,16,14:30:37,24300,0
20171022,973,69,154,208,1,16,14:31:15,24897,0
20171022,973,69,826,5,1,17,14:32:52,24883,0
20171022,973,69,822,130,1,18,14:34:03,23459,0
20171022,973,69,1,130,1,19,14:35:36,23402,0
20171022,973,69,832,4,1,19,14:36:13,24525,0
20171022,973,69,8,6,1,20,14:37:29,23575,0
20171022,973,69,828,15,1,21,14:40:02,25841,0
20171022,973,69,830,9,1,24,14:44:17,24325,0
20171022,973,69,838,1,1,25,14:46:48,23578,0
20171022,973,69,13,3,1,29,14:53:26,23772,0
20171022,973,69,842,5,2,35,15:04:07,24229,0
20171022,973,69,840,3,2,36,15:05:47,24497,0
20171022,973,69,830,9,2,37,15:06:06,23423,0
20171022,973,69,20,6,2,38,15:07:41,23620,0
20171022,973,69,825,208,2,49,15:28:07,25268,0
20171022,973,69,822,130,2,52,15:31:05,23254,0
20171029,974,32,20,6,1,1,13:04:31,32037,0
20171029,974,32,1,130,1,1,13:04:57,29283,0
20171029,974,32,832,4,1,2,13:06:13,22852,0
20171029,974,32,13,3,1,3,13:07:22,22055,0
20171029,974,32,836,15,1,4,13:08:55,23358,0
20171029,974,32,815,10,1,18,13:27:58,22903,0
20171029,974,32,808,4,1,19,13:29:17,22587,0
20171029,974,32,839,10,1,20,13:30:35,22665,0
20171029,974,32,828,15,1,28,13:42:13,22736,0
20171029,974,32,825,208,1,31,13:46:09,22507,0
20171029,974,32,838,1,1,31,13:46:25,28044,0
20171029,974,32,830,9,1,32,13:46:33,22570,0
20171029,974,32,453,5,1,31,13:46:43,22709,0
20171029,974,32,154,208,1,31,13:46:45,28761,0
20171029,974,32,822,130,1,32,13:46:46,21758,0
20171029,974,32,1,130,2,31,13:46:57,23315,0
20171029,974,32,832,4,2,31,13:47:07,23035,0
20171029,974,32,8,6,1,32,13:47:13,22540,0
20171029,974,32,840,3,1,32,13:47:37,21825,0
20171029,974,32,20,6,2,32,13:48:10,22379,0
20171029,974,32,4,1,1,32,13:48:13,22655,0
20171029,974,32,815,10,2,50,14:12:39,22528,0
20171029,974,32,154,208,2,62,14:30:09,23035,0
20171112,975,18,20,6,1,1,14:04:42,19097,0
20171112,975,18,822,130,1,1,14:04:43,18717,0
20171112,975,18,8,6,1,1,14:04:45,19433,0
20171112,975,18,830,9,1,1,14:04:47,18827,0
20171112,975,18,4,1,1,1,14:04:49,18487,0
20171112,975,18,13,3,1,1,14:04:50,18238,0
20171112,975,18,815,10,1,1,14:04:51,18417,0
20171112,975,18,808,4,1,1,14:04:52,18927,0
20171112,975,18,832,4,1,1,14:04:54,19208,0
20171112,975,18,453,5,1,1,14:04:55,19430,0
20171112,975,18,828,15,1,1,14:04:58,19603,0
20171112,975,18,842,5,1,1,14:04:59,19936,0
20171112,975,18,840,3,1,1,14:05:00,20146,0
20171112,975,18,836,15,1,1,14:05:01,26439,0
20171112,975,18,154,208,1,1,14:05:02,25845,0
20171112,975,18,1,130,1,1,14:05:05,19377,0
20171112,975,18,817,9,1,1,14:05:06,25946,0
20171112,975,18,20,6,2,2,14:07:01,17817,0
20171112,975,18,822,130,2,2,14:07:03,17827,0
20171112,975,18,8,6,2,2,14:07:05,18027,0
20171112,975,18,830,9,2,2,14:07:06,17913,0
20171112,975,18,4,1,2,2,14:07:08,17770,0
20171112,975,18,13,3,2,2,14:07:09,17736,0
20171112,975,18,815,10,2,2,14:07:10,17959,0
20171112,975,18,808,4,2,2,14:07:11,18549,0
20171112,975,18,832,4,2,2,14:07:13,18604,0
20171112,975,18,453,5,2,2,14:07:14,18855,0
20171112,975,18,828,15,2,2,14:07:16,19250,0
20171112,975,18,842,5,2,2,14:07:17,19439,0
20171112,975,18,840,3,2,2,14:07:18,19270,0
20171112,975,18,1,130,2,2,14:07:19,19237,0
20171112,975,18,836,15,2,2,14:07:20,19160,0
20171112,975,18,154,208,2,2,14:07:22,18860,0
20171112,975,18,817,9,2,2,14:07:23,17929,0
20171112,975,18,20,6,3,3,14:09:13,17842,0
20171112,975,18,822,130,3,3,14:09:15,17784,0
20171112,975,18,8,6,3,3,14:09:16,18290,0
20171112,975,18,830,9,3,3,14:09:17,18017,0
20171112,975,18,4,1,3,3,14:09:19,17716,0
20171112,975,18,13,3,3,3,14:09:20,17745,0
20171112,975,18,815,10,3,3,14:09:21,17822,0
20171112,975,18,808,4,3,3,14:09:23,18052,0
20171112,975,18,832,4,3,3,14:09:25,18347,0
20171112,975,18,453,5,3,3,14:09:26,18207,0
20171112,975,18,828,15,3,3,14:09:28,17802,0
20171112,975,18,842,5,3,3,14:09:29,17738,0
20171112,975,18,840,3,3,3,14:09:31,17925,0
20171112,975,18,1,130,3,3,14:09:32,18725,0
20171112,975,18,836,15,3,3,14:09:33,18764,0
20171112,975,18,154,208,3,3,14:09:34,18456,0
20171112,975,18,817,9,3,3,14:09:35,18129,0
20171112,975,18,822,130,4,27,14:40:23,23064,0
20171112,975,18,13,3,4,27,14:40:48,23275,0
20171112,975,18,842,5,4,27,14:41:13,23830,0
20171112,975,18,20,6,4,28,14:41:36,22736,0
20171112,975,18,830,9,4,28,14:41:48,23180,0
20171112,975,18,4,1,4,28,14:42:03,23342,0
20171112,975,18,840,3,4,28,14:42:27,22486,0
20171112,975,18,8,6,4,29,14:42:56,23170,0
20171112,975,18,808,4,4,30,14:44:43,24054,0
20171112,975,18,832,4,4,31,14:46:03,23550,0
20171112,975,18,815,10,4,35,14:50:51,23275,0
20171112,975,18,1,130,4,43,15:00:16,23121,0
20171112,975,18,817,9,4,43,15:00:36,23484,0
20171112,975,18,453,5,4,44,15:02:35,23748,0
20171112,975,18,828,15,4,44,15:02:43,24164,0
20171112,975,18,154,208,4,48,15:08:02,34438,0
20171112,975,18,830,9,5,62,15:23:42,22644,0
20171112,975,18,840,3,5,67,15:32:18,24756,0
20171126,976,24,840,3,1,11,17:23:10,21613,0
20171126,976,24,838,1,1,12,17:24:58,22125,0
20171126,976,24,830,9,1,14,17:27:48,21269,0
20171126,976,24,8,6,1,15,17:29:30,21609,0
20171126,976,24,815,10,1,16,17:31:34,21869,0
20171126,976,24,808,4,1,17,17:33:10,29724,0
20171126,976,24,817,9,1,19,17:36:18,23477,0
20171126,976,24,20,6,1,20,17:37:57,21221,0
20171126,976,24,822,130,1,21,17:39:31,21478,0
20171126,976,24,4,1,1,21,17:40:31,22541,0
20171126,976,24,13,3,1,22,17:42:15,21449,0
20171126,976,24,825,208,1,22,17:42:42,21875,0
20171126,976,24,1,130,1,24,17:44:41,21274,0
20171126,976,24,842,5,1,26,17:49:52,21598,0
20171126,976,24,836,15,1,28,17:53:13,22959,0
20171126,976,24,840,3,2,29,17:55:13,21543,0
20171126,976,24,453,5,1,30,17:56:53,21519,0
20171126,976,24,828,15,1,30,17:56:57,22176,0
20171126,976,24,839,10,1,31,17:57:47,21865,0
20171126,976,24,832,4,1,31,17:57:49,21956,0
20171126,976,24,154,208,1,32,17:59:52,21850,0
20171126,976,24,840,3,3,35,18:06:11,21908,0
20180325,977,1,842,5,1,1,16:15:04,22213,0
20180325,977,1,8,6,1,18,16:40:07,21421,0
20180325,977,1,1,130,1,19,16:41:30,21821,0
20180325,977,1,843,15,1,20,16:44:03,22242,0
20180325,977,1,830,9,1,21,16:45:06,20953,0
20180325,977,1,825,208,1,22,16:46:31,21983,0
20180325,977,1,832,4,1,22,16:46:46,23868,0
20180325,977,1,842,5,2,22,16:47:37,22296,0
20180325,977,1,839,10,1,23,16:48:25,21854,0
20180325,977,1,154,208,1,24,16:49:31,23054,0
20180325,977,1,808,4,1,24,16:49:35,22628,0
20180325,977,1,815,10,1,24,16:49:51,22327,0
20180325,977,1,838,1,1,25,16:51:17,22474,0
20180325,977,1,822,130,1,25,16:51:21,21664,0
20180325,977,1,840,3,1,25,16:51:46,25504,0
20180325,977,1,20,6,1,26,16:52:19,21787,0
20180325,977,1,817,9,1,26,16:52:59,21440,0
20180325,977,1,4,1,1,26,16:53:09,22573,0
20180325,977,1,843,15,2,27,16:56:25,22836,0
20180325,977,1,840,3,2,29,16:59:57,21397,0
20180408,978,3,830,9,1,2,18:18:14,30381,0
20180408,978,3,843,15,1,3,18:19:24,25563,0
20180408,978,3,815,10,1,9,18:29:30,24992,0
20180408,978,3,838,1,1,10,18:31:05,25081,0
20180408,978,3,840,3,1,10,18:31:12,33612,0
20180408,978,3,825,208,1,13,18:35:49,25106,0
20180408,978,3,4,1,1,14,18:37:30,24993,0
20180408,978,3,453,5,1,15,18:38:59,24835,0
20180408,978,3,808,4,1,15,18:39:05,24454,0
20180408,978,3,839,10,1,15,18:39:12,24719,0
20180408,978,3,832,4,1,16,18:40:52,25768,0
20180408,978,3,20,6,1,18,18:43:25,24524,0
20180408,978,3,154,208,1,18,18:44:11,25011,0
20180408,978,3,8,6,1,19,18:45:09,25018,0
20180408,978,3,822,130,1,20,18:46:40,26105,0
20180408,978,3,842,5,1,20,18:47:23,36646,0
20180408,978,3,844,3,1,22,18:51:05,24672,0
20180408,978,3,828,15,1,23,18:52:22,25194,0
20180408,978,3,1,130,1,26,18:56:29,24302,0
20180408,978,3,832,4,2,26,18:57:29,25307,0
20180408,978,3,825,208,2,27,18:58:45,24629,0
20180408,978,3,838,1,2,28,19:00:38,25131,0
20180408,978,3,154,208,2,30,19:03:55,25527,0
20180408,978,3,840,3,2,30,19:04:24,24638,0
20180408,978,3,815,10,2,32,19:07:17,24677,0
20180408,978,3,453,5,2,34,19:09:50,24957,0
20180408,978,3,843,15,2,34,19:10:46,25139,0
20180408,978,3,839,10,2,35,19:12:01,24596,0
20180408,978,3,808,4,2,39,19:18:06,24382,0
20180408,978,3,4,1,2,39,19:18:09,24581,0
20180408,978,3,844,3,2,40,19:20:39,25693,0
20180408,978,3,842,5,2,42,19:23:28,24953,0
20180408,978,3,154,208,3,45,19:28:25,26263,0
20180415,979,17,842,5,1,10,14:30:52,23172,0
20180415,979,17,839,10,1,11,14:32:18,23281,0
20180415,979,17,832,4,1,12,14:33:53,23935,0
20180415,979,17,815,10,1,12,14:34:05,22856,0
20180415,979,17,808,4,1,13,14:35:30,23654,0
20180415,979,17,154,208,1,16,14:40:41,22981,0
20180415,979,17,830,9,1,17,14:41:50,22715,0
20180415,979,17,817,9,1,17,14:41:56,23042,0
20180415,979,17,1,130,1,18,14:43:33,22464,0
20180415,979,17,822,130,1,19,14:45:02,22097,0
20180415,979,17,20,6,1,20,14:46:38,23009,0
20180415,979,17,453,5,1,20,14:47:48,23950,0
20180415,979,17,843,15,1,21,14:49:28,23392,0
20180415,979,17,838,1,1,22,14:50:55,23730,0
20180415,979,17,840,3,1,23,14:52:34,22661,0
20180415,979,17,825,208,1,24,14:53:57,22973,0
20180415,979,17,8,6,1,27,14:58:28,22913,0
20180415,979,17,844,3,1,28,15:01:08,23716,0
20180415,979,17,4,1,1,29,15:02:24,24110,0
20180415,979,17,828,15,1,29,15:03:02,22785,0
20180415,979,17,830,9,2,31,15:05:06,22596,0
20180415,979,17,842,5,2,30,15:05:08,24070,0
20180415,979,17,817,9,2,31,15:05:15,22691,0
20180415,979,17,808,4,2,31,15:06:04,23297,0
20180415,979,17,832,4,2,31,15:06:18,23117,0
20180415,979,17,839,10,2,31,15:06:24,22637,0
20180415,979,17,453,5,2,31,15:07:01,34650,0
20180415,979,17,815,10,2,32,15:08:44,22334,0
20180415,979,17,844,3,2,33,15:11:07,22723,0
20180415,979,17,154,208,2,46,15:33:38,23735,0
20180429,980,72,8,6,1,1,16:16:15,30012,0
20180429,980,72,842,5,1,1,16:16:35,21376,0
20180429,980,72,4,1,1,1,16:16:58,56710,0
20180429,980,72,825,208,1,1,16:17:11,35608,0
20180429,980,72,828,15,1,1,16:17:16,44107,0
20180429,980,72,815,10,1,2,16:19:26,28109,0
20180429,980,72,154,208,1,2,16:19:32,21725,0
20180429,980,72,453,5,1,12,16:40:48,20782,0
20180429,980,72,832,4,1,15,16:46:02,21516,0
20180429,980,72,838,1,1,17,16:49:58,21103,0
20180429,980,72,828,15,2,18,16:52:18,25378,0
20180429,980,72,1,130,1,22,16:58:07,20377,0
20180429,980,72,842,5,2,22,16:59:24,20809,0
20180429,980,72,840,3,1,23,17:00:38,19737,0
20180429,980,72,843,15,1,24,17:02:20,21058,0
20180429,980,72,838,1,2,25,17:05:01,20887,0
20180429,980,72,20,6,1,30,17:12:13,20037,0
20180429,980,72,817,9,1,37,17:25:09,19925,0
20180429,980,72,828,15,3,36,17:25:51,32629,0
20180429,980,72,830,9,1,38,17:26:56,19765,0
20180429,980,72,822,130,1,40,17:30:08,20192,0
20180429,980,72,20,6,2,40,17:30:26,20823,0
20180429,980,72,825,208,2,39,17:30:36,21778,0
20180429,980,72,1,130,2,40,17:30:37,21329,0
20180429,980,72,453,5,2,39,17:30:54,21287,0
20180429,980,72,842,5,3,39,17:31:04,21072,0
20180429,980,72,8,6,2,40,17:31:21,21149,0
20180429,980,72,838,1,3,39,17:31:27,20760,0
20180429,980,72,815,10,2,40,17:31:34,26174,0
20180429,980,72,154,208,2,40,17:31:39,22757,0
20180429,980,72,832,4,2,40,17:31:48,20967,0
20180429,980,72,843,15,2,40,17:32:00,22030,0
20180429,980,72,840,3,2,40,17:32:03,21236,0
20180429,980,72,4,1,2,40,17:32:15,21371,0
20180429,980,72,828,15,4,39,17:32:40,14998,0
20180429,980,72,838,1,4,46,17:47:50,20978,0
20180513,981,4,842,5,1,1,15:15:19,22631,0
20180513,981,4,844,3,1,1,15:15:23,22049,0
20180513,981,4,20,6,1,17,15:41:29,22054,0
20180513,981,4,822,130,1,19,15:44:12,23213,0
20180513,981,4,843,15,1,20,15:46:09,21995,0
20180513,981,4,840,3,1,20,15:46:18,21351,0
20180513,981,4,4,1,1,21,15:47:34,21721,0
20180513,981,4,844,3,2,24,15:52:02,22034,0
20180513,981,4,1,130,1,25,15:52:11,22085,0
20180513,981,4,832,4,1,25,15:53:03,22409,0
20180513,981,4,815,10,1,26,15:54:45,22438,0
20180513,981,4,839,10,1,29,15:58:45,47910,0
20180513,981,4,825,208,1,32,16:02:35,22917,0
20180513,981,4,817,9,1,33,16:03:28,21618,0
20180513,981,4,842,5,2,33,16:04:40,22472,0
20180513,981,4,830,9,1,34,16:04:41,21740,0
20180513,981,4,838,1,1,34,16:05:53,27416,0
20180513,981,4,828,15,1,35,16:07:20,22100,0
20180513,981,4,20,6,2,41,16:14:52,24273,0
20180513,981,4,815,10,2,40,16:14:56,22242,0
20180513,981,4,844,3,3,41,16:17:36,23865,0
20180527,982,6,844,3,1,7,15:22:13,31810,0
20180527,982,6,840,3,1,9,15:25:39,33887,0
20180527,982,6,1,130,1,12,15:28:19,23739,0
20180527,982,6,842,5,1,13,15:30:14,24326,0
20180527,982,6,843,15,1,14,15:31:32,23870,0
20180527,982,6,154,208,1,15,15:33:04,24741,0
20180527,982,6,20,6,1,16,15:33:21,23964,0
20180527,982,6,832,4,1,16,15:34:04,24874,0
20180527,982,6,817,9,1,17,15:34:32,24542,0
20180527,982,6,8,6,1,17,15:34:47,24263,0
20180527,982,6,822,130,1,17,15:35:01,24020,0
20180527,982,6,828,15,1,17,15:35:35,24291,0
20180527,982,6,825,208,1,17,15:35:35,24237,0
20180527,982,6,4,1,1,19,15:37:54,24241,0
20180527,982,6,844,3,2,19,15:38:41,25170,0
20180527,982,6,838,1,1,20,15:39:35,26817,0
20180527,982,6,815,10,1,21,15:40:40,29379,0
20180527,982,6,839,10,1,23,15:43:06,24663,0
20180527,982,6,840,3,2,34,15:59:55,31104,0
20180527,982,6,453,5,1,37,16:01:40,24296,0
20180527,982,6,830,9,1,47,16:15:05,24111,0
20180527,982,6,844,3,3,49,16:18:49,25563,0
20180527,982,6,808,4,1,50,16:18:53,25213,0
20180527,982,6,840,3,3,59,16:33:18,24852,0
20180527,982,6,154,208,2,68,16:43:24,24568,0
20180527,982,6,838,1,2,72,16:48:42,25438,0
20180610,983,7,838,1,1,1,14:14:56,41008,0
20180610,983,7,828,15,1,1,14:15:00,23529,0
20180610,983,7,815,10,1,9,14:27:34,24086,0
20180610,983,7,839,10,1,11,14:29:59,25353,0
20180610,983,7,808,4,1,13,14:32:32,24521,0
20180610,983,7,832,4,1,14,14:33:51,24416,0
20180610,983,7,830,9,1,16,14:36:13,23137,0
20180610,983,7,1,130,1,16,14:36:16,23335,0
20180610,983,7,817,9,1,17,14:37:31,23279,0
20180610,983,7,4,1,1,18,14:39:10,23099,0
20180610,983,7,843,15,1,19,14:40:26,23666,0
20180610,983,7,825,208,1,22,14:44:21,24008,0
20180610,983,7,453,5,1,23,14:45:36,24107,0
20180610,983,7,844,3,1,26,14:49:55,23531,0
20180610,983,7,8,6,1,32,14:56:30,23645,0
20180610,983,7,822,130,1,36,15:01:20,23775,0
20180610,983,7,20,6,1,37,15:02:29,23529,0
20180610,983,7,815,10,2,44,15:12:48,23718,0
20180610,983,7,154,208,1,48,15:17:41,24400,0
20180610,983,7,838,1,2,48,15:18:21,23537,0
20180624,984,34,840,3,1,1,16:15:46,26576,0
20180624,984,34,844,3,1,1,16:15:55,26273,0
20180624,984,34,20,6,1,1,16:15:56,32612,0
20180624,984,34,4,1,1,1,16:15:56,25789,0
20180624,984,34,822,130,1,1,16:16:38,27955,0
20180624,984,34,830,9,1,25,16:57:59,24395,0
20180624,984,34,832,4,1,26,17:00:15,25423,0
20180624,984,34,817,9,1,28,17:02:52,24309,0
20180624,984,34,825,208,1,28,17:03:31,25419,0
20180624,984,34,843,15,1,31,17:08:35,25026,0
20180624,984,34,1,130,1,33,17:10:41,24310,0
20180624,984,34,8,6,1,34,17:12:38,24289,0
20180624,984,34,154,208,1,34,17:13:30,29996,0
20180624,984,34,828,15,1,35,17:15:27,24295,0
20180624,984,34,808,4,1,37,17:18:16,25016,0
20180624,984,34,842,5,1,38,17:20:21,24297,0
20180624,984,34,822,130,2,39,17:21:22,30666,0
20180624,984,34,20,6,2,40,17:22:38,31029,0
20180624,984,34,838,1,1,40,17:23:26,24399,0
20180624,984,34,4,1,2,46,17:33:42,24788,0
20180701,985,70,838,1,1,1,15:14:13,46557,0
20180701,985,70,830,9,1,15,15:30:26,21214,0
20180701,985,70,8,6,1,15,15:30:30,21552,0
20180701,985,70,817,9,1,15,15:30:32,21950,0
20180701,985,70,20,6,1,15,15:30:34,23912,0
20180701,985,70,154,208,1,15,15:30:46,22121,0
20180701,985,70,839,10,1,15,15:30:54,22527,0
20180701,985,70,832,4,1,15,15:30:57,23257,0
20180701,985,70,840,3,1,15,15:31:03,22181,0
20180701,985,70,453,5,1,15,15:31:09,22011,0
20180701,985,70,843,15,1,15,15:31:12,21364,0
20180701,985,70,4,1,1,15,15:31:16,21588,0
20180701,985,70,844,3,1,24,15:41:54,23048,0
20180701,985,70,1,130,1,25,15:42:08,21245,0
20180701,985,70,815,10,1,27,15:45:05,22863,0
20180701,985,70,825,208,1,28,15:46:11,22138,0
20180701,985,70,832,4,2,34,15:53:34,26335,0
20180701,985,70,817,9,2,38,15:57:21,21259,0
20180701,985,70,838,1,2,40,16:01:56,22526,0
20180701,985,70,828,15,1,45,16:06:18,21519,0
20180701,985,70,1,130,2,52,16:13:20,20980,0
20180701,985,70,844,3,2,60,16:24:25,24884,0
20180701,985,70,840,3,2,65,16:30:07,22299,0
20180708,986,9,8,6,1,13,14:33:39,38573,0
20180708,986,9,4,1,1,13,14:34:09,28669,0
20180708,986,9,815,10,1,13,14:34:17,28651,0
20180708,986,9,830,9,1,17,14:39:53,28458,0
20180708,986,9,832,4,1,17,14:40:28,29074,0
20180708,986,9,817,9,1,18,14:41:31,28194,0
20180708,986,9,843,15,1,18,14:41:58,27865,0
20180708,986,9,839,10,1,19,14:43:35,29410,0
20180708,986,9,20,6,1,20,14:44:24,28677,0
20180708,986,9,808,4,1,20,14:45:06,28719,0
20180708,986,9,453,5,1,20,14:45:19,28676,0
20180708,986,9,822,130,1,21,14:46:03,27894,0
20180708,986,9,838,1,1,21,14:47:02,28284,0
20180708,986,9,844,3,1,21,14:47:19,28224,0
20180708,986,9,828,15,1,24,14:51:45,28207,0
20180708,986,9,1,130,1,25,14:52:37,28982,0
20180708,986,9,825,208,1,25,14:53:08,28450,0
20180708,986,9,154,208,1,26,14:54:52,29254,0
20180708,986,9,817,9,2,30,15:00:29,28001,0
20180708,986,9,840,3,1,30,15:01:51,27774,0
20180708,986,9,4,1,2,32,15:04:42,28085,0
20180708,986,9,832,4,2,32,15:04:46,28078,0
20180708,986,9,453,5,2,32,15:04:49,29766,0
20180708,986,9,815,10,2,32,15:04:53,28836,0
20180708,986,9,20,6,2,33,15:05:15,28174,0
20180708,986,9,830,9,2,33,15:05:35,28000,0
20180708,986,9,8,6,2,33,15:05:39,28985,0
20180708,986,9,838,1,2,33,15:07:14,28658,0
20180722,987,10,8,6,1,14,15:31:29,19647,0
20180722,987,10,808,4,1,18,15:37:14,19584,0
20180722,987,10,825,208,1,20,15:39:50,19818,0
20180722,987,10,832,4,1,20,15:40:01,20160,0
20180722,987,10,843,15,1,20,15:40:04,19267,0
20180722,987,10,154,208,1,21,15:41:19,20198,0
20180722,987,10,815,10,1,22,15:42:34,25130,0
20180722,987,10,20,6,1,25,15:45:48,18657,0
20180722,987,10,839,10,1,25,15:46:55,19570,0
20180722,987,10,840,3,1,27,15:49:46,19476,0
20180722,987,10,822,130,1,28,15:49:51,19188,0
20180722,987,10,844,3,1,28,15:51:05,24173,0
20180722,987,10,842,5,1,28,15:51:05,19309,0
20180722,987,10,830,9,1,29,15:51:16,19742,0
20180722,987,10,838,1,1,29,15:52:30,19778,0
20180722,987,10,4,1,1,31,15:54:51,18956,0
20180722,987,10,828,15,1,38,16:04:17,18840,0
20180722,987,10,1,130,1,42,16:08:17,18978,0
20180722,987,10,843,15,2,43,16:10:51,21200,0
20180722,987,10,4,1,2,43,16:11:06,21119,0
20180722,987,10,453,5,1,43,16:11:12,19806,0
20180722,987,10,830,9,2,46,16:13:39,19297,0
20180722,987,10,843,15,3,46,16:15:36,20653,0
20180722,987,10,453,5,2,46,16:16:19,19512,0
20180722,987,10,830,9,3,48,16:16:46,19087,0
20180722,987,10,4,1,3,47,16:17:17,20927,0
20180722,987,10,832,4,2,50,16:20:42,19637,0
20180722,987,10,840,3,2,50,16:21:14,19526,0
20180722,987,10,808,4,2,51,16:21:56,20752,0
20180722,987,10,822,130,2,52,16:22:05,33279,0
20180722,987,10,154,208,2,51,16:22:13,22738,0
20180722,987,10,825,208,2,51,16:22:14,34742,0
20180722,987,10,844,3,2,51,16:23:00,21711,0
20180722,987,10,8,6,2,53,16:24:19,19988,0
20180722,987,10,842,5,2,52,16:25:00,19985,0
20180722,987,10,838,1,2,52,16:25:50,19621,0
20180722,987,10,808,4,3,55,16:29:16,20812,0
20180722,987,10,154,208,3,55,16:29:57,19752,0
20180722,987,10,825,208,3,55,16:29:59,27736,0
20180722,987,10,832,4,3,56,16:31:24,20530,0
20180729,988,11,828,15,1,6,15:22:06,22640,0
20180729,988,11,8,6,1,14,15:32:53,24471,0
20180729,988,11,822,130,1,15,15:34:11,21337,0
20180729,988,11,815,10,1,22,15:44:52,22561,0
20180729,988,11,808,4,1,23,15:46:04,21966,0
20180729,988,11,842,5,1,24,15:47:26,21831,0
20180729,988,11,1,130,1,25,15:47:53,21480,0
20180729,988,11,832,4,1,25,15:48:47,21914,0
20180729,988,11,154,208,1,29,15:54:26,21733,0
20180729,988,11,825,208,1,31,15:57:05,25126,0
20180729,988,11,844,3,1,31,15:57:50,21509,0
20180729,988,11,453,5,1,32,15:58:19,21684,0
20180729,988,11,8,6,2,38,16:06:22,21829,0
20180729,988,11,20,6,1,39,16:07:21,23111,0
20180729,988,11,4,1,1,39,16:08:27,21795,0
20180729,988,11,839,10,1,39,16:08:53,22258,0
20180729,988,11,838,1,1,40,16:09:54,21732,0
20180729,988,11,817,9,1,44,16:14:45,21364,0
20180729,988,11,840,3,1,47,16:20:54,21291,0
20180729,988,11,808,4,2,50,16:24:45,22650,0
20180826,989,13,20,6,1,1,15:15:59,19582,0
20180826,989,13,1,130,1,1,15:16:01,19372,0
20180826,989,13,815,10,1,1,15:16:02,19667,0
20180826,989,13,839,10,1,1,15:16:03,19582,0
20180826,989,13,830,9,1,1,15:16:04,19942,0
20180826,989,13,154,208,1,1,15:16:05,20280,0
20180826,989,13,825,208,1,1,15:16:07,20021,0
20180826,989,13,453,5,1,1,15:16:09,20136,0
20180826,989,13,828,15,1,1,15:16:11,19711,0
20180826,989,13,844,3,1,1,15:16:12,19791,0
20180826,989,13,840,3,1,1,15:16:13,19732,0
20180826,989,13,842,5,1,1,15:16:16,18084,0
20180826,989,13,832,4,1,1,15:16:18,18509,0
20180826,989,13,822,130,1,1,15:16:19,20349,0
20180826,989,13,838,1,1,1,15:16:21,19847,0
20180826,989,13,8,6,1,1,15:16:57,26367,0
20180826,989,13,822,130,2,2,15:19:21,30519,0
20180826,989,13,838,1,2,2,15:19:22,22706,0
20180826,989,13,8,6,2,7,15:30:50,35451,0
20180826,989,13,1,130,2,21,15:55:48,22375,0
20180826,989,13,20,6,2,22,15:57:33,22253,0
20180826,989,13,832,4,2,22,15:58:45,23857,0
20180826,989,13,154,208,2,23,16:00:10,23248,0
20180826,989,13,840,3,2,23,16:00:34,22901,0
20180826,989,13,839,10,2,24,16:01:54,23225,0
20180826,989,13,844,3,2,24,16:02:22,22339,0
20180826,989,13,815,10,2,25,16:03:39,23157,0
20180826,989,13,453,5,2,25,16:04:03,22953,0
20180826,989,13,830,9,2,26,16:05:08,22341,0
20180826,989,13,825,208,2,26,16:05:49,24304,0
20180826,989,13,828,15,2,26,16:05:55,22558,0
20180826,989,13,838,1,3,28,16:10:09,23389,0
20180826,989,13,822,130,3,29,16:11:03,22399,0
20180826,989,13,842,5,2,31,16:15:29,29316,0
20180902,990,14,808,4,1,1,15:15:34,25234,0
20180902,990,14,817,9,1,1,15:15:35,24805,0
20180902,990,14,20,6,1,1,15:15:36,32219,0
20180902,990,14,828,15,1,1,15:15:50,29992,0
20180902,990,14,825,208,1,4,15:21:22,38563,0
20180902,990,14,8,6,1,20,15:43:45,23862,0
20180902,990,14,154,208,1,23,15:48:27,24779,0
20180902,990,14,838,1,1,24,15:50:24,24094,0
20180902,990,14,830,9,1,26,15:52:26,24003,0
20180902,990,14,1,130,1,28,15:55:00,23728,0
20180902,990,14,20,6,2,29,15:56:58,24301,0
20180902,990,14,453,5,1,34,16:04:44,27792,0
20180902,990,14,843,15,1,34,16:04:46,24084,0
20180902,990,14,840,3,1,35,16:05:54,26440,0
20180902,990,14,822,130,1,36,16:06:30,23763,0
20180902,990,14,844,3,1,37,16:08:49,25245,0
20180902,990,14,839,10,1,38,16:09:51,24827,0
20180902,990,14,815,10,1,39,16:11:20,25655,0
20180902,990,14,832,4,1,39,16:11:32,25774,0
20180902,990,14,808,4,2,41,16:14:52,24456,0
20180902,990,14,828,15,2,42,16:16:25,25575,0
20180916,991,15,844,3,1,3,20:21:50,30477,0
20180916,991,15,20,6,1,14,20:42:01,28722,0
20180916,991,15,842,5,1,14,20:42:40,29912,0
20180916,991,15,1,130,1,15,20:43:42,28946,0
20180916,991,15,808,4,1,15,20:44:23,31183,0
20180916,991,15,822,130,1,16,20:45:39,28542,0
20180916,991,15,154,208,1,16,20:46:12,29517,0
20180916,991,15,830,9,1,17,20:47:19,29681,0
20180916,991,15,815,10,1,17,20:47:51,29978,0
20180916,991,15,8,6,1,22,20:56:20,29513,0
20180916,991,15,453,5,1,26,21:04:28,28931,0
20180916,991,15,825,208,1,26,21:04:30,29408,0
20180916,991,15,817,9,1,27,21:05:14,28779,0
20180916,991,15,815,10,2,33,21:17:29,30561,0
20180916,991,15,842,5,2,36,21:22:59,29464,0
20180916,991,15,825,208,2,36,21:23:01,30711,0
20180916,991,15,832,4,1,37,21:23:46,30242,0
20180916,991,15,4,1,1,38,21:25:29,29922,0
20180916,991,15,843,15,1,38,21:25:50,29310,0
20180916,991,15,815,10,3,39,21:28:41,24340,0
20180916,991,15,840,3,1,40,21:30:02,28767,0
20180916,991,15,838,1,1,43,21:35:11,30234,0
20180916,991,15,828,15,1,44,21:36:55,28860,0
20180916,991,15,844,3,2,45,21:39:51,34022,0
20180916,991,15,825,208,3,48,21:44:52,29324,0
20180930,992,71,842,5,1,3,14:18:54,29418,0
20180930,992,71,4,1,1,5,14:22:23,30348,0
20180930,992,71,840,3,1,7,14:25:54,29266,0
20180930,992,71,154,208,1,8,14:27:27,30469,0
20180930,992,71,825,208,1,9,14:28:59,29904,0
20180930,992,71,843,15,1,10,14:30:35,30397,0
20180930,992,71,839,10,1,10,14:30:40,30642,0
20180930,992,71,844,3,1,10,14:31:18,29912,0
20180930,992,71,828,15,1,11,14:32:34,30051,0
20180930,992,71,838,1,1,11,14:32:55,29636,0
20180930,992,71,822,130,1,12,14:33:30,29794,0
20180930,992,71,815,10,1,12,14:34:04,29924,0
20180930,992,71,20,6,1,13,14:35:13,29798,0
20180930,992,71,1,130,1,14,14:36:51,29551,0
20180930,992,71,8,6,1,18,14:43:40,29531,0
20180930,992,71,832,4,1,32,15:08:28,30021,0
20180930,992,71,808,4,1,35,15:12:47,30625,0
20180930,992,71,828,15,2,37,15:16:36,30146,0
20180930,992,71,817,9,1,39,15:18:49,37446,0
20180930,992,71,830,9,1,43,15:24:48,29370,0
20181007,993,22,825,208,1,2,14:17:48,29007,0
20181007,993,22,843,15,1,4,14:20:44,38891,0
20181007,993,22,844,3,1,4,14:20:51,23660,0
20181007,993,22,828,15,1,5,14:23:11,23244,0
20181007,993,22,840,3,1,14,14:39:30,23657,0
20181007,993,22,8,6,1,17,14:43:53,22781,0
20181007,993,22,830,9,1,21,14:50:08,28789,0
20181007,993,22,822,130,1,23,14:53:12,22777,0
20181007,993,22,817,9,1,23,14:53:24,22864,0
20181007,993,22,838,1,1,23,14:54:14,23159,0
20181007,993,22,1,130,1,24,14:54:41,22614,0
20181007,993,22,815,10,1,24,14:55:30,23635,0
20181007,993,22,839,10,1,26,14:58:45,23316,0
20181007,993,22,20,6,1,26,14:58:49,22748,0
20181007,993,22,4,1,1,26,14:58:57,27454,0
20181007,993,22,842,5,1,28,15:02:08,23110,0
20181007,993,22,154,208,1,29,15:03:29,23692,0
20181007,993,22,453,5,1,29,15:03:37,23376,0
20181007,993,22,808,4,1,30,15:05:33,23555,0
20181007,993,22,832,4,1,32,15:08:30,23477,0
20181007,993,22,843,15,2,35,15:13:39,26672,0
20181007,993,22,844,3,2,38,15:18:43,23647,0
20181007,993,22,840,3,2,39,15:20:25,29804,0
20181021,994,69,843,15,1,1,13:15:33,34812,0
20181021,994,69,840,3,1,1,13:15:34,41048,0
20181021,994,69,154,208,1,1,13:15:46,35104,0
20181021,994,69,840,3,2,5,13:23:02,18610,0
20181021,994,69,844,3,1,10,13:31:11,23686,0
20181021,994,69,838,1,1,10,13:31:16,24065,0
20181021,994,69,453,5,1,10,13:31:19,23865,0
20181021,994,69,1,130,1,11,13:32:38,23693,0
20181021,994,69,8,6,1,21,13:49:44,23714,0
20181021,994,69,830,9,1,22,13:51:28,23446,0
20181021,994,69,839,10,1,22,13:52:07,24534,0
20181021,994,69,822,130,1,23,13:53:07,23478,0
20181021,994,69,808,4,1,23,13:53:40,24681,0
20181021,994,69,832,4,1,24,13:55:25,29319,0
20181021,994,69,815,10,1,25,13:57:18,25723,0
20181021,994,69,20,6,1,26,13:58:25,24449,0
20181021,994,69,842,5,1,27,14:00:53,23819,0
20181021,994,69,844,3,2,29,14:04:26,23715,0
20181021,994,69,825,208,1,30,14:05:48,23723,0
20181021,994,69,828,15,1,30,14:06:07,23940,0
20181021,994,69,1,130,2,37,14:16:27,23915,0
20181021,994,69,453,5,2,36,14:16:33,24219,0
20181021,994,69,840,3,3,38,14:20:52,24296,0
20181021,994,69,838,1,2,40,14:23:09,24195,0
20181028,995,32,839,10,1,1,13:14:32,27806,0
20181028,995,32,842,5,1,1,13:14:35,22055,0
20181028,995,32,453,5,1,5,13:20:36,22570,0
20181028,995,32,840,3,1,10,13:27:33,24451,0
20181028,995,32,1,130,1,11,13:28:21,22269,0
20181028,995,32,822,130,1,11,13:28:30,22105,0
20181028,995,32,832,4,1,11,13:28:40,22660,0
20181028,995,32,844,3,1,11,13:29:04,22732,0
20181028,995,32,817,9,1,12,13:29:44,22022,0
20181028,995,32,808,4,1,12,13:30:08,23037,0
20181028,995,32,838,1,1,12,13:30:25,22174,0
20181028,995,32,830,9,1,13,13:31:00,22175,0
20181028,995,32,843,15,1,13,13:31:39,22588,0
20181028,995,32,828,15,1,16,13:36:10,31406,0
20181028,995,32,20,6,1,17,13:36:37,22658,0
20181028,995,32,8,6,1,17,13:36:57,22017,0
20181028,995,32,840,3,2,23,13:46:14,23371,0
20181028,995,32,842,5,2,24,13:47:35,23553,0
20181028,995,32,453,5,2,26,13:50:29,23055,0
20181028,995,32,815,10,1,30,13:56:04,23755,0
20181028,995,32,839,10,2,30,13:56:33,22756,0
20181028,995,32,825,208,1,43,14:15:14,22390,0
20181028,995,32,154,208,1,44,14:16:47,22733,0
20181028,995,32,20,6,2,47,14:18:25,21777,0
20181028,995,32,1,130,2,47,14:18:42,22399,0
20181028,995,32,830,9,2,48,14:19:35,22088,0
20181028,995,32,822,130,2,48,14:20:17,23887,0
20181028,995,32,154,208,2,60,14:40:00,23426,0
20181028,995,32,822,130,3,62,14:40:33,22512,0
20181111,996,18,4,1,1,15,15:32:38,33753,0
20181111,996,18,844,3,1,16,15:33:56,23273,0
20181111,996,18,840,3,1,17,15:35:13,24608,0
20181111,996,18,822,130,1,18,15:35:50,22955,0
20181111,996,18,828,15,1,18,15:36:28,23377,0
20181111,996,18,1,130,1,19,15:36:57,22641,0
20181111,996,18,453,5,1,22,15:41:18,23757,0
20181111,996,18,832,4,1,25,15:45:06,23939,0
20181111,996,18,20,6,1,27,15:47:00,22551,0
20181111,996,18,838,1,1,28,15:49:08,22618,0
20181111,996,18,8,6,1,31,15:51:53,22766,0
20181111,996,18,154,208,1,32,15:53:30,23403,0
20181111,996,18,830,9,1,35,15:56:38,23432,0
20181111,996,18,843,15,1,35,15:57:04,23593,0
20181111,996,18,817,9,1,39,16:01:41,23300,0
20181111,996,18,815,10,1,39,16:02:25,23505,0
20181111,996,18,839,10,1,40,16:03:50,27226,0
20181111,996,18,825,208,1,41,16:04:39,23115,0
20181111,996,18,832,4,2,48,16:14:02,23770,0
20181111,996,18,842,5,1,49,16:15:11,23422,0
20181111,996,18,20,6,2,53,16:19:07,22683,0
20181111,996,18,4,1,2,54,16:22:00,23046,0
20181111,996,18,839,10,2,57,16:25:23,31198,0
20181111,996,18,822,130,2,59,16:26:17,22727,0
20181111,996,18,840,3,2,65,16:35:55,24283,0
20181125,997,24,842,5,1,1,17:16:20,41012,0
20181125,997,24,1,130,1,7,17:29:33,21283,0
20181125,997,24,843,15,1,7,17:29:43,21828,0
20181125,997,24,154,208,1,7,17:29:48,22354,0
20181125,997,24,20,6,1,15,17:44:11,22630,0
20181125,997,24,822,130,1,16,17:45:52,21600,0
20181125,997,24,830,9,1,17,17:47:44,21057,0
20181125,997,24,839,10,1,18,17:49:58,21979,0
20181125,997,24,815,10,1,26,18:04:04,22112,0
20181125,997,24,4,1,1,27,18:06:10,21726,0
20181125,997,24,453,5,1,29,18:09:35,22493,0
20181125,997,24,817,9,1,33,18:15:29,21061,0
20181125,997,24,838,1,1,35,18:20:34,22317,0
20181125,997,24,844,3,1,35,18:20:39,22755,0
20181125,997,24,832,4,1,37,18:23:10,21964,0
20181125,997,24,822,130,2,40,18:27:52,21289,0
20181125,997,24,840,3,1,40,18:29:11,22189,0
20181125,997,24,825,208,1,41,18:30:42,21587,0
20190317,998,1,9,3,1,1,16:15:28,32997,0
20190317,998,1,817,4,1,1,16:15:30,33027,0
20190317,998,1,8,50,1,12,16:31:50,23299,0
20190317,998,1,808,4,1,13,16:33:19,21588,0
20190317,998,1,815,209,1,13,16:33:28,23234,0
20190317,998,1,20,6,1,14,16:34:28,21995,0
20190317,998,1,825,208,1,14,16:34:47,22388,0
20190317,998,1,847,5,1,14,16:34:57,21780,0
20190317,998,1,1,130,1,15,16:35:52,21515,0
20190317,998,1,154,208,1,15,16:36:19,29981,0
20190317,998,1,845,1,1,15,16:36:25,21627,0
20190317,998,1,822,130,1,23,16:47:33,22014,0
20190317,998,1,830,9,1,25,16:50:47,21157,0
20190317,998,1,826,5,1,26,16:52:54,22086,0
20190317,998,1,846,3,1,26,16:53:46,21689,0
20190317,998,1,840,209,1,27,16:54:21,22471,0
20190317,998,1,841,50,1,27,16:54:58,27172,0
20190317,998,1,843,6,1,28,16:55:26,22306,0
20190317,998,1,9,3,2,28,16:58:10,22343,0
20190317,998,1,453,9,1,37,17:09:14,21269,0
20190317,998,1,846,3,2,42,17:18:18,21543,0
20190317,998,1,9,3,3,44,17:22:42,21889,0
20190331,999,3,840,209,1,1,18:15:42,34338,0
20190331,999,3,154,208,1,1,18:15:49,32082,0
20190331,999,3,832,1,1,4,18:20:43,45543,0
20190331,999,3,815,209,1,8,18:26:49,27136,0
20190331,999,3,8,50,1,9,18:28:25,25647,0
20190331,999,3,453,9,1,9,18:28:32,27557,0
20190331,999,3,847,5,1,9,18:28:33,25659,0
20190331,999,3,845,1,1,10,18:30:09,24175,0
20190331,999,3,825,208,1,10,18:30:10,24948,0
20190331,999,3,830,9,1,11,18:31:32,24199,0
20190331,999,3,9,3,1,11,18:32:04,24667,0
20190331,999,3,822,130,1,12,18:33:08,24865,0
20190331,999,3,808,4,1,12,18:33:19,25498,0
20190331,999,3,826,5,1,12,18:33:44,26508,0
20190331,999,3,846,3,1,12,18:33:46,24633,0
20190331,999,3,843,6,1,13,18:34:36,24518,0
20190331,999,3,1,130,1,13,18:34:41,24255,0
20190331,999,3,20,6,1,14,18:36:18,24228,0
20190331,999,3,841,50,1,16,18:40:11,27725,0
20190331,999,3,840,209,2,23,18:52:28,26600,0
20190331,999,3,817,4,1,24,18:53:09,25676,0
20190331,999,3,832,1,2,24,18:54:12,25034,0
20190331,999,3,847,5,2,25,18:55:06,24842,0
20190331,999,3,846,3,2,26,18:57:17,24912,0
20190331,999,3,9,3,2,27,18:59:03,24313,0
20190331,999,3,830,9,2,32,19:05:59,26729,0
20190331,999,3,808,4,2,32,19:06:16,25253,0
20190331,999,3,8,50,2,33,19:08:04,25621,0
20190331,999,3,815,209,2,33,19:08:18,26798,0
20190331,999,3,1,130,2,34,19:08:53,24324,0
20190331,999,3,845,1,2,34,19:09:37,24717,0
20190331,999,3,20,6,2,35,19:10:26,24212,0
20190331,999,3,843,6,2,36,19:11:54,24358,0
20190331,999,3,822,130,2,37,19:13:58,24433,0
20190331,999,3,20,6,3,38,19:15:58,34193,0
20190331,999,3,826,5,2,38,19:16:45,30761,0
20190331,999,3,825,208,2,38,19:16:47,25982,0
20190331,999,3,453,9,2,39,19:17:58,24484,0
20190331,999,3,841,50,2,40,19:19:55,24880,0
20190331,999,3,832,1,3,40,19:20:46,24985,0
20190414,1000,17,832,1,1,1,14:15:38,45878,0
20190414,1000,17,845,1,1,1,14:15:45,50738,0
20190414,1000,17,826,5,1,7,14:25:49,17257,0
20190414,1000,17,841,50,1,7,14:25:51,25184,0
20190414,1000,17,154,208,1,8,14:27:26,23261,0
20190414,1000,17,825,208,1,9,14:29:10,23964,0
20190414,1000,17,808,4,1,11,14:32:24,24107,0
20190414,1000,17,830,9,1,17,14:42:01,23223,0
20190414,1000,17,845,1,2,17,14:43:26,33638,0
20190414,1000,17,20,6,1,18,14:43:39,22749,0
20190414,1000,17,817,4,1,18,14:44:01,23506,0
20190414,1000,17,453,9,1,19,14:45:31,22301,0
20190414,1000,17,847,5,1,19,14:46:02,23215,0
20190414,1000,17,815,209,1,20,14:47:27,23733,0
20190414,1000,17,840,209,1,20,14:47:41,23466,0
20190414,1000,17,822,130,1,21,14:48:27,22196,0
20190414,1000,17,1,130,1,22,14:50:01,22644,0
20190414,1000,17,843,6,1,22,14:50:21,22921,0
20190414,1000,17,846,3,1,22,14:51:29,24332,0
20190414,1000,17,8,50,1,25,14:55:54,23888,0
20190414,1000,17,826,5,2,25,14:56:18,26050,0
20190414,1000,17,9,3,1,26,14:58:30,32627,0
20190414,1000,17,841,50,2,30,15:04:51,25137,0
20190414,1000,17,826,5,3,30,15:04:57,43206,0
20190414,1000,17,825,208,2,33,15:09:45,23383,0
20190414,1000,17,830,9,2,34,15:10:12,22365,0
20190414,1000,17,20,6,2,35,15:11:41,22316,0
20190414,1000,17,845,1,3,34,15:12:20,22524,0
20190414,1000,17,154,208,2,35,15:12:56,23520,0
20190414,1000,17,1,130,2,36,15:13:05,23597,0
20190414,1000,17,822,130,2,36,15:13:10,24083,0
20190414,1000,17,832,1,2,36,15:14:58,22532,0
20190414,1000,17,453,9,2,39,15:18:48,22722,0
20190414,1000,17,843,6,2,42,15:23:18,24227,0
20190414,1000,17,840,209,2,44,15:27:57,23515,0
20190414,1000,17,846,3,2,49,15:37:27,23965,0
20190414,1000,17,453,9,3,53,15:41:53,22408,0
20190428,1001,72,826,5,1,5,16:23:10,21013,0
20190428,1001,72,8,50,1,6,16:25:08,21401,0
20190428,1001,72,825,208,1,7,16:26:55,20118,0
20190428,1001,72,841,50,1,7,16:27:02,20776,0
20190428,1001,72,808,4,1,8,16:28:49,21325,0
20190428,1001,72,845,1,1,9,16:30:25,19819,0
20190428,1001,72,815,209,1,10,16:32:13,20939,0
20190428,1001,72,840,209,1,10,16:32:27,23099,0
20190428,1001,72,817,4,1,10,16:32:28,20884,0
20190428,1001,72,20,6,1,11,16:33:45,19981,0
20190428,1001,72,822,130,1,12,16:35:24,20006,0
20190428,1001,72,832,1,1,12,16:35:58,19755,0
20190428,1001,72,847,5,1,12,16:36:16,20720,0
20190428,1001,72,1,130,1,13,16:37:17,19993,0
20190428,1001,72,830,9,1,14,16:39:16,20973,0
20190428,1001,72,9,3,1,14,16:40:06,15069,0
20190428,1001,72,9,3,2,23,16:57:00,21037,0
20190428,1001,72,846,3,1,25,17:00:30,20475,0
20190428,1001,72,843,6,1,34,17:14:53,20382,0
20190428,1001,72,808,4,2,34,17:16:30,20870,0
20190428,1001,72,154,208,1,34,17:16:33,20906,0
20190428,1001,72,846,3,2,38,17:24:45,20751,0
20190428,1001,72,845,1,2,39,17:25:02,22080,0
20190428,1001,72,825,208,2,39,17:26:07,20859,0
20190428,1001,72,9,3,3,42,17:33:14,20703,0
20190428,1001,72,843,6,2,47,17:39:16,19857,0
20190512,1002,4,841,50,1,6,15:21:55,22381,0
20190512,1002,4,20,6,1,19,15:39:39,23746,0
20190512,1002,4,830,9,1,20,15:40:52,22417,0
20190512,1002,4,826,5,1,21,15:42:48,22049,0
20190512,1002,4,453,9,1,22,15:43:55,22563,0
20190512,1002,4,840,209,1,22,15:44:26,23321,0
20190512,1002,4,825,208,1,23,15:45:34,22025,0
20190512,1002,4,817,4,1,24,15:47:07,22379,0
20190512,1002,4,832,1,1,24,15:47:10,21468,0
20190512,1002,4,815,209,1,24,15:47:11,22781,0
20190512,1002,4,843,6,1,25,15:47:53,23646,0
20190512,1002,4,847,5,1,25,15:48:27,23591,0
20190512,1002,4,822,130,1,26,15:49:04,22034,0
20190512,1002,4,154,208,1,26,15:49:40,22379,0
20190512,1002,4,845,1,1,26,15:50:07,21579,0
20190512,1002,4,1,130,1,27,15:50:16,22265,0
20190512,1002,4,8,50,1,28,15:53:02,22342,0
20190512,1002,4,9,3,1,31,15:58:16,21954,0
20190512,1002,4,846,3,1,32,15:59:33,22442,0
20190512,1002,4,808,4,1,35,16:02:40,22193,0
20190512,1002,4,20,6,2,40,16:08:48,21643,0
20190512,1002,4,841,50,2,41,16:12:09,23507,0
20190512,1002,4,830,9,2,43,16:12:43,22540,0
20190512,1002,4,822,130,2,45,16:15:21,22018,0
20190512,1002,4,826,5,2,45,16:16:25,33821,0
20190512,1002,4,825,208,2,45,16:16:29,22992,0
20190512,1002,4,847,5,2,45,16:16:34,37345,0
20190512,1002,4,1,130,2,46,16:16:43,22511,0
20190512,1002,4,817,4,2,45,16:16:58,22702,0
20190512,1002,4,815,209,2,45,16:17:06,22896,0
20190512,1002,4,846,3,2,44,16:17:28,21846,0
20190512,1002,4,843,6,2,46,16:17:34,21638,0
20190512,1002,4,8,50,2,45,16:17:38,22549,0
20190512,1002,4,9,3,2,44,16:17:59,22142,0
20190512,1002,4,453,9,2,46,16:18:00,22095,0
20190512,1002,4,154,208,2,46,16:18:13,22732,0
20190512,1002,4,832,1,2,46,16:18:55,21545,0
20190526,1003,6,808,4,1,9,15:24:59,25532,0
20190526,1003,6,843,6,1,9,15:25:11,25964,0
20190526,1003,6,846,3,1,10,15:26:35,26165,0
20190526,1003,6,1,130,1,11,15:27:03,24266,0
20190526,1003,6,822,130,1,11,15:27:11,25030,0
20190526,1003,6,830,9,1,11,15:27:12,24011,0
20190526,1003,6,20,6,1,11,15:27:12,24483,0
20190526,1003,6,817,4,1,11,15:27:55,24269,0
20190526,1003,6,825,208,1,11,15:27:55,25419,0
20190526,1003,6,815,209,1,11,15:28:09,28463,0
20190526,1003,6,822,130,2,12,15:29:18,24776,0
20190526,1003,6,843,6,2,16,15:36:31,25705,0
20190526,1003,6,9,3,1,21,15:43:09,23946,0
20190526,1003,6,453,9,1,27,15:50:18,24161,0
20190526,1003,6,832,1,1,30,15:54:15,23795,0
20190526,1003,6,826,5,1,32,15:56:48,24023,0
20190526,1003,6,840,209,1,39,16:06:35,24591,0
20190526,1003,6,847,5,1,40,16:07:15,25062,0
20190526,1003,6,841,50,1,44,16:13:29,35651,0
20190526,1003,6,8,50,1,46,16:15:59,26299,0
20190526,1003,6,845,1,1,47,16:16:57,25026,0
20190526,1003,6,154,208,1,50,16:20:12,24219,0
20190526,1003,6,453,9,2,62,16:35:42,23858,0
20190609,1004,7,847,5,1,1,14:14:33,37950,0
20190609,1004,7,832,1,1,3,14:17:05,24727,0
20190609,1004,7,8,50,1,6,14:21:09,25342,0
20190609,1004,7,453,9,1,7,14:22:11,23485,0
20190609,1004,7,817,4,1,8,14:23:27,23927,0
20190609,1004,7,9,3,1,8,14:24:00,25210,0
20190609,1004,7,846,3,1,9,14:25:14,23686,0
20190609,1004,7,815,209,1,11,14:27:40,24076,0
20190609,1004,7,826,5,1,12,14:28:56,23825,0
20190609,1004,7,808,4,1,16,14:33:51,24030,0
20190609,1004,7,20,6,1,26,14:46:21,23782,0
20190609,1004,7,1,130,1,28,14:48:57,23662,0
20190609,1004,7,822,130,1,30,14:51:51,23994,0
20190609,1004,7,843,6,1,33,14:55:25,23732,0
20190609,1004,7,841,50,1,33,14:56:30,23884,0
20190609,1004,7,154,208,1,34,14:57:56,24071,0
20190609,1004,7,9,3,2,38,15:04:19,23119,0
20190609,1004,7,825,208,1,39,15:04:54,24381,0
20190609,1004,7,840,209,1,45,15:11:32,23727,0
20190609,1004,7,830,9,1,48,15:14:55,23426,0
20190609,1004,7,8,50,2,58,15:28:58,24666,0
20190609,1004,7,822,130,2,67,15:38:52,23456,0
20190623,1005,34,841,50,1,7,15:25:01,30842,0
20190623,1005,34,817,4,1,16,15:39:36,31031,0
20190623,1005,34,825,208,1,16,15:39:52,30832,0
20190623,1005,34,453,9,1,17,15:41:13,30228,0
20190623,1005,34,845,1,1,18,15:42:44,30576,0
20190623,1005,34,815,209,1,18,15:42:54,37286,0
20190623,1005,34,832,1,1,19,15:44:20,29920,0
20190623,1005,34,830,9,1,20,15:45:33,30118,0
20190623,1005,34,843,6,1,21,15:47:03,30203,0
20190623,1005,34,822,130,1,23,15:50:09,30412,0
20190623,1005,34,1,130,1,24,15:51:35,30186,0
20190623,1005,34,9,3,1,24,15:53:31,29792,0
20190623,1005,34,20,6,1,25,15:53:36,30044,0
20190623,1005,34,847,5,1,25,15:54:23,30279,0
20190623,1005,34,846,3,1,25,15:55:03,31950,0
20190623,1005,34,8,50,1,31,16:03:51,29975,0
20190623,1005,34,154,208,1,31,16:04:18,30837,0
20190623,1005,34,826,5,1,32,16:05:49,30233,0
20190623,1005,34,846,3,2,33,16:08:33,37494,0
20190623,1005,34,808,4,1,34,16:08:41,30884,0
20190623,1005,34,841,50,2,34,16:09:23,31697,0
20190623,1005,34,840,209,1,39,16:16:51,30849,0
20190623,1005,34,20,6,2,51,16:35:13,30468,0
20190630,1006,70,825,208,1,11,15:26:15,23243,0
20190630,1006,70,825,208,2,13,15:29:01,16224,0
20190630,1006,70,9,3,1,19,15:36:00,21525,0
20190630,1006,70,822,130,1,21,15:37:18,22552,0
20190630,1006,70,20,6,1,21,15:37:22,25236,0
20190630,1006,70,843,6,1,22,15:38:23,21878,0
20190630,1006,70,8,50,1,23,15:40:05,21709,0
20190630,1006,70,841,50,1,24,15:41:20,21672,0
20190630,1006,70,845,1,1,25,15:42:23,21547,0
20190630,1006,70,453,9,1,25,15:42:27,22239,0
20190630,1006,70,840,209,1,25,15:42:36,21982,0
20190630,1006,70,808,4,1,26,15:43:43,21985,0
20190630,1006,70,846,3,1,27,15:45:22,22772,0
20190630,1006,70,815,209,1,28,15:46:02,22330,0
20190630,1006,70,1,130,1,30,15:47:46,30067,0
20190630,1006,70,830,9,1,31,15:49:00,21110,0
20190630,1006,70,826,5,1,32,15:51:13,25091,0
20190630,1006,70,154,208,1,34,15:53:32,22265,0
20190630,1006,70,847,5,1,35,15:54:33,21225,0
20190630,1006,70,832,1,1,41,16:01:19,21266,0
20190630,1006,70,817,4,1,46,16:07:18,22305,0
20190630,1006,70,20,6,2,50,16:11:04,22251,0
20190630,1006,70,825,208,3,62,16:27:00,22309,0
20190714,1007,9,154,208,1,1,14:15:12,33562,0
20190714,1007,9,825,208,1,1,14:15:41,32767,0
20190714,1007,9,453,9,1,12,14:31:30,27905,0
20190714,1007,9,817,4,1,12,14:31:41,28416,0
20190714,1007,9,826,5,1,12,14:31:52,29377,0
20190714,1007,9,843,6,1,13,14:32:59,28558,0
20190714,1007,9,830,9,1,13,14:33:00,27827,0
20190714,1007,9,845,1,1,13,14:33:12,28275,0
20190714,1007,9,847,5,1,13,14:33:18,28954,0
20190714,1007,9,808,4,1,13,14:33:19,28926,0
20190714,1007,9,840,209,1,13,14:33:24,30400,0
20190714,1007,9,822,130,1,16,14:37:23,28493,0
20190714,1007,9,8,50,1,17,14:39:34,28364,0
20190714,1007,9,815,209,1,18,14:41:03,30264,0
20190714,1007,9,1,130,1,20,14:43:34,28905,0
20190714,1007,9,20,6,1,20,14:43:56,28021,0
20190714,1007,9,830,9,2,20,14:44:20,27950,0
20190714,1007,9,832,1,1,20,14:44:26,27980,0
20190714,1007,9,817,4,2,20,14:44:42,28381,0
20190714,1007,9,9,3,1,20,14:45:15,28694,0
20190714,1007,9,843,6,2,21,14:46:29,28348,0
20190714,1007,9,826,5,2,21,14:47:13,28811,0
20190714,1007,9,846,3,1,21,14:47:16,30245,0
20190714,1007,9,815,209,2,24,14:52:57,38032,0
20190714,1007,9,845,1,2,35,15:09:29,27919,0
20190714,1007,9,20,6,2,38,15:14:24,38468,0
20190714,1007,9,840,209,2,39,15:15:42,29074,0
20190714,1007,9,822,130,2,45,15:23:52,28177,0
20190714,1007,9,815,209,3,46,15:26:57,28747,0
20190728,1008,10,20,6,1,2,15:23:38,20094,0
20190728,1008,10,847,5,1,2,15:23:41,20576,0
20190728,1008,10,1,130,1,3,15:25:13,20203,0
20190728,1008,10,822,130,1,3,15:25:19,22243,0
20190728,1008,10,830,9,1,3,15:25:20,22358,0
20190728,1008,10,8,50,1,3,15:25:22,27256,0
20190728,1008,10,808,4,1,3,15:25:24,22132,0
20190728,1008,10,843,6,1,3,15:25:25,20361,0
20190728,1008,10,154,208,1,3,15:25:31,27232,0
20190728,1008,10,453,9,1,3,15:25:33,29667,0
20190728,1008,10,832,1,1,3,15:25:34,23363,0
20190728,1008,10,841,50,1,3,15:25:37,22509,0
20190728,1008,10,817,4,1,3,15:25:39,21224,0
20190728,1008,10,826,5,1,3,15:25:41,23090,0
20190728,1008,10,845,1,1,6,15:31:10,21402,0
20190728,1008,10,840,209,1,7,15:32:46,22696,0
20190728,1008,10,846,3,1,7,15:32:56,20718,0
20190728,1008,10,9,3,1,7,15:33:00,23801,0
20190728,1008,10,825,208,1,8,15:34:19,21106,0
20190728,1008,10,843,6,2,15,15:44:43,22102,0
20190728,1008,10,808,4,2,15,15:44:55,20118,0
20190728,1008,10,825,208,2,21,15:55:12,21179,0
20190728,1008,10,20,6,2,23,15:57:40,20768,0
20190728,1008,10,9,3,2,23,15:59:08,20436,0
20190728,1008,10,830,9,2,25,16:00:07,19640,0
20190728,1008,10,846,3,2,24,16:00:34,19287,0
20190728,1008,10,826,5,2,25,16:01:14,21488,0
20190728,1008,10,845,1,2,25,16:01:15,20242,0
20190728,1008,10,840,209,2,25,16:01:22,21260,0
20190728,1008,10,822,130,2,26,16:01:40,20498,0
20190728,1008,10,8,50,2,26,16:02:15,22307,0
20190728,1008,10,841,50,2,26,16:02:33,20879,0
20190728,1008,10,453,9,2,26,16:02:35,19875,0
20190728,1008,10,154,208,2,26,16:02:44,21625,0
20190728,1008,10,843,6,3,27,16:03:18,20317,0
20190728,1008,10,847,5,2,27,16:04:06,21501,0
20190728,1008,10,832,1,2,27,16:04:43,19964,0
20190728,1008,10,1,130,2,28,16:04:58,22947,0
20190728,1008,10,847,5,3,28,16:06:20,21732,0
20190728,1008,10,8,50,3,28,16:06:40,21142,0
20190728,1008,10,20,6,3,28,16:06:40,22058,0
20190728,1008,10,453,9,3,28,16:06:54,20552,0
20190728,1008,10,841,50,3,28,16:07:02,20096,0
20190728,1008,10,826,5,3,28,16:07:11,24310,0
20190728,1008,10,154,208,3,28,16:07:27,22421,0
20190728,1008,10,830,9,3,29,16:07:40,21472,0
20190728,1008,10,808,4,3,29,16:07:42,20624,0
20190728,1008,10,840,209,3,28,16:08:19,21962,0
20190728,1008,10,825,208,3,29,16:09:20,21359,0
20190728,1008,10,822,130,3,30,16:09:52,21142,0
20190728,1008,10,9,3,3,31,16:14:07,19626,0
20190728,1008,10,830,9,4,41,16:28:42,19327,0
20190728,1008,10,20,6,4,41,16:29:20,21256,0
20190728,1008,10,154,208,4,41,16:29:35,20622,0
20190728,1008,10,840,209,4,41,16:30:13,20472,0
20190728,1008,10,846,3,3,41,16:30:14,19345,0
20190728,1008,10,825,208,4,42,16:31:41,20380,0
20190728,1008,10,840,209,5,44,16:35:25,20152,0
20190728,1008,10,826,5,4,45,16:37:18,20671,0
20190728,1008,10,825,208,5,45,16:37:20,20285,0
20190728,1008,10,830,9,5,46,16:38:35,19062,0
20190728,1008,10,822,130,4,46,16:38:41,21009,0
20190728,1008,10,832,1,3,46,16:38:44,20711,0
20190728,1008,10,453,9,4,46,16:38:45,20012,0
20190728,1008,10,847,5,4,46,16:38:47,19931,0
20190728,1008,10,154,208,5,46,16:38:49,21423,0
20190728,1008,10,9,3,4,46,16:38:58,20370,0
20190728,1008,10,1,130,4,47,16:40:10,27069,0
20190728,1008,10,8,50,4,47,16:40:13,20930,0
20190728,1008,10,20,6,5,47,16:40:14,19586,0
20190728,1008,10,841,50,4,47,16:40:17,28093,0
20190728,1008,10,846,3,4,47,16:40:24,21634,0
20190728,1008,10,1,130,5,53,16:48:53,20015,0
20190728,1008,10,1,130,6,56,16:53:29,19610,0
20190728,1008,10,825,208,6,57,16:54:35,20700,0
20190728,1008,10,9,3,5,57,16:55:04,19825,0
20190728,1008,10,846,3,5,57,16:55:08,23445,0
20190804,1009,11,822,130,1,5,15:19:58,33328,0
20190804,1009,11,841,50,1,15,15:34:25,23218,0
20190804,1009,11,846,3,1,16,15:35:47,21333,0
20190804,1009,11,840,209,1,16,15:35:49,22085,0
20190804,1009,11,815,209,1,18,15:38:23,21901,0
20190804,1009,11,9,3,1,18,15:38:44,21754,0
20190804,1009,11,154,208,1,19,15:39:45,22035,0
20190804,1009,11,826,5,1,21,15:42:35,23002,0
20190804,1009,11,830,9,1,25,15:46:59,21705,0
20190804,1009,11,843,6,1,27,15:50:09,21575,0
20190804,1009,11,845,1,1,28,15:52:00,26066,0
20190804,1009,11,453,9,1,28,15:52:02,22104,0
20190804,1009,11,847,5,1,28,15:52:18,23676,0
20190804,1009,11,832,1,1,29,15:53:20,21832,0
20190804,1009,11,8,50,1,29,15:53:23,22205,0
20190804,1009,11,1,130,1,31,15:55:15,22880,0
20190804,1009,11,808,4,1,36,16:03:27,21734,0
20190804,1009,11,825,208,1,38,16:06:21,21618,0
20190804,1009,11,20,6,1,39,16:06:53,24819,0
20190804,1009,11,822,130,2,46,16:17:11,21744,0
20190804,1009,11,817,4,1,46,16:17:28,22498,0
20190804,1009,11,1,130,2,48,16:18:24,21390,0
20190804,1009,11,840,209,2,50,16:23:45,21563,0
20190804,1009,11,830,9,2,67,16:43:52,21164,0
20190901,1010,13,817,4,1,1,15:16:08,27620,0
20190901,1010,13,8,50,1,1,15:16:10,39046,0
20190901,1010,13,832,1,1,1,15:16:37,59291,0
20190901,1010,13,8,50,2,2,15:19:12,25005,0
20190901,1010,13,808,4,1,11,15:37:54,23475,0
20190901,1010,13,453,5,1,13,15:41:31,22772,0
20190901,1010,13,840,209,1,14,15:43:25,22774,0
20190901,1010,13,20,6,1,15,15:44:47,22863,0
20190901,1010,13,815,209,1,15,15:45:09,23133,0
20190901,1010,13,154,208,1,16,15:46:59,22912,0
20190901,1010,13,845,1,1,19,15:52:24,23182,0
20190901,1010,13,843,6,1,21,15:55:38,22449,0
20190901,1010,13,1,130,1,22,15:57:31,23497,0
20190901,1010,13,822,130,1,23,15:59:25,22579,0
20190901,1010,13,847,9,1,23,16:00:08,22506,0
20190901,1010,13,826,5,1,24,16:01:55,22834,0
20190901,1010,13,825,208,1,25,16:04:08,22584,0
20190901,1010,13,841,50,1,29,16:11:12,23044,0
20190901,1010,13,840,209,2,30,16:13:12,25250,0
20190901,1010,13,846,3,1,30,16:13:41,22442,0
20190901,1010,13,808,4,2,31,16:15:01,23000,0
20190901,1010,13,8,50,3,31,16:15:33,26891,0
20190901,1010,13,9,3,1,31,16:15:35,24247,0
20190901,1010,13,20,6,2,33,16:17:35,22786,0
20190908,1011,14,830,9,1,1,15:14:58,31211,0
20190908,1011,14,20,6,1,6,15:22:18,32443,0
20190908,1011,14,154,208,1,7,15:23:54,26481,0
20190908,1011,14,20,6,2,12,15:31:23,31851,0
20190908,1011,14,840,209,1,15,15:35:16,18838,0
20190908,1011,14,1,130,1,19,15:40:19,23912,0
20190908,1011,14,8,50,1,19,15:41:10,32393,0
20190908,1011,14,843,6,1,20,15:41:42,23833,0
20190908,1011,14,825,208,1,20,15:42:25,24400,0
20190908,1011,14,841,50,1,21,15:43:42,25698,0
20190908,1011,14,840,209,2,22,15:45:38,24419,0
20190908,1011,14,845,1,1,23,15:46:48,24311,0
20190908,1011,14,846,3,1,23,15:47:03,24198,0
20190908,1011,14,847,9,1,26,15:50:47,29830,0
20190908,1011,14,822,130,1,27,15:51:41,23700,0
20190908,1011,14,8,50,2,26,15:51:50,24568,0
20190908,1011,14,832,1,1,27,15:52:12,27010,0
20190908,1011,14,830,9,2,27,15:52:30,24303,0
20190908,1011,14,826,5,1,28,15:53:53,24479,0
20190908,1011,14,815,209,1,28,15:54:06,25340,0
20190908,1011,14,453,5,1,28,15:54:11,24363,0
20190908,1011,14,808,4,1,29,15:55:13,24092,0
20190908,1011,14,9,3,1,29,15:56:17,31842,0
20190908,1011,14,817,4,1,30,15:56:33,24320,0
20190908,1011,14,154,208,2,29,15:56:36,25121,0
20190908,1011,14,825,208,2,34,16:03:34,24978,0
20190908,1011,14,20,6,3,41,16:13:46,24376,0
20190908,1011,14,9,3,2,44,16:18:54,23860,0
20190908,1011,14,1,130,2,49,16:23:22,23731,0
20190922,1012,15,808,4,1,1,20:15:37,29563,0
20190922,1012,15,846,3,1,1,20:15:56,38752,0
20190922,1012,15,826,5,1,12,20:35:59,28799,0
20190922,1012,15,815,209,1,13,20:37:45,29082,0
20190922,1012,15,8,50,1,15,20:41:17,29992,0
20190922,1012,15,825,208,1,18,20:46:43,29403,0
20190922,1012,15,20,6,1,19,20:48:19,29384,0
20190922,1012,15,830,9,1,19,20:48:22,28846,0
20190922,1012,15,843,6,1,20,20:50:05,29168,0
20190922,1012,15,847,9,1,20,20:50:14,28606,0
20190922,1012,15,845,1,1,20,20:50:16,30397,0
20190922,1012,15,9,3,1,21,20:52:58,29033,0
20190922,1012,15,822,130,1,22,20:53:46,29234,0
20190922,1012,15,154,208,1,23,20:56:19,29456,0
20190922,1012,15,1,130,1,26,21:00:55,28930,0
20190922,1012,15,840,209,1,31,21:10:22,29482,0
20190922,1012,15,453,5,1,32,21:12:09,32482,0
20190922,1012,15,841,50,1,34,21:16:02,29070,0
20190922,1012,15,817,4,1,34,21:16:25,30756,0
20190922,1012,15,154,208,2,35,21:18:29,43576,0
20190922,1012,15,808,4,2,36,21:19:55,29152,0
20190922,1012,15,826,5,2,36,21:20:05,34711,0
20190922,1012,15,832,1,2,35,21:20:33,30623,0
20190922,1012,15,841,50,2,36,21:20:38,28960,0
20190922,1012,15,840,209,2,41,21:32:33,39188,0
20190922,1012,15,9,3,2,44,21:38:24,30321,0
20190922,1012,15,840,209,3,44,21:39:08,29460,0
20190922,1012,15,825,208,2,56,22:04:12,30916,0
20190929,1013,71,9,3,1,1,14:15:50,30587,0
20190929,1013,71,817,4,1,1,14:16:36,36031,0
20190929,1013,71,841,50,1,2,14:18:23,38193,0
20190929,1013,71,9,3,2,2,14:18:29,30177,0
20190929,1013,71,8,50,1,9,14:31:21,25038,0
20190929,1013,71,808,4,1,16,14:43:01,34264,0
20190929,1013,71,845,1,1,20,14:49:42,29290,0
20190929,1013,71,832,1,1,21,14:51:18,30103,0
20190929,1013,71,843,6,1,22,14:52:17,29548,0
20190929,1013,71,815,209,1,23,14:54:44,30271,0
20190929,1013,71,20,6,1,26,14:58:48,29860,0
20190929,1013,71,453,5,1,26,15:00:10,29935,0
20190929,1013,71,825,208,1,27,15:01:41,30509,0
20190929,1013,71,840,209,1,27,15:01:45,30168,0
20190929,1013,71,826,5,1,27,15:01:53,30753,0
20190929,1013,71,846,3,1,27,15:02:17,29857,0
20190929,1013,71,841,50,2,27,15:02:19,30227,0
20190929,1013,71,8,50,2,27,15:02:26,36512,0
20190929,1013,71,1,130,1,28,15:02:28,29751,0
20190929,1013,71,822,130,1,28,15:02:47,29436,0
20190929,1013,71,830,9,1,28,15:03:24,29978,0
20190929,1013,71,847,9,1,29,15:06:07,29854,0
20190929,1013,71,808,4,2,29,15:06:25,29786,0
20190929,1013,71,826,5,2,29,15:06:31,29571,0
20190929,1013,71,843,6,2,30,15:07:30,29401,0
20191013,1014,22,843,6,1,3,14:18:21,30502,0
20191013,1014,22,845,1,1,4,14:20:04,25347,0
20191013,1014,22,847,9,1,15,14:37:38,23354,0
20191013,1014,22,8,50,1,15,14:38:06,24468,0
20191013,1014,22,20,6,1,16,14:38:55,24032,0
20191013,1014,22,154,208,1,16,14:39:43,23478,0
20191013,1014,22,822,130,1,17,14:40:21,23000,0
20191013,1014,22,825,208,1,17,14:41:19,24156,0
20191013,1014,22,453,5,1,18,14:42:36,23180,0
20191013,1014,22,840,209,1,18,14:42:37,23292,0
20191013,1014,22,841,50,1,18,14:42:53,23351,0
20191013,1014,22,808,4,1,19,14:44:14,24132,0
20191013,1014,22,815,209,1,19,14:44:18,22880,0
20191013,1014,22,1,130,1,21,14:46:51,23582,0
20191013,1014,22,9,3,1,22,14:50:09,26734,0
20191013,1014,22,843,6,2,25,14:54:00,23580,0
20191013,1014,22,845,1,2,25,14:54:15,23949,0
20191013,1014,22,846,3,1,25,14:54:38,23792,0
20191013,1014,22,832,1,1,26,14:55:21,23476,0
20191013,1014,22,826,5,1,27,14:57:31,23293,0
20191013,1014,22,817,4,1,29,15:00:26,23292,0
20191013,1014,22,20,6,2,31,15:02:42,23213,0
20191013,1014,22,847,9,2,34,15:07:55,23301,0
20191013,1014,22,9,3,2,33,15:08:46,22970,0
20191013,1014,22,822,130,2,36,15:10:17,23157,0
20191013,1014,22,8,50,2,36,15:12:16,23164,0
20191013,1014,22,815,209,2,41,15:19:44,23301,0
20191013,1014,22,1,130,2,42,15:19:47,23591,0
20191013,1014,22,843,6,3,46,15:27:14,23280,0
20191013,1014,22,825,208,2,47,15:30:01,23973,0
20191013,1014,22,841,50,2,49,15:33:08,23412,0
20191027,1015,32,830,9,1,5,13:21:07,24493,0
20191027,1015,32,453,5,1,9,13:26:22,22689,0
20191027,1015,32,826,5,1,10,13:27:43,22490,0
20191027,1015,32,847,9,1,14,13:32:50,22192,0
20191027,1015,32,843,6,1,15,13:34:07,22002,0
20191027,1015,32,832,1,1,15,13:34:37,22241,0
20191027,1015,32,8,50,1,15,13:34:45,22754,0
20191027,1015,32,808,4,1,18,13:38:48,22484,0
20191027,1015,32,815,209,1,20,13:41:30,22357,0
20191027,1015,32,841,50,1,21,13:43:03,43411,0
20191027,1015,32,9,3,1,21,13:43:30,24606,0
20191027,1015,32,846,3,1,22,13:44:55,22887,0
20191027,1015,32,1,130,1,23,13:45:01,22269,0
20191027,1015,32,825,208,1,28,13:53:14,23084,0
20191027,1015,32,832,1,2,35,14:02:44,22179,0
20191027,1015,32,822,130,1,36,14:02:45,22179,0
20191027,1015,32,20,6,1,37,14:04:03,21862,0
20191027,1015,32,840,209,1,37,14:04:58,22745,0
20191027,1015,32,154,208,1,37,14:06:08,24128,0
20191027,1015,32,843,6,2,43,14:12:15,25786,0
20191027,1015,32,847,9,2,44,14:13:47,22003,0
20191027,1015,32,826,5,2,44,14:14:40,22033,0
20191027,1015,32,453,5,2,49,14:21:41,22618,0
20191027,1015,32,817,4,1,50,14:22:29,22345,0
20191027,1015,32,8,50,2,52,14:26:04,22963,0
20191027,1015,32,9,3,2,60,14:38:15,22570,0
20191103,1016,69,847,9,1,1,13:15:12,34100,0
20191103,1016,69,840,209,1,9,13:29:09,24567,0
20191103,1016,69,9,3,1,11,13:32:54,24164,0
20191103,1016,69,830,9,1,13,13:35:21,23716,0
20191103,1016,69,822,130,1,14,13:36:58,24151,0
20191103,1016,69,841,50,1,17,13:43:05,25230,0
20191103,1016,69,832,1,1,18,13:44:27,24784,0
20191103,1016,69,8,50,1,18,13:44:29,24544,0
20191103,1016,69,825,208,1,18,13:44:43,24929,0
20191103,1016,69,845,1,1,19,13:46:03,24678,0
20191103,1016,69,453,5,1,19,13:46:08,24195,0
20191103,1016,69,843,6,1,20,13:47:33,29157,0
20191103,1016,69,847,9,2,20,13:48:02,23213,0
20191103,1016,69,817,4,1,21,13:49:25,23751,0
20191103,1016,69,826,5,1,21,13:49:45,27115,0
20191103,1016,69,846,3,1,23,13:53:46,23702,0
20191103,1016,69,1,130,1,24,13:53:57,23943,0
20191103,1016,69,815,209,1,24,13:54:54,24207,0
20191103,1016,69,154,208,1,24,13:55:19,24583,0
20191103,1016,69,808,4,1,27,14:00:05,24245,0
20191103,1016,69,840,209,2,29,14:03:38,25195,0
20191103,1016,69,830,9,2,34,14:10:45,23444,0
20191103,1016,69,822,130,2,35,14:12:18,23819,0
20191103,1016,69,808,4,2,39,14:20:30,23684,0
20191103,1016,69,826,5,2,39,14:20:32,24162,0
20191103,1016,69,841,50,2,39,14:20:57,24206,0
20191103,1016,69,847,9,3,40,14:21:47,23705,0
20191103,1016,69,8,50,2,40,14:22:07,24686,0
20191103,1016,69,825,208,2,40,14:22:38,24731,0
20191103,1016,69,843,6,2,42,14:24:44,23844,0
20191103,1016,69,845,1,2,42,14:25:17,25776,0
20191103,1016,69,846,3,2,46,14:33:29,28748,0
20191103,1016,69,453,5,2,53,14:44:18,24260,0
20191117,1017,18,817,4,1,8,14:23:15,30760,0
20191117,1017,18,815,209,1,17,14:34:32,23079,0
20191117,1017,18,1,130,1,20,14:37:36,22882,0
20191117,1017,18,841,50,1,20,14:38:12,23155,0
20191117,1017,18,9,3,1,20,14:38:47,23861,0
20191117,1017,18,830,9,1,21,14:38:49,22818,0
20191117,1017,18,8,50,1,21,14:39:23,23463,0
20191117,1017,18,453,5,1,22,14:40:34,22922,0
20191117,1017,18,826,5,1,23,14:42:08,22759,0
20191117,1017,18,846,3,1,23,14:42:37,22500,0
20191117,1017,18,847,9,1,24,14:42:52,23073,0
20191117,1017,18,20,6,1,25,14:43:54,23039,0
20191117,1017,18,822,130,1,26,14:45:14,23148,0
20191117,1017,18,154,208,1,26,14:45:45,23776,0
20191117,1017,18,845,1,1,27,14:47:00,23381,0
20191117,1017,18,808,4,1,27,14:47:09,23344,0
20191117,1017,18,825,208,1,27,14:47:22,23891,0
20191117,1017,18,840,209,1,28,14:48:22,23346,0
20191117,1017,18,843,6,1,29,14:49:09,22966,0
20191117,1017,18,832,1,1,29,14:49:33,22770,0
20191117,1017,18,9,3,2,36,14:59:30,29268,0
20191117,1017,18,817,4,2,40,15:03:20,29491,0
20191117,1017,18,822,130,2,41,15:03:49,23210,0
20191117,1017,18,1,130,2,43,15:05:54,23088,0
20191117,1017,18,830,9,2,44,15:07:03,22657,0
20191117,1017,18,808,4,2,44,15:08:36,23596,0
20191117,1017,18,815,209,2,45,15:09:29,23142,0
20191117,1017,18,841,50,2,46,15:10:39,23524,0
20191117,1017,18,826,5,2,46,15:10:52,23378,0
20191117,1017,18,453,5,2,47,15:11:43,23584,0
20191117,1017,18,8,50,2,47,15:11:48,23841,0
20191117,1017,18,20,6,2,49,15:13:22,23138,0
20191117,1017,18,847,9,2,50,15:14:54,23071,0
20191117,1017,18,830,9,3,54,15:19:35,22593,0
20191117,1017,18,845,1,2,53,15:19:55,23355,0
20191117,1017,18,840,209,2,53,15:19:57,24841,0
20191117,1017,18,825,208,2,53,15:20:13,23479,0
20191117,1017,18,843,6,2,54,15:20:29,23042,0
20191117,1017,18,808,4,3,53,15:20:31,22747,0
20191117,1017,18,9,3,3,53,15:22:16,24873,0
20191117,1017,18,846,3,2,54,15:22:31,23199,0
20191117,1017,18,154,208,2,65,15:36:48,23471,0
20191117,1017,18,1,130,3,66,15:37:46,23060,0
20191117,1017,18,846,3,3,66,15:38:17,22441,0
20191117,1017,18,9,3,4,66,15:40:02,23158,0
20191201,1018,24,840,209,1,5,17:22:34,28842,0
20191201,1018,24,845,1,1,8,17:27:40,22974,0
20191201,1018,24,841,50,1,8,17:27:52,21977,0
20191201,1018,24,817,4,1,11,17:32:58,21904,0
20191201,1018,24,843,6,1,12,17:34:14,21697,0
20191201,1018,24,20,6,1,12,17:34:22,25771,0
20191201,1018,24,832,1,1,12,17:34:43,21928,0
20191201,1018,24,847,9,1,13,17:36:11,22028,0
20191201,1018,24,808,4,1,18,17:45:13,21578,0
20191201,1018,24,154,208,1,18,17:45:37,21968,0
20191201,1018,24,825,208,1,20,17:48:59,21531,0
20191201,1018,24,8,50,1,22,17:52:32,22410,0
20191201,1018,24,840,209,2,23,17:54:47,21778,0
20191201,1018,24,9,3,1,24,17:56:31,21688,0
20191201,1018,24,830,9,1,25,17:56:36,21023,0
20191201,1018,24,1,130,1,26,17:58:06,22178,0
20191201,1018,24,841,50,2,26,18:00:00,22188,0
20191201,1018,24,822,130,1,29,18:04:02,21145,0
20191201,1018,24,846,3,1,32,18:10:43,22272,0
20191201,1018,24,815,209,1,37,18:18:24,22230,0
20191201,1018,24,843,6,2,38,18:19:14,21274,0
20191201,1018,24,20,6,2,38,18:19:36,21858,0
20191201,1018,24,826,5,1,40,18:23:38,21496,0
20191201,1018,24,832,1,2,41,18:25:36,21466,0
20191201,1018,24,817,4,2,42,18:27:24,21624,0
20200705,1019,70,154,208,1,20,15:37:03,23280,0
20200705,1019,70,8,50,1,24,15:41:31,23229,0
20200705,1019,70,841,50,1,25,15:42:49,23659,0
20200705,1019,70,846,3,1,25,15:42:53,21417,0
20200705,1019,70,822,130,1,26,15:43:06,21937,0
20200705,1019,70,1,130,1,26,15:43:14,21850,0
20200705,1019,70,847,9,1,26,15:43:25,21279,0
20200705,1019,70,845,1,1,26,15:43:33,23637,0
20200705,1019,70,815,209,1,26,15:43:34,22383,0
20200705,1019,70,843,6,1,26,15:43:38,22756,0
20200705,1019,70,832,1,1,26,15:43:41,23827,0
20200705,1019,70,20,6,1,26,15:43:55,22231,0
20200705,1019,70,453,210,1,26,15:44:02,22466,0
20200705,1019,70,826,210,1,26,15:44:12,22769,0
20200705,1019,70,839,4,1,26,15:44:17,21683,0
20200705,1019,70,848,3,1,26,15:45:08,22058,0
20200705,1019,70,847,9,2,51,16:15:09,21842,0
20200705,1019,70,845,1,2,51,16:15:19,21921,0
20200705,1019,70,843,6,2,51,16:15:24,21972,0
20200705,1019,70,826,210,2,51,16:15:41,21622,0
20200705,1019,70,8,50,2,51,16:15:48,21569,0
20200705,1019,70,20,6,2,51,16:15:55,22738,0
20200705,1019,70,848,3,2,51,16:16:23,21918,0
20200705,1019,70,832,1,2,52,16:17:02,21805,0
20200705,1019,70,841,50,2,55,16:22:14,22800,0
20200705,1019,70,822,130,2,56,16:23:58,16407,0
20200705,1019,70,1,130,2,56,16:24:00,16365,0
20200705,1019,70,815,209,2,56,16:24:01,16546,0
20200705,1019,70,847,9,3,56,16:24:03,17035,0
20200705,1019,70,845,1,3,56,16:24:03,18163,0
20200705,1019,70,843,6,3,56,16:24:05,18748,0
20200705,1019,70,453,210,2,56,16:24:07,19911,0
20200705,1019,70,832,1,3,56,16:24:08,20064,0
20200705,1019,70,839,4,2,56,16:24:09,19626,0
20200705,1019,70,826,210,3,56,16:24:11,19656,0
20200705,1019,70,20,6,3,56,16:24:13,19330,0
20200705,1019,70,848,3,3,56,16:24:14,19488,0
20200705,1019,70,841,50,3,56,16:24:16,19678,0
20200712,1020,70,843,6,1,1,15:14:20,39715,0
20200712,1020,70,830,9,1,24,15:42:09,20937,0
20200712,1020,70,453,210,1,24,15:42:46,21950,0
20200712,1020,70,1,130,1,27,15:45:28,21729,0
20200712,1020,70,825,208,1,31,15:51:02,21977,0
20200712,1020,70,832,1,1,32,15:51:49,25983,0
20200712,1020,70,848,3,1,32,15:52:24,22745,0
20200712,1020,70,840,209,1,33,15:53:01,22118,0
20200712,1020,70,822,130,1,34,15:53:38,21376,0
20200712,1020,70,846,3,1,34,15:54:49,21697,0
20200712,1020,70,847,9,1,35,15:55:11,21505,0
20200712,1020,70,826,210,1,36,15:56:45,22197,0
20200712,1020,70,817,4,1,37,15:57:33,21603,0
20200712,1020,70,154,208,1,37,15:58:03,22444,0
20200712,1020,70,815,209,1,38,15:58:45,22761,0
20200712,1020,70,845,1,1,39,16:00:02,22406,0
20200712,1020,70,841,50,1,39,16:00:18,21667,0
20200712,1020,70,8,50,1,44,16:06:06,21459,0
20200712,1020,70,453,210,2,49,16:12:15,22280,0
20200712,1020,70,832,1,2,66,16:31:07,21873,0
20200712,1020,70,830,9,2,68,16:32:33,21091,0
20200719,1021,11,826,210,1,1,15:14:46,23568,0
20200719,1021,11,843,6,1,2,15:16:15,22266,0
20200719,1021,11,822,130,1,2,15:16:16,21906,0
20200719,1021,11,1,130,1,3,15:17:37,22320,0
20200719,1021,11,840,209,1,3,15:17:46,23081,0
20200719,1021,11,20,6,1,3,15:17:50,28286,0
20200719,1021,11,815,209,1,3,15:17:53,23263,0
20200719,1021,11,832,1,1,3,15:17:55,27131,0
20200719,1021,11,847,9,1,3,15:17:58,23046,0
20200719,1021,11,848,3,1,3,15:18:00,21596,0
20200719,1021,11,453,210,1,3,15:18:01,22740,0
20200719,1021,11,8,50,1,3,15:18:04,22299,0
20200719,1021,11,830,9,1,4,15:19:18,21529,0
20200719,1021,11,817,4,1,4,15:19:30,21920,0
20200719,1021,11,839,4,1,4,15:19:35,24281,0
20200719,1021,11,845,1,1,4,15:19:40,23012,0
20200719,1021,11,846,3,1,4,15:19:42,21184,0
20200719,1021,11,841,50,1,4,15:19:50,22283,0
20200719,1021,11,848,3,2,4,15:21:24,36335,0
20200719,1021,11,826,210,2,18,15:39:53,22685,0
20200719,1021,11,846,3,2,19,15:41:33,21367,0
20200719,1021,11,843,6,2,20,15:42:29,22564,0
20200719,1021,11,841,50,2,20,15:43:04,23082,0
20200719,1021,11,20,6,2,29,15:54:50,21880,0
20200719,1021,11,839,4,2,31,15:57:59,21860,0
20200719,1021,11,822,130,2,33,15:59:47,21644,0
20200719,1021,11,848,3,3,31,16:00:38,28367,0
20200719,1021,11,8,50,2,33,16:00:45,27128,0
20200719,1021,11,847,9,2,34,16:01:43,22174,0
20200719,1021,11,154,208,1,34,16:01:59,22591,0
20200719,1021,11,840,209,2,35,16:02:34,22534,0
20200719,1021,11,825,208,1,35,16:03:02,23621,0
20200719,1021,11,815,209,2,35,16:03:08,22051,0
20200719,1021,11,845,1,2,35,16:03:33,22742,0
20200719,1021,11,830,9,2,36,16:03:38,21268,0
20200719,1021,11,1,130,2,37,16:04:39,22264,0
20200719,1021,11,832,1,2,40,16:10:06,22438,0
20200719,1021,11,841,50,3,40,16:11:01,21831,0
20200719,1021,11,848,3,4,39,16:12:52,21802,0
20200719,1021,11,817,4,2,43,16:14:04,22073,0
20200719,1021,11,822,130,3,49,16:21:27,21572,0
20200719,1021,11,846,3,3,50,16:24:28,22048,0
20200719,1021,11,840,209,3,52,16:25:54,22057,0
20200719,1021,11,848,3,5,52,16:31:33,25767,0
20200719,1021,11,1,130,3,66,16:43:33,22426,0
20200802,1022,9,847,9,1,6,14:26:01,28834,0
20200802,1022,9,817,4,1,12,14:35:22,29559,0
20200802,1022,9,845,1,1,12,14:35:24,30289,0
20200802,1022,9,839,4,1,12,14:35:26,30768,0
20200802,1022,9,20,6,1,12,14:35:27,29439,0
20200802,1022,9,453,210,1,12,14:35:29,29414,0
20200802,1022,9,841,50,1,12,14:35:30,28355,0
20200802,1022,9,8,50,1,12,14:35:35,36590,0
20200802,1022,9,846,3,1,12,14:35:36,29302,0
20200802,1022,9,848,3,1,12,14:35:42,31371,0
20200802,1022,9,1,130,1,13,14:37:01,28805,0
20200802,1022,9,822,130,1,13,14:37:06,30571,0
20200802,1022,9,830,9,1,13,14:37:10,28208,0
20200802,1022,9,843,6,1,13,14:37:21,29520,0
20200802,1022,9,832,1,1,13,14:37:27,28487,0
20200802,1022,9,840,209,1,13,14:37:32,28716,0
20200802,1022,9,847,9,2,30,15:08:33,33308,0
20200802,1022,9,154,208,1,36,15:17:38,33816,0
20200802,1022,9,8,50,2,47,15:35:09,44085,0
20200802,1022,9,830,9,2,50,15:38:04,28273,0
20200802,1022,9,822,130,2,50,15:38:33,33602,0
20200802,1022,9,832,1,2,51,15:40:13,36278,0
20200809,1023,9,847,9,1,6,14:22:39,28417,0
20200809,1023,9,453,210,1,7,14:24:09,28356,0
20200809,1023,9,841,50,1,7,14:24:23,27892,0
20200809,1023,9,846,3,1,8,14:25:59,28391,0
20200809,1023,9,825,208,1,9,14:27:31,28934,0
20200809,1023,9,848,3,1,9,14:27:35,28696,0
20200809,1023,9,845,1,1,12,14:31:56,27949,0
20200809,1023,9,822,130,1,13,14:33:10,28408,0
20200809,1023,9,1,130,1,14,14:34:45,28406,0
20200809,1023,9,817,4,1,14,14:34:58,28587,0
20200809,1023,9,808,209,1,15,14:36:26,28981,0
20200809,1023,9,154,208,1,17,14:40:00,29377,0
20200809,1023,9,840,209,1,18,14:41:04,28235,0
20200809,1023,9,843,6,1,18,14:41:13,29419,0
20200809,1023,9,826,210,1,19,14:43:00,28036,0
20200809,1023,9,825,208,2,20,14:45:03,29389,0
20200809,1023,9,832,1,1,22,14:47:30,35864,0
20200809,1023,9,839,4,1,22,14:47:36,28093,0
20200809,1023,9,20,6,1,22,14:47:40,28167,0
20200809,1023,9,453,210,2,23,14:49:25,28306,0
20200809,1023,9,846,3,2,24,14:51:11,28331,0
20200809,1023,9,830,9,1,26,14:53:04,29115,0
20200809,1023,9,817,4,2,26,14:53:46,28167,0
20200809,1023,9,8,50,1,26,14:54:13,29296,0
20200809,1023,9,848,3,2,26,14:54:19,28086,0
20200809,1023,9,845,1,2,29,14:58:32,28874,0
20200809,1023,9,808,209,2,30,14:59:44,28386,0
20200809,1023,9,847,9,2,30,15:00:01,27858,0
20200809,1023,9,840,209,2,31,15:01:17,27974,0
20200809,1023,9,830,9,2,32,15:02:28,28986,0
20200809,1023,9,822,130,2,32,15:02:31,28188,0
20200809,1023,9,20,6,2,33,15:04:55,28352,0
20200809,1023,9,841,50,2,33,15:05:16,27693,0
20200809,1023,9,832,1,2,34,15:06:26,28772,0
20200809,1023,9,826,210,2,35,15:07:54,28365,0
20200809,1023,9,817,4,3,35,15:08:07,28057,0
20200809,1023,9,154,208,2,38,15:12:59,29803,0
20200809,1023,9,846,3,3,39,15:14:39,28692,0
20200809,1023,9,1,130,2,41,15:16:16,29402,0
20200809,1023,9,808,209,3,44,15:21:21,28736,0
20200809,1023,9,848,3,3,46,15:25:31,29049,0
20200816,1024,4,847,9,1,17,15:37:35,21663,0
20200816,1024,4,846,3,1,19,15:40:50,22708,0
20200816,1024,4,8,50,1,20,15:42:15,22314,0
20200816,1024,4,830,9,1,21,15:42:49,21532,0
20200816,1024,4,453,210,1,21,15:43:20,22241,0
20200816,1024,4,845,1,1,21,15:43:22,22099,0
20200816,1024,4,826,210,1,21,15:43:30,23036,0
20200816,1024,4,841,50,1,21,15:43:48,22243,0
20200816,1024,4,832,1,1,22,15:44:43,22078,0
20200816,1024,4,1,130,1,23,15:45:28,23377,0
20200816,1024,4,822,130,1,23,15:45:39,22310,0
20200816,1024,4,840,209,1,27,15:51:47,22351,0
20200816,1024,4,825,208,1,28,15:53:40,24148,0
20200816,1024,4,848,3,1,28,15:54:06,22322,0
20200816,1024,4,815,209,1,29,15:54:39,22641,0
20200816,1024,4,843,6,1,29,15:54:45,22274,0
20200816,1024,4,20,6,1,29,15:54:53,21820,0
20200816,1024,4,154,208,1,32,15:59:39,23212,0
20200816,1024,4,839,4,1,34,16:02:12,22366,0
20200816,1024,4,817,4,1,35,16:03:27,21837,0
20200816,1024,4,846,3,2,35,16:03:47,21889,0
20200816,1024,4,847,9,2,39,16:09:10,21804,0
20200816,1024,4,830,9,2,41,16:10:56,21601,0
20200816,1024,4,832,1,2,41,16:11:55,22166,0
20200816,1024,4,840,209,2,42,16:13:17,22388,0
20200816,1024,4,453,210,2,42,16:13:22,22394,0
20200816,1024,4,845,1,2,44,16:16:10,21761,0
20200816,1024,4,8,50,2,44,16:16:43,22197,0
20200816,1024,4,826,210,2,45,16:17:43,22079,0
20200816,1024,4,841,50,2,45,16:18:12,21794,0
20200816,1024,4,822,130,2,48,16:20:38,22143,0
20200816,1024,4,1,130,2,50,16:23:05,21853,0
20200816,1024,4,848,3,2,49,16:24:00,22475,0
20200816,1024,4,154,208,2,62,16:42:16,24010,0
20200816,1024,4,822,130,3,64,16:42:47,22607,0
20200830,1025,13,843,6,1,10,15:32:40,30678,0
20200830,1025,13,8,50,1,10,15:32:46,22960,0
20200830,1025,13,154,208,1,10,15:32:51,23636,0
20200830,1025,13,825,208,1,10,15:32:57,26156,0
20200830,1025,13,848,3,1,10,15:33:00,23532,0
20200830,1025,13,1,130,1,11,15:34:33,23298,0
20200830,1025,13,822,130,1,11,15:34:37,25548,0
20200830,1025,13,830,9,1,11,15:34:40,23314,0
20200830,1025,13,817,4,1,11,15:34:49,23586,0
20200830,1025,13,839,4,1,11,15:34:54,24305,0
20200830,1025,13,847,9,1,11,15:34:55,22738,0
20200830,1025,13,840,209,1,11,15:34:58,23689,0
20200830,1025,13,845,1,1,11,15:35:05,23046,0
20200830,1025,13,826,210,1,11,15:35:10,23769,0
20200830,1025,13,20,6,1,11,15:35:12,22982,0
20200830,1025,13,815,209,1,18,15:51:01,23175,0
20200830,1025,13,843,6,2,24,16:02:10,25100,0
20200830,1025,13,453,210,1,26,16:05:44,22681,0
20200830,1025,13,848,3,2,30,16:13:23,23477,0
20200830,1025,13,825,208,2,35,16:22:33,24339,0
20200906,1026,14,1,130,2,26,15:54:50,1516864,1
20200906,1026,14,846,3,1,22,15:46:57,25249,0
20200906,1026,14,154,208,1,22,15:46:57,25936,0
20200906,1026,14,847,9,1,22,15:46:56,29661,0
20200906,1026,14,826,210,1,22,15:46:56,25920,0
20200906,1026,14,839,4,1,22,15:46:55,25290,0
20200906,1026,14,830,9,1,22,15:46:50,26149,0
20200906,1026,14,822,130,1,22,15:46:49,24410,0
20200906,1026,14,817,4,1,22,15:46:48,25498,0
20200906,1026,14,815,209,1,22,15:46:48,26693,0
20200906,1026,14,845,1,1,22,15:46:47,24612,0
20200906,1026,14,832,1,1,22,15:46:40,24398,0
20200906,1026,14,841,50,1,20,15:42:53,23998,0
20200906,1026,14,1,130,1,20,15:41:58,24671,0
20200906,1026,14,453,210,1,19,15:40:55,24096,0
20200906,1026,14,8,50,1,18,15:39:31,24454,0
20200906,1026,14,843,6,1,17,15:38:12,24344,0
20200906,1026,14,848,3,1,16,15:36:53,26335,0
20200906,1026,14,825,208,1,1,15:15:04,40078,0
20200913,1027,74,8,50,3,8,15:31:30,1450186,1
20200913,1027,74,846,3,2,8,15:31:28,1447186,1
20200913,1027,74,826,210,2,8,15:31:24,1445955,1
20200913,1027,74,847,9,1,7,15:28:39,17591,0
20200913,1027,74,840,209,1,7,15:28:41,17625,0
20200913,1027,74,817,4,1,7,15:28:42,17464,0
20200913,1027,74,815,209,1,7,15:28:44,17531,0
20200913,1027,74,845,1,1,7,15:28:45,17845,0
20200913,1027,74,826,210,1,7,15:28:47,17522,0
20200913,1027,74,839,4,1,7,15:28:49,17455,0
20200913,1027,74,846,3,1,7,15:28:49,18399,0
20200913,1027,74,8,50,2,7,15:28:51,17594,0
20200913,1027,74,20,6,2,7,15:28:52,17516,0
20200913,1027,74,154,208,1,7,15:28:53,24781,0
20200913,1027,74,822,130,2,8,15:31:11,1436402,1
20200913,1027,74,1,130,2,8,15:31:13,1436696,1
20200913,1027,74,843,6,2,8,15:31:15,1436871,1
20200913,1027,74,847,9,2,8,15:31:16,1438719,1
20200913,1027,74,840,209,2,8,15:31:17,1439578,1
20200913,1027,74,20,6,1,1,15:15:41,33583,0
20200913,1027,74,822,130,1,7,15:28:34,17560,0
20200913,1027,74,1,130,1,7,15:28:37,17536,0
20200913,1027,74,843,6,1,7,15:28:38,17516,0
20200913,1027,74,8,50,1,1,15:15:33,30623,0
20200913,1027,74,845,1,2,8,15:31:22,1445614,1
20200913,1027,74,817,4,2,8,15:31:19,1441000,1
20200913,1027,74,815,209,2,8,15:31:21,1441547,1
20200913,1027,74,20,6,3,8,15:31:32,1449513,1
20200913,1027,74,154,208,2,8,15:31:34,1450651,1
20200913,1027,74,843,6,3,21,16:15:31,23469,0
20200913,1027,74,817,4,3,27,16:23:46,22777,0
20200913,1027,74,8,50,4,27,16:24:17,33281,0
20200913,1027,74,815,209,3,28,16:25:26,23088,0
20200913,1027,74,20,6,4,28,16:25:43,22995,0
20200913,1027,74,154,208,3,28,16:25:52,23720,0
20200913,1027,74,845,1,3,29,16:26:50,24137,0
20200913,1027,74,826,210,3,29,16:26:55,23113,0
20200913,1027,74,846,3,3,29,16:27:04,23638,0
20200913,1027,74,840,209,3,30,16:27:59,22846,0
20200913,1027,74,822,130,3,31,16:29:09,23111,0
20200913,1027,74,1,130,3,32,16:30:24,22445,0
20200913,1027,74,847,9,3,32,16:30:50,22387,0
20200913,1027,74,843,6,4,37,16:38:26,23367,0
20200913,1027,74,8,50,5,42,16:45:58,28960,0
20200913,1027,74,822,130,4,43,16:46:01,23199,0
20200913,1027,74,154,208,4,42,16:46:13,24002,0
20200913,1027,74,817,4,4,43,16:46:24,22963,0
20200913,1027,74,847,9,4,43,16:46:29,22822,0
20200913,1027,74,815,209,4,43,16:46:45,23002,0
20200913,1027,74,845,1,4,43,16:46:51,24820,0
20200913,1027,74,826,210,4,43,16:47:06,22745,0
20200913,1027,74,846,3,4,43,16:47:25,23367,0
20200913,1027,74,20,6,5,43,16:47:29,22489,0
20200913,1027,74,1,130,4,44,16:47:42,22800,0
20200913,1027,74,1,130,5,45,16:50:26,1300911,1
20200913,1027,74,822,130,5,45,16:50:27,1302010,1
20200913,1027,74,8,50,6,44,16:50:29,1180725,1
20200913,1027,74,154,208,5,44,16:50:31,1181863,1
20200913,1027,74,817,4,5,45,16:50:33,1299801,1
20200913,1027,74,847,9,5,45,16:50:35,1302435,1
20200913,1027,74,815,209,5,45,16:50:40,1299712,1
20200913,1027,74,845,1,5,45,16:50:53,1292871,1
20200913,1027,74,826,210,5,45,16:50:58,1290227,1
20200913,1027,74,843,6,5,45,16:51:08,1285145,1
20200913,1027,74,846,3,5,45,16:51:28,1269095,1
20200913,1027,74,20,6,6,45,16:51:32,1266590,1
20200906,1026,14,840,209,1,26,15:54:52,1517308,1
20200906,1026,14,453,210,2,26,15:54:53,1519879,1
20200906,1026,14,8,50,2,26,15:54:55,1520985,1
20200906,1026,14,841,50,2,26,15:54:57,1521825,1
20200906,1026,14,832,1,2,26,15:54:58,1522369,1
20200906,1026,14,845,1,2,26,15:55:02,1522009,1
20200906,1026,14,822,130,2,26,15:55:03,1522264,1
20200906,1026,14,848,3,2,26,15:55:05,1523130,1
20200906,1026,14,817,4,2,26,15:55:06,1523637,1
20200906,1026,14,830,9,2,26,15:55:08,1522796,1
20200906,1026,14,839,4,2,26,15:55:10,1523223,1
20200906,1026,14,826,210,2,26,15:55:12,1524139,1
20200906,1026,14,815,209,2,26,15:55:14,1524989,1
20200906,1026,14,846,3,2,26,15:55:17,1527938,1
20200906,1026,14,847,9,2,26,15:55:18,1528247,1
20200906,1026,14,154,208,2,26,15:55:20,1530188,1
20200906,1026,14,1,130,3,28,16:25:20,31643,0
20200906,1026,14,841,50,3,30,16:28:15,31480,0
20200927,1028,71,846,3,1,1,14:15:56,30165,0
20200927,1028,71,847,9,1,1,14:16:00,30211,0
20200927,1028,71,845,1,1,1,14:16:01,37108,0
20200927,1028,71,846,3,2,14,14:43:16,29433,0
20200927,1028,71,817,4,1,15,14:44:24,30112,0
20200927,1028,71,1,130,1,16,14:45:50,41352,0
20200927,1028,71,841,50,1,16,14:46:23,29767,0
20200927,1028,71,154,208,1,17,14:48:03,30054,0
20200927,1028,71,848,3,1,17,14:48:20,29862,0
20200927,1028,71,839,4,1,18,14:49:24,30068,0
20200927,1028,71,453,210,1,18,14:49:32,29770,0
20200927,1028,71,825,208,1,19,14:51:23,30188,0
20200927,1028,71,815,209,1,20,14:52:46,29602,0
20200927,1028,71,830,9,1,25,15:00:57,28748,0
20200927,1028,71,822,130,1,26,15:02:26,29750,0
20200927,1028,71,847,9,2,27,15:05:10,30111,0
20200927,1028,71,843,6,1,28,15:06:20,30261,0
20200927,1028,71,826,210,1,30,15:09:46,29662,0
20200927,1028,71,20,6,1,30,15:10:13,29395,0
20200927,1028,71,8,50,1,35,15:18:43,33317,0
20200927,1028,71,453,210,2,42,15:30:21,29409,0
20200927,1028,71,154,208,2,42,15:31:06,29988,0
20200927,1028,71,845,1,2,47,15:39:13,31368,0
20200927,1028,71,846,3,3,50,15:45:09,29675,0
20201011,1029,20,847,9,1,7,14:24:20,23562,0
20201011,1029,20,843,6,1,10,14:29:03,22560,0
20201011,1029,20,8,50,1,10,14:29:22,22865,0
20201011,1029,20,20,6,1,11,14:30:54,22616,0
20201011,1029,20,846,3,1,11,14:30:54,22496,0
20201011,1029,20,822,130,1,13,14:33:18,22625,0
20201011,1029,20,825,208,1,14,14:35:37,23016,0
20201011,1029,20,848,3,1,14,14:35:40,24737,0
20201011,1029,20,841,50,1,15,14:37:09,22482,0
20201011,1029,20,1,130,1,16,14:37:59,23983,0
20201011,1029,20,830,9,1,16,14:38:04,22106,0
20201011,1029,20,817,4,1,16,14:38:37,22159,0
20201011,1029,20,826,210,1,17,14:41:05,30826,0
20201011,1029,20,815,209,1,28,14:57:23,22880,0
20201011,1029,20,832,1,1,28,14:57:31,22641,0
20201011,1029,20,154,208,1,28,14:57:54,23635,0
20201011,1029,20,845,1,1,29,14:58:56,21991,0
20201011,1029,20,808,209,1,29,14:59:24,22700,0
20201011,1029,20,453,210,1,30,15:00:55,22625,0
20201011,1029,20,848,3,2,33,15:06:01,24063,0
20201011,1029,20,825,208,2,34,15:07:30,23114,0
20201011,1029,20,843,6,2,35,15:08:35,23111,0
20201011,1029,20,841,50,2,36,15:10:28,22772,0
20201011,1029,20,20,6,2,41,15:18:18,24366,0
20201011,1029,20,817,4,2,44,15:22:03,22530,0
20201011,1029,20,832,1,2,44,15:22:26,22503,0
20201011,1029,20,1,130,2,45,15:22:31,23180,0
20201011,1029,20,830,9,2,45,15:22:43,22568,0
20201011,1029,20,453,210,2,44,15:23:04,22917,0
20201011,1029,20,808,209,2,44,15:23:08,22686,0
20201011,1029,20,8,50,2,44,15:23:17,33016,0
20201011,1029,20,826,210,2,44,15:23:55,22527,0
20201011,1029,20,815,209,2,45,15:24:17,22612,0
20201025,1030,73,815,209,1,1,13:14:54,26177,0
20201025,1030,73,8,50,1,11,13:28:58,29061,0
20201025,1030,73,817,4,1,14,13:33:08,26999,0
20201025,1030,73,845,1,1,18,13:38:42,34807,0
20201025,1030,73,840,209,1,18,13:38:52,36314,0
20201025,1030,73,847,9,1,19,13:40:09,26287,0
20201025,1030,73,830,9,1,23,13:45:13,26394,0
20201025,1030,73,848,3,1,24,13:47:22,26739,0
20201025,1030,73,826,210,1,25,13:48:37,27211,0
20201025,1030,73,832,1,1,26,13:49:45,27299,0
20201025,1030,73,154,208,1,26,13:50:03,26985,0
20201025,1030,73,20,6,1,27,13:51:14,26666,0
20201025,1030,73,453,210,1,28,13:52:25,27204,0
20201025,1030,73,841,50,1,28,13:52:49,26473,0
20201025,1030,73,825,208,1,31,13:57:08,27300,0
20201025,1030,73,843,6,1,34,14:00:19,26940,0
20201025,1030,73,840,209,2,34,14:01:48,37483,0
20201025,1030,73,846,3,1,36,14:03:48,32991,0
20201025,1030,73,1,130,1,40,14:07:56,27162,0
20201025,1030,73,822,130,1,41,14:09:27,26512,0
20201025,1030,73,845,1,2,43,14:13:48,27750,0
20201025,1030,73,815,209,2,45,14:15:49,26635,0
20201025,1030,73,847,9,2,46,14:17:42,25882,0
20201025,1030,73,839,4,1,53,14:26:47,28535,0
20201025,1030,73,826,210,2,55,14:30:36,32943,0
20201101,1031,21,840,209,1,1,13:14:49,36189,0
20201101,1031,21,154,208,1,9,13:25:41,30422,0
20201101,1031,21,841,50,1,10,13:27:00,29745,0
20201101,1031,21,846,3,1,11,13:28:18,29707,0
20201101,1031,21,843,6,1,13,13:30:49,30243,0
20201101,1031,21,845,1,1,13,13:30:56,29683,0
20201101,1031,21,839,4,1,13,13:30:59,30559,0
20201101,1031,21,817,4,1,14,13:32:09,30204,0
20201101,1031,21,847,9,1,14,13:32:12,29770,0
20201101,1031,21,826,210,1,14,13:32:12,30277,0
20201101,1031,21,832,1,1,17,13:36:15,29950,0
20201101,1031,21,830,9,1,18,13:37:06,29427,0
20201101,1031,21,822,130,1,19,13:38:22,29600,0
20201101,1031,21,815,209,1,27,13:49:28,29985,0
20201101,1031,21,825,208,1,27,13:50:01,30708,0
20201101,1031,21,1,130,1,30,13:52:53,30382,0
20201101,1031,21,840,209,2,29,13:53:03,30566,0
20201101,1031,21,848,3,1,34,13:59:15,29892,0
20201101,1031,21,20,6,1,39,14:05:39,40497,0
20201101,1031,21,8,50,1,48,14:17:39,29863,0
20201101,1031,21,154,208,2,50,14:21:06,31199,0
20201101,1031,21,822,130,2,51,14:21:18,30129,0
20201101,1031,21,815,209,2,51,14:21:54,30555,0
20201101,1031,21,826,210,2,51,14:22:09,29809,0
20201101,1031,21,832,1,2,51,14:22:11,30614,0
20201101,1031,21,1,130,2,52,14:22:55,30925,0
20201101,1031,21,20,6,2,51,14:22:57,29934,0
20201101,1031,21,840,209,3,52,14:25:09,36630,0
20201101,1031,21,845,1,2,53,14:25:29,30203,0
20201101,1031,21,847,9,2,59,14:37:02,29552,0
20201115,1032,5,839,4,1,1,13:15:59,25719,0
20201115,1032,5,843,6,1,6,13:25:49,24275,0
20201115,1032,5,822,130,1,7,13:27:48,23398,0
20201115,1032,5,20,6,1,8,13:28:57,24022,0
20201115,1032,5,1,130,1,8,13:29:04,23860,0
20201115,1032,5,8,50,1,8,13:29:23,30765,0
20201115,1032,5,825,208,1,8,13:29:27,24552,0
20201115,1032,5,841,50,1,8,13:29:38,25432,0
20201115,1032,5,826,210,1,8,13:29:42,23417,0
20201115,1032,5,154,208,1,8,13:29:52,26686,0
20201115,1032,5,840,209,1,9,13:30:37,23730,0
20201115,1032,5,848,3,1,8,13:30:54,24738,0
20201115,1032,5,845,1,1,9,13:31:36,22684,0
20201115,1032,5,815,209,1,10,13:32:35,25163,0
20201115,1032,5,817,4,1,10,13:32:52,23470,0
20201115,1032,5,832,1,1,10,13:32:56,23910,0
20201115,1032,5,453,210,1,10,13:33:26,23669,0
20201115,1032,5,839,4,2,10,13:33:43,23475,0
20201115,1032,5,830,9,1,11,13:34:27,24256,0
20201115,1032,5,847,9,1,12,13:36:22,22602,0
20201115,1032,5,830,9,2,18,13:47:55,22518,0
20201115,1032,5,843,6,2,30,14:08:52,23687,0
20201115,1032,5,8,50,2,30,14:09:48,31356,0
20201115,1032,5,817,4,2,32,14:12:20,23208,0
20201115,1032,5,846,3,1,32,14:13:13,22692,0
20201115,1032,5,20,6,2,33,14:13:43,25401,0
20201115,1032,5,832,1,2,33,14:14:01,23537,0
20201115,1032,5,453,210,2,33,14:14:57,23288,0
20201115,1032,5,847,9,2,34,14:15:35,22490,0
20201115,1032,5,825,208,2,34,14:16:33,153964,1
20201115,1032,5,840,209,2,36,14:18:49,23650,0
20201115,1032,5,845,1,2,36,14:19:42,23686,0
20201115,1032,5,154,208,2,36,14:20:55,31422,0
20201115,1032,5,848,3,2,38,14:26:46,36599,0
20201115,1032,5,830,9,3,43,14:31:06,22787,0
20201115,1032,5,846,3,2,42,14:31:11,22888,0
20201115,1032,5,822,130,2,46,14:37:34,22853,0
20201115,1032,5,8,50,3,50,14:44:57,23180,0
20201129,1033,3,1,130,1,1,17:15:42,1163979,1
20201129,1033,3,830,9,1,1,17:15:44,1164529,1
20201129,1033,3,815,209,1,1,17:15:46,1163442,1
20201129,1033,3,847,9,1,1,17:15:51,1161607,1
20201129,1033,3,817,4,1,1,17:15:56,1159722,1
20201129,1033,3,822,130,1,1,17:15:57,1159205,1
20201129,1033,3,453,210,1,1,17:16:02,1160469,1
20201129,1033,3,839,4,1,1,17:16:04,1160946,1
20201129,1033,3,845,1,1,1,17:16:13,1153898,1
20201129,1033,3,843,6,1,1,17:16:14,1154255,1
20201129,1033,3,841,50,1,1,17:16:18,1154906,1
20201129,1033,3,840,209,1,1,17:16:19,1154123,1
20201129,1033,3,832,1,1,1,17:16:21,1157291,1
20201129,1033,3,825,208,1,1,17:16:23,1156990,1
20201129,1033,3,20,6,1,1,17:16:26,1157042,1
20201129,1033,3,848,3,1,1,17:16:29,1157995,1
20201129,1033,3,8,50,1,1,17:16:31,1161539,1
20201129,1033,3,846,3,1,1,17:16:34,1163297,1
20201129,1033,3,826,210,1,1,17:16:36,1163014,1
20201129,1033,3,825,208,2,3,18:41:46,38297,0
20201129,1033,3,822,130,2,4,18:43:43,24936,0
20201129,1033,3,817,4,2,16,19:06:25,24617,0
20201129,1033,3,839,4,2,17,19:07:58,24076,0
20201129,1033,3,826,210,2,17,19:08:09,37317,0
20201129,1033,3,8,50,2,17,19:08:14,32278,0
20201129,1033,3,845,1,2,18,19:09:33,24679,0
20201129,1033,3,1,130,2,19,19:10:46,24061,0
20201129,1033,3,847,9,2,19,19:11:03,24172,0
20201129,1033,3,830,9,2,20,19:12:27,24622,0
20201129,1033,3,815,209,2,20,19:12:34,24317,0
20201129,1033,3,846,3,2,20,19:13:06,24029,0
20201129,1033,3,841,50,2,20,19:13:16,24145,0
20201129,1033,3,20,6,2,20,19:13:19,24774,0
20201129,1033,3,832,1,2,21,19:14:28,24511,0
20201129,1033,3,848,3,2,21,19:14:54,24248,0
20201129,1033,3,843,6,2,23,19:17:53,25199,0
20201129,1033,3,453,210,2,25,19:21:01,24398,0
20201129,1033,3,822,130,3,25,19:21:09,24734,0
20201129,1033,3,825,208,3,27,19:24:46,25924,0
20201129,1033,3,826,210,3,33,19:34:29,24135,0
20201129,1033,3,830,9,3,34,19:34:47,26950,0
20201129,1033,3,847,9,3,34,19:35:11,23848,0
20201129,1033,3,839,4,3,34,19:35:41,25254,0
20201129,1033,3,1,130,3,35,19:36:16,24345,0
20201129,1033,3,815,209,3,36,19:38:16,24589,0
20201129,1033,3,817,4,3,36,19:38:50,24817,0
20201129,1033,3,848,3,3,37,19:41:05,24024,0
20201129,1033,3,845,1,3,38,19:41:45,24666,0
20201129,1033,3,822,130,4,38,19:42:04,24675,0
20201129,1033,3,832,1,3,39,19:43:27,25502,0
20201129,1033,3,846,3,3,39,19:44:08,27146,0
20201129,1033,3,20,6,3,39,19:44:14,25444,0
20201129,1033,3,843,6,3,40,19:45:27,24855,0
20201129,1033,3,8,50,3,40,19:45:59,25270,0
20201129,1033,3,830,9,4,46,19:53:52,23906,0
20201129,1033,3,841,50,3,53,20:07:02,24836,0
20201129,1033,3,825,208,4,53,20:07:38,25793,0
20201206,1034,3,815,209,1,1,20:14:22,24214,0
20201206,1034,3,845,1,1,20,20:35:27,24885,0
20201206,1034,3,8,50,1,23,20:38:44,28518,0
20201206,1034,3,841,50,1,26,20:41:34,24810,0
20201206,1034,3,825,208,1,26,20:41:37,25474,0
20201206,1034,3,826,210,1,27,20:42:12,24101,0
20201206,1034,3,848,3,1,27,20:42:32,24297,0
20201206,1034,3,832,1,1,28,20:43:07,24162,0
20201206,1034,3,453,210,1,28,20:43:13,25077,0
20201206,1034,3,817,4,1,29,20:44:08,24474,0
20201206,1034,3,20,6,1,31,20:46:25,26216,0
20201206,1034,3,850,3,1,31,20:46:36,24863,0
20201206,1034,3,849,208,1,31,20:46:50,27681,0
20201206,1034,3,839,4,1,41,20:55:57,24414,0
20201206,1034,3,840,209,1,42,20:56:54,24684,0
20201206,1034,3,846,130,1,45,20:59:22,24708,0
20201206,1034,3,815,209,2,47,21:01:49,24507,0
20201206,1034,3,847,9,1,47,21:01:54,23874,0
20201206,1034,3,822,130,1,49,21:03:18,24552,0
20201206,1034,3,453,210,2,51,21:05:56,24577,0
20201206,1034,3,826,210,2,53,21:07:47,24232,0
20201206,1034,3,845,1,2,54,21:09:09,24245,0
20201206,1034,3,849,208,2,53,21:09:11,26393,0
20201206,1034,3,20,6,2,54,21:09:21,28080,0
20201206,1034,3,841,50,2,54,21:09:30,24551,0
20201206,1034,3,825,208,2,54,21:09:40,25466,0
20201206,1034,3,850,3,2,54,21:09:43,25688,0
20201206,1034,3,8,50,2,54,21:09:49,24401,0
20201206,1034,3,832,1,2,55,21:09:54,24853,0
20201206,1034,3,817,4,2,55,21:09:56,24695,0
20201206,1034,3,850,3,3,59,21:15:05,40028,0
20201206,1034,3,846,130,2,62,21:16:30,28765,0
20201206,1034,3,822,130,2,62,21:16:37,52874,0
20201206,1034,3,847,9,2,62,21:17:23,23645,0
20201206,1034,3,846,130,3,63,21:18:22,24724,0
20201206,1034,3,8,50,3,62,21:18:42,24686,0
20201206,1034,3,20,6,3,63,21:19:11,24809,0
20201206,1034,3,849,208,3,63,21:20:20,25780,0
20201206,1034,3,846,130,4,78,21:35:26,24235,0
20201213,1035,24,830,9,1,10,17:30:57,21289,0
20201213,1035,24,822,130,1,10,17:31:02,21587,0
20201213,1035,24,1,130,1,10,17:31:09,22406,0
20201213,1035,24,847,9,1,10,17:31:15,21508,0
20201213,1035,24,845,1,1,10,17:31:22,21840,0
20201213,1035,24,832,1,1,10,17:31:29,22140,0
20201213,1035,24,840,209,1,10,17:31:30,22036,0
20201213,1035,24,453,210,1,10,17:31:33,22000,0
20201213,1035,24,826,210,1,10,17:31:37,25724,0
20201213,1035,24,839,4,1,10,17:31:40,21615,0
20201213,1035,24,8,50,1,10,17:31:49,22012,0
20201213,1035,24,846,3,1,10,17:31:56,22085,0
20201213,1035,24,849,208,1,10,17:32:05,26329,0
20201213,1035,24,848,3,1,11,17:34:29,21357,0
20201213,1035,24,843,6,1,22,17:54:48,22178,0
20201213,1035,24,841,50,1,27,18:03:41,21480,0
20201213,1035,24,825,208,1,31,18:10:52,22714,0
20201213,1035,24,849,208,2,34,18:16:09,28501,0
20201213,1035,24,20,6,1,35,18:17:15,22040,0
20201213,1035,24,848,3,2,35,18:17:41,22384,0
20201213,1035,24,817,4,1,39,18:23:37,22123,0
20201213,1035,24,825,208,2,47,18:39:11,23098,0
20201213,1035,24,849,208,3,48,18:41:11,23217,0
20210328,1036,3,815,9,1,2,18:11:56,23993,0
20210328,1036,3,453,210,1,4,18:16:14,38338,0
20210328,1036,3,4,211,1,11,18:27:32,24373,0
20210328,1036,3,845,1,1,12,18:29:05,24899,0
20210328,1036,3,843,6,1,12,18:29:06,24925,0
20210328,1036,3,840,116,1,12,18:29:09,24884,0
20210328,1036,3,841,50,1,12,18:29:14,31998,0
20210328,1036,3,1,130,1,13,18:30:29,24839,0
20210328,1036,3,817,1,1,13,18:30:45,24688,0
20210328,1036,3,8,50,1,13,18:30:52,24107,0
20210328,1036,3,839,211,1,13,18:30:55,25226,0
20210328,1036,3,846,3,1,13,18:31:02,24621,0
20210328,1036,3,848,3,1,14,18:32:44,26046,0
20210328,1036,3,853,208,1,14,18:32:58,25798,0
20210328,1036,3,832,6,1,15,18:34:04,24353,0
20210328,1036,3,851,210,1,15,18:34:12,25046,0
20210328,1036,3,822,130,1,16,18:35:24,24262,0
20210328,1036,3,830,9,1,17,18:36:54,24767,0
20210328,1036,3,815,9,2,19,18:40:35,24105,0
20210328,1036,3,453,210,2,19,18:41:17,24317,0
20210328,1036,3,20,116,1,24,18:49:08,24626,0
20210328,1036,3,1,130,2,28,18:54:40,24076,0
20210328,1036,3,840,116,2,28,18:55:23,25525,0
20210328,1036,3,8,50,2,29,18:57:06,24046,0
20210328,1036,3,4,211,2,29,18:57:13,24775,0
20210328,1036,3,822,130,2,30,18:57:58,32897,0
20210328,1036,3,841,50,2,30,18:58:53,24223,0
20210328,1036,3,839,211,2,31,19:00:29,24471,0
20210328,1036,3,843,6,2,32,19:01:40,24176,0
20210328,1036,3,817,1,2,32,19:01:44,24655,0
20210328,1036,3,848,3,2,32,19:02:32,23983,0
20210328,1036,3,845,1,2,33,19:03:11,25640,0
20210328,1036,3,851,210,2,33,19:03:36,24328,0
20210328,1036,3,853,208,2,33,19:04:27,25343,0
20210328,1036,3,846,3,2,36,19:08:48,24248,0
20210328,1036,3,832,6,2,37,19:09:53,24341,0
20210328,1036,3,815,9,3,38,19:11:20,24191,0
20210328,1036,3,830,9,2,39,19:12:13,23848,0
20210328,1036,3,453,210,3,39,19:13:55,24983,0
20210328,1036,3,822,130,3,54,19:36:21,24566,0
20210418,1037,21,839,211,1,1,15:05:16,30866,0
20210418,1037,21,20,116,1,3,15:10:09,32024,0
20210418,1037,21,853,208,1,5,15:15:11,51007,0
20210418,1037,21,852,208,1,12,15:27:20,31168,0
20210418,1037,21,453,210,1,14,15:30:10,31068,0
20210418,1037,21,20,116,2,20,15:39:11,31184,0
20210418,1037,21,853,208,2,21,15:41:24,32479,0
20210418,1037,21,20,116,3,22,15:42:52,39502,0
20210418,1037,21,852,208,2,23,15:45:20,31500,0
20210418,1037,21,851,210,1,25,15:46:39,30696,0
20210418,1037,21,846,3,1,26,15:47:53,29983,0
20210418,1037,21,8,50,1,26,15:47:55,30280,0
20210418,1037,21,830,9,1,27,15:47:59,29809,0
20210418,1037,21,453,210,2,26,15:48:45,32277,0
20210418,1037,21,832,6,1,27,15:48:51,30856,0
20210418,1037,21,817,1,1,27,15:48:57,34340,0
20210418,1037,21,840,116,1,27,15:49:16,31138,0
20210418,1037,21,1,130,1,28,15:49:27,32112,0
20210418,1037,21,841,50,1,27,15:49:32,32299,0
20210418,1037,21,839,211,2,27,15:49:42,30652,0
20210418,1037,21,843,6,1,28,15:49:43,31002,0
20210418,1037,21,815,9,1,28,15:49:58,44608,0
20210418,1037,21,845,1,1,28,15:50:11,30654,0
20210418,1037,21,822,130,1,28,15:50:46,30167,0
20210418,1037,21,4,211,1,28,15:51:18,30864,0
20210418,1037,21,1,130,2,31,15:55:30,38198,0
20210418,1037,21,839,211,3,31,15:56:23,30701,0
20210418,1037,21,830,9,2,33,15:58:11,1621361,1
20210418,1037,21,840,116,2,32,15:58:13,1492090,1
20210418,1037,21,8,50,2,32,15:58:16,1492612,1
20210418,1037,21,1,130,3,32,15:58:17,1494731,1
20210418,1037,21,853,208,3,31,15:58:20,1521462,1
20210418,1037,21,851,210,2,32,15:58:24,1491384,1
20210418,1037,21,841,50,2,32,15:58:26,1496541,1
20210418,1037,21,843,6,2,33,15:58:28,1609484,1
20210418,1037,21,4,211,2,32,15:58:37,1488372,1
20210418,1037,21,839,211,4,32,15:58:48,1478974,1
20210418,1037,21,852,208,3,31,15:58:57,1486154,1
20210418,1037,21,845,1,2,33,15:59:06,1584953,1
20210418,1037,21,815,9,2,33,15:59:11,1581158,1
20210418,1037,21,832,6,2,33,15:59:14,1582211,1
20210418,1037,21,453,210,3,32,15:59:18,1453539,1
20210418,1037,21,20,116,4,32,15:59:21,1452323,1
20210418,1037,21,817,1,2,33,15:59:25,1574827,1
20210418,1037,21,840,116,3,33,16:24:36,65390,1
20210418,1037,21,8,50,3,33,16:24:42,62892,1
20210418,1037,21,1,130,4,33,16:24:48,65870,1
20210418,1037,21,851,210,3,33,16:24:52,63280,1
20210418,1037,21,841,50,3,33,16:24:58,60172,1
20210418,1037,21,4,211,3,33,16:25:04,57601,0
20210418,1037,21,839,211,5,33,16:25:06,56733,0
20210418,1037,21,453,210,4,33,16:25:09,56083,0
20210418,1037,21,20,116,5,33,16:25:15,52043,0
20210418,1037,21,853,208,4,32,16:25:16,51222,0
20210418,1037,21,852,208,4,32,16:25:22,49729,0
20210418,1037,21,841,50,4,40,16:36:13,29742,0
20210502,1038,73,822,130,1,2,15:06:11,21377,0
20210502,1038,73,1,130,1,2,15:06:13,22426,0
20210502,1038,73,830,9,1,2,15:06:14,22718,0
20210502,1038,73,832,6,1,2,15:06:16,22029,0
20210502,1038,73,815,9,1,2,15:06:18,21890,0
20210502,1038,73,845,1,1,2,15:06:19,21407,0
20210502,1038,73,839,211,1,2,15:06:21,21275,0
20210502,1038,73,843,6,1,2,15:06:23,21323,0
20210502,1038,73,453,210,1,2,15:06:24,21353,0
20210502,1038,73,20,116,1,2,15:06:26,21398,0
20210502,1038,73,846,3,1,2,15:06:27,23532,0
20210502,1038,73,841,50,1,2,15:06:29,22485,0
20210502,1038,73,817,1,1,2,15:06:31,21965,0
20210502,1038,73,4,211,1,2,15:06:34,21452,0
20210502,1038,73,851,210,1,2,15:06:36,22266,0
20210502,1038,73,840,116,1,2,15:06:37,22264,0
20210502,1038,73,848,3,1,2,15:06:39,21970,0
20210502,1038,73,853,208,1,2,15:06:40,22019,0
20210502,1038,73,852,208,1,2,15:06:42,21372,0
20210502,1038,73,822,130,2,3,15:08:34,22072,0
20210502,1038,73,1,130,2,3,15:08:36,22164,0
20210502,1038,73,830,9,2,3,15:08:37,22104,0
20210502,1038,73,832,6,2,3,15:08:38,22244,0
20210502,1038,73,815,9,2,3,15:08:39,22100,0
20210502,1038,73,845,1,2,3,15:08:40,22551,0
20210502,1038,73,839,211,2,3,15:08:42,22240,0
20210502,1038,73,843,6,2,3,15:08:43,22587,0
20210502,1038,73,453,210,2,3,15:08:45,22319,0
20210502,1038,73,20,116,2,3,15:08:48,21750,0
20210502,1038,73,846,3,2,3,15:08:48,22755,0
20210502,1038,73,841,50,2,3,15:08:50,22669,0
20210502,1038,73,817,1,2,3,15:08:51,22355,0
20210502,1038,73,4,211,2,3,15:08:53,21621,0
20210502,1038,73,851,210,2,3,15:08:55,22542,0
20210502,1038,73,840,116,2,3,15:08:57,22176,0
20210502,1038,73,848,3,2,3,15:08:58,21730,0
20210502,1038,73,853,208,2,3,15:09:00,21454,0
20210502,1038,73,852,208,2,3,15:09:01,21404,0
20210502,1038,73,832,6,3,21,15:36:07,25892,0
20210502,1038,73,851,210,3,21,15:36:23,26202,0
20210502,1038,73,845,1,3,22,15:37:29,26952,0
20210502,1038,73,839,211,3,22,15:37:35,27033,0
20210502,1038,73,20,116,3,22,15:37:40,26620,0
20210502,1038,73,841,50,3,22,15:37:41,26729,0
20210502,1038,73,453,210,3,24,15:40:23,26172,0
20210502,1038,73,848,3,3,24,15:40:50,26595,0
20210502,1038,73,843,6,3,25,15:41:44,27082,0
20210502,1038,73,846,3,3,28,15:46:30,26843,0
20210502,1038,73,852,208,3,31,15:50:54,27186,0
20210502,1038,73,853,208,3,32,15:52:09,27245,0
20210502,1038,73,830,9,3,35,15:55:06,26743,0
20210502,1038,73,822,130,3,36,15:56:27,26938,0
20210502,1038,73,1,130,3,37,15:57:46,26907,0
20210502,1038,73,840,116,3,39,16:01:22,26027,0
20210502,1038,73,4,211,3,40,16:02:37,26442,0
20210502,1038,73,817,1,3,41,16:03:56,28639,0
20210502,1038,73,852,208,4,43,16:08:31,26984,0
20210502,1038,73,815,9,3,51,16:17:18,26607,0
20210502,1038,73,822,130,4,63,16:33:39,26573,0
20210502,1038,73,830,9,4,64,16:34:55,26319,0
20210509,1039,4,841,50,1,8,15:15:06,54673,0
20210509,1039,4,846,3,1,9,15:17:07,23814,0
20210509,1039,4,848,3,1,9,15:17:10,26672,0
20210509,1039,4,453,210,1,18,15:30:37,28042,0
20210509,1039,4,4,211,1,21,15:34:51,22043,0
20210509,1039,4,20,116,1,21,15:34:52,23087,0
20210509,1039,4,832,6,1,22,15:36:10,21779,0
20210509,1039,4,840,116,1,22,15:36:15,21756,0
20210509,1039,4,852,208,1,22,15:36:40,23098,0
20210509,1039,4,822,130,1,23,15:37:18,22311,0
20210509,1039,4,839,211,1,23,15:37:33,22798,0
20210509,1039,4,845,1,1,23,15:37:35,21864,0
20210509,1039,4,853,208,1,23,15:37:59,24006,0
20210509,1039,4,830,9,1,24,15:38:32,23565,0
20210509,1039,4,817,1,1,25,15:40:16,22406,0
20210509,1039,4,815,9,1,27,15:43:06,22382,0
20210509,1039,4,848,3,2,27,15:43:32,21424,0
20210509,1039,4,1,130,1,28,15:44:07,22220,0
20210509,1039,4,843,6,1,28,15:44:20,21613,0
20210509,1039,4,846,3,2,28,15:44:52,21919,0
20210509,1039,4,8,50,1,37,15:57:41,21572,0
20210509,1039,4,20,116,2,38,15:59:08,21973,0
20210509,1039,4,840,116,2,39,16:00:28,21432,0
20210509,1039,4,841,50,2,39,16:00:52,22871,0
20210509,1039,4,1,130,2,42,16:03:32,22078,0
20210509,1039,4,852,208,2,42,16:05:36,22502,0
20210509,1039,4,817,1,2,46,16:09:49,21762,0
20210509,1039,4,832,6,2,46,16:09:50,21856,0
20210509,1039,4,453,210,2,47,16:11:47,26065,0
20210509,1039,4,848,3,3,50,16:16:19,22405,0
20210509,1039,4,853,208,2,50,16:16:33,22310,0
20210509,1039,4,845,1,2,51,16:17:08,22467,0
20210509,1039,4,822,130,2,53,16:18:52,21638,0
20210509,1039,4,815,9,2,57,16:24:55,21345,0
20210509,1039,4,843,6,2,58,16:26:05,22292,0
20210509,1039,4,830,9,2,60,16:28:18,21592,0
20210509,1039,4,4,211,2,61,16:31:41,23479,0
20210523,1040,6,1,130,1,29,15:40:07,23783,0
20210523,1040,6,845,1,1,30,15:41:20,23874,0
20210523,1040,6,453,210,1,30,15:41:23,24428,0
20210523,1040,6,20,116,1,31,15:42:42,24369,0
20210523,1040,6,846,3,1,31,15:43:46,23928,0
20210523,1040,6,832,6,1,32,15:43:47,24150,0
20210523,1040,6,841,50,1,33,15:45:42,24521,0
20210523,1040,6,830,9,1,34,15:46:10,23746,0
20210523,1040,6,815,9,1,35,15:47:44,24548,0
20210523,1040,6,852,208,1,34,15:48:25,25202,0
20210523,1040,6,817,1,1,36,15:49:52,24715,0
20210523,1040,6,839,211,1,37,15:50:48,23935,0
20210523,1040,6,853,208,1,37,15:52:43,24797,0
20210523,1040,6,8,50,1,43,15:58:41,24077,0
20210523,1040,6,848,3,1,43,15:59:23,23703,0
20210523,1040,6,4,211,1,45,16:01:34,23803,0
20210523,1040,6,840,116,1,58,16:17:28,23474,0
20210523,1040,6,851,210,1,64,16:26:09,24430,0
20210523,1040,6,1,130,2,67,16:28:48,24244,0
20210606,1041,72,846,3,1,1,16:06:06,19970,0
20210606,1041,72,841,50,1,2,16:07:56,20402,0
20210606,1041,72,4,211,1,7,16:16:54,20168,0
20210606,1041,72,845,1,1,7,16:16:56,20533,0
20210606,1041,72,853,208,1,8,16:19:00,22440,0
20210606,1041,72,843,6,1,9,16:20:20,19836,0
20210606,1041,72,851,210,1,9,16:20:28,20253,0
20210606,1041,72,848,3,1,9,16:20:47,22149,0
20210606,1041,72,852,208,1,9,16:20:57,21759,0
20210606,1041,72,832,6,1,10,16:22:11,20064,0
20210606,1041,72,1,130,1,11,16:23:50,22470,0
20210606,1041,72,453,210,1,11,16:23:55,20156,0
20210606,1041,72,822,130,1,11,16:24:08,20356,0
20210606,1041,72,817,1,1,11,16:24:12,20082,0
20210606,1041,72,830,9,1,12,16:25:37,19769,0
20210606,1041,72,815,9,1,13,16:27:25,21874,0
20210606,1041,72,8,50,1,13,16:27:59,20048,0
20210606,1041,72,20,116,1,18,16:36:33,19841,0
20210606,1041,72,4,211,2,34,17:09:13,19983,0
20210606,1041,72,841,50,2,34,17:09:14,20193,0
20210606,1041,72,846,3,2,34,17:09:15,20029,0
20210606,1041,72,853,208,2,34,17:09:16,69761,1
20210606,1041,72,852,208,2,34,17:11:01,21958,0
20210606,1041,72,853,208,3,44,17:28:35,21587,0
20210606,1041,72,852,208,3,44,17:29:37,24780,0
20210606,1041,72,815,9,2,47,17:33:39,15277,0
20210606,1041,72,1,130,2,47,17:33:39,15432,0
20210606,1041,72,20,116,2,47,17:33:42,14945,0
20210606,1041,72,453,210,2,47,17:33:45,15085,0
20210606,1041,72,843,6,2,47,17:33:48,15092,0
20210606,1041,72,851,210,2,47,17:33:50,14943,0
20210606,1041,72,845,1,2,47,17:33:53,15866,0
20210606,1041,72,832,6,2,47,17:33:56,15119,0
20210606,1041,72,817,1,2,47,17:34:01,14994,0
20210606,1041,72,4,211,3,47,17:34:03,15432,0
20210606,1041,72,8,50,2,47,17:34:05,15064,0
20210606,1041,72,841,50,3,47,17:34:07,14881,0
20210606,1041,72,822,130,2,47,17:34:08,21346,0
20210606,1041,72,846,3,3,47,17:34:08,21438,0
20210606,1041,72,852,208,4,46,17:34:18,15054,0
20210606,1041,72,853,208,4,47,17:35:06,15058,0
20210606,1041,72,815,9,3,48,17:36:45,1998466,1
20210606,1041,72,1,130,3,48,17:36:47,2000923,1
20210606,1041,72,20,116,3,48,17:36:49,2000416,1
20210606,1041,72,453,210,3,48,17:36:52,2001830,1
20210606,1041,72,843,6,3,48,17:36:53,2002544,1
20210606,1041,72,851,210,3,48,17:36:55,2003526,1
20210606,1041,72,845,1,3,48,17:36:57,2010409,1
20210606,1041,72,832,6,3,48,17:36:58,2012724,1
20210606,1041,72,817,1,3,48,17:37:00,2015163,1
20210606,1041,72,4,211,4,48,17:37:04,2014526,1
20210606,1041,72,8,50,3,48,17:37:06,2016437,1
20210606,1041,72,841,50,4,48,17:37:08,2017324,1
20210606,1041,72,848,3,2,48,17:37:10,2048175,1
20210606,1041,72,822,130,3,48,17:37:13,2035229,1
20210606,1041,72,846,3,4,48,17:37:18,2036172,1
20210606,1041,72,852,208,5,47,17:37:20,1828965,1
20210606,1041,72,853,208,5,48,17:37:47,2014176,1
20210606,1041,72,852,208,6,48,18:09:58,86440,1
20210620,1042,34,843,6,1,14,15:26:59,30798,0
20210620,1042,34,851,210,1,15,15:28:52,30226,0
20210620,1042,34,853,208,1,15,15:29:09,31457,0
20210620,1042,34,817,1,1,16,15:30:21,29951,0
20210620,1042,34,822,130,1,17,15:31:34,30572,0
20210620,1042,34,832,6,1,17,15:32:00,30534,0
20210620,1042,34,453,210,1,17,15:32:01,30781,0
20210620,1042,34,846,3,1,17,15:32:17,30092,0
20210620,1042,34,830,9,1,18,15:33:10,29803,0
20210620,1042,34,4,211,1,18,15:33:49,31288,0
20210620,1042,34,848,3,1,18,15:34:01,29775,0
20210620,1042,34,1,130,1,19,15:34:46,30263,0
20210620,1042,34,815,9,1,24,15:43:14,29682,0
20210620,1042,34,845,1,1,24,15:43:44,30531,0
20210620,1042,34,839,211,1,28,15:50:47,30207,0
20210620,1042,34,841,50,1,28,15:50:48,30586,0
20210620,1042,34,852,208,1,31,15:56:17,30983,0
20210620,1042,34,830,9,2,32,15:56:20,30123,0
20210620,1042,34,8,50,1,33,15:59:18,31327,0
20210620,1042,34,840,116,1,34,16:00:37,30996,0
20210620,1042,34,20,116,1,37,16:05:29,31069,0
20210620,1042,34,843,6,2,38,16:07:29,31368,0
20210627,1043,70,843,6,1,1,15:04:22,28386,0
20210627,1043,70,848,3,1,1,15:04:58,26419,0
20210627,1043,70,852,208,1,21,15:28:40,22759,0
20210627,1043,70,841,50,1,23,15:30:50,21210,0
20210627,1043,70,846,3,1,25,15:33:03,37309,0
20210627,1043,70,815,9,1,26,15:33:46,23477,0
20210627,1043,70,848,3,2,25,15:34:10,21953,0
20210627,1043,70,851,210,1,26,15:34:15,21234,0
20210627,1043,70,846,3,2,26,15:34:49,46315,0
20210627,1043,70,822,130,1,27,15:34:56,21752,0
20210627,1043,70,4,211,1,27,15:35:25,21131,0
20210627,1043,70,20,116,1,27,15:35:28,21546,0
20210627,1043,70,1,130,1,28,15:35:48,21219,0
20210627,1043,70,840,116,1,28,15:36:35,20936,0
20210627,1043,70,830,9,1,29,15:36:53,20936,0
20210627,1043,70,845,1,1,31,15:39:53,21692,0
20210627,1043,70,853,208,1,33,15:43:09,22400,0
20210627,1043,70,8,50,1,36,15:46:10,21227,0
20210627,1043,70,839,211,1,36,15:46:14,21238,0
20210627,1043,70,843,6,2,37,15:47:22,21924,0
20210627,1043,70,832,6,1,41,15:51:48,21226,0
20210627,1043,70,817,1,1,41,15:52:04,21410,0
20210627,1043,70,815,9,2,54,16:06:26,20961,0
20210627,1043,70,1,130,2,69,16:23:22,21640,0
20210704,1044,70,841,50,1,1,15:04:39,21129,0
20210704,1044,70,851,210,1,12,15:18:55,21145,0
20210704,1044,70,453,210,1,13,15:20:04,22564,0
20210704,1044,70,840,116,1,14,15:21:20,21391,0
20210704,1044,70,20,116,1,17,15:24:54,21086,0
20210704,1044,70,852,208,1,27,15:37:15,22000,0
20210704,1044,70,817,1,1,29,15:38:55,21151,0
20210704,1044,70,841,50,2,29,15:39:18,27122,0
20210704,1044,70,845,1,1,30,15:39:39,26474,0
20210704,1044,70,822,130,1,30,15:39:41,21071,0
20210704,1044,70,846,3,1,30,15:40:16,21606,0
20210704,1044,70,1,130,1,31,15:40:45,21005,0
20210704,1044,70,830,9,1,32,15:41:42,21090,0
20210704,1044,70,815,9,1,32,15:42:28,21735,0
20210704,1044,70,4,211,1,32,15:42:41,22663,0
20210704,1044,70,848,3,1,33,15:44:01,21152,0
20210704,1044,70,843,6,1,34,15:44:47,21143,0
20210704,1044,70,853,208,1,34,15:45:26,21798,0
20210704,1044,70,8,50,1,37,15:48:30,21896,0
20210704,1044,70,453,210,2,45,15:57:48,20850,0
20210704,1044,70,852,208,2,45,15:58:58,23182,0
20210704,1044,70,840,116,2,46,15:59:19,21472,0
20210704,1044,70,832,6,1,48,16:01:07,21431,0
20210704,1044,70,20,116,2,49,16:02:39,20841,0
20210704,1044,70,851,210,2,51,16:04:57,26604,0
20210704,1044,70,1,130,2,53,16:06:32,21421,0
20210704,1044,70,830,9,2,60,16:14:03,21236,0
20210718,1045,9,843,6,1,2,15:07:57,2047731,1
20210718,1045,9,1,130,1,2,15:08:00,2048376,1
20210718,1045,9,822,130,1,2,15:08:02,2049149,1
20210718,1045,9,845,1,1,2,15:08:03,2052218,1
20210718,1045,9,817,1,1,2,15:08:05,2051281,1
20210718,1045,9,20,116,1,2,15:08:08,2055222,1
20210718,1045,9,4,211,1,2,15:08:10,2058580,1
20210718,1045,9,832,6,1,2,15:08:12,2059122,1
20210718,1045,9,8,50,1,2,15:08:14,2062984,1
20210718,1045,9,839,211,1,2,15:08:16,2066994,1
20210718,1045,9,840,116,1,2,15:08:18,2067861,1
20210718,1045,9,453,210,1,2,15:08:21,2067244,1
20210718,1045,9,841,50,1,2,15:08:22,2070250,1
20210718,1045,9,846,3,1,2,15:08:25,2072543,1
20210718,1045,9,851,210,1,2,15:08:28,2075695,1
20210718,1045,9,853,208,1,2,15:08:30,2075728,1
20210718,1045,9,848,3,1,2,15:08:32,2077164,1
20210718,1045,9,852,208,1,2,15:08:35,2076977,1
20210718,1045,9,815,9,1,2,15:08:37,2076405,1
20210718,1045,9,8,50,2,18,16:09:59,28110,0
20210718,1045,9,815,9,2,18,16:10:00,27892,0
20210718,1045,9,846,3,2,18,16:10:03,27812,0
20210718,1045,9,20,116,2,18,16:10:08,28145,0
20210718,1045,9,839,211,2,19,16:11:30,28772,0
20210718,1045,9,848,3,2,19,16:11:41,27543,0
20210718,1045,9,817,1,2,20,16:12:48,28817,0
20210718,1045,9,845,1,2,21,16:14:08,31706,0
20210718,1045,9,822,130,2,22,16:15:42,28209,0
20210718,1045,9,840,116,2,23,16:17:39,28213,0
20210718,1045,9,841,50,2,23,16:17:51,28137,0
20210718,1045,9,4,211,2,24,16:19:10,29743,0
20210718,1045,9,853,208,2,24,16:20:00,29319,0
20210718,1045,9,852,208,2,25,16:21:37,29253,0
20210718,1045,9,1,130,2,27,16:23:17,40266,0
20210718,1045,9,832,6,2,28,16:25:06,37509,0
20210718,1045,9,453,210,2,28,16:25:29,28685,0
20210718,1045,9,843,6,2,29,16:26:18,28433,0
20210718,1045,9,851,210,2,30,16:28:42,29134,0
20210718,1045,9,815,9,3,38,16:41:17,27848,0
20210718,1045,9,453,210,3,46,16:53:40,28180,0
20210718,1045,9,815,9,4,48,16:56:54,29082,0
20210801,1046,11,830,9,1,1,15:05:21,22569,0
20210801,1046,11,852,208,1,1,15:05:28,23715,0
20210801,1046,11,845,1,1,1,15:05:33,38267,0
20210801,1046,11,841,50,1,1,15:05:53,26573,0
20210801,1046,11,1,130,1,2,15:07:57,1449259,1
20210801,1046,11,839,211,1,2,15:07:59,1450190,1
20210801,1046,11,20,116,1,2,15:08:02,1451890,1
20210801,1046,11,832,6,1,2,15:08:04,1452527,1
20210801,1046,11,851,210,1,2,15:08:08,1453630,1
20210801,1046,11,848,3,1,2,15:08:10,1454435,1
20210801,1046,11,4,211,1,2,15:08:13,1454979,1
20210801,1046,11,846,3,1,2,15:08:17,1457487,1
20210801,1046,11,8,50,1,2,15:08:20,1457844,1
20210801,1046,11,853,208,1,2,15:08:22,1457042,1
20210801,1046,11,453,210,1,2,15:08:25,1457615,1
20210801,1046,11,817,1,1,2,15:08:28,1457127,1
20210801,1046,11,830,9,2,2,15:08:31,1456349,1
20210801,1046,11,852,208,2,2,15:08:34,1457420,1
20210801,1046,11,841,50,2,2,15:08:38,1456349,1
20210801,1046,11,839,211,2,3,15:34:31,39522,0
20210801,1046,11,20,116,2,3,15:34:31,40882,0
20210801,1046,11,832,6,2,3,15:34:32,42786,0
20210801,1046,11,851,210,2,3,15:34:33,40740,0
20210801,1046,11,848,3,2,3,15:34:34,39081,0
20210801,1046,11,4,211,2,3,15:34:40,37122,0
20210801,1046,11,846,3,2,3,15:34:41,29374,0
20210801,1046,11,8,50,2,3,15:34:41,35451,0
20210801,1046,11,853,208,2,3,15:34:42,36813,0
20210801,1046,11,453,210,2,3,15:34:43,39839,0
20210801,1046,11,817,1,2,3,15:34:43,34492,0
20210801,1046,11,830,9,3,3,15:34:44,35245,0
20210801,1046,11,841,50,3,3,15:34:48,36899,0
20210801,1046,11,1,130,2,4,15:36:34,21731,0
20210801,1046,11,841,50,4,11,15:46:53,29191,0
20210801,1046,11,8,50,3,15,15:52:26,36457,0
20210801,1046,11,1,130,3,19,15:58:08,21516,0
20210801,1046,11,817,1,3,20,15:59:29,21623,0
20210801,1046,11,830,9,4,20,15:59:31,21047,0
20210801,1046,11,846,3,3,21,16:00:52,22186,0
20210801,1046,11,851,210,3,22,16:02:06,21819,0
20210801,1046,11,848,3,3,23,16:03:29,22704,0
20210801,1046,11,453,210,3,30,16:13:24,21295,0
20210801,1046,11,832,6,3,32,16:15:52,21951,0
20210801,1046,11,841,50,5,33,16:18:12,21874,0
20210801,1046,11,853,208,3,34,16:19:34,22113,0
20210801,1046,11,20,116,3,36,16:21:14,22703,0
20210801,1046,11,839,211,3,37,16:22:34,21642,0
20210801,1046,11,4,211,3,39,16:25:35,21523,0
20210801,1046,11,830,9,5,40,16:27:50,20848,0
20210801,1046,11,1,130,4,47,16:36:41,21208,0
20210801,1046,11,8,50,4,53,16:45:57,21172,0
20210801,1046,11,453,210,4,68,17:05:56,21543,0
20210905,1048,39,853,208,1,4,15:08:42,35573,0
20210905,1048,39,815,9,1,8,15:13:52,19287,0
20210905,1048,39,20,116,1,10,15:16:24,18664,0
20210905,1048,39,1,130,1,20,15:28:18,19770,0
20210905,1048,39,830,9,1,21,15:29:30,19142,0
20210905,1048,39,848,3,1,23,15:33:19,20646,0
20210905,1048,39,453,210,1,24,15:33:50,19163,0
20210905,1048,39,841,50,1,27,15:38:13,19049,0
20210905,1048,39,846,3,1,27,15:38:14,18634,0
20210905,1048,39,840,116,1,27,15:38:17,19389,0
20210905,1048,39,817,1,1,30,15:42:01,19449,0
20210905,1048,39,822,130,1,31,15:42:24,18873,0
20210905,1048,39,832,6,1,31,15:42:58,20327,0
20210905,1048,39,839,211,1,31,15:43:12,19240,0
20210905,1048,39,851,210,1,31,15:43:30,19850,0
20210905,1048,39,853,208,2,30,15:43:39,24578,0
20210905,1048,39,4,211,1,33,15:45:41,19018,0
20210905,1048,39,841,50,2,33,15:46:17,20043,0
20210905,1048,39,852,208,1,33,15:46:35,19999,0
20210905,1048,39,843,6,1,34,15:46:39,19490,0
20210905,1048,39,1,130,2,39,15:52:19,18868,0
20210905,1048,39,830,9,2,40,15:53:30,18578,0
20210905,1048,39,9,50,1,40,15:55:29,19708,0
20210905,1048,39,845,1,1,42,15:57:26,20443,0
20210905,1048,39,20,116,2,44,16:00:37,18681,0
20210905,1048,39,815,9,2,47,16:03:51,18555,0
20210905,1048,39,822,130,2,67,16:27:35,21730,0
20210905,1048,39,1,130,3,70,16:30:49,19202,0
20210905,1048,39,846,3,2,68,16:30:57,25533,0
20210912,1049,14,841,50,1,1,15:05:21,37190,0
20210912,1049,14,817,1,1,22,15:35:18,23812,0
20210912,1049,14,20,116,1,22,15:35:56,25157,0
20210912,1049,14,830,9,1,23,15:36:46,32456,0
20210912,1049,14,848,3,1,23,15:37:22,24168,0
20210912,1049,14,853,208,1,23,15:37:49,24714,0
20210912,1049,14,845,1,1,24,15:38:19,24168,0
20210912,1049,14,852,208,1,24,15:39:22,24928,0
20210912,1049,14,1,130,1,25,15:39:44,25619,0
20210912,1049,14,840,116,1,25,15:40:09,24846,0
20210912,1049,14,4,211,1,25,15:40:14,24797,0
20210912,1049,14,841,50,2,25,15:40:55,30551,0
20210912,1049,14,843,6,1,26,15:41:30,24557,0
20210912,1049,14,815,9,1,26,15:41:34,23906,0
20210912,1049,14,832,6,1,26,15:41:48,24283,0
20210912,1049,14,822,130,1,26,15:41:50,24308,0
20210912,1049,14,839,211,1,26,15:42:10,30333,0
20210912,1049,14,846,3,1,26,15:42:13,24156,0
20210912,1049,14,9,50,1,26,15:42:21,24501,0
20210912,1049,14,20,116,2,26,15:42:41,25927,0
20210912,1049,14,852,208,2,28,15:47:13,24806,0
20210912,1049,14,852,208,3,39,16:05:25,30917,0
20210926,1050,71,840,116,1,12,15:24:13,30241,0
20210926,1050,71,846,3,1,13,15:25:55,30665,0
20210926,1050,71,848,3,1,13,15:26:27,30056,0
20210926,1050,71,851,210,1,13,15:26:28,30112,0
20210926,1050,71,832,6,1,14,15:27:33,30715,0
20210926,1050,71,852,208,1,14,15:28:09,30127,0
20210926,1050,71,839,211,1,15,15:29:27,29901,0
20210926,1050,71,8,50,1,15,15:29:28,30102,0
20210926,1050,71,853,208,1,20,15:38:36,29996,0
20210926,1050,71,817,1,1,22,15:41:11,33617,0
20210926,1050,71,1,130,1,26,15:47:52,29878,0
20210926,1050,71,830,9,1,26,15:47:58,29578,0
20210926,1050,71,20,116,1,26,15:48:09,29242,0
20210926,1050,71,845,1,1,28,15:51:03,29824,0
20210926,1050,71,822,130,1,28,15:51:35,29936,0
20210926,1050,71,453,210,1,33,16:00:00,29354,0
20210926,1050,71,843,6,1,35,16:03:07,31849,0
20210926,1050,71,815,9,1,36,16:04:32,36026,0
20210926,1050,71,4,211,1,36,16:04:40,30157,0
20210926,1050,71,841,50,1,36,16:05:27,30081,0
20210926,1050,71,846,3,2,47,16:23:56,32081,0
20210926,1050,71,822,130,2,47,16:23:58,29569,0
20210926,1050,71,8,50,2,47,16:23:59,30131,0
20210926,1050,71,852,208,2,46,16:24:05,33931,0
20210926,1050,71,851,210,2,47,16:24:44,30980,0
20210926,1050,71,830,9,2,48,16:25:32,31017,0
20210926,1050,71,832,6,2,48,16:25:33,30677,0
20210926,1050,71,817,1,2,48,16:25:35,31016,0
20210926,1050,71,840,116,2,48,16:26:01,43124,0
20210926,1050,71,1,130,2,49,16:26:32,30045,0
20210926,1050,71,851,210,3,49,16:29:31,30972,0
20210926,1050,71,4,211,2,50,16:29:34,30702,0
20210926,1050,71,815,9,2,50,16:29:36,32313,0
20210926,1050,71,20,116,2,50,16:30:10,32128,0
20210926,1050,71,453,210,2,50,16:30:49,31915,0
20210926,1050,71,839,211,2,50,16:30:58,33264,0
20210926,1050,71,841,50,2,50,16:31:14,33961,0
20210926,1050,71,845,1,2,51,16:31:33,32670,0
20210926,1050,71,843,6,2,51,16:32:51,32648,0
20211010,1051,5,817,1,1,21,15:37:18,23028,0
20211010,1051,5,4,211,1,30,15:51:43,29116,0
20211010,1051,5,845,1,1,34,15:57:20,23239,0
20211010,1051,5,848,3,1,34,15:58:22,24104,0
20211010,1051,5,851,210,1,35,15:59:39,23329,0
20211010,1051,5,846,3,1,35,15:59:42,23551,0
20211010,1051,5,830,9,1,36,15:59:52,22442,0
20211010,1051,5,832,6,1,36,16:00:33,28353,0
20211010,1051,5,852,208,1,35,16:00:40,23829,0
20211010,1051,5,20,116,1,36,16:00:56,23500,0
20211010,1051,5,822,130,1,37,16:01:20,22962,0
20211010,1051,5,815,9,1,37,16:01:47,22463,0
20211010,1051,5,8,50,1,37,16:02:50,23164,0
20211010,1051,5,20,116,2,37,16:03:36,23514,0
20211010,1051,5,453,210,1,39,16:05:01,29310,0
20211010,1051,5,840,116,1,39,16:05:17,35509,0
20211010,1051,5,853,208,1,39,16:07:05,23892,0
20211010,1051,5,841,50,1,40,16:07:22,23150,0
20211010,1051,5,843,6,1,47,16:17:27,23646,0
20211010,1051,5,1,130,1,50,16:22:19,22684,0
20211024,1052,69,852,208,1,1,14:05:35,30673,0
20211024,1052,69,839,211,1,3,14:09:03,40800,0
20211024,1052,69,848,3,1,5,14:12:39,32610,0
20211024,1052,69,4,211,1,7,14:16:03,23576,0
20211024,1052,69,841,50,1,8,14:17:44,23993,0
20211024,1052,69,851,210,1,9,14:19:23,23802,0
20211024,1052,69,846,3,1,9,14:19:32,23572,0
20211024,1052,69,830,9,1,10,14:20:36,23727,0
20211024,1052,69,845,1,1,10,14:21:01,24385,0
20211024,1052,69,453,210,1,10,14:21:07,23745,0
20211024,1052,69,817,1,1,11,14:22:38,24176,0
20211024,1052,69,832,6,1,11,14:22:41,23414,0
20211024,1052,69,853,208,1,11,14:23:10,24293,0
20211024,1052,69,815,9,1,12,14:24:06,25018,0
20211024,1052,69,843,6,1,12,14:24:15,24011,0
20211024,1052,69,8,50,1,12,14:24:38,24191,0
20211024,1052,69,1,130,1,13,14:25:41,24481,0
20211024,1052,69,822,130,1,15,14:29:44,24444,0
20211024,1052,69,20,116,1,17,14:33:24,24977,0
20211024,1052,69,840,116,1,18,14:35:13,23827,0
20211024,1052,69,852,208,2,24,14:46:40,24611,0
20211024,1052,69,848,3,2,25,14:47:47,23653,0
20211024,1052,69,839,211,2,25,14:47:50,23919,0
20211024,1052,69,841,50,2,26,14:49:12,23502,0
20211024,1052,69,4,211,2,28,14:52:44,23844,0
20211024,1052,69,830,9,2,29,14:52:59,24052,0
20211024,1052,69,832,6,2,29,14:53:43,26866,0
20211024,1052,69,815,9,2,30,14:55:02,23604,0
20211024,1052,69,817,1,2,30,14:55:23,24036,0
20211024,1052,69,845,1,2,30,14:55:31,25548,0
20211024,1052,69,8,50,2,31,14:57:43,24090,0
20211024,1052,69,846,3,2,31,14:58:07,24980,0
20211024,1052,69,843,6,2,32,14:58:34,23805,0
20211024,1052,69,851,210,2,32,14:59:23,23529,0
20211024,1052,69,822,130,2,34,15:02:17,23619,0
20211024,1052,69,840,116,2,34,15:03:12,23455,0
20211024,1052,69,853,208,2,34,15:03:41,24247,0
20211024,1052,69,1,130,2,37,15:06:30,23676,0
20211024,1052,69,20,116,2,38,15:09:49,23849,0
20211024,1052,69,852,208,3,37,15:09:52,24169,0
20211024,1052,69,4,211,3,39,15:11:40,23314,0
20211107,1053,32,817,1,1,1,13:05:11,38128,0
20211107,1053,32,822,130,1,1,13:05:16,22463,0
20211107,1053,32,848,3,1,11,13:21:22,23681,0
20211107,1053,32,840,116,1,12,13:22:45,23586,0
20211107,1053,32,852,208,1,13,13:24:11,25094,0
20211107,1053,32,839,211,1,14,13:25:30,23100,0
20211107,1053,32,846,3,1,15,13:26:51,21984,0
20211107,1053,32,841,50,1,16,13:28:00,22205,0
20211107,1053,32,1,130,1,29,13:45:17,22373,0
20211107,1053,32,843,6,1,30,13:47:01,22085,0
20211107,1053,32,453,210,1,31,13:48:20,22549,0
20211107,1053,32,8,50,1,32,13:50:02,22424,0
20211107,1053,32,830,9,1,33,13:50:33,21908,0
20211107,1053,32,20,116,1,33,13:51:22,22277,0
20211107,1053,32,840,116,2,34,13:53:37,26056,0
20211107,1053,32,817,1,2,38,13:58:47,22813,0
20211107,1053,32,4,211,1,39,13:59:43,23985,0
20211107,1053,32,815,9,1,40,14:00:14,22114,0
20211107,1053,32,822,130,2,40,14:01:30,31664,0
20211107,1053,32,832,6,1,42,14:03:25,22031,0
20211107,1053,32,845,1,1,44,14:06:38,22534,0
20211107,1053,32,848,3,2,49,14:14:59,22739,0
20211107,1053,32,852,208,2,58,14:28:22,23637,0
20211107,1053,32,822,130,3,63,14:33:17,22680,0
20211107,1053,32,822,130,4,67,14:39:06,26443,0
20211114,1054,18,845,1,1,1,14:04:50,27313,0
20211114,1054,18,851,210,1,4,14:08:22,31939,0
20211114,1054,18,846,3,1,6,14:11:08,22978,0
20211114,1054,18,851,210,2,6,14:11:57,17758,0
20211114,1054,18,845,1,2,6,14:12:08,17719,0
20211114,1054,18,830,9,1,7,14:12:32,17916,0
20211114,1054,18,815,9,1,7,14:12:34,18308,0
20211114,1054,18,1,130,1,7,14:12:37,17910,0
20211114,1054,18,822,130,1,7,14:12:38,17899,0
20211114,1054,18,843,6,1,7,14:12:40,17943,0
20211114,1054,18,832,6,1,7,14:12:42,18460,0
20211114,1054,18,20,116,1,7,14:12:43,18107,0
20211114,1054,18,453,210,1,7,14:12:45,19439,0
20211114,1054,18,839,211,1,7,14:12:46,19285,0
20211114,1054,18,817,1,1,7,14:12:47,19732,0
20211114,1054,18,4,211,1,7,14:12:52,17751,0
20211114,1054,18,840,116,1,7,14:12:53,17948,0
20211114,1054,18,841,50,1,7,14:12:55,17713,0
20211114,1054,18,852,208,1,7,14:12:56,17995,0
20211114,1054,18,853,208,1,7,14:12:57,17861,0
20211114,1054,18,848,3,1,7,14:12:59,18153,0
20211114,1054,18,8,50,1,7,14:13:01,18327,0
20211114,1054,18,846,3,2,7,14:13:02,20844,0
20211114,1054,18,851,210,3,7,14:13:33,17711,0
20211114,1054,18,845,1,3,7,14:13:44,17673,0
20211114,1054,18,830,9,2,8,14:14:46,17807,0
20211114,1054,18,815,9,2,8,14:14:48,18136,0
20211114,1054,18,1,130,2,8,14:14:49,18660,0
20211114,1054,18,822,130,2,8,14:14:50,17837,0
20211114,1054,18,843,6,2,8,14:14:52,17771,0
20211114,1054,18,832,6,2,8,14:14:54,18373,0
20211114,1054,18,20,116,2,8,14:14:57,17896,0
20211114,1054,18,453,210,2,8,14:14:58,18608,0
20211114,1054,18,839,211,2,8,14:15:00,17818,0
20211114,1054,18,817,1,2,8,14:15:01,18347,0
20211114,1054,18,4,211,2,8,14:15:04,17705,0
20211114,1054,18,840,116,2,8,14:15:06,17935,0
20211114,1054,18,841,50,2,8,14:15:07,17929,0
20211114,1054,18,852,208,2,8,14:15:10,18467,0
20211114,1054,18,853,208,2,8,14:15:11,18588,0
20211114,1054,18,848,3,2,8,14:15:12,18784,0
20211114,1054,18,8,50,2,8,14:15:15,18763,0
20211114,1054,18,846,3,3,8,14:15:17,18179,0
20211114,1054,18,851,210,4,8,14:15:18,18499,0
20211114,1054,18,845,1,4,8,14:15:20,19176,0
20211114,1054,18,853,208,3,11,14:20:29,41173,0
20211114,1054,18,848,3,3,13,14:23:27,22936,0
20211114,1054,18,840,116,3,22,14:34:51,24997,0
20211114,1054,18,453,210,3,25,14:38:27,23116,0
20211114,1054,18,1,130,3,26,14:39:27,22690,0
20211114,1054,18,832,6,3,26,14:39:40,23321,0
20211114,1054,18,830,9,3,27,14:40:38,22722,0
20211114,1054,18,843,6,3,27,14:40:53,22667,0
20211114,1054,18,815,9,3,28,14:42:01,23165,0
20211114,1054,18,20,116,3,28,14:42:22,24464,0
20211114,1054,18,8,50,3,28,14:42:38,23541,0
20211114,1054,18,841,50,3,29,14:43:50,23618,0
20211114,1054,18,822,130,3,30,14:44:40,23263,0
20211114,1054,18,853,208,4,29,14:44:54,25597,0
20211114,1054,18,817,1,3,30,14:44:58,22839,0
20211114,1054,18,839,211,3,30,14:45:08,23504,0
20211114,1054,18,4,211,3,34,14:50:16,24375,0
20211114,1054,18,852,208,3,34,14:50:55,23546,0
20211114,1054,18,845,1,5,37,14:54:11,24211,0
20211114,1054,18,851,210,5,39,14:56:53,35416,0
20211114,1054,18,848,3,4,39,14:57:10,22958,0
20211114,1054,18,830,9,4,40,14:57:11,22766,0
20211114,1054,18,822,130,4,41,14:58:30,22856,0
20211114,1054,18,846,3,4,41,14:59:33,23132,0
20211114,1054,18,815,9,4,42,14:59:48,22656,0
20211114,1054,18,841,50,4,42,15:00:49,22830,0
20211114,1054,18,1,130,4,43,15:00:52,22664,0
20211114,1054,18,453,210,4,51,15:11:27,23039,0
20211114,1054,18,843,6,4,52,15:12:32,23064,0
20211114,1054,18,8,50,4,52,15:13:19,22666,0
20211114,1054,18,832,6,4,53,15:13:50,22745,0
20211114,1054,18,20,116,4,55,15:16:50,22978,0
20211114,1054,18,853,208,5,61,15:26:09,24627,0
20211114,1054,18,815,9,5,69,15:33:06,22916,0
20211121,1055,76,851,210,1,9,17:17:42,25659,0
20211121,1055,76,8,50,1,10,17:19:14,26174,0
20211121,1055,76,453,210,1,13,17:23:37,25630,0
20211121,1055,76,841,50,1,15,17:26:54,25987,0
20211121,1055,76,830,9,1,17,17:29:03,25300,0
20211121,1055,76,846,3,1,17,17:30:00,26121,0
20211121,1055,76,1,130,1,18,17:30:21,25235,0
20211121,1055,76,848,3,1,18,17:31:31,25811,0
20211121,1055,76,815,9,1,19,17:32:28,25419,0
20211121,1055,76,853,208,1,22,17:37:38,25881,0
20211121,1055,76,4,211,1,23,17:38:20,25991,0
20211121,1055,76,840,116,1,23,17:38:40,26157,0
20211121,1055,76,839,211,1,24,17:40:07,25517,0
20211121,1055,76,845,1,1,25,17:41:32,25319,0
20211121,1055,76,817,1,1,26,17:43:19,25562,0
20211121,1055,76,20,116,1,26,17:43:20,25726,0
20211121,1055,76,832,6,1,27,17:44:36,25639,0
20211121,1055,76,843,6,1,27,17:44:46,25799,0
20211121,1055,76,8,50,2,30,17:49:40,25633,0
20211121,1055,76,852,208,1,31,17:51:36,26515,0
20211121,1055,76,841,50,2,32,17:52:43,25347,0
20211121,1055,76,822,130,1,33,17:53:44,36341,0
20211121,1055,76,851,210,2,34,17:55:29,26674,0
20211121,1055,76,453,210,2,35,17:56:42,26109,0
20211121,1055,76,830,9,2,41,18:04:20,25175,0
20211121,1055,76,815,9,2,41,18:05:15,25420,0
20211121,1055,76,1,130,2,42,18:05:37,25381,0
20211121,1055,76,845,1,2,49,18:17:08,26552,0
20211121,1055,76,846,3,2,49,18:18:36,35006,0
20211121,1055,76,830,9,3,55,18:24:59,25465,0
20211205,1056,75,840,116,1,9,20:48:30,27165,0
20211205,1056,75,846,3,1,9,20:48:32,20519,0
20211205,1056,75,1,130,1,10,20:49:49,20580,0
20211205,1056,75,822,130,1,10,20:49:57,21668,0
20211205,1056,75,843,6,1,10,20:50:01,20531,0
20211205,1056,75,815,9,1,10,20:50:04,20710,0
20211205,1056,75,845,1,1,10,20:50:14,20973,0
20211205,1056,75,4,211,1,10,20:50:27,20405,0
20211205,1056,75,848,3,1,10,20:50:43,24220,0
20211205,1056,75,830,9,1,13,20:58:28,996375,1
20211205,1056,75,1,130,2,13,20:58:32,995856,1
20211205,1056,75,822,130,2,13,20:58:35,995942,1
20211205,1056,75,839,211,1,13,20:58:37,997126,1
20211205,1056,75,817,1,1,13,20:58:41,997029,1
20211205,1056,75,843,6,2,13,20:58:42,999485,1
20211205,1056,75,453,210,1,13,20:58:44,1001775,1
20211205,1056,75,815,9,2,13,20:58:46,1002619,1
20211205,1056,75,832,6,1,13,20:58:47,1004618,1
20211205,1056,75,841,50,1,13,20:58:49,1004917,1
20211205,1056,75,851,210,1,13,20:58:51,1006407,1
20211205,1056,75,8,50,1,13,20:58:54,1008569,1
20211205,1056,75,20,116,1,13,20:58:56,1012304,1
20211205,1056,75,845,1,2,13,20:58:57,1017303,1
20211205,1056,75,4,211,2,13,20:59:01,1019850,1
20211205,1056,75,852,208,1,13,20:59:05,1019226,1
20211205,1056,75,846,3,2,13,20:59:08,1021615,1
20211205,1056,75,840,116,2,13,20:59:12,1020939,1
20211205,1056,75,848,3,2,13,20:59:20,1017257,1
20211205,1056,75,830,9,2,15,21:21:56,1087591,1
20211205,1056,75,839,211,2,15,21:21:58,1088290,1
20211205,1056,75,1,130,3,15,21:22:02,1086674,1
20211205,1056,75,817,1,2,15,21:22:05,1087296,1
20211205,1056,75,822,130,3,15,21:22:07,1089473,1
20211205,1056,75,453,210,2,15,21:22:09,1092287,1
20211205,1056,75,843,6,3,15,21:22:10,1095192,1
20211205,1056,75,841,50,2,15,21:22:14,1094749,1
20211205,1056,75,832,6,2,15,21:22:15,1097194,1
20211205,1056,75,20,116,2,15,21:22:20,1098749,1
20211205,1056,75,8,50,2,15,21:22:24,1099282,1
20211205,1056,75,851,210,2,15,21:22:26,1100644,1
20211205,1056,75,4,211,3,15,21:22:31,1101826,1
20211205,1056,75,840,116,3,15,21:22:33,1102979,1
20211205,1056,75,848,3,3,15,21:22:34,1107052,1
20211205,1056,75,845,1,3,15,21:22:36,1116576,1
20211205,1056,75,851,210,3,23,21:57:04,27874,0
20211205,1056,75,8,50,3,26,22:01:34,34489,0
20211205,1056,75,4,211,4,44,22:32:14,21097,0
20211212,1057,24,853,208,1,10,17:18:55,22124,0
20211212,1057,24,830,9,1,13,17:22:42,21152,0
20211212,1057,24,1,130,1,14,17:24:04,21595,0
20211212,1057,24,843,6,1,15,17:26:08,22461,0
20211212,1057,24,839,211,1,15,17:26:13,21677,0
20211212,1057,24,845,1,1,17,17:29:04,21380,0
20211212,1057,24,841,50,1,17,17:29:20,22283,0
20211212,1057,24,817,1,1,18,17:30:47,21449,0
20211212,1057,24,832,6,1,19,17:31:59,22213,0
20211212,1057,24,815,9,1,21,17:34:55,21471,0
20211212,1057,24,840,116,1,21,17:35:25,22288,0
20211212,1057,24,8,50,1,21,17:35:29,22338,0
20211212,1057,24,851,210,1,23,17:38:05,22455,0
20211212,1057,24,20,116,1,23,17:38:23,21221,0
20211212,1057,24,848,3,1,28,17:46:18,21241,0
20211212,1057,24,822,130,1,30,17:48:30,21669,0
20211212,1057,24,843,6,2,35,17:56:24,21173,0
20211212,1057,24,830,9,2,36,17:57:06,21871,0
20211212,1057,24,815,9,2,36,17:57:40,21413,0
20211212,1057,24,4,211,1,36,17:58:06,21304,0
20211212,1057,24,453,210,1,36,17:58:06,22133,0
20211212,1057,24,845,1,2,48,18:16:06,22173,0
20211212,1057,24,830,9,3,53,18:22:37,21453,0
20211212,1057,24,817,1,2,52,18:22:38,22056,0
20211212,1057,24,840,116,2,52,18:22:55,22661,0
20211212,1057,24,815,9,3,53,18:23:09,21385,0
20211212,1057,24,853,208,2,52,18:23:42,22070,0
20211212,1057,24,851,210,2,53,18:24:01,21909,0
20211212,1057,24,453,210,2,54,18:25:56,21920,0
20190728,1008,10,1,130,3,29,16:07:32,69022,1
20220320,1058,3,1,130,1,11,18:21:54,25201,0
20220320,1058,3,4,211,1,11,18:22:10,25365,0
20220320,1058,3,853,208,1,12,18:24:08,25214,0
20220320,1058,3,847,3,1,13,18:25:47,24874,0
20220320,1058,3,830,9,1,14,18:26:43,24897,0
20220320,1058,3,832,6,1,14,18:26:50,24666,0
20220320,1058,3,825,208,1,14,18:27:07,25478,0
20220320,1058,3,453,210,1,14,18:27:08,24575,0
20220320,1058,3,839,211,1,14,18:27:11,30484,0
20220320,1058,3,822,50,1,14,18:27:19,25893,0
20220320,1058,3,848,3,1,14,18:27:38,24457,0
20220320,1058,3,843,6,1,15,18:28:19,25012,0
20220320,1058,3,815,9,1,15,18:28:32,25046,0
20220320,1058,3,846,130,1,15,18:28:38,25888,0
20220320,1058,3,851,210,1,15,18:28:57,26095,0
20220320,1058,3,854,50,1,15,18:29:03,25428,0
20220320,1058,3,817,1,1,17,18:32:46,24915,0
20220320,1058,3,840,116,1,18,18:34:18,25739,0
20220320,1058,3,808,116,1,19,18:36:11,27365,0
20220320,1058,3,845,1,1,24,18:44:41,24568,0
20220320,1058,3,4,211,2,25,18:45:53,24909,0
20220320,1058,3,1,130,2,27,18:48:44,25796,0
20220320,1058,3,851,210,2,29,18:52:37,24350,0
20220320,1058,3,830,9,2,30,18:53:16,24937,0
20220320,1058,3,839,211,2,30,18:54:12,25393,0
20220320,1058,3,843,6,2,31,18:54:52,24527,0
20220320,1058,3,453,210,2,32,18:57:23,25875,0
20220320,1058,3,848,3,2,32,18:58:19,24778,0
20220320,1058,3,832,6,2,33,18:58:21,24438,0
20220320,1058,3,815,9,2,33,18:58:23,24173,0
20220320,1058,3,846,130,2,33,18:58:45,25334,0
20220320,1058,3,817,1,2,33,18:59:53,24885,0
20220320,1058,3,825,208,2,34,19:00:39,25876,0
20220320,1058,3,853,208,2,35,19:02:58,25586,0
20220320,1058,3,847,3,2,35,19:03:09,25570,0
20220320,1058,3,822,50,2,36,19:04:16,25156,0
20220320,1058,3,854,50,2,37,19:06:00,25291,0
20220320,1058,3,808,116,2,37,19:06:47,26712,0
20220320,1058,3,840,116,2,38,19:08:04,26957,0
20220320,1058,3,845,1,2,41,19:13:23,27367,0
20220320,1058,3,4,211,3,42,19:14:26,24508,0
20220320,1058,3,830,9,3,43,19:14:40,24402,0
20220320,1058,3,815,9,3,43,19:14:56,24947,0
20220320,1058,3,839,211,3,43,19:15:58,24233,0
20220320,1058,3,832,6,3,44,19:16:30,24287,0
20220320,1058,3,1,130,3,44,19:16:52,25579,0
20220320,1058,3,851,210,3,44,19:17:39,24188,0
20220320,1058,3,817,1,3,44,19:18:41,25139,0
20220320,1058,3,846,130,3,45,19:18:53,25574,0
20220320,1058,3,808,116,3,44,19:18:58,25748,0
20220320,1058,3,822,50,3,45,19:19:39,25188,0
20220320,1058,3,854,50,3,45,19:19:45,28647,0
20220320,1058,3,843,6,3,46,19:19:53,24613,0
20220320,1058,3,840,116,3,45,19:20:32,25039,0
20220320,1058,3,845,1,3,45,19:20:59,24975,0
20220320,1058,3,848,3,3,45,19:21:07,24658,0
20220320,1058,3,825,208,3,46,19:21:29,26051,0
20220320,1058,3,847,3,3,46,19:22:54,25055,0
20220327,1059,75,817,1,1,8,20:16:37,20650,0
20220327,1059,75,840,116,1,13,20:24:49,22339,0
20220327,1059,75,847,3,1,13,20:24:54,20683,0
20220327,1059,75,815,9,1,15,20:27:12,20481,0
20220327,1059,75,453,210,1,15,20:27:52,22820,0
20220327,1059,75,843,6,1,16,20:28:55,21038,0
20220327,1059,75,830,9,1,16,20:28:58,20731,0
20220327,1059,75,832,6,1,16,20:29:04,21521,0
20220327,1059,75,846,130,1,16,20:29:21,21415,0
20220327,1059,75,4,211,1,16,20:29:40,21543,0
20220327,1059,75,822,50,1,16,20:29:43,22561,0
20220327,1059,75,839,211,1,16,20:29:50,21141,0
20220327,1059,75,845,1,1,16,20:29:54,20383,0
20220327,1059,75,854,50,1,16,20:29:56,33734,0
20220327,1059,75,854,50,2,27,20:51:18,15103,0
20220327,1059,75,822,50,2,35,21:03:48,22710,0
20220327,1059,75,825,208,1,37,21:06:57,22374,0
20220327,1059,75,808,116,1,37,21:07:16,21425,0
20220327,1059,75,1,130,1,40,21:12:59,21788,0
20220410,1060,1,840,116,1,3,15:08:15,18242,0
20220410,1060,1,840,116,2,4,15:10:29,18560,0
20220410,1060,1,848,3,1,13,15:25:03,18552,0
20220410,1060,1,853,208,1,14,15:26:23,19039,0
20220410,1060,1,839,211,1,17,15:30:30,19128,0
20220410,1060,1,830,9,1,18,15:31:37,18281,0
20220410,1060,1,851,210,1,18,15:32:02,18443,0
20220410,1060,1,815,9,1,20,15:34:33,17434,0
20220410,1060,1,845,1,1,20,15:34:40,17556,0
20220410,1060,1,817,1,1,21,15:36:06,18150,0
20220410,1060,1,453,210,1,21,15:36:15,18926,0
20220410,1060,1,854,50,1,21,15:36:22,18380,0
20220410,1060,1,843,6,1,22,15:37:04,17973,0
20220410,1060,1,1,130,1,22,15:37:22,17877,0
20220410,1060,1,822,50,1,22,15:37:40,18413,0
20220410,1060,1,846,130,1,23,15:38:51,18479,0
20220410,1060,1,840,116,3,23,15:39:30,20402,0
20220410,1060,1,848,3,2,23,15:40:00,17936,0
20220410,1060,1,4,211,1,39,16:05:24,18796,0
20220410,1060,1,825,208,1,39,16:05:30,19111,0
20220410,1060,1,4,211,2,53,16:25:28,18394,0
20220410,1060,1,847,3,1,57,16:30:33,19845,0
20220424,1061,21,817,1,1,2,15:07:48,32362,0
20220424,1061,21,817,1,2,16,15:31:14,30422,0
20220424,1061,21,20,116,1,17,15:32:26,30484,0
20220424,1061,21,453,210,1,17,15:32:38,30405,0
20220424,1061,21,847,3,1,17,15:32:41,30793,0
20220424,1061,21,815,9,1,18,15:33:26,30366,0
20220424,1061,21,846,130,1,18,15:33:46,31079,0
20220424,1061,21,822,50,1,18,15:33:47,40957,0
20220424,1061,21,825,208,1,18,15:33:56,33765,0
20220424,1061,21,851,210,1,18,15:34:06,30372,0
20220424,1061,21,840,116,1,18,15:34:06,32667,0
20220424,1061,21,1,130,1,18,15:34:07,32740,0
20220424,1061,21,839,211,1,18,15:34:08,31409,0
20220424,1061,21,848,3,1,18,15:34:17,31125,0
20220424,1061,21,854,50,1,18,15:34:18,32203,0
20220424,1061,21,853,208,1,18,15:34:18,31320,0
20220424,1061,21,830,9,1,19,15:34:49,30001,0
20220424,1061,21,843,6,1,19,15:34:56,31794,0
20220424,1061,21,845,1,1,19,15:35:07,30070,0
20220424,1061,21,817,1,3,30,15:51:37,30155,0
20220424,1061,21,843,6,2,49,16:16:19,30042,0
20220424,1061,21,815,9,2,50,16:17:38,29627,0
20220424,1061,21,830,9,2,51,16:18:44,29942,0
20220424,1061,21,853,208,2,52,16:22:04,30984,0
20220424,1061,21,843,6,3,53,16:22:17,36560,0
20220508,1062,77,851,210,1,11,15:51:11,18870,0
20220508,1062,77,825,208,1,12,15:52:43,19760,0
20220508,1062,77,853,208,1,14,15:55:54,20413,0
20220508,1062,77,4,211,1,15,15:57:23,21638,0
20220508,1062,77,453,210,1,16,15:58:56,19543,0
20220508,1062,77,847,3,1,16,15:59:11,20059,0
20220508,1062,77,845,1,1,18,16:02:13,19986,0
20220508,1062,77,1,130,1,22,16:08:23,18820,0
20220508,1062,77,843,6,1,24,16:11:03,19697,0
20220508,1062,77,830,9,1,26,16:14:04,18798,0
20220508,1062,77,822,50,1,26,16:14:35,19614,0
20220508,1062,77,832,6,1,27,16:15:51,22063,0
20220508,1062,77,815,9,1,27,16:16:00,18519,0
20220508,1062,77,817,1,1,30,16:21:25,19484,0
20220508,1062,77,848,3,1,34,16:28:20,19185,0
20220508,1062,77,846,130,1,40,16:36:53,19035,0
20220508,1062,77,840,116,1,40,16:37:28,19074,0
20220508,1062,77,453,210,2,40,16:37:43,19007,0
20220508,1062,77,815,9,2,41,16:38:38,18433,0
20220508,1062,77,839,211,1,41,16:39:21,19019,0
20220508,1062,77,20,116,1,41,16:39:42,19861,0
20220508,1062,77,817,1,2,41,16:39:49,19280,0
20220508,1062,77,851,210,2,41,16:40:43,19618,0
20220508,1062,77,825,208,2,42,16:41:34,20673,0
20220508,1062,77,853,208,2,54,17:03:43,32381,0
20220522,1063,4,1,130,1,1,15:05:05,31054,0
20220522,1063,4,825,208,1,1,15:05:25,29632,0
20220522,1063,4,832,6,1,10,15:18:23,22341,0
20220522,1063,4,4,211,1,10,15:18:24,22375,0
20220522,1063,4,453,210,1,10,15:18:27,22008,0
20220522,1063,4,854,50,1,10,15:18:29,23109,0
20220522,1063,4,851,210,1,11,15:19:52,23083,0
20220522,1063,4,817,1,1,11,15:19:54,22124,0
20220522,1063,4,847,3,1,11,15:20:05,23419,0
20220522,1063,4,845,1,1,12,15:21:18,21916,0
20220522,1063,4,853,208,1,12,15:21:23,23582,0
20220522,1063,4,848,3,1,12,15:21:38,23189,0
20220522,1063,4,846,130,1,13,15:22:29,22154,0
20220522,1063,4,830,9,1,13,15:22:30,22173,0
20220522,1063,4,839,211,1,13,15:22:43,22137,0
20220522,1063,4,822,50,1,14,15:24:08,22987,0
20220522,1063,4,840,116,1,14,15:24:34,22833,0
20220522,1063,4,815,9,1,17,15:28:29,22032,0
20220522,1063,4,843,6,1,21,15:34:08,21794,0
20220522,1063,4,20,116,1,21,15:35:06,22536,0
20220522,1063,4,1,130,2,22,15:36:50,22105,0
20220522,1063,4,847,3,2,25,15:41:42,22657,0
20220522,1063,4,848,3,2,26,15:43:09,22311,0
20220522,1063,4,840,116,2,27,15:44:33,23394,0
20220522,1063,4,830,9,2,28,15:44:56,21966,0
20220522,1063,4,453,210,2,29,15:47:23,27947,0
20220522,1063,4,825,208,2,29,15:47:59,23878,0
20220522,1063,4,853,208,2,30,15:48:45,23127,0
20220522,1063,4,832,6,2,31,15:49:46,21867,0
20220522,1063,4,4,211,2,31,15:50:10,21914,0
20220522,1063,4,817,1,2,31,15:50:18,22399,0
20220522,1063,4,851,210,2,32,15:51:35,22802,0
20220522,1063,4,845,1,2,33,15:52:58,23341,0
20220522,1063,4,822,50,2,34,15:54:04,22541,0
20220522,1063,4,839,211,2,35,15:55:53,22953,0
20220522,1063,4,846,130,2,36,15:56:49,22039,0
20220522,1063,4,815,9,2,37,15:58:12,21619,0
20220522,1063,4,20,116,2,42,16:06:42,22456,0
20220522,1063,4,830,9,3,44,16:08:25,21941,0
20220522,1063,4,832,6,3,45,16:10:31,22302,0
20220522,1063,4,847,3,3,45,16:12:16,23328,0
20220522,1063,4,453,210,3,46,16:13:00,21838,0
20220522,1063,4,840,116,3,46,16:13:18,23812,0
20220522,1063,4,1,130,3,48,16:15:01,22241,0
20220522,1063,4,817,1,3,48,16:15:50,22154,0
20220522,1063,4,846,130,3,51,16:19:02,22815,0
20220522,1063,4,848,3,3,50,16:19:30,22761,0
20220522,1063,4,845,1,3,51,16:19:48,22165,0
20220522,1063,4,839,211,3,52,16:21:10,22033,0
20220522,1063,4,851,210,3,52,16:21:27,22316,0
20220522,1063,4,815,9,3,53,16:21:47,21694,0
20220522,1063,4,4,211,3,53,16:22:49,25407,0
20220522,1063,4,847,3,4,54,16:26:07,23404,0
20220529,1064,6,840,116,1,1,16:07:59,26731,0
20220529,1064,6,848,3,1,1,16:08:10,36773,0
20220529,1064,6,453,210,1,2,16:10:02,35486,0
20220529,1064,6,840,116,2,2,16:10:09,32750,0
20220529,1064,6,848,3,2,2,16:10:20,36351,0
20220529,1064,6,853,208,1,4,16:13:36,27637,0
20220529,1064,6,20,116,1,6,16:16:58,24965,0
20220529,1064,6,851,210,1,6,16:17:00,25068,0
20220529,1064,6,1,130,1,15,16:31:22,24796,0
20220529,1064,6,815,9,1,16,16:32:29,24409,0
20220529,1064,6,845,1,1,17,16:34:17,24872,0
20220529,1064,6,853,208,2,17,16:35:15,36854,0
20220529,1064,6,843,6,1,18,16:35:26,25710,0
20220529,1064,6,830,9,1,18,16:35:33,27009,0
20220529,1064,6,847,3,1,18,16:36:49,27231,0
20220529,1064,6,817,1,1,19,16:38:22,26056,0
20220529,1064,6,854,50,1,19,16:38:23,25594,0
20220529,1064,6,848,3,3,19,16:38:26,26910,0
20220529,1064,6,822,50,1,20,16:39:34,25865,0
20220529,1064,6,832,6,1,21,16:40:05,24666,0
20220529,1064,6,843,6,2,21,16:40:08,28034,0
20220529,1064,6,846,130,1,21,16:40:29,25352,0
20220529,1064,6,4,211,1,21,16:40:33,24526,0
20220529,1064,6,839,211,1,21,16:40:50,24875,0
20220529,1064,6,851,210,2,21,16:41:30,26021,0
20220529,1064,6,815,9,2,22,16:41:35,24536,0
20220529,1064,6,830,9,2,22,16:41:38,26930,0
20220529,1064,6,845,1,2,22,16:41:58,24760,0
20220529,1064,6,1,130,2,22,16:42:19,24507,0
20220529,1064,6,453,210,2,22,16:42:42,28770,0
20220529,1064,6,847,3,2,22,16:43:36,31518,0
20220529,1064,6,20,116,2,23,16:44:09,25133,0
20220529,1064,6,840,116,3,24,16:45:45,25650,0
20220529,1064,6,815,9,3,30,16:55:41,1172062,1
20220529,1064,6,832,6,2,30,16:55:42,1174793,1
20220529,1064,6,830,9,3,30,16:55:43,1175575,1
20220529,1064,6,840,116,4,29,16:55:46,1174965,1
20220529,1064,6,843,6,3,30,16:55:47,1176822,1
20220529,1064,6,851,210,3,29,16:55:51,1174444,1
20220529,1064,6,854,50,2,29,16:55:52,1174235,1
20220529,1064,6,846,130,2,30,16:55:54,1177545,1
20220529,1064,6,845,1,3,30,16:55:56,1183029,1
20220529,1064,6,848,3,4,29,16:55:58,1181839,1
20220529,1064,6,4,211,2,30,16:56:01,1182058,1
20220529,1064,6,1,130,3,30,16:56:02,1186281,1
20220529,1064,6,847,3,3,29,16:56:04,1185676,1
20220529,1064,6,839,211,2,30,16:56:06,1186485,1
20220529,1064,6,822,50,2,30,16:56:07,1186699,1
20220529,1064,6,20,116,3,30,16:56:28,1169495,1
20220529,1064,6,453,210,3,30,16:56:31,1169460,1
20220529,1064,6,817,1,2,30,16:56:33,1168673,1
20220529,1064,6,845,1,4,51,17:44:43,24607,0
20220529,1064,6,851,210,4,56,17:52:23,25266,0
20220612,1065,72,848,3,1,3,15:09:50,29395,0
20220612,1065,72,843,6,1,9,15:20:26,23212,0
20220612,1065,72,846,130,1,9,15:20:43,20538,0
20220612,1065,72,453,210,1,9,15:20:49,22698,0
20220612,1065,72,1,130,1,9,15:20:54,21470,0
20220612,1065,72,20,116,1,9,15:20:55,20249,0
20220612,1065,72,851,210,1,9,15:20:57,23083,0
20220612,1065,72,854,50,1,9,15:21:08,23001,0
20220612,1065,72,825,208,1,9,15:21:11,21555,0
20220612,1065,72,847,3,1,9,15:21:16,25577,0
20220612,1065,72,853,208,1,9,15:21:23,26973,0
20220612,1065,72,815,9,1,16,15:33:43,23379,0
20220612,1065,72,848,3,2,17,15:37:03,22069,0
20220612,1065,72,830,9,1,18,15:37:17,21468,0
20220612,1065,72,4,211,1,18,15:37:59,20571,0
20220612,1065,72,845,1,1,20,15:41:42,21443,0
20220612,1065,72,853,208,2,23,15:47:51,22231,0
20220612,1065,72,847,3,2,29,15:58:39,21540,0
20220612,1065,72,840,116,1,30,16:00:30,22059,0
20220612,1065,72,830,9,2,33,16:04:40,20722,0
20220612,1065,72,815,9,2,33,16:04:56,22349,0
20220612,1065,72,846,130,2,33,16:05:19,20527,0
20220612,1065,72,1,130,2,33,16:05:49,20831,0
20220612,1065,72,817,1,1,33,16:06:02,21794,0
20220612,1065,72,839,211,1,33,16:06:22,22638,0
20220612,1065,72,822,50,1,33,16:06:34,20979,0
20220612,1065,72,851,210,2,38,16:15:56,41500,0
20220619,1066,7,20,116,1,5,14:10:02,23406,0
20220619,1066,7,453,210,1,5,14:10:04,23557,0
20220619,1066,7,825,208,1,7,14:12:33,38262,0
20220619,1066,7,830,9,1,9,14:15:15,24217,0
20220619,1066,7,1,130,1,9,14:15:24,23845,0
20220619,1066,7,851,210,1,9,14:15:50,23248,0
20220619,1066,7,848,3,1,9,14:15:59,24020,0
20220619,1066,7,847,3,1,18,14:28:07,23804,0
20220619,1066,7,846,130,1,19,14:29:03,23951,0
20220619,1066,7,839,211,1,19,14:29:16,25684,0
20220619,1066,7,854,50,1,19,14:29:24,24281,0
20220619,1066,7,817,1,1,19,14:29:26,27937,0
20220619,1066,7,845,1,1,19,14:29:34,43032,0
20220619,1066,7,20,116,2,19,14:29:44,23681,0
20220619,1066,7,832,6,1,20,14:30:33,24215,0
20220619,1066,7,4,211,1,28,14:41:26,23779,0
20220619,1066,7,453,210,2,36,14:52:35,23613,0
20220619,1066,7,848,3,2,37,14:54:22,30034,0
20220619,1066,7,843,6,1,41,14:58:44,26199,0
20220619,1066,7,830,9,2,43,15:00:29,23704,0
20220619,1066,7,845,1,2,42,15:00:41,24134,0
20220619,1066,7,1,130,2,44,15:02:06,23841,0
20220619,1066,7,846,130,2,45,15:03:30,24069,0
20220619,1066,7,840,116,1,47,15:06:55,25252,0
20220619,1066,7,851,210,2,47,15:07:00,23450,0
20220619,1066,7,832,6,2,49,15:08:24,24881,0
20220619,1066,7,847,3,2,48,15:08:45,23530,0
20220619,1066,7,839,211,2,49,15:09:34,23945,0
20220619,1066,7,4,211,2,49,15:09:42,25139,0
20220619,1066,7,822,50,1,49,15:09:50,26089,0
20220619,1066,7,854,50,2,49,15:10:04,23980,0
20220619,1066,7,817,1,2,49,15:10:08,24833,0
20220703,1067,9,830,9,1,1,15:05:31,3037323,1
20220703,1067,9,832,6,1,1,15:05:33,3031752,1
20220703,1067,9,1,130,1,1,15:05:36,3046888,1
20220703,1067,9,843,6,1,1,15:05:37,3036360,1
20220703,1067,9,4,211,1,1,15:05:41,3055700,1
20220703,1067,9,815,9,1,1,15:05:43,3034772,1
20220703,1067,9,845,1,1,1,15:05:46,3043215,1
20220703,1067,9,848,3,1,1,15:05:48,3051904,1
20220703,1067,9,822,50,1,1,15:05:50,3055732,1
20220703,1067,9,817,1,1,1,15:05:52,3063314,1
20220703,1067,9,453,210,1,1,15:05:55,3048950,1
20220703,1067,9,825,208,1,1,15:05:57,3063613,1
20220703,1067,9,20,116,1,1,15:06:00,3067301,1
20220703,1067,9,840,116,1,1,15:06:02,3069017,1
20220703,1067,9,853,208,1,1,15:06:04,3065174,1
20220703,1067,9,851,210,1,1,15:06:40,3011861,1
20220703,1067,9,839,211,1,1,15:07:49,2950760,1
20220703,1067,9,815,9,2,5,16:04:31,37302,0
20220703,1067,9,20,116,2,6,16:06:13,29846,0
20220703,1067,9,830,9,2,12,16:15:21,29395,0
20220703,1067,9,840,116,2,15,16:20:37,28632,0
20220703,1067,9,453,210,2,16,16:22:13,29632,0
20220703,1067,9,851,210,2,18,16:25:31,34759,0
20220703,1067,9,848,3,2,19,16:26:52,28829,0
20220703,1067,9,853,208,2,19,16:26:53,29147,0
20220703,1067,9,832,6,2,20,16:27:47,28574,0
20220703,1067,9,817,1,2,20,16:28:29,30262,0
20220703,1067,9,839,211,2,22,16:31:35,30342,0
20220703,1067,9,825,208,2,22,16:31:40,29473,0
20220703,1067,9,830,9,3,23,16:33:05,29296,0
20220703,1067,9,843,6,2,25,16:35:33,28805,0
20220703,1067,9,817,1,3,32,16:47:52,30599,0
20220703,1067,9,1,130,2,33,16:47:54,29837,0
20220703,1067,9,4,211,2,33,16:48:31,28733,0
20220703,1067,9,845,1,2,34,16:50:02,28947,0
20220703,1067,9,832,6,3,39,16:57:33,28435,0
20220703,1067,9,1,130,3,39,16:57:35,28996,0
20220703,1067,9,817,1,4,38,16:57:44,29345,0
20220703,1067,9,815,9,3,39,16:58:08,28155,0
20220703,1067,9,851,210,3,38,16:58:09,29448,0
20220703,1067,9,4,211,3,39,16:58:32,28841,0
20220703,1067,9,20,116,3,39,16:59:03,28540,0
20220703,1067,9,830,9,4,39,16:59:10,28709,0
20220703,1067,9,853,208,3,39,16:59:12,30832,0
20220703,1067,9,848,3,3,39,16:59:24,28438,0
20220703,1067,9,845,1,3,40,17:00:36,28659,0
20220703,1067,9,840,116,3,40,17:01:33,29780,0
20220710,1068,70,815,9,1,1,15:05:03,23681,0
20220710,1068,70,822,50,1,6,15:10:38,24677,0
20220710,1068,70,846,130,1,11,15:16:24,38201,0
20220710,1068,70,847,3,1,11,15:16:33,22301,0
20220710,1068,70,817,1,1,12,15:17:44,21356,0
20220710,1068,70,453,210,1,12,15:17:45,22724,0
20220710,1068,70,848,3,1,12,15:17:50,21722,0
20220710,1068,70,830,9,1,13,15:18:34,22022,0
20220710,1068,70,845,1,1,14,15:20:05,22684,0
20220710,1068,70,825,208,1,15,15:21:15,22205,0
20220710,1068,70,839,211,1,16,15:22:24,21755,0
20220710,1068,70,853,208,1,16,15:22:28,22120,0
20220710,1068,70,20,116,1,20,15:27:30,22112,0
20220710,1068,70,854,50,1,24,15:32:20,22704,0
20220710,1068,70,843,6,1,26,15:33:54,21532,0
20220710,1068,70,851,210,1,26,15:34:42,21749,0
20220710,1068,70,832,6,1,27,15:35:10,21212,0
20220710,1068,70,4,211,1,27,15:35:56,21552,0
20220710,1068,70,1,130,1,28,15:36:38,23026,0
20220710,1068,70,840,116,1,29,15:38:12,21431,0
20220710,1068,70,848,3,2,35,15:45:51,21206,0
20220710,1068,70,830,9,2,36,15:45:57,21444,0
20220710,1068,70,822,50,2,39,15:50:27,22278,0
20220710,1068,70,846,130,2,40,15:51:25,21731,0
20220710,1068,70,453,210,2,40,15:51:40,27610,0
20220710,1068,70,825,208,2,41,15:52:37,22088,0
20220710,1068,70,847,3,2,41,15:52:47,22122,0
20220710,1068,70,853,208,2,43,15:54:56,22880,0
20220710,1068,70,845,1,2,43,15:55:00,27324,0
20220710,1068,70,839,211,2,44,15:56:05,22109,0
20220710,1068,70,817,1,2,44,15:56:18,21889,0
20220710,1068,70,20,116,2,44,15:56:41,21583,0
20220710,1068,70,854,50,2,46,15:58:57,28860,0
20220710,1068,70,851,210,2,46,15:58:59,21519,0
20220710,1068,70,843,6,2,49,16:01:09,21319,0
20220710,1068,70,840,116,2,48,16:01:18,21952,0
20220710,1068,70,832,6,2,50,16:02:23,21492,0
20220710,1068,70,1,130,2,51,16:04:01,22697,0
20220710,1068,70,4,211,2,57,16:11:50,21827,0
20220710,1068,70,843,6,3,58,16:12:03,21650,0
20220710,1068,70,830,9,3,58,16:12:09,21319,0
20220710,1068,70,4,211,3,58,16:13:43,24252,0
20220724,1069,34,825,208,1,8,15:17:07,36779,0
20220724,1069,34,853,208,1,9,15:18:50,36704,0
20220724,1069,34,854,50,1,9,15:18:55,36444,0
20220724,1069,34,851,210,1,11,15:22:23,37648,0
20220724,1069,34,830,9,1,16,15:29:58,35266,0
20220724,1069,34,1,130,1,18,15:33:29,37189,0
20220724,1069,34,815,9,1,18,15:33:34,38061,0
20220724,1069,34,846,130,1,18,15:33:35,38277,0
20220724,1069,34,4,211,1,18,15:33:47,36524,0
20220724,1069,34,845,1,1,18,15:33:55,37539,0
20220724,1069,34,839,211,1,18,15:34:00,44747,0
20220724,1069,34,832,6,1,18,15:34:02,41458,0
20220724,1069,34,817,1,1,18,15:34:05,36264,0
20220724,1069,34,840,116,1,18,15:34:07,39844,0
20220724,1069,34,847,3,1,18,15:34:13,37380,0
20220724,1069,34,453,210,1,18,15:34:17,35969,0
20220724,1069,34,822,50,1,18,15:34:25,37855,0
20220724,1069,34,825,208,2,18,15:34:37,36403,0
20220724,1069,34,853,208,2,18,15:34:48,37003,0
20220724,1069,34,20,116,1,19,15:36:34,36671,0
20220724,1069,34,848,3,1,19,15:36:38,37497,0
20220724,1069,34,854,50,2,22,15:42:44,50790,0
20220724,1069,34,822,50,2,36,16:05:53,36520,0
20220724,1069,34,848,3,2,38,16:09:37,36942,0
20220724,1069,34,832,6,2,42,16:15:12,42292,0
20220731,1070,11,847,3,1,2,15:06:40,31224,0
20220731,1070,11,825,208,1,6,15:12:24,29641,0
20220731,1070,11,851,210,1,13,15:22:33,21577,0
20220731,1070,11,845,1,1,14,15:23:43,23567,0
20220731,1070,11,840,116,1,14,15:23:56,21779,0
20220731,1070,11,817,1,1,15,15:25:20,21558,0
20220731,1070,11,20,116,1,15,15:25:23,21402,0
20220731,1070,11,846,130,1,16,15:26:14,22763,0
20220731,1070,11,830,9,1,16,15:26:25,21351,0
20220731,1070,11,453,210,1,16,15:26:55,21675,0
20220731,1070,11,832,6,1,17,15:27:39,22820,0
20220731,1070,11,815,9,1,18,15:29:20,21118,0
20220731,1070,11,848,3,1,18,15:29:51,21865,0
20220731,1070,11,1,130,1,19,15:30:39,21699,0
20220731,1070,11,843,6,1,21,15:33:16,21775,0
20220731,1070,11,4,211,1,21,15:33:45,22083,0
20220731,1070,11,853,208,1,21,15:33:58,22953,0
20220731,1070,11,847,3,2,21,15:34:22,21816,0
20220731,1070,11,839,211,1,23,15:36:35,23581,0
20220731,1070,11,822,50,1,26,15:41:08,22272,0
20220731,1070,11,854,50,1,27,15:42:36,22321,0
20220731,1070,11,851,210,2,33,15:51:30,22016,0
20220731,1070,11,825,208,2,35,15:54:34,23210,0
20220731,1070,11,830,9,2,38,15:57:25,21228,0
20220731,1070,11,843,6,2,39,15:58:41,21972,0
20220731,1070,11,846,130,2,39,15:58:47,21743,0
20220731,1070,11,848,3,2,39,16:00:11,22452,0
20220731,1070,11,847,3,3,40,16:01:49,24298,0
20220731,1070,11,853,208,2,41,16:03:01,22566,0
20220731,1070,11,815,9,2,42,16:03:23,21167,0
20220731,1070,11,845,1,2,42,16:03:39,21855,0
20220731,1070,11,817,1,2,46,16:09:35,21521,0
20220731,1070,11,840,116,2,46,16:09:36,21615,0
20220731,1070,11,20,116,2,46,16:09:42,25030,0
20220731,1070,11,453,210,2,46,16:09:48,21489,0
20220731,1070,11,832,6,2,47,16:10:02,23456,0
20220731,1070,11,1,130,2,51,16:15:42,22095,0
20220731,1070,11,854,50,2,51,16:17:20,28218,0
20220731,1070,11,851,210,3,51,16:17:46,22128,0
20220731,1070,11,843,6,3,54,16:20:03,21544,0
20220731,1070,11,848,3,3,56,16:24:42,28777,0
20220731,1070,11,825,208,3,67,16:40:35,23147,0
20220828,1071,13,843,6,1,3,15:11:12,24198,0
20220828,1071,13,848,3,1,3,15:11:25,35825,0
20220828,1071,13,847,3,1,10,15:25:41,23334,0
20220828,1071,13,453,210,1,10,15:25:49,22857,0
20220828,1071,13,832,6,1,11,15:27:20,22543,0
20220828,1071,13,4,211,1,11,15:27:31,22641,0
20220828,1071,13,825,208,1,11,15:27:45,26815,0
20220828,1071,13,817,1,1,12,15:29:33,23085,0
20220828,1071,13,839,211,1,12,15:29:35,23511,0
20220828,1071,13,846,130,1,13,15:31:15,22825,0
20220828,1071,13,845,1,1,13,15:31:34,23036,0
20220828,1071,13,815,9,1,14,15:33:07,22349,0
20220828,1071,13,20,116,1,14,15:33:20,23222,0
20220828,1071,13,854,50,1,14,15:33:31,23744,0
20220828,1071,13,853,208,1,14,15:33:42,24158,0
20220828,1071,13,830,9,1,15,15:34:57,22882,0
20220828,1071,13,840,116,1,15,15:35:24,23555,0
20220828,1071,13,848,3,2,15,15:35:37,24168,0
20220828,1071,13,851,210,1,18,15:41:15,30055,0
20220828,1071,13,453,210,2,22,15:49:05,22542,0
20220828,1071,13,832,6,2,25,15:54:09,22750,0
20220828,1071,13,843,6,2,25,15:54:29,23189,0
20220828,1071,13,4,211,2,25,15:54:38,23954,0
20220828,1071,13,847,3,2,26,15:56:46,24415,0
20220828,1071,13,840,116,2,26,15:56:48,23349,0
20220828,1071,13,815,9,2,27,15:57:52,22650,0
20220828,1071,13,825,208,2,27,15:58:52,23396,0
20220828,1071,13,854,50,2,28,16:00:41,23364,0
20220828,1071,13,846,130,2,29,16:01:48,22977,0
20220828,1071,13,845,1,2,29,16:02:33,23560,0
20220828,1071,13,830,9,2,30,16:03:17,22322,0
20220828,1071,13,851,210,2,30,16:04:30,24253,0
20220828,1071,13,853,208,2,30,16:04:45,24982,0
20220828,1071,13,839,211,2,32,16:08:04,23491,0
20220828,1071,13,817,1,2,32,16:08:17,23146,0
20220828,1071,13,20,116,2,33,16:09:55,22833,0
20220828,1071,13,848,3,3,34,16:12:36,23414,0
20220828,1071,13,843,6,3,42,16:26:44,23334,0
20220904,1072,39,20,116,1,9,15:14:56,22391,0
20220904,1072,39,453,210,1,11,15:17:31,18789,0
20220904,1072,39,817,1,1,11,15:17:33,19546,0
20220904,1072,39,4,211,1,12,15:18:45,19578,0
20220904,1072,39,854,50,1,12,15:18:49,19548,0
20220904,1072,39,853,208,1,13,15:20:02,26813,0
20220904,1072,39,851,210,1,13,15:20:05,18774,0
20220904,1072,39,848,3,1,13,15:20:19,20284,0
20220904,1072,39,832,6,1,14,15:21:02,29705,0
20220904,1072,39,815,9,1,14,15:21:05,18835,0
20220904,1072,39,825,208,1,14,15:21:35,20785,0
20220904,1072,39,840,116,1,16,15:23:49,20205,0
20220904,1072,39,822,50,1,16,15:24:05,19741,0
20220904,1072,39,843,6,1,17,15:24:47,19080,0
20220904,1072,39,845,1,1,17,15:25:04,19303,0
20220904,1072,39,830,9,1,18,15:25:58,19634,0
20220904,1072,39,839,211,1,18,15:26:30,19455,0
20220904,1072,39,847,3,1,21,15:30:35,19325,0
20220904,1072,39,848,3,2,26,15:37:39,20733,0
20220904,1072,39,817,1,2,27,15:38:47,19567,0
20220904,1072,39,1,130,1,29,15:40:15,19046,0
20220904,1072,39,846,130,1,31,15:42:53,19359,0
20220904,1072,39,453,210,2,32,15:45:03,18700,0
20220904,1072,39,853,208,2,33,15:46:28,21814,0
20220904,1072,39,822,50,2,34,15:47:42,21049,0
20220904,1072,39,825,208,2,34,15:47:53,23710,0
20220904,1072,39,20,116,2,35,15:49:07,19156,0
20220904,1072,39,854,50,2,37,15:51:33,25433,0
20220904,1072,39,840,116,2,38,15:52:27,20214,0
20220904,1072,39,815,9,2,40,15:54:40,18738,0
20220904,1072,39,851,210,2,42,15:57:54,19293,0
20220904,1072,39,847,3,2,42,15:58:02,19911,0
20220904,1072,39,832,6,2,43,15:58:43,19493,0
20220904,1072,39,843,6,2,45,16:00:48,19084,0
20220904,1072,39,851,210,3,43,16:01:22,52684,0
20220904,1072,39,845,1,2,47,16:04:07,21117,0
20220904,1072,39,4,211,2,47,16:04:12,21501,0
20220904,1072,39,830,9,2,48,16:04:44,19610,0
20220904,1072,39,1,130,2,48,16:05:02,19164,0
20220904,1072,39,846,130,2,48,16:05:08,20742,0
20220904,1072,39,853,208,3,47,16:05:28,20283,0
20220904,1072,39,825,208,3,47,16:05:32,23663,0
20220904,1072,39,817,1,3,47,16:05:38,19718,0
20220904,1072,39,20,116,3,48,16:07:10,18709,0
20220904,1072,39,848,3,3,54,16:15:44,20051,0
20220904,1072,39,830,9,3,56,16:15:47,19655,0
20220904,1072,39,847,3,3,55,16:16:14,20508,0
20220904,1072,39,843,6,3,56,16:16:24,19576,0
20220904,1072,39,815,9,3,56,16:16:29,19250,0
20220904,1072,39,854,50,3,55,16:16:34,20188,0
20220904,1072,39,817,1,4,55,16:16:52,20295,0
20220904,1072,39,839,211,2,56,16:17:06,21602,0
20220904,1072,39,840,116,3,56,16:17:12,19141,0
20220904,1072,39,453,210,3,56,16:17:37,18572,0
20220904,1072,39,1,130,3,57,16:18:18,14155,0
20220904,1072,39,848,3,4,55,16:18:20,14459,0
20220904,1072,39,846,130,3,57,16:18:21,21363,0
20220904,1072,39,830,9,4,57,16:18:22,14113,0
20220904,1072,39,847,3,4,56,16:18:24,14114,0
20220904,1072,39,853,208,4,56,16:18:26,14144,0
20220904,1072,39,20,116,4,56,16:18:30,14349,0
20220904,1072,39,843,6,4,57,16:18:32,14008,0
20220904,1072,39,825,208,4,56,16:18:34,14175,0
20220904,1072,39,815,9,4,57,16:18:36,14113,0
20220904,1072,39,854,50,4,56,16:18:40,14128,0
20220904,1072,39,832,6,3,57,16:18:46,21164,0
20220904,1072,39,845,1,3,57,16:18:50,21264,0
20220904,1072,39,4,211,3,57,16:18:53,15762,0
20220904,1072,39,817,1,5,56,16:19:00,14493,0
20220904,1072,39,839,211,3,57,16:19:10,14041,0
20220904,1072,39,840,116,4,57,16:19:11,14118,0
20220904,1072,39,453,210,4,57,16:19:20,13973,0
20220911,1073,14,815,9,1,7,15:13:53,23698,0
20220911,1073,14,843,6,1,12,15:21:01,23531,0
20220911,1073,14,848,3,1,15,15:26:02,26782,0
20220911,1073,14,453,210,1,18,15:30:13,25376,0
20220911,1073,14,854,50,1,18,15:30:16,25366,0
20220911,1073,14,840,116,1,18,15:30:22,24254,0
20220911,1073,14,817,1,1,19,15:31:40,25164,0
20220911,1073,14,855,3,1,19,15:31:43,24628,0
20220911,1073,14,839,211,1,19,15:31:50,24336,0
20220911,1073,14,851,210,1,19,15:31:51,24009,0
20220911,1073,14,846,130,1,23,15:37:02,25075,0
20220911,1073,14,825,208,1,24,15:39:20,30164,0
20220911,1073,14,830,9,1,25,15:39:43,23791,0
20220911,1073,14,832,6,1,30,15:47:28,23728,0
20220911,1073,14,843,6,2,33,15:51:22,23904,0
20220911,1073,14,1,130,1,33,15:52:05,24282,0
20220911,1073,14,853,208,1,33,15:52:21,24817,0
20220911,1073,14,845,1,1,35,15:54:54,26714,0
20220911,1073,14,822,50,1,35,15:55:18,24758,0
20220911,1073,14,815,9,2,42,16:05:01,23299,0
20220911,1073,14,846,130,2,47,16:11:50,24114,0
20220911,1073,14,825,208,2,46,16:12:00,24846,0
20220911,1073,14,832,6,2,47,16:12:01,24525,0
20220911,1073,14,845,1,2,47,16:12:41,24784,0
20220911,1073,14,830,9,2,48,16:13:04,24091,0
20220911,1073,14,851,210,2,47,16:13:25,23904,0
20220911,1073,14,843,6,3,48,16:13:27,23719,0
20220911,1073,14,848,3,2,47,16:13:35,24263,0
20221002,1074,15,825,208,1,7,21:23:45,39247,0
20221002,1074,15,846,130,1,21,21:54:16,30378,0
20221002,1074,15,453,210,1,33,22:19:45,29867,0
20221002,1074,15,851,210,1,33,22:20:11,31293,0
20221002,1074,15,822,50,1,33,22:20:13,32167,0
20221002,1074,15,825,208,2,33,22:20:17,32603,0
20221002,1074,15,843,6,1,34,22:20:56,32058,0
20221002,1074,15,1,130,1,34,22:21:36,41019,0
20221002,1074,15,20,116,1,34,22:21:44,29704,0
20221002,1074,15,853,208,1,34,22:22:03,31201,0
20221002,1074,15,815,9,1,35,22:22:51,29550,0
20221002,1074,15,832,6,1,35,22:23:17,30603,0
20221002,1074,15,830,9,1,35,22:23:33,29407,0
20221002,1074,15,840,116,1,35,22:23:50,29863,0
20221002,1074,15,846,130,2,35,22:25:08,29713,0
20221002,1074,15,845,1,1,36,22:25:51,30528,0
20221002,1074,15,817,1,1,36,22:26:23,30946,0
20221002,1074,15,830,9,2,40,22:36:35,29775,0
20221002,1074,15,853,208,2,41,22:39:34,34722,0
20221002,1074,15,846,130,3,41,22:39:46,33211,0
20221002,1074,15,846,130,4,51,22:59:32,29893,0
20221009,1075,22,453,210,1,1,14:06:24,41319,0
20221009,1075,22,830,9,1,2,14:08:39,387399,1
20221009,1075,22,843,6,1,2,14:08:41,389973,1
20221009,1075,22,815,9,1,2,14:08:44,392517,1
20221009,1075,22,839,211,1,2,14:08:46,393601,1
20221009,1075,22,1,130,1,2,14:08:49,396504,1
20221009,1075,22,4,211,1,2,14:08:52,396837,1
20221009,1075,22,846,130,1,2,14:08:54,401057,1
20221009,1075,22,817,1,1,2,14:08:57,401749,1
20221009,1075,22,851,210,1,2,14:09:00,402478,1
20221009,1075,22,853,208,1,2,14:09:04,400857,1
20221009,1075,22,840,116,1,2,14:09:07,400463,1
20221009,1075,22,825,208,1,2,14:09:08,402029,1
20221009,1075,22,845,1,1,2,14:09:10,406256,1
20221009,1075,22,822,50,1,2,14:09:11,407553,1
20221009,1075,22,848,3,1,2,14:09:14,407673,1
20221009,1075,22,20,116,1,2,14:09:17,409647,1
20221009,1075,22,854,50,1,2,14:09:20,410005,1
20221009,1075,22,453,210,2,2,14:09:22,409011,1
20221009,1075,22,848,3,2,5,16:23:57,24785,0
20221009,1075,22,20,116,2,5,16:23:58,24218,0
20221009,1075,22,845,1,2,6,16:25:53,24595,0
20221009,1075,22,822,50,2,6,16:25:56,24869,0
20221009,1075,22,830,9,2,7,16:27:26,24308,0
20221009,1075,22,843,6,2,7,16:27:27,25899,0
20221009,1075,22,815,9,2,7,16:27:32,25322,0
20221009,1075,22,839,211,2,7,16:27:34,25172,0
20221009,1075,22,1,130,2,7,16:27:36,25059,0
20221009,1075,22,846,130,2,7,16:27:40,28728,0
20221009,1075,22,851,210,2,7,16:27:44,24439,0
20221009,1075,22,825,208,2,7,16:27:47,25594,0
20221009,1075,22,840,116,2,7,16:27:48,24005,0
20221009,1075,22,453,210,3,7,16:27:52,24966,0
20221009,1075,22,4,211,2,8,16:29:28,24106,0
20221009,1075,22,817,1,2,8,16:29:36,25377,0
20221009,1075,22,854,50,2,9,16:31:37,24563,0
20221009,1075,22,853,208,2,11,16:35:25,24608,0
20221009,1075,22,854,50,3,18,16:48:24,24266,0
20221009,1075,22,840,116,3,19,16:50:04,23870,0
20221009,1075,22,453,210,4,19,16:50:13,23966,0
20221009,1075,22,851,210,3,20,16:51:53,23756,0
20221009,1075,22,4,211,3,22,16:55:11,24123,0
20221023,1076,69,848,3,1,5,14:12:42,25321,0
20221023,1076,69,847,3,1,9,14:19:29,24624,0
20221023,1076,69,854,50,1,9,14:19:31,27326,0
20221023,1076,69,822,50,1,10,14:21:08,25013,0
20221023,1076,69,851,210,1,10,14:21:14,23688,0
20221023,1076,69,817,1,1,10,14:21:17,26206,0
20221023,1076,69,453,210,1,11,14:22:51,23670,0
20221023,1076,69,1,130,1,12,14:24:13,24362,0
20221023,1076,69,830,9,1,13,14:25:50,23866,0
20221023,1076,69,846,130,1,13,14:26:03,30038,0
20221023,1076,69,815,9,1,14,14:27:47,23403,0
20221023,1076,69,845,1,1,14,14:28:05,24026,0
20221023,1076,69,840,116,1,15,14:29:39,25417,0
20221023,1076,69,843,6,1,18,14:34:58,24314,0
20221023,1076,69,20,116,1,18,14:35:06,24307,0
20221023,1076,69,4,211,1,18,14:35:26,23870,0
20221023,1076,69,839,211,1,18,14:35:37,24816,0
20221023,1076,69,853,208,1,18,14:35:37,25209,0
20221023,1076,69,825,208,1,18,14:35:42,29039,0
20221023,1076,69,847,3,2,18,14:35:50,24311,0
20221023,1076,69,848,3,2,18,14:36:12,24195,0
20221023,1076,69,4,211,2,22,14:45:23,39707,0
20221023,1076,69,854,50,2,23,14:48:10,25015,0
20221023,1076,69,453,210,2,32,15:05:32,28918,0
20221023,1076,69,851,210,2,33,15:07:16,23241,0
20221023,1076,69,853,208,2,33,15:07:18,24651,0
20221023,1076,69,1,130,2,34,15:08:39,24135,0
20221023,1076,69,845,1,2,34,15:08:59,23702,0
20221023,1076,69,830,9,2,35,15:10:18,32254,0
20221023,1076,69,843,6,2,35,15:10:26,23755,0
20221023,1076,69,817,1,2,35,15:10:56,24436,0
20221023,1076,69,846,130,2,36,15:12:10,24509,0
20221023,1076,69,815,9,2,38,15:15:33,24801,0
20221023,1076,69,20,116,2,41,15:20:46,38157,0
20221023,1076,69,839,211,2,45,15:28:05,24711,0
20221023,1076,69,846,130,3,54,15:42:52,23947,0
20221030,1077,32,840,116,1,17,14:27:31,23509,0
20221030,1077,32,815,9,1,23,14:35:10,24892,0
20221030,1077,32,848,3,1,23,14:36:14,23826,0
20221030,1077,32,853,208,1,24,14:37:37,23679,0
20221030,1077,32,830,9,1,25,14:37:51,22487,0
20221030,1077,32,843,6,1,28,14:42:33,22193,0
20221030,1077,32,1,130,1,29,14:43:26,23194,0
20221030,1077,32,832,6,1,29,14:43:52,23469,0
20221030,1077,32,851,210,1,29,14:44:16,22468,0
20221030,1077,32,845,1,1,31,14:47:02,22585,0
20221030,1077,32,839,211,1,33,14:49:47,22343,0
20221030,1077,32,846,130,1,34,14:50:27,22795,0
20221030,1077,32,20,116,1,38,14:57:10,22534,0
20221030,1077,32,847,3,1,38,14:57:16,23182,0
20221030,1077,32,825,208,1,38,14:57:34,23722,0
20221030,1077,32,822,50,1,39,14:58:09,23863,0
20221030,1077,32,4,211,1,40,14:59:30,23159,0
20221030,1077,32,453,210,1,40,15:00:02,29168,0
20221030,1077,32,840,116,2,40,15:00:20,23119,0
20221030,1077,32,817,1,1,44,15:05:25,22280,0
20221030,1077,32,854,50,1,45,15:07:02,24218,0
20221030,1077,32,848,3,2,52,15:17:55,24039,0
20221030,1077,32,846,130,2,69,15:39:22,23118,0
20221113,1078,18,847,3,1,4,15:10:31,24361,0
20221113,1078,18,830,9,1,7,15:15:34,30942,0
20221113,1078,18,843,6,1,7,15:15:42,30080,0
20221113,1078,18,4,211,1,14,15:24:40,23478,0
20221113,1078,18,854,50,1,16,15:27:16,24332,0
20221113,1078,18,832,6,1,17,15:28:17,25206,0
20221113,1078,18,453,210,1,19,15:31:04,23460,0
20221113,1078,18,851,210,1,20,15:32:36,23287,0
20221113,1078,18,848,3,1,20,15:32:40,28807,0
20221113,1078,18,843,6,2,21,15:34:01,23172,0
20221113,1078,18,815,9,1,23,15:35:54,22869,0
20221113,1078,18,830,9,2,23,15:36:31,31682,0
20221113,1078,18,846,130,1,24,15:37:06,23521,0
20221113,1078,18,845,1,1,24,15:37:31,29338,0
20221113,1078,18,822,50,1,24,15:37:32,23908,0
20221113,1078,18,839,211,1,24,15:37:35,23868,0
20221113,1078,18,853,208,1,24,15:37:40,24487,0
20221113,1078,18,847,3,2,25,15:39:08,23352,0
20221113,1078,18,20,116,1,26,15:40:04,24248,0
20221113,1078,18,1,130,1,29,15:43:41,24081,0
20221113,1078,18,840,116,1,29,15:44:14,23469,0
20221113,1078,18,848,3,2,32,15:48:45,24292,0
20221113,1078,18,4,211,2,35,15:51:56,28855,0
20221113,1078,18,453,210,2,35,15:52:05,23328,0
20221113,1078,18,832,6,2,36,15:52:50,23483,0
20221113,1078,18,854,50,2,37,15:54:45,25111,0
20221113,1078,18,851,210,2,40,15:58:47,23645,0
20221113,1078,18,843,6,3,44,16:03:38,23124,0
20221113,1078,18,822,50,2,45,16:04:45,24616,0
20221113,1078,18,20,116,2,45,16:04:49,24028,0
20221113,1078,18,845,1,2,45,16:04:59,24669,0
20221113,1078,18,853,208,2,46,16:06:22,25156,0
20221113,1078,18,815,9,2,47,16:06:49,23152,0
20221113,1078,18,839,211,2,47,16:07:25,24445,0
20221113,1078,18,847,3,3,47,16:07:54,23322,0
20221113,1078,18,1,130,2,48,16:08:02,23415,0
20221113,1078,18,830,9,3,48,16:08:48,24102,0
20221113,1078,18,840,116,2,48,16:08:59,23764,0
20221113,1078,18,846,130,2,49,16:09:08,23480,0
20221113,1078,18,4,211,3,52,16:13:58,23790,0
20221113,1078,18,453,210,3,52,16:14:19,23009,0
20221113,1078,18,832,6,3,53,16:14:50,23816,0
20221113,1078,18,848,3,3,52,16:15:23,23640,0
20221113,1078,18,851,210,3,54,16:18:28,23635,0
20221120,1079,24,847,3,1,12,17:21:53,21793,0
20221120,1079,24,840,116,1,13,17:23:19,21814,0
20221120,1079,24,839,211,1,14,17:24:48,21895,0
20221120,1079,24,851,210,1,14,17:24:50,21591,0
20221120,1079,24,853,208,1,14,17:24:59,22276,0
20221120,1079,24,453,210,1,14,17:25:03,21855,0
20221120,1079,24,815,9,1,15,17:26:00,21360,0
20221120,1079,24,846,130,1,15,17:26:08,24243,0
20221120,1079,24,845,1,1,15,17:26:16,22234,0
20221120,1079,24,854,50,1,15,17:26:28,22435,0
20221120,1079,24,848,3,1,15,17:26:44,22423,0
20221120,1079,24,832,6,1,17,17:29:08,21930,0
20221120,1079,24,1,130,1,18,17:30:48,21270,0
20221120,1079,24,4,211,1,19,17:32:33,21740,0
20221120,1079,24,817,1,1,19,17:32:38,21893,0
20221120,1079,24,830,9,1,20,17:33:31,22735,0
20221120,1079,24,843,6,1,21,17:35:10,22210,0
20221120,1079,24,20,116,1,25,17:41:51,23186,0
20221120,1079,24,825,208,1,28,17:46:53,22387,0
20221120,1079,24,822,50,1,30,17:49:54,22573,0
20221120,1079,24,815,9,2,33,17:53:33,21367,0
20221120,1079,24,853,208,2,34,17:55:56,23530,0
20221120,1079,24,847,3,2,35,17:57:22,21798,0
20221120,1079,24,851,210,2,38,18:01:49,22262,0
20221120,1079,24,832,6,2,39,18:02:41,21575,0
20221120,1079,24,846,130,2,39,18:02:44,27931,0
20221120,1079,24,848,3,2,38,18:02:50,25174,0
20221120,1079,24,840,116,2,40,18:04:44,21802,0
20221120,1079,24,839,211,2,41,18:06:09,21734,0
20221120,1079,24,845,1,2,42,18:07:36,21559,0
20221120,1079,24,854,50,2,44,18:11:10,23159,0
20230305,1080,3,453,211,1,9,18:18:56,25885,0
20230305,1080,3,845,1,1,10,18:20:31,32766,0
20230305,1080,3,851,210,1,10,18:20:34,25267,0
20230305,1080,3,822,50,1,11,18:22:06,25399,0
20230305,1080,3,847,3,1,11,18:22:12,25054,0
20230305,1080,3,808,208,1,11,18:22:21,26075,0
20230305,1080,3,855,210,1,11,18:22:21,25018,0
20230305,1080,3,1,130,1,12,18:23:40,24682,0
20230305,1080,3,839,211,1,12,18:23:50,24966,0
20230305,1080,3,857,3,1,12,18:23:55,25600,0
20230305,1080,3,854,50,1,12,18:24:01,25787,0
20230305,1080,3,843,6,1,13,18:25:06,24345,0
20230305,1080,3,832,6,1,13,18:25:17,24500,0
20230305,1080,3,846,130,1,13,18:25:24,27062,0
20230305,1080,3,830,9,1,14,18:26:35,24289,0
20230305,1080,3,4,116,1,14,18:27:02,25800,0
20230305,1080,3,840,116,1,15,18:28:45,25449,0
20230305,1080,3,825,208,1,15,18:29:10,25439,0
20230305,1080,3,839,211,2,15,18:29:11,41462,0
20230305,1080,3,815,9,1,17,18:31:42,24264,0
20230305,1080,3,845,1,2,17,18:32:38,33661,0
20230305,1080,3,453,211,2,25,18:45:48,24879,0
20230305,1080,3,847,3,2,26,18:47:25,24920,0
20230305,1080,3,851,210,2,26,18:47:26,24372,0
20230305,1080,3,808,208,2,26,18:47:41,37769,0
20230305,1080,3,855,210,2,27,18:49:16,25234,0
20230305,1080,3,845,1,3,27,18:49:35,33467,0
20230305,1080,3,822,50,2,29,18:52:16,25643,0
20230305,1080,3,825,208,2,29,18:52:40,25344,0
20230305,1080,3,1,130,2,30,18:53:36,24690,0
20230305,1080,3,840,116,2,30,18:53:45,24639,0
20230305,1080,3,857,3,2,30,18:54:09,25670,0
20230305,1080,3,832,6,2,31,18:55:11,24227,0
20230305,1080,3,846,130,2,31,18:55:21,24406,0
20230305,1080,3,854,50,2,32,18:57:31,25282,0
20230305,1080,3,839,211,3,32,18:58:03,44518,0
20230305,1080,3,843,6,2,33,18:58:16,24644,0
20230305,1080,3,815,9,2,34,18:59:45,25091,0
20230305,1080,3,4,116,2,34,19:00:09,24869,0
20230305,1080,3,830,9,2,36,19:02:47,24910,0
20230305,1080,3,845,1,4,37,19:06:27,33236,0
20230305,1080,3,847,3,3,40,19:10:51,24458,0
20230305,1080,3,453,211,3,40,19:10:52,24736,0
20230305,1080,3,851,210,3,40,19:10:53,25818,0
20230305,1080,3,857,3,3,40,19:11:05,25047,0
20230305,1080,3,825,208,3,40,19:11:20,25125,0
20230305,1080,3,808,208,3,40,19:11:26,27080,0
20230305,1080,3,845,1,5,47,19:23:45,30710,0
20230305,1080,3,854,50,3,54,19:34:31,30167,0
20230305,1080,3,845,1,6,54,19:35:35,31494,0
20230319,1081,75,856,1,1,1,20:05:36,31534,0
20230319,1081,75,845,1,1,2,20:07:18,29444,0
20230319,1081,75,825,208,1,8,20:16:55,20870,0
20230319,1081,75,822,50,1,9,20:18:38,21505,0
20230319,1081,75,854,50,1,11,20:21:41,21703,0
20230319,1081,75,808,208,1,11,20:21:43,21567,0
20230319,1081,75,840,116,1,13,20:24:39,21150,0
20230319,1081,75,453,211,1,14,20:26:26,20719,0
20230319,1081,75,832,6,1,15,20:27:49,20760,0
20230319,1081,75,843,6,1,16,20:29:29,20026,0
20230319,1081,75,839,211,1,16,20:29:34,20762,0
20230319,1081,75,851,210,1,17,20:31:24,21414,0
20230319,1081,75,847,3,1,17,20:31:32,21397,0
20230319,1081,75,855,210,1,17,20:31:39,21116,0
20230319,1081,75,822,50,2,17,20:32:08,22191,0
20230319,1081,75,815,9,1,18,20:32:46,20715,0
20230319,1081,75,4,116,1,18,20:32:54,26879,0
20230319,1081,75,846,130,1,18,20:33:05,20828,0
20230319,1081,75,830,9,1,18,20:33:15,20824,0
20230319,1081,75,1,130,1,18,20:33:24,21102,0
20230319,1081,75,857,3,1,18,20:33:55,21064,0
20230319,1081,75,854,50,2,18,20:34:06,21282,0
20230319,1081,75,845,1,2,19,20:36:25,21352,0
20230319,1081,75,822,50,3,35,21:02:57,21808,0
20230402,1082,1,839,211,1,1,15:05:04,18056,0
20230402,1082,1,854,50,1,1,15:05:11,18951,0
20230402,1082,1,857,3,1,1,15:05:13,18382,0
20230402,1082,1,815,9,1,1,15:05:15,17657,0
20230402,1082,1,822,50,1,1,15:05:16,21659,0
20230402,1082,1,857,3,2,2,15:07:25,19158,0
20230402,1082,1,815,9,2,2,15:07:26,17814,0
20230402,1082,1,846,130,1,7,15:15:01,19146,0
20230402,1082,1,832,6,1,7,15:15:05,18319,0
20230402,1082,1,825,208,1,7,15:15:21,20789,0
20230402,1082,1,1,130,1,8,15:17:43,925181,1
20230402,1082,1,830,9,1,8,15:17:45,925112,1
20230402,1082,1,4,116,1,8,15:17:48,926940,1
20230402,1082,1,840,116,1,8,15:17:51,927222,1
20230402,1082,1,453,211,1,8,15:17:53,926996,1
20230402,1082,1,808,208,1,8,15:17:55,926326,1
20230402,1082,1,846,130,2,8,15:17:59,930824,1
20230402,1082,1,851,210,1,8,15:18:02,931820,1
20230402,1082,1,845,1,1,8,15:18:04,934763,1
20230402,1082,1,856,1,1,8,15:18:06,934541,1
20230402,1082,1,832,6,2,8,15:18:08,937024,1
20230402,1082,1,855,210,1,8,15:18:11,937874,1
20230402,1082,1,839,211,2,8,15:18:14,937929,1
20230402,1082,1,815,9,3,8,15:18:16,937512,1
20230402,1082,1,854,50,2,8,15:18:19,937849,1
20230402,1082,1,822,50,2,8,15:18:21,937594,1
20230402,1082,1,857,3,3,8,15:18:23,938017,1
20230402,1082,1,825,208,2,8,15:18:27,940228,1
20230402,1082,1,857,3,4,36,16:15:29,19018,0
20230402,1082,1,855,210,2,45,16:28:14,18080,0
20230402,1082,1,822,50,3,53,16:39:03,19825,0
20230402,1082,1,856,1,2,54,16:40:06,19442,0
20230402,1082,1,854,50,3,54,16:40:31,21881,0
20230402,1082,1,851,210,2,54,16:40:36,18258,0
20230402,1082,1,830,9,2,55,16:41:38,867756,1
20230402,1082,1,1,130,2,55,16:41:40,871670,1
20230402,1082,1,4,116,2,55,16:41:42,874306,1
20230402,1082,1,822,50,4,54,16:41:44,739342,1
20230402,1082,1,832,6,3,55,16:41:45,874924,1
20230402,1082,1,453,211,2,55,16:41:47,875210,1
20230402,1082,1,840,116,2,55,16:41:50,875053,1
20230402,1082,1,815,9,4,55,16:41:53,876462,1
20230402,1082,1,857,3,5,54,16:41:54,732022,1
20230402,1082,1,845,1,2,55,16:41:56,881064,1
20230402,1082,1,808,208,2,55,16:41:58,880712,1
20230402,1082,1,855,210,3,54,16:42:01,726783,1
20230402,1082,1,839,211,3,55,16:42:03,879804,1
20230402,1082,1,856,1,3,55,16:42:20,864653,1
20230402,1082,1,854,50,4,55,16:42:47,841565,1
20230402,1082,1,851,210,3,55,16:42:52,841820,1
20230402,1082,1,822,50,5,55,16:55:40,76634,1
20230402,1082,1,857,3,6,55,16:55:45,74200,1
20230402,1082,1,855,210,4,55,16:55:47,73234,1
20230402,1082,1,830,9,3,57,17:02:10,1856502,1
20230402,1082,1,1,130,3,57,17:02:11,1859435,1
20230402,1082,1,832,6,4,57,17:02:13,1861554,1
20230402,1082,1,808,208,3,57,17:02:14,1869055,1
20230402,1082,1,851,210,4,57,17:02:16,1871209,1
20230402,1082,1,845,1,3,57,17:02:17,1864087,1
20230402,1082,1,856,1,4,57,17:02:19,1866226,1
20230402,1082,1,854,50,5,57,17:02:22,1864998,1
20230402,1082,1,822,50,6,57,17:02:23,1867182,1
20230402,1082,1,815,9,5,57,17:02:25,1853568,1
20230402,1082,1,4,116,3,57,17:02:27,1845073,1
20230402,1082,1,840,116,3,57,17:02:29,1845925,1
20230430,1083,72,453,211,1,5,15:13:22,20235,0
20230430,1083,72,822,50,1,6,15:15:14,20967,0
20230430,1083,72,847,3,1,7,15:16:57,21103,0
20230430,1083,72,851,210,1,8,15:18:43,20497,0
20230430,1083,72,856,1,1,8,15:18:44,20902,0
20230430,1083,72,857,3,1,8,15:18:50,21015,0
20230430,1083,72,1,130,1,9,15:20:23,20324,0
20230430,1083,72,845,1,1,9,15:20:27,20346,0
20230430,1083,72,830,9,1,10,15:22:00,20707,0
20230430,1083,72,825,208,1,10,15:22:35,30951,0
20230430,1083,72,815,9,1,11,15:24:20,20389,0
20230430,1083,72,843,6,1,11,15:24:25,21126,0
20230430,1083,72,832,6,1,11,15:24:33,21970,0
20230430,1083,72,4,116,1,11,15:24:35,23148,0
20230430,1083,72,846,130,1,11,15:24:42,20459,0
20230430,1083,72,840,116,1,11,15:24:42,23161,0
20230430,1083,72,854,50,1,11,15:25:01,22247,0
20230430,1083,72,822,50,2,12,15:27:47,22354,0
20230430,1083,72,453,211,2,23,15:48:15,21169,0
20230430,1083,72,822,50,3,34,16:08:14,21012,0
20230430,1083,72,846,130,2,49,16:34:10,21389,0
20230430,1083,72,808,208,1,49,16:34:47,24748,0
20230430,1083,72,839,211,1,50,16:36:20,20367,0
20230507,1084,77,857,3,1,2,15:37:09,48938,0
20230507,1084,77,845,1,1,4,15:40:18,24090,0
20230507,1084,77,856,1,1,5,15:41:49,22205,0
20230507,1084,77,825,208,1,14,15:55:45,22616,0
20230507,1084,77,453,211,1,15,15:57:16,22417,0
20230507,1084,77,822,50,1,15,15:57:23,23158,0
20230507,1084,77,855,210,1,15,15:57:33,23487,0
20230507,1084,77,846,130,1,17,16:00:18,22335,0
20230507,1084,77,843,6,1,17,16:00:25,22068,0
20230507,1084,77,832,6,1,18,16:01:46,22278,0
20230507,1084,77,815,9,1,20,16:04:48,21884,0
20230507,1084,77,847,3,1,22,16:08:22,22482,0
20230507,1084,77,4,116,1,24,16:11:02,22631,0
20230507,1084,77,854,50,1,31,16:22:27,22796,0
20230507,1084,77,808,208,1,33,16:25:26,23120,0
20230507,1084,77,851,210,1,36,16:30:01,22390,0
20230507,1084,77,1,130,1,37,16:31:29,22150,0
20230507,1084,77,839,211,1,39,16:34:33,21942,0
20230507,1084,77,840,116,1,42,16:39:18,22651,0
20230507,1084,77,830,9,1,45,16:42:58,22688,0
20230528,1085,6,808,208,1,1,15:04:32,32494,0
20230528,1085,6,854,50,1,1,15:04:37,26141,0
20230528,1085,6,815,9,1,1,15:04:37,24887,0
20230528,1085,6,847,3,1,18,15:27:12,24290,0
20230528,1085,6,857,3,1,20,15:30:02,24376,0
20230528,1085,6,857,3,2,23,15:34:16,27774,0
20230528,1085,6,1,130,1,31,15:43:34,24594,0
20230528,1085,6,839,211,1,32,15:44:45,25833,0
20230528,1085,6,832,6,1,33,15:46:05,24252,0
20230528,1085,6,815,9,2,34,15:48:26,32749,0
20230528,1085,6,843,6,1,44,16:00:25,24192,0
20230528,1085,6,453,211,1,47,16:04:16,23902,0
20230528,1085,6,845,1,1,50,16:08:48,24663,0
20230528,1085,6,822,50,1,51,16:10:46,30395,0
20230528,1085,6,840,116,1,51,16:10:52,24656,0
20230528,1085,6,854,50,2,52,16:12:35,25260,0
20230528,1085,6,847,3,2,52,16:12:37,26990,0
20230528,1085,6,851,210,1,53,16:13:18,33706,0
20230528,1085,6,857,3,3,52,16:13:19,25946,0
20230528,1085,6,4,116,1,54,16:13:32,24414,0
20230528,1085,6,855,210,1,53,16:13:47,24539,0
20230528,1085,6,846,130,1,54,16:13:57,30980,0
20230528,1085,6,839,211,2,54,16:14:06,24707,0
20230528,1085,6,1,130,2,54,16:14:09,26685,0
20230528,1085,6,453,211,2,54,16:14:18,29949,0
20230528,1085,6,815,9,3,53,16:14:19,24217,0
20230528,1085,6,830,9,1,55,16:15:17,24798,0
20230528,1085,6,856,1,1,54,16:15:18,25851,0
20230528,1085,6,845,1,2,54,16:15:20,33428,0
20230528,1085,6,4,116,2,55,16:15:37,25916,0
20230528,1085,6,808,208,2,54,16:16:01,34725,0
20230528,1085,6,843,6,2,55,16:16:03,25713,0
20230528,1085,6,832,6,2,55,16:16:04,29300,0
20230528,1085,6,825,208,1,56,16:20:26,51052,0
20230528,1085,6,815,9,4,57,16:21:27,29337,0
20230528,1085,6,808,208,3,59,16:25:02,25672,0
20230528,1085,6,815,9,5,70,16:43:16,25466,0
20230604,1086,4,845,1,1,1,15:04:44,37736,0
20230604,1086,4,822,50,1,5,15:10:18,23691,0
20230604,1086,4,808,208,1,8,15:14:21,22298,0
20230604,1086,4,854,50,1,9,15:15:38,23430,0
20230604,1086,4,855,210,1,9,15:15:44,22522,0
20230604,1086,4,851,210,1,10,15:17:01,22176,0
20230604,1086,4,825,208,1,10,15:17:06,22124,0
20230604,1086,4,839,211,1,13,15:21:01,22112,0
20230604,1086,4,840,116,1,14,15:22:19,22355,0
20230604,1086,4,832,6,1,15,15:23:33,22321,0
20230604,1086,4,843,6,1,16,15:25:17,21778,0
20230604,1086,4,847,3,1,16,15:25:24,23319,0
20230604,1086,4,856,1,1,17,15:26:32,22370,0
20230604,1086,4,857,3,1,17,15:26:49,22583,0
20230604,1086,4,4,116,1,19,15:29:09,22558,0
20230604,1086,4,453,211,1,19,15:29:18,23388,0
20230604,1086,4,845,1,2,22,15:33:50,22850,0
20230604,1086,4,1,130,1,24,15:35:37,22575,0
20230604,1086,4,825,208,2,24,15:36:26,24800,0
20230604,1086,4,846,130,1,25,15:37:07,22275,0
20230604,1086,4,830,9,1,26,15:38:06,22241,0
20230604,1086,4,808,208,2,26,15:39:04,23257,0
20230604,1086,4,815,9,1,27,15:39:57,21775,0
20230604,1086,4,840,116,2,34,15:49:34,23371,0
20230604,1086,4,851,210,2,34,15:49:38,22009,0
20230604,1086,4,839,211,2,35,15:50:57,24110,0
20230604,1086,4,854,50,2,36,15:52:25,22889,0
20230604,1086,4,857,3,2,36,15:52:53,23827,0
20230604,1086,4,847,3,2,37,15:54:12,23449,0
20230604,1086,4,855,210,2,38,15:55:17,21976,0
20230604,1086,4,856,1,2,39,15:56:28,22862,0
20230604,1086,4,453,211,2,39,15:56:30,23610,0
20230604,1086,4,822,50,2,39,15:56:58,24097,0
20230604,1086,4,832,6,2,41,15:58:46,22375,0
20230604,1086,4,843,6,2,41,15:59:13,23003,0
20230604,1086,4,825,208,3,42,16:00:59,22291,0
20230604,1086,4,808,208,3,43,16:02:05,24484,0
20230604,1086,4,4,116,2,44,16:03:01,22896,0
20230604,1086,4,846,130,2,45,16:03:58,22054,0
20230604,1086,4,1,130,2,50,16:10:22,22731,0
20230604,1086,4,815,9,2,50,16:10:42,21537,0
20230604,1086,4,845,1,3,50,16:11:39,22062,0
20230604,1086,4,830,9,2,52,16:12:44,22357,0
20230618,1087,7,851,210,1,1,14:04:32,23646,0
20230618,1087,7,453,211,1,10,14:16:36,27515,0
20230618,1087,7,808,208,1,11,14:17:50,24880,0
20230618,1087,7,840,116,1,11,14:17:53,23711,0
20230618,1087,7,855,210,1,11,14:17:56,24960,0
20230618,1087,7,830,9,1,12,14:18:49,23644,0
20230618,1087,7,1,130,1,12,14:18:59,24339,0
20230618,1087,7,4,116,1,12,14:19:00,24031,0
20230618,1087,7,839,211,1,12,14:19:12,24402,0
20230618,1087,7,856,1,1,12,14:19:16,24828,0
20230618,1087,7,845,1,1,12,14:19:24,25862,0
20230618,1087,7,847,3,1,12,14:19:25,25064,0
20230618,1087,7,854,50,1,12,14:19:31,24161,0
20230618,1087,7,846,130,1,12,14:19:55,88943,1
20230618,1087,7,840,116,2,27,14:42:23,23839,0
20230618,1087,7,808,208,2,31,14:47:37,24200,0
20230618,1087,7,854,50,2,32,14:48:55,27509,0
20230618,1087,7,453,211,2,33,14:50:14,24117,0
20230618,1087,7,851,210,2,34,14:51:31,27523,0
20230618,1087,7,845,1,2,35,14:52:42,23570,0
20230618,1087,7,825,208,1,35,14:53:34,24909,0
20230618,1087,7,839,211,2,36,14:53:56,23698,0
20230618,1087,7,822,50,1,36,14:53:58,24038,0
20230618,1087,7,815,9,1,37,14:55:06,23281,0
20230618,1087,7,856,1,2,37,14:55:21,23436,0
20230618,1087,7,832,6,1,38,14:56:16,24133,0
20230618,1087,7,843,6,1,39,14:57:32,24343,0
20230618,1087,7,1,130,2,40,14:58:46,23749,0
20230618,1087,7,4,116,2,41,14:59:58,23928,0
20230618,1087,7,830,9,2,42,15:01:10,23910,0
20230618,1087,7,855,210,2,50,15:13:30,23786,0
20230618,1087,7,825,208,2,53,15:17:18,24515,0
20230618,1087,7,815,9,2,68,15:34:57,23218,0
20230702,1088,70,825,208,1,1,15:04:16,26587,0
20230702,1088,70,851,210,1,1,15:04:31,29691,0
20230702,1088,70,830,9,1,2,15:05:57,16369,0
20230702,1088,70,843,6,1,2,15:05:59,16393,0
20230702,1088,70,832,6,1,2,15:06:01,16380,0
20230702,1088,70,1,130,1,2,15:06:03,16415,0
20230702,1088,70,845,1,1,2,15:06:05,18076,0
20230702,1088,70,4,116,1,2,15:06:08,16600,0
20230702,1088,70,808,208,1,2,15:06:09,16778,0
20230702,1088,70,840,116,1,2,15:06:11,16646,0
20230702,1088,70,453,211,1,2,15:06:12,16380,0
20230702,1088,70,847,3,1,2,15:06:13,16737,0
20230702,1088,70,846,130,1,2,15:06:17,17946,0
20230702,1088,70,839,211,1,2,15:06:19,18143,0
20230702,1088,70,815,9,1,2,15:06:20,17428,0
20230702,1088,70,854,50,1,2,15:06:22,17467,0
20230702,1088,70,856,1,1,2,15:06:23,17324,0
20230702,1088,70,857,3,1,2,15:06:25,17337,0
20230702,1088,70,822,50,1,2,15:06:27,17130,0
20230702,1088,70,855,210,1,2,15:06:28,17033,0
20230702,1088,70,825,208,2,2,15:06:31,25654,0
20230702,1088,70,851,210,2,2,15:06:33,16246,0
20230702,1088,70,854,50,2,8,15:14:10,24374,0
20230702,1088,70,808,208,2,11,15:17:41,21891,0
20230702,1088,70,855,210,2,12,15:19:01,21333,0
20230702,1088,70,1,130,2,14,15:21:10,21993,0
20230702,1088,70,845,1,2,14,15:21:12,21290,0
20230702,1088,70,453,211,2,14,15:21:20,21814,0
20230702,1088,70,847,3,2,14,15:21:22,21562,0
20230702,1088,70,846,130,2,14,15:21:23,22262,0
20230702,1088,70,839,211,2,14,15:21:26,22028,0
20230702,1088,70,856,1,2,14,15:21:27,22467,0
20230702,1088,70,857,3,2,14,15:21:32,23194,0
20230702,1088,70,843,6,2,15,15:22:36,23425,0
20230702,1088,70,832,6,2,15,15:22:41,26283,0
20230702,1088,70,4,116,2,15,15:22:48,22371,0
20230702,1088,70,840,116,2,15,15:22:54,24332,0
20230702,1088,70,822,50,2,21,15:30:27,31785,0
20230702,1088,70,856,1,3,22,15:31:40,29912,0
20230702,1088,70,851,210,3,23,15:32:50,27286,0
20230702,1088,70,830,9,2,24,15:33:13,21365,0
20230702,1088,70,815,9,2,25,15:34:47,21655,0
20230702,1088,70,825,208,3,34,15:46:08,22250,0
20230702,1088,70,840,116,3,36,15:48:10,22050,0
20230702,1088,70,855,210,3,37,15:49:41,21074,0
20230702,1088,70,854,50,3,38,15:50:48,21910,0
20230702,1088,70,839,211,3,40,15:52:55,30427,0
20230702,1088,70,822,50,3,40,15:53:22,21975,0
20230702,1088,70,845,1,3,41,15:53:39,22088,0
20230702,1088,70,846,130,3,41,15:53:57,21702,0
20230702,1088,70,847,3,3,41,15:54:04,27683,0
20230702,1088,70,856,1,4,41,15:54:36,22313,0
20230702,1088,70,1,130,3,42,15:54:50,27724,0
20230702,1088,70,857,3,3,43,15:56:40,21543,0
20230702,1088,70,851,210,4,43,15:56:56,21392,0
20230702,1088,70,4,116,3,44,15:57:15,21993,0
20230702,1088,70,453,211,3,44,15:57:30,27804,0
20230702,1088,70,832,6,3,45,15:58:10,28583,0
20230702,1088,70,843,6,3,47,16:00:26,21470,0
20230702,1088,70,830,9,3,49,16:02:31,21641,0
20230702,1088,70,815,9,3,50,16:04:07,21267,0
20230702,1088,70,840,116,4,54,16:09:28,21837,0
20230702,1088,70,830,9,4,69,16:25:43,21328,0
20230709,1089,9,808,208,1,7,15:14:17,41972,0
20230709,1089,9,851,210,1,14,15:25:15,28353,0
20230709,1089,9,843,6,1,18,15:31:08,28244,0
20230709,1089,9,854,50,1,24,15:40:56,29177,0
20230709,1089,9,832,6,1,26,15:43:36,28869,0
20230709,1089,9,855,210,1,27,15:45:34,28242,0
20230709,1089,9,846,130,1,28,15:46:37,29455,0
20230709,1089,9,815,9,1,28,15:46:50,28060,0
20230709,1089,9,856,1,1,29,15:48:05,28655,0
20230709,1089,9,857,3,1,29,15:48:37,28847,0
20230709,1089,9,453,211,1,31,15:51:30,28458,0
20230709,1089,9,840,116,1,31,15:51:39,28561,0
20230709,1089,9,847,3,1,32,15:53:10,29634,0
20230709,1089,9,843,6,2,32,15:53:11,28805,0
20230709,1089,9,822,50,1,32,15:53:38,29662,0
20230709,1089,9,851,210,2,32,15:53:48,28603,0
20230709,1089,9,855,210,2,32,15:53:55,28413,0
20230709,1089,9,808,208,2,32,15:54:11,30003,0
20230709,1089,9,830,9,1,33,15:54:29,29056,0
20230709,1089,9,845,1,1,33,15:54:43,28438,0
20230709,1089,9,1,130,1,33,15:54:58,29169,0
20230709,1089,9,4,116,1,33,15:55:09,28679,0
20230709,1089,9,854,50,2,33,15:56:08,28709,0
20230709,1089,9,854,50,3,36,16:02:39,34374,0
20230723,1090,11,847,3,1,8,15:14:47,22076,0
20230723,1090,11,840,116,1,9,15:16:10,21910,0
20230723,1090,11,851,210,1,9,15:16:10,26170,0
20230723,1090,11,822,50,1,9,15:16:11,22114,0
20230723,1090,11,854,50,1,10,15:17:40,29211,0
20230723,1090,11,857,3,1,13,15:21:59,24001,0
20230723,1090,11,825,208,1,14,15:23:24,22753,0
20230723,1090,11,832,6,1,15,15:24:37,21402,0
20230723,1090,11,1,130,1,16,15:25:56,21974,0
20230723,1090,11,808,208,1,16,15:26:11,22922,0
20230723,1090,11,845,1,1,17,15:27:16,21541,0
20230723,1090,11,843,6,1,17,15:27:23,28404,0
20230723,1090,11,856,1,1,18,15:28:39,21171,0
20230723,1090,11,817,210,1,18,15:29:10,21958,0
20230723,1090,11,4,116,1,20,15:31:46,22916,0
20230723,1090,11,830,9,1,23,15:35:32,21407,0
20230723,1090,11,815,9,1,24,15:37:20,21862,0
20230723,1090,11,846,130,1,28,15:43:20,21886,0
20230723,1090,11,817,210,2,29,15:45:13,22203,0
20230723,1090,11,847,3,2,31,15:47:54,21762,0
20230723,1090,11,840,116,2,34,15:52:02,22403,0
20230723,1090,11,857,3,2,34,15:52:24,22197,0
20230723,1090,11,808,208,2,38,15:57:58,21955,0
20230723,1090,11,854,50,2,38,15:58:02,22853,0
20230723,1090,11,822,50,2,40,16:00:39,23242,0
20230723,1090,11,825,208,2,41,16:02:32,22152,0
20230723,1090,11,856,1,2,42,16:02:48,22030,0
20230723,1090,11,815,9,2,42,16:02:51,20880,0
20230723,1090,11,843,6,2,43,16:04:31,21452,0
20230723,1090,11,4,116,2,43,16:04:39,24152,0
20230723,1090,11,845,1,2,44,16:05:28,21430,0
20230723,1090,11,832,6,2,44,16:05:56,22051,0
20230723,1090,11,851,210,2,44,16:06:33,21181,0
20230723,1090,11,846,130,2,46,16:08:49,21675,0
20230723,1090,11,1,130,2,49,16:12:41,21728,0
20230723,1090,11,830,9,2,51,16:14:53,21680,0
20230730,1091,13,845,1,1,5,15:13:27,25012,0
20230730,1091,13,825,208,1,5,15:13:30,23638,0
20230730,1091,13,817,210,1,5,15:13:31,22843,0
20230730,1091,13,839,211,1,6,15:15:23,23085,0
20230730,1091,13,822,50,1,6,15:15:24,23362,0
20230730,1091,13,847,3,1,7,15:17:14,25015,0
20230730,1091,13,832,6,1,7,15:17:20,23303,0
20230730,1091,13,854,50,1,7,15:17:21,24449,0
20230730,1091,13,857,3,1,8,15:19:14,23570,0
20230730,1091,13,851,210,1,9,15:20:59,22610,0
20230730,1091,13,4,116,1,10,15:22:48,23085,0
20230730,1091,13,1,130,1,12,15:26:27,23090,0
20230730,1091,13,808,208,1,12,15:26:56,24571,0
20230730,1091,13,815,9,1,13,15:28:09,23684,0
20230730,1091,13,843,6,1,13,15:28:16,23224,0
20230730,1091,13,830,9,1,14,15:30:04,22887,0
20230730,1091,13,845,1,2,17,15:36:37,23744,0
20230730,1091,13,840,116,1,20,15:42:12,25397,0
20230730,1091,13,846,130,1,22,15:46:00,23837,0
20230730,1091,13,817,210,2,22,15:46:18,23290,0
20230730,1091,13,453,211,1,23,15:48:00,25664,0
20230730,1091,13,847,3,2,23,15:48:02,23596,0
20230730,1091,13,851,210,2,24,15:49:52,22737,0
20230730,1091,13,822,50,2,24,15:50:02,23786,0
20230730,1091,13,808,208,2,24,15:50:04,25238,0
20230730,1091,13,857,3,2,24,15:50:09,23938,0
20230730,1091,13,839,211,2,25,15:51:50,23339,0
20230730,1091,13,825,208,2,25,15:51:55,23572,0
20230730,1091,13,854,50,2,25,15:52:01,24045,0
20230730,1091,13,1,130,2,27,15:55:00,23023,0
20230730,1091,13,843,6,2,28,15:56:48,23148,0
20230730,1091,13,815,9,2,29,15:58:34,22710,0
20230730,1091,13,4,116,2,29,15:59:01,23798,0
20230730,1091,13,830,9,2,30,16:00:16,23012,0
20230730,1091,13,847,3,3,33,16:07:06,23529,0
20230730,1091,13,857,3,3,34,16:09:09,23109,0
20230730,1091,13,1,130,3,42,16:23:05,23156,0
20230827,1092,39,815,9,1,1,15:04:43,22666,0
20230827,1092,39,843,6,1,1,15:04:46,32686,0
20230827,1092,39,453,211,1,1,15:04:47,28469,0
20230827,1092,39,854,50,1,1,15:04:49,23088,0
20230827,1092,39,851,210,1,1,15:04:50,32321,0
20230827,1092,39,858,210,1,1,15:04:53,42641,0
20230827,1092,39,825,208,1,1,15:04:55,31341,0
20230827,1092,39,830,9,1,2,15:06:25,20379,0
20230827,1092,39,4,116,1,2,15:06:26,20647,0
20230827,1092,39,832,6,1,2,15:06:31,20973,0
20230827,1092,39,839,211,1,2,15:06:39,22534,0
20230827,1092,39,845,1,1,3,15:08:18,20170,0
20230827,1092,39,1,130,1,3,15:08:35,20266,0
20230827,1092,39,846,130,1,4,15:10:00,21201,0
20230827,1092,39,840,116,1,4,15:10:16,20036,0
20230827,1092,39,825,208,2,9,15:16:59,20137,0
20230827,1092,39,1,130,2,9,15:17:26,19970,0
20230827,1092,39,840,116,2,9,15:17:44,20208,0
20230827,1092,39,854,50,2,10,15:18:09,20231,0
20230827,1092,39,4,116,2,10,15:18:10,20109,0
20230827,1092,39,832,6,2,10,15:18:16,19511,0
20230827,1092,39,851,210,2,10,15:18:24,18904,0
20230827,1092,39,839,211,2,10,15:18:26,19795,0
20230827,1092,39,845,1,2,10,15:18:33,20395,0
20230827,1092,39,858,210,2,10,15:18:37,30836,0
20230827,1092,39,846,130,2,10,15:18:55,20148,0
20230827,1092,39,830,9,2,11,15:19:24,19289,0
20230827,1092,39,453,211,2,11,15:19:34,19518,0
20230827,1092,39,843,6,2,11,15:19:46,27202,0
20230827,1092,39,815,9,2,12,15:20:46,19460,0
20230827,1092,39,856,1,1,15,15:25:18,18979,0
20230827,1092,39,822,50,1,16,15:27:09,20187,0
20230827,1092,39,808,208,1,16,15:27:10,20438,0
20230827,1092,39,846,130,3,16,15:27:30,19607,0
20230827,1092,39,840,116,3,16,15:27:53,19653,0
20230827,1092,39,858,210,3,17,15:29:22,19600,0
20230827,1092,39,840,116,4,34,15:53:38,19923,0
20230827,1092,39,825,208,3,35,15:54:48,20510,0
20230827,1092,39,854,50,3,37,15:57:19,20469,0
20230827,1092,39,832,6,3,41,16:02:07,19398,0
20230827,1092,39,845,1,3,42,16:03:37,18878,0
20230827,1092,39,839,211,3,43,16:04:50,19024,0
20230827,1092,39,847,3,1,44,16:06:01,19667,0
20230827,1092,39,815,9,3,45,16:06:58,18789,0
20230827,1092,39,1,130,3,45,16:07:26,19327,0
20230827,1092,39,453,211,3,46,16:08:21,25404,0
20230827,1092,39,856,1,2,46,16:08:46,19120,0
20230827,1092,39,858,210,4,46,16:09:09,19192,0
20230827,1092,39,822,50,2,47,16:10:17,20213,0
20230827,1092,39,4,116,3,48,16:10:51,25147,0
20230827,1092,39,808,208,2,48,16:11:31,19713,0
20230827,1092,39,830,9,3,49,16:11:52,18706,0
20230827,1092,39,822,50,3,59,16:25:45,19735,0
20230827,1092,39,858,210,5,59,16:25:48,19307,0
20230827,1092,39,815,9,4,60,16:26:00,27596,0
20230827,1092,39,453,211,4,60,16:26:21,20417,0
20230827,1092,39,832,6,4,60,16:26:22,19838,0
20230827,1092,39,1,130,4,60,16:26:30,20779,0
20230827,1092,39,846,130,4,60,16:26:34,24019,0
20230827,1092,39,845,1,4,60,16:26:35,19871,0
20230827,1092,39,856,1,3,60,16:26:40,22376,0
20230827,1092,39,851,210,3,60,16:26:50,20602,0
20230827,1092,39,854,50,4,60,16:26:53,21439,0
20230827,1092,39,840,116,5,60,16:26:58,21532,0
20230827,1092,39,808,208,3,60,16:26:58,23582,0
20230827,1092,39,825,208,4,60,16:27:09,23584,0
20230827,1092,39,830,9,4,61,16:27:10,19429,0
20230827,1092,39,4,116,4,61,16:27:35,20655,0
20230827,1092,39,847,3,2,61,16:27:57,21300,0
20230827,1092,39,839,211,4,61,16:28:03,22096,0
20230827,1092,39,830,9,5,63,16:30:26,20402,0
20230827,1092,39,815,9,5,63,16:31:04,2461612,1
20230827,1092,39,845,1,5,63,16:31:28,2443212,1
20230827,1092,39,846,130,5,63,16:31:31,2446251,1
20230827,1092,39,847,3,3,63,16:31:37,2443475,1
20230827,1092,39,856,1,4,63,16:31:49,2434653,1
20230827,1092,39,839,211,5,63,16:31:53,2432201,1
20230827,1092,39,851,210,4,63,16:32:13,2414895,1
20230827,1092,39,840,116,6,63,16:32:20,2410734,1
20230827,1092,39,808,208,4,63,16:32:22,2410704,1
20230827,1092,39,822,50,4,63,16:32:29,2405113,1
20230827,1092,39,858,210,6,63,16:32:43,2396340,1
20230827,1092,39,825,208,5,63,16:32:48,2394733,1
20230827,1092,39,830,9,6,64,16:32:50,2483382,1
20230827,1092,39,4,116,5,64,16:33:22,2455302,1
20230827,1092,39,453,211,5,64,16:33:40,2443169,1
20230827,1092,39,832,6,5,64,16:33:44,2443147,1
20230827,1092,39,1,130,5,64,16:33:59,2431108,1
20230827,1092,39,815,9,6,64,17:13:46,35592,0
20230827,1092,39,845,1,6,64,17:13:49,44272,0
20230827,1092,39,846,130,6,64,17:13:59,39845,0
20230827,1092,39,847,3,4,64,17:14:02,39234,0
20230827,1092,39,856,1,5,64,17:14:06,38453,0
20230827,1092,39,839,211,6,64,17:14:09,37037,0
20230827,1092,39,851,210,5,64,17:14:14,34901,0
20230827,1092,39,840,116,7,64,17:14:17,33553,0
20230827,1092,39,808,208,5,64,17:14:19,32884,0
20230827,1092,39,822,50,5,64,17:14:22,32518,0
20230827,1092,39,858,210,7,64,17:14:27,31306,0
20230827,1092,39,825,208,6,64,17:14:31,30628,0
20230827,1092,39,846,130,7,67,17:20:51,22379,0
20230903,1093,14,453,211,1,10,15:38:07,27376,0
20230903,1093,14,854,50,1,11,15:39:33,24396,0
20230903,1093,14,825,208,1,12,15:41:12,24660,0
20230903,1093,14,858,210,1,13,15:42:27,24212,0
20230903,1093,14,808,208,1,14,15:43:56,26095,0
20230903,1093,14,857,3,1,14,15:43:57,24779,0
20230903,1093,14,847,3,1,15,15:45:13,24538,0
20230903,1093,14,832,6,1,19,15:50:52,25183,0
20230903,1093,14,846,130,1,19,15:50:56,24215,0
20230903,1093,14,830,9,1,20,15:52:13,24228,0
20230903,1093,14,843,6,1,20,15:52:19,23931,0
20230903,1093,14,840,116,1,20,15:52:50,25667,0
20230903,1093,14,815,9,1,21,15:53:46,23819,0
20230903,1093,14,4,116,1,21,15:54:03,24798,0
20230903,1093,14,845,1,1,22,15:55:26,23727,0
20230903,1093,14,856,1,1,23,15:56:53,24133,0
20230903,1093,14,839,211,1,24,15:58:45,24249,0
20230903,1093,14,822,50,1,25,16:00:06,24658,0
20230903,1093,14,1,130,1,27,16:02:46,24255,0
20230903,1093,14,453,211,2,31,16:09:08,24686,0
20230903,1093,14,858,210,2,33,16:11:56,24281,0
20230903,1093,14,854,50,2,33,16:11:58,25959,0
20230903,1093,14,825,208,2,33,16:12:15,24765,0
20230903,1093,14,808,208,2,39,16:20:52,24328,0
20230903,1093,14,856,1,2,41,16:23:21,31799,0
20230917,1094,15,854,50,1,2,20:07:21,30032,0
20230917,1094,15,857,3,1,19,20:36:42,63543,1
20230917,1094,15,832,6,1,20,20:37:19,29499,0
20230917,1094,15,843,6,1,20,20:37:28,32888,0
20230917,1094,15,846,130,1,20,20:37:29,29976,0
20230917,1094,15,845,1,1,20,20:37:31,29485,0
20230917,1094,15,1,130,1,20,20:37:33,32631,0
20230917,1094,15,4,116,1,20,20:37:39,30670,0
20230917,1094,15,839,211,1,20,20:37:43,29755,0
20230917,1094,15,825,208,1,20,20:37:50,31475,0
20230917,1094,15,808,208,1,20,20:37:53,35497,0
20230917,1094,15,453,211,1,20,20:37:54,31802,0
20230917,1094,15,858,210,1,20,20:37:55,32348,0
20230917,1094,15,856,1,1,20,20:37:58,29369,0
20230917,1094,15,847,3,1,20,20:37:59,30138,0
20230917,1094,15,854,50,2,20,20:38:30,30637,0
20230917,1094,15,815,9,1,39,21:11:53,28977,0
20230917,1094,15,830,9,1,40,21:13:21,29698,0
20230917,1094,15,822,50,1,40,21:13:47,30487,0
20230917,1094,15,847,3,2,43,21:18:51,29787,0
20230917,1094,15,825,208,2,43,21:19:04,33078,0
20230917,1094,15,857,3,2,43,21:19:17,31018,0
20230917,1094,15,846,130,2,44,21:20:21,30039,0
20230917,1094,15,1,130,2,44,21:20:24,33581,0
20230917,1094,15,4,116,2,44,21:20:59,52708,0
20230924,1095,22,847,3,1,1,14:06:29,50143,0
20230924,1095,22,854,50,1,1,14:06:34,41041,0
20230924,1095,22,839,211,1,1,14:06:45,27056,0
20230924,1095,22,822,50,1,1,14:06:58,55802,0
20230924,1095,22,815,9,1,2,14:08:56,32450,0
20230924,1095,22,857,3,1,2,14:09:11,32715,0
20230924,1095,22,857,3,2,5,14:16:24,43868,0
20230924,1095,22,822,50,2,6,14:18:28,53512,0
20230924,1095,22,808,208,1,8,14:21:18,23520,0
20230924,1095,22,851,210,1,9,14:22:56,22944,0
20230924,1095,22,858,210,1,10,14:24:35,23136,0
20230924,1095,22,854,50,2,10,14:24:44,24091,0
20230924,1095,22,4,116,1,11,14:26:10,24086,0
20230924,1095,22,815,9,2,12,14:28:22,41499,0
20230924,1095,22,825,208,1,12,14:28:23,23816,0
20230924,1095,22,856,1,1,13,14:29:24,24455,0
20230924,1095,22,847,3,2,13,14:29:58,52165,0
20230924,1095,22,840,116,1,14,14:31:37,23441,0
20230924,1095,22,815,9,3,13,14:31:50,2485913,1
20230924,1095,22,830,9,1,16,14:34:31,24382,0
20230924,1095,22,1,130,1,16,14:34:49,24841,0
20230924,1095,22,845,1,1,17,14:36:20,23523,0
20230924,1095,22,843,6,1,17,14:36:23,23197,0
20230924,1095,22,832,6,1,18,14:38:04,23075,0
20230924,1095,22,453,211,1,18,14:38:20,24488,0
20230924,1095,22,808,208,2,21,14:43:39,23660,0
20230924,1095,22,857,3,3,21,14:44:16,35182,0
20230924,1095,22,846,130,1,24,14:48:05,24034,0
20230924,1095,22,4,116,2,25,14:50:07,24294,0
20230924,1095,22,858,210,2,25,14:50:20,23671,0
20230924,1095,22,839,211,2,28,14:55:08,23789,0
20230924,1095,22,854,50,3,29,14:57:06,24116,0
20230924,1095,22,851,210,2,30,14:58:41,23327,0
20230924,1095,22,825,208,2,31,15:00:39,23858,0
20230924,1095,22,843,6,2,34,15:04:38,22926,0
20230924,1095,22,1,130,2,34,15:04:43,23631,0
20230924,1095,22,453,211,2,34,15:05:03,24651,0
20230924,1095,22,856,1,2,35,15:06:11,23198,0
20230924,1095,22,845,1,2,36,15:07:43,23182,0
20230924,1095,22,830,9,2,37,15:09:05,23696,0
20230924,1095,22,808,208,3,37,15:10:23,23338,0
20230924,1095,22,832,6,2,38,15:11:15,23374,0
20230924,1095,22,815,9,4,14,15:14:59,30651,0
20231008,1096,76,846,130,1,1,20:05:46,39686,0
20231008,1096,76,822,50,1,3,20:10:22,29977,0
20231008,1096,76,825,208,1,3,20:10:26,28743,0
20231008,1096,76,840,116,1,3,20:10:27,28886,0
20231008,1096,76,858,210,1,3,20:10:28,29330,0
20231008,1096,76,851,210,1,9,20:20:28,27781,0
20231008,1096,76,839,211,1,10,20:21:53,28961,0
20231008,1096,76,4,116,1,11,20:23:19,28373,0
20231008,1096,76,453,211,1,11,20:23:25,28429,0
20231008,1096,76,856,1,1,12,20:24:45,28875,0
20231008,1096,76,843,6,1,12,20:24:49,28228,0
20231008,1096,76,845,1,1,13,20:26:21,28134,0
20231008,1096,76,808,208,1,13,20:26:32,39879,0
20231008,1096,76,857,3,1,13,20:26:35,29436,0
20231008,1096,76,846,130,2,14,20:27:57,28542,0
20231008,1096,76,830,9,1,17,20:32:05,28233,0
20231008,1096,76,815,9,1,17,20:32:32,27808,0
20231008,1096,76,847,3,1,18,20:33:58,29253,0
20231008,1096,76,854,50,1,18,20:34:06,28984,0
20231008,1096,76,822,50,2,21,20:38:42,29387,0
20231008,1096,76,840,116,2,21,20:38:45,28156,0
20231008,1096,76,825,208,2,21,20:38:52,28948,0
20231008,1096,76,858,210,2,21,20:38:54,28665,0
20231008,1096,76,851,210,2,22,20:40:25,27596,0
20231008,1096,76,856,1,2,25,20:44:26,27868,0
20231008,1096,76,843,6,2,25,20:44:40,27873,0
20231008,1096,76,839,211,2,25,20:44:42,28969,0
20231008,1096,76,4,116,2,26,20:46:01,28432,0
20231008,1096,76,453,211,2,26,20:46:12,30192,0
20231008,1096,76,857,3,2,26,20:46:27,29373,0
20231008,1096,76,845,1,2,27,20:47:29,27611,0
20231008,1096,76,808,208,2,27,20:47:58,28274,0
20231008,1096,76,815,9,2,31,20:53:34,33246,0
20231008,1096,76,847,3,2,31,20:53:43,28747,0
20231008,1096,76,846,130,3,32,20:54:52,28314,0
20231008,1096,76,830,9,2,34,20:57:24,28103,0
20231008,1096,76,854,50,2,35,20:59:41,28854,0
20231008,1096,76,822,50,3,39,21:05:42,28946,0
20231008,1096,76,840,116,3,39,21:05:45,29399,0
20231008,1096,76,825,208,3,39,21:05:53,30331,0
20231008,1096,76,858,210,3,39,21:06:05,28171,0
20231008,1096,76,808,208,3,39,21:06:08,28591,0
20231008,1096,76,851,210,3,40,21:07:30,27809,0
20231008,1096,76,856,1,3,43,21:10:55,27489,0
20231008,1096,76,843,6,3,43,21:11:17,27513,0
20231008,1096,76,839,211,3,43,21:11:27,29169,0
20231008,1096,76,815,9,3,43,21:11:35,33165,0
20231008,1096,76,845,1,3,44,21:12:24,27677,0
20231008,1096,76,4,116,3,44,21:12:50,28393,0
20231008,1096,76,453,211,3,44,21:12:58,34856,0
20231008,1096,76,847,3,3,44,21:13:12,28981,0
20231008,1096,76,846,130,4,50,21:21:11,28191,0
20231008,1096,76,830,9,3,51,21:22:13,29726,0
20231008,1096,76,854,50,3,52,21:24:48,28815,0
20231022,1097,69,822,50,2,28,14:52:29,25020,0
20231022,1097,69,847,3,2,29,14:54:08,24354,0
20231022,1097,69,825,208,2,29,14:54:24,24745,0
20231022,1097,69,1,130,1,20,14:37:53,24916,0
20231022,1097,69,840,116,1,20,14:38:28,24457,0
20231022,1097,69,846,130,1,21,14:39:49,24357,0
20231022,1097,69,847,3,1,10,14:21:07,24563,0
20231022,1097,69,822,50,1,10,14:21:09,24783,0
20231022,1097,69,825,208,1,10,14:21:11,25067,0
20231022,1097,69,857,3,1,11,14:22:55,24990,0
20231022,1097,69,830,9,1,16,14:31:06,23756,0
20231022,1097,69,845,1,1,17,14:32:42,24155,0
20231022,1097,69,832,6,1,17,14:32:54,23668,0
20231022,1097,69,815,9,1,17,14:32:58,24245,0
20231022,1097,69,851,210,1,17,14:33:06,24354,0
20231022,1097,69,453,211,1,18,14:34:46,23900,0
20231022,1097,69,4,116,1,19,14:36:41,25055,0
20231022,1097,69,808,208,1,19,14:36:48,26573,0
20231022,1097,69,854,50,1,9,14:19:22,25636,0
20231022,1097,69,854,50,2,27,14:50:48,24717,0
20231022,1097,69,832,6,2,35,15:03:42,23673,0
20231022,1097,69,830,9,2,35,15:03:31,24974,0
20231022,1097,69,808,208,2,34,15:02:47,24308,0
20231022,1097,69,857,3,2,32,14:59:24,25547,0
20231022,1097,69,845,1,2,34,15:01:53,23361,0
20231022,1097,69,851,210,2,34,15:02:26,24125,0
20231022,1097,69,817,210,1,23,14:43:10,23963,0
20231022,1097,69,815,9,2,37,15:07:07,23747,0
20231022,1097,69,453,211,2,37,15:07:28,24880,0
20231022,1097,69,1,130,2,38,15:08:41,24648,0
20231022,1097,69,846,130,2,39,15:10:47,23969,0
20231022,1097,69,840,116,2,40,15:12:45,23955,0
20231022,1097,69,4,116,2,42,15:16:00,24823,0
20231022,1097,69,817,210,2,47,15:25:15,26513,0
20231022,1097,69,851,210,3,54,15:36:35,23472,0
20231022,1097,69,843,6,1,23,14:43:10,23963,0
20231029,1098,32,851,210,1,9,14:16:34,30121,0
20231029,1098,32,845,1,1,11,14:19:23,23408,0
20231029,1098,32,830,9,1,19,14:30:10,22427,0
20231029,1098,32,854,50,1,21,14:33:34,22817,0
20231029,1098,32,857,3,1,22,14:35:03,23945,0
20231029,1098,32,808,208,1,23,14:36:19,23144,0
20231029,1098,32,825,208,1,23,14:36:27,23642,0
20231029,1098,32,1,130,1,24,14:37:21,22210,0
20231029,1098,32,856,1,1,25,14:38:53,23734,0
20231029,1098,32,846,130,1,26,14:40:18,22311,0
20231029,1098,32,817,210,1,27,14:41:39,22406,0
20231029,1098,32,453,211,1,28,14:43:24,22627,0
20231029,1098,32,4,116,1,29,14:45:06,22844,0
20231029,1098,32,832,6,1,30,14:45:46,22067,0
20231029,1098,32,840,116,1,30,14:46:28,22582,0
20231029,1098,32,843,6,1,31,14:47:01,22248,0
20231029,1098,32,822,50,1,31,14:47:48,23638,0
20231029,1098,32,830,9,2,33,14:50:02,22372,0
20231029,1098,32,845,1,2,33,14:50:50,22563,0
20231029,1098,32,847,3,1,33,14:50:54,23680,0
20231029,1098,32,830,9,3,34,14:52:56,1209136,1
20231029,1098,32,843,6,2,34,14:52:57,1210512,1
20231029,1098,32,1,130,2,34,14:52:59,1212908,1
20231029,1098,32,832,6,2,34,14:53:00,1215432,1
20231029,1098,32,817,210,2,34,14:53:02,1217136,1
20231029,1098,32,856,1,2,34,14:53:04,1219064,1
20231029,1098,32,846,130,2,34,14:53:10,1218200,1
20231029,1098,32,851,210,2,34,14:53:13,1218057,1
20231029,1098,32,808,208,2,34,14:53:15,1219826,1
20231029,1098,32,845,1,3,34,14:53:17,1226386,1
20231029,1098,32,453,211,2,34,14:53:20,1225698,1
20231029,1098,32,847,3,2,34,14:53:22,1227980,1
20231029,1098,32,854,50,2,34,14:53:24,1229539,1
20231029,1098,32,839,211,1,34,14:53:30,1226296,1
20231029,1098,32,857,3,2,34,14:53:33,1227718,1
20231029,1098,32,822,50,2,34,14:53:35,1229349,1
20231029,1098,32,840,116,2,34,14:53:38,1229686,1
20231029,1098,32,4,116,2,34,14:53:42,1229837,1
20231105,1099,18,830,9,1,1,14:05:19,18535,0
20231105,1099,18,845,1,1,1,14:05:21,19386,0
20231105,1099,18,1,130,1,1,14:05:24,18521,0
20231105,1099,18,4,116,1,1,14:05:26,18487,0
20231105,1099,18,840,116,1,1,14:05:28,18504,0
20231105,1099,18,846,130,1,1,14:05:30,20449,0
20231105,1099,18,815,9,1,1,14:05:32,20811,0
20231105,1099,18,832,6,1,1,14:05:33,23030,0
20231105,1099,18,839,211,1,1,14:05:35,22209,0
20231105,1099,18,856,1,1,1,14:05:36,1584007,1
20231105,1099,18,851,210,1,1,14:05:39,20969,0
20231105,1099,18,453,211,1,1,14:05:40,20523,0
20231105,1099,18,822,50,1,1,14:05:41,20732,0
20231105,1099,18,854,50,1,1,14:05:45,21256,0
20231105,1099,18,857,3,1,1,14:05:46,27472,0
20231105,1099,18,817,210,1,1,14:05:47,1576725,1
20231105,1099,18,808,208,1,1,14:05:49,34261,0
20231105,1099,18,830,9,2,2,14:07:42,1402632,1
20231105,1099,18,845,1,2,2,14:07:44,1404611,1
20231105,1099,18,1,130,2,2,14:07:46,1406375,1
20231105,1099,18,4,116,2,2,14:07:47,1408154,1
20231105,1099,18,840,116,2,2,14:07:50,1409984,1
20231105,1099,18,846,130,2,2,14:07:53,1410984,1
20231105,1099,18,815,9,2,2,14:07:55,1411712,1
20231105,1099,18,832,6,2,2,14:07:57,1413704,1
20231105,1099,18,839,211,2,2,14:07:59,1414725,1
20231105,1099,18,851,210,2,2,14:08:02,1415420,1
20231105,1099,18,453,211,2,2,14:08:04,1416706,1
20231105,1099,18,822,50,2,2,14:08:05,1418156,1
20231105,1099,18,854,50,2,2,14:08:09,1419945,1
20231105,1099,18,857,3,2,2,14:08:10,1421207,1
20231105,1099,18,808,208,2,2,14:08:14,1421069,1
20231105,1099,18,856,1,2,2,14:33:41,38489,0
20231105,1099,18,817,210,2,2,14:33:47,32770,0
20231105,1099,18,839,211,3,14,14:48:20,24037,0
20231105,1099,18,854,50,3,15,14:49:40,23953,0
20231105,1099,18,857,3,3,17,14:52:18,24367,0
20231105,1099,18,1,130,3,18,14:53:23,23571,0
20231105,1099,18,822,50,3,18,14:53:31,24077,0
20231105,1099,18,846,130,3,19,14:54:41,23730,0
20231105,1099,18,815,9,3,20,14:55:57,23164,0
20231105,1099,18,808,208,3,21,14:57:33,24401,0
20231105,1099,18,840,116,3,22,14:58:34,23558,0
20231105,1099,18,4,116,3,25,15:02:12,24204,0
20231105,1099,18,856,1,3,24,15:02:38,23536,0
20231105,1099,18,832,6,3,26,15:03:43,23557,0
20231105,1099,18,453,211,3,26,15:03:46,25295,0
20231105,1099,18,851,210,3,26,15:03:48,27114,0
20231105,1099,18,830,9,3,27,15:04:35,22994,0
20231105,1099,18,845,1,3,27,15:04:39,23806,0
20231105,1099,18,817,210,3,26,15:05:07,23955,0
20231105,1099,18,839,211,4,31,15:10:28,24406,0
20231105,1099,18,857,3,4,44,15:27:16,24137,0
20231105,1099,18,846,130,4,45,15:28:17,23962,0
20231105,1099,18,815,9,4,46,15:29:13,23522,0
20231105,1099,18,1,130,4,46,15:29:28,24074,0
20231105,1099,18,453,211,4,46,15:29:32,23583,0
20231105,1099,18,808,208,4,46,15:30:00,23841,0
20231105,1099,18,4,116,4,47,15:30:25,23830,0
20231105,1099,18,832,6,4,51,15:35:44,23704,0
20231105,1099,18,839,211,5,51,15:36:12,23599,0
20231105,1099,18,840,116,4,52,15:36:55,25294,0
20231105,1099,18,856,1,4,52,15:38:37,23338,0
20231105,1099,18,851,210,4,55,15:41:00,23453,0
20231105,1099,18,830,9,4,56,15:41:21,23397,0
20231105,1099,18,817,210,4,55,15:42:16,23508,0
20231105,1099,18,845,1,4,59,15:45:16,23664,0
20231119,1100,23,815,9,1,1,22:06:05,33599,0
20231119,1100,23,4,116,1,1,22:06:26,29304,0
20231119,1100,23,822,50,1,1,22:06:30,43914,0
20231119,1100,23,840,116,1,3,22:10:06,22222,0
20231119,1100,23,832,6,1,3,22:10:19,21261,0
20231119,1100,23,851,210,1,10,22:25:26,20619,0
20231119,1100,23,808,208,1,12,22:28:45,22154,0
20231119,1100,23,825,208,1,14,22:32:02,21611,0
20231119,1100,23,846,130,1,15,22:33:29,21257,0
20231119,1100,23,857,3,1,15,22:33:40,21367,0
20231119,1100,23,830,9,1,16,22:35:04,26686,0
20231119,1100,23,847,3,1,16,22:35:17,21242,0
20231119,1100,23,856,1,1,16,22:35:19,23269,0
20231119,1100,23,453,211,1,17,22:36:53,22262,0
20231119,1100,23,1,130,1,17,22:37:11,25047,0
20231119,1100,23,817,210,1,17,22:37:13,22242,0
20231119,1100,23,839,211,1,20,22:41:58,21763,0
20231119,1100,23,843,6,1,21,22:43:18,22559,0
20231119,1100,23,851,210,2,21,22:44:16,20894,0
20231119,1100,23,822,50,2,24,22:49:10,21575,0
20231119,1100,23,815,9,2,26,22:51:52,21568,0
20231119,1100,23,840,116,2,26,22:52:07,22570,0
20231119,1100,23,830,9,2,26,22:52:08,21323,0
20231119,1100,23,846,130,2,26,22:52:11,21952,0
20231119,1100,23,832,6,2,26,22:52:13,22630,0
20231119,1100,23,4,116,2,26,22:52:17,23214,0
20231119,1100,23,854,50,1,26,22:52:26,22155,0
20231119,1100,23,825,208,2,26,22:52:38,21868,0
20231119,1100,23,808,208,2,26,22:52:42,25453,0
20231119,1100,23,1,130,2,26,22:52:49,22508,0
20231119,1100,23,856,1,2,43,23:22:11,20535,0
20231126,1101,24,825,208,1,5,17:11:16,22764,0
20231126,1101,24,817,210,1,7,17:14:15,21692,0
20231126,1101,24,4,116,1,12,17:21:44,22462,0
20231126,1101,24,856,1,1,13,17:23:13,21697,0
20231126,1101,24,808,208,1,13,17:23:25,21861,0
20231126,1101,24,854,50,1,13,17:23:27,22867,0
20231126,1101,24,845,1,1,14,17:24:40,24061,0
20231126,1101,24,846,130,1,14,17:24:42,21650,0
20231126,1101,24,1,130,1,15,17:26:21,22195,0
20231126,1101,24,839,211,1,15,17:26:22,22160,0
20231126,1101,24,857,3,1,15,17:26:35,22124,0
20231126,1101,24,830,9,1,16,17:27:36,21662,0
20231126,1101,24,847,3,1,16,17:28:04,22170,0
20231126,1101,24,843,6,1,17,17:29:09,21919,0
20231126,1101,24,815,9,1,17,17:29:21,21446,0
20231126,1101,24,453,211,1,17,17:29:26,23091,0
20231126,1101,24,851,210,1,22,17:36:54,21486,0
20231126,1101,24,840,116,1,22,17:36:59,21866,0
20231126,1101,24,825,208,2,22,17:37:30,22163,0
20231126,1101,24,832,6,1,23,17:38:36,21229,0
20231126,1101,24,822,50,1,29,17:48:01,22665,0
20231126,1101,24,817,210,2,31,17:50:51,21740,0
20231126,1101,24,453,211,2,32,17:52:26,23478,0
20231126,1101,24,845,1,2,33,17:53:31,21432,0
20231126,1101,24,808,208,2,33,17:54:04,22081,0
20231126,1101,24,846,130,2,34,17:54:57,22084,0
20231126,1101,24,843,6,2,35,17:56:25,21246,0
20231126,1101,24,1,130,2,35,17:56:42,22045,0
20231126,1101,24,856,1,2,36,17:58:08,21156,0
20231126,1101,24,4,116,2,36,17:58:11,21841,0
20231126,1101,24,854,50,2,37,18:00:12,22345,0
20231126,1101,24,857,3,2,41,18:06:20,21880,0
20231126,1101,24,815,9,2,42,18:06:56,21274,0
20231126,1101,24,840,116,2,42,18:07:20,21667,0
20231126,1101,24,830,9,2,43,18:08:09,21275,0
20231126,1101,24,847,3,2,43,18:09:09,21919,0
20231126,1101,24,832,6,2,56,18:28:24,21564,0
20240302,1102,3,808,208,1,1,18:05:33,36604,0
20240302,1102,3,854,15,1,9,18:18:39,25208,0
20240302,1102,3,840,116,1,9,18:18:42,24418,0
20240302,1102,3,839,211,1,10,18:20:20,24877,0
20240302,1102,3,857,3,1,10,18:21:19,35729,0
20240302,1102,3,846,130,1,11,18:21:38,24778,0
20240302,1102,3,843,6,1,11,18:21:41,24069,0
20240302,1102,3,825,208,1,11,18:21:55,25951,0
20240302,1102,3,815,9,1,12,18:23:16,24516,0
20240309,1103,75,830,9,1,7,20:15:25,20607,0
20240302,1102,3,1,130,1,12,18:23:26,25087,0
20240302,1102,3,453,211,1,12,18:23:38,29980,0
20240302,1102,3,822,15,1,12,18:23:42,26420,0
20240309,1103,75,815,9,1,7,20:15:30,22196,0
20240302,1102,3,817,212,1,13,18:25:17,24988,0
20240302,1102,3,832,6,1,14,18:26:32,24474,0
20240302,1102,3,851,212,1,14,18:26:47,24724,0
20240302,1102,3,4,116,1,15,18:28:24,24786,0
20240302,1102,3,847,3,1,15,18:28:29,24681,0
20240302,1102,3,830,9,1,17,18:31:12,25064,0
20240302,1102,3,808,208,2,20,18:37:08,24768,0
20240302,1102,3,840,116,2,27,18:48:25,24545,0
20240302,1102,3,854,15,2,28,18:49:59,25094,0
20240302,1102,3,857,3,2,28,18:51:33,25070,0
20240302,1102,3,839,211,2,30,18:53:30,25145,0
20240302,1102,3,822,15,2,30,18:53:32,74773,1
20240302,1102,3,846,130,2,31,18:54:21,24866,0
20240302,1102,3,453,211,2,31,18:55:10,26462,0
20240302,1102,3,825,208,2,32,18:56:37,24446,0
20240309,1103,75,843,6,1,7,20:15:31,23419,0
20240302,1102,3,1,130,2,33,18:57:45,24094,0
20240302,1102,3,843,6,2,34,18:59:13,24136,0
20240309,1103,75,856,1,1,7,20:15:36,21427,0
20240302,1102,3,851,212,2,34,18:59:47,24324,0
20240302,1102,3,832,6,2,35,19:00:38,23866,0
20240302,1102,3,817,212,2,35,19:01:34,24856,0
20240302,1102,3,815,9,2,36,19:02:12,24563,0
20240302,1102,3,847,3,2,36,19:03:09,24610,0
20240302,1102,3,830,9,2,37,19:03:29,24209,0
20240302,1102,3,4,116,2,41,19:10:58,25109,0
20240302,1102,3,857,3,3,40,19:11:22,25346,0
20240302,1102,3,808,208,3,41,19:11:29,24387,0
20240302,1102,3,453,211,3,43,19:14:55,25240,0
20240302,1102,3,856,1,1,12,18:23:24,25450,0
20240302,1102,3,845,1,1,13,18:25:00,24205,0
20240302,1102,3,845,1,2,33,18:57:39,24705,0
20240302,1102,3,856,1,2,34,18:59:20,24852,0
20240309,1103,75,4,116,1,7,20:15:37,22129,0
20240309,1103,75,846,130,1,7,20:15:42,21013,0
20240309,1103,75,851,212,1,7,20:15:51,21694,0
20240309,1103,75,859,6,1,7,20:15:51,22457,0
20240309,1103,75,825,208,1,7,20:15:53,21460,0
20240309,1103,75,847,3,1,7,20:15:53,21723,0
20240309,1103,75,817,212,1,7,20:15:57,63364,1
20240309,1103,75,839,211,1,7,20:15:59,22502,0
20240309,1103,75,822,15,1,7,20:16:00,22795,0
20240309,1103,75,857,3,1,7,20:16:01,23645,0
20240309,1103,75,808,208,1,33,20:59:21,21035,0
20240309,1103,75,822,15,2,35,21:02:58,23281,0
20240309,1103,75,1,130,1,36,21:03:38,20170,0
20240324,1104,1,817,212,1,5,15:10:25,18265,0
20240309,1103,75,854,15,1,41,21:12:03,46381,0
20240309,1103,75,845,1,1,37,21:05:08,22211,0
20240324,1104,1,847,3,1,6,15:11:45,17755,0
20240324,1104,1,854,15,1,6,15:11:49,19032,0
20240324,1104,1,1,130,1,7,15:13:04,17596,0
20240324,1104,1,825,208,1,7,15:13:08,18301,0
20240324,1104,1,846,130,1,8,15:14:23,18046,0
20240324,1104,1,840,116,1,8,15:14:26,17901,0
20240324,1104,1,822,15,1,8,15:14:30,46969,0
20240324,1104,1,843,6,1,9,15:15:42,17409,0
20240324,1104,1,856,1,1,9,15:15:43,17573,0
20240324,1104,1,851,212,1,9,15:15:50,18523,0
20240324,1104,1,839,211,1,9,15:15:55,18287,0
20240324,1104,1,845,1,1,14,15:22:37,17776,0
20240324,1104,1,815,9,1,14,15:22:45,18112,0
20240324,1104,1,832,6,1,16,15:25:14,17599,0
20240324,1104,1,839,211,2,16,15:25:58,30626,0
20240324,1104,1,4,116,1,17,15:27:06,18160,0
20240324,1104,1,808,208,1,17,15:27:28,18320,0
20240324,1104,1,453,211,1,17,15:27:32,20316,0
20240324,1104,1,847,3,2,27,15:41:35,17745,0
20240324,1104,1,817,212,2,29,15:44:29,17751,0
20240324,1104,1,825,208,2,33,15:49:58,18151,0
20240324,1104,1,843,6,2,34,15:50:35,17308,0
20240324,1104,1,815,9,2,35,15:52:18,17222,0
20240324,1104,1,808,208,2,35,15:52:40,18145,0
20240324,1104,1,854,15,2,35,15:52:50,36866,0
20240324,1104,1,851,212,2,36,15:53:59,17535,0
20240324,1104,1,822,15,2,36,15:54:30,18938,0
20240324,1104,1,840,116,2,37,15:55:19,17977,0
20240324,1104,1,856,1,2,39,15:57:32,18533,0
20240324,1104,1,845,1,2,40,15:58:46,17653,0
20240324,1104,1,832,6,2,41,15:59:57,17740,0
20240324,1104,1,4,116,2,41,16:00:37,17995,0
20240324,1104,1,453,211,2,41,16:01:21,17682,0
20240324,1104,1,839,211,3,42,16:02:51,18007,0
20240324,1104,1,846,130,2,45,16:06:07,17964,0
20240407,1105,22,830,9,1,1,14:05:50,1575603,1
20240407,1105,22,815,9,1,1,14:05:52,1577661,1
20240407,1105,22,845,1,1,1,14:05:54,1580116,1
20240407,1105,22,832,6,1,1,14:05:57,1580097,1
20240407,1105,22,4,116,1,1,14:06:00,1580924,1
20240407,1105,22,856,1,1,1,14:06:03,1580204,1
20240407,1105,22,1,130,1,1,14:06:12,1580696,1
20240407,1105,22,843,6,1,1,14:06:13,1583333,1
20240407,1105,22,846,130,1,1,14:06:18,1581238,1
20240407,1105,22,808,208,1,1,14:06:21,1580886,1
20240407,1105,22,822,15,1,1,14:06:22,1582542,1
20240407,1105,22,851,212,1,1,14:06:25,1584553,1
20240407,1105,22,839,211,1,1,14:06:28,1586095,1
20240407,1105,22,453,211,1,1,14:06:30,1586793,1
20240407,1105,22,840,116,1,1,14:06:35,1585911,1
20240407,1105,22,825,208,1,1,14:06:40,1584630,1
20240407,1105,22,857,3,1,1,14:06:43,1585267,1
20240407,1105,22,854,15,1,1,14:06:50,1582912,1
20240407,1105,22,808,208,2,5,14:40:46,23622,0
20240407,1105,22,822,15,2,6,14:42:21,24824,0
20240407,1105,22,851,212,2,7,14:43:59,23358,0
20240407,1105,22,854,15,2,7,14:44:07,23910,0
20240407,1105,22,845,1,2,11,14:50:21,23049,0
20240407,1105,22,854,15,3,11,14:51:01,26653,0
20240407,1105,22,856,1,2,12,14:52:06,23420,0
20240407,1105,22,840,116,2,12,14:52:17,23358,0
20240407,1105,22,4,116,2,13,14:53:43,22998,0
20240407,1105,22,815,9,2,15,14:56:51,22990,0
20240407,1105,22,832,6,2,15,14:56:55,23136,0
20240407,1105,22,830,9,2,16,14:58:23,23177,0
20240407,1105,22,453,211,2,16,14:59:18,23844,0
20240407,1105,22,839,211,2,19,15:04:11,23394,0
20240407,1105,22,846,130,2,22,15:08:39,23577,0
20240407,1105,22,825,208,2,22,15:09:03,26198,0
20240407,1105,22,822,15,3,22,15:09:04,25946,0
20240407,1105,22,857,3,2,22,15:09:04,25530,0
20240407,1105,22,851,212,3,22,15:09:05,23486,0
20240407,1105,22,840,116,3,22,15:09:06,23238,0
20240407,1105,22,1,130,2,23,15:10:21,23333,0
20240407,1105,22,843,6,2,26,15:15:01,23285,0
20240407,1105,22,845,1,3,26,15:15:02,23232,0
20240407,1105,22,856,1,3,32,15:25:00,22848,0
20240407,1105,22,453,211,3,32,15:26:03,23102,0
20240407,1105,22,815,9,3,33,15:26:18,22956,0
20240407,1105,22,4,116,3,33,15:26:33,23157,0
20240407,1105,22,808,208,3,33,15:27:22,23993,0
20240407,1105,22,839,211,3,33,15:27:33,24181,0
20240407,1105,22,830,9,3,34,15:27:43,23234,0
20240407,1105,22,840,116,4,34,15:28:58,22911,0
20240407,1105,22,857,3,3,34,15:29:04,24220,0
20240407,1105,22,832,6,3,36,15:31:14,23591,0
20240407,1105,22,846,130,3,37,15:33:07,22991,0
20240407,1105,22,1,130,3,39,15:36:25,23956,0
20240407,1105,22,857,3,4,41,15:41:24,23287,0
20240421,1106,17,808,208,1,8,15:17:30,23004,0
20240421,1106,17,851,212,1,8,15:17:35,23160,0
20240421,1106,17,854,15,1,8,15:17:39,23362,0
20240421,1106,17,840,116,1,9,15:19:10,23823,0
20240421,1106,17,822,15,1,9,15:19:12,22949,0
20240421,1106,17,839,211,1,9,15:19:14,23156,0
20240421,1106,17,847,3,1,9,15:19:15,23273,0
20240421,1106,17,1,130,1,9,15:19:19,22518,0
20240421,1106,17,4,116,1,11,15:22:28,23049,0
20240421,1106,17,846,130,1,11,15:22:32,22415,0
20240421,1106,17,453,211,1,11,15:22:43,39712,0
20240421,1106,17,857,3,1,12,15:24:34,23229,0
20240421,1106,17,830,9,1,13,15:25:33,22456,0
20240421,1106,17,815,9,1,13,15:25:43,22027,0
20240421,1106,17,817,212,1,14,15:27:53,22598,0
20240421,1106,17,856,1,1,16,15:31:03,22673,0
20240421,1106,17,832,6,1,17,15:32:49,22629,0
20240421,1106,17,825,208,1,17,15:33:13,22974,0
20240421,1106,17,843,6,1,21,15:39:34,22360,0
20240421,1106,17,840,116,2,21,15:40:07,22911,0
20240421,1106,17,1,130,2,21,15:40:23,22662,0
20240421,1106,17,845,1,1,22,15:41:37,22161,0
20240421,1106,17,830,9,2,23,15:43:44,22270,0
20240421,1106,17,815,9,2,23,15:44:03,22371,0
20240421,1106,17,4,116,2,23,15:44:21,22687,0
20240421,1106,17,846,130,2,23,15:44:25,22707,0
20240421,1106,17,808,208,2,23,15:44:41,23336,0
20240421,1106,17,839,211,2,23,15:44:48,23208,0
20240421,1106,17,851,212,2,23,15:44:54,22387,0
20240421,1106,17,847,3,2,23,15:44:57,23600,0
20240421,1106,17,854,15,2,23,15:45:02,25610,0
20240421,1106,17,453,211,2,23,15:45:12,23987,0
20240421,1106,17,856,1,2,24,15:46:41,22262,0
20240421,1106,17,857,3,2,24,15:47:14,22684,0
20240421,1106,17,840,116,3,26,15:51:46,93274,1
20240421,1106,17,825,208,2,27,15:54:22,25727,0
20240421,1106,17,840,116,4,35,16:10:09,34777,0
20240421,1106,17,453,211,3,38,16:15:11,22836,0
20240421,1106,17,854,15,3,40,16:18:35,23252,0
20240421,1106,17,4,116,3,43,16:23:18,23179,0
20240505,1107,77,847,3,1,10,16:19:16,22828,0
20240505,1107,77,840,116,1,11,16:20:48,23038,0
20240505,1107,77,857,3,1,11,16:20:52,22611,0
20240505,1107,77,822,15,1,11,16:20:55,23730,0
20240505,1107,77,808,208,1,12,16:22:21,23055,0
20240505,1107,77,453,211,1,12,16:22:22,22466,0
20240505,1107,77,815,9,1,17,16:29:57,21695,0
20240505,1107,77,843,6,1,19,16:32:56,21825,0
20240505,1107,77,839,211,1,22,16:38:08,22663,0
20240505,1107,77,4,116,1,22,16:38:11,22374,0
20240505,1107,77,825,208,1,22,16:38:18,23265,0
20240505,1107,77,830,9,1,23,16:39:17,22187,0
20240505,1107,77,846,130,1,24,16:41:18,22800,0
20240505,1107,77,1,130,1,26,16:44:23,22107,0
20240505,1107,77,856,1,1,27,16:45:31,22216,0
20240505,1107,77,832,6,1,27,16:45:33,22805,0
20240505,1107,77,815,9,2,28,16:47:40,22396,0
20240505,1107,77,851,212,1,28,16:47:44,22153,0
20240505,1107,77,854,15,1,28,16:48:01,23017,0
20240505,1107,77,817,212,1,28,16:48:05,22540,0
20240505,1107,77,808,208,2,28,16:48:13,22487,0
20240505,1107,77,840,116,2,28,16:48:15,22631,0
20240505,1107,77,825,208,2,28,16:48:47,29727,0
20240505,1107,77,845,1,1,29,16:49:15,22041,0
20240505,1107,77,822,15,2,29,16:50:34,22765,0
20240505,1107,77,825,208,3,31,16:54:36,30732,0
20240505,1107,77,856,1,2,40,17:08:34,30409,0
20240505,1107,77,847,3,2,53,17:29:03,22567,0
20240519,1108,21,4,116,1,7,15:13:08,31368,0
20240519,1108,21,847,3,1,8,15:14:25,30050,0
20240519,1108,21,453,211,1,8,15:14:26,30081,0
20240519,1108,21,822,15,1,8,15:14:28,30240,0
20240519,1108,21,847,3,2,9,15:17:08,33179,0
20240519,1108,21,817,212,1,11,15:18:29,30068,0
20240519,1108,21,851,212,1,12,15:19:49,29628,0
20240519,1108,21,808,208,1,13,15:21:11,29749,0
20240519,1108,21,846,130,1,21,15:31:57,29664,0
20240519,1108,21,845,1,1,22,15:33:08,29956,0
20240519,1108,21,856,1,1,23,15:34:37,29770,0
20240519,1108,21,830,9,1,24,15:35:46,30416,0
20240519,1108,21,847,3,3,23,15:36:52,38413,0
20240519,1108,21,843,6,1,25,15:37:15,30149,0
20240519,1108,21,839,211,1,25,15:37:56,30659,0
20240519,1108,21,832,6,1,27,15:40:03,30508,0
20240519,1108,21,1,130,1,27,15:40:14,29547,0
20240519,1108,21,847,3,4,28,15:44:25,31131,0
20240519,1108,21,453,211,2,30,15:45:06,30654,0
20240519,1108,21,857,3,1,31,15:46:28,31085,0
20240519,1108,21,854,15,1,33,15:49:09,30244,0
20240519,1108,21,815,9,1,37,15:54:16,29669,0
20240519,1108,21,840,116,1,37,15:54:22,29971,0
20240519,1108,21,825,208,1,37,15:54:36,31302,0
20240519,1108,21,4,116,2,40,15:59:03,30483,0
20240519,1108,21,846,130,2,52,16:14:22,29605,0
20240519,1108,21,4,116,3,59,16:25:23,29931,0
20240609,1110,7,825,208,1,7,14:14:25,30472,0
20240609,1110,7,808,208,1,12,14:22:33,24233,0
20240609,1110,7,854,15,1,24,14:40:42,25598,0
20240609,1110,7,830,9,1,25,14:40:52,24306,0
20240609,1110,7,846,130,1,25,14:40:52,24044,0
20240609,1110,7,856,1,1,25,14:40:53,23977,0
20240609,1110,7,4,116,1,25,14:41:12,25788,0
20240609,1110,7,1,130,1,25,14:41:13,23762,0
20240609,1110,7,840,116,1,25,14:41:47,24284,0
20240609,1110,7,847,3,1,25,14:41:54,24753,0
20240609,1110,7,843,6,1,25,14:41:58,24031,0
20240609,1110,7,832,6,1,25,14:42:01,27626,0
20240609,1110,7,825,208,2,25,14:42:03,26794,0
20240609,1110,7,453,211,1,25,14:42:06,24911,0
20240609,1110,7,815,9,1,25,14:42:09,33762,0
20240609,1110,7,808,208,2,25,14:42:21,24668,0
20240609,1110,7,845,1,1,26,14:42:44,23423,0
20240609,1110,7,817,212,1,26,14:43:37,30298,0
20240609,1110,7,843,6,2,28,14:47:31,47186,0
20240609,1110,7,843,6,3,31,14:53:31,24629,0
20240609,1110,7,453,211,2,40,15:05:55,24408,0
20240609,1110,7,825,208,3,41,15:07:24,24833,0
20240609,1110,7,822,15,1,42,15:08:45,24929,0
20240609,1110,7,1,130,2,43,15:09:46,24226,0
20240609,1110,7,817,212,2,43,15:10:10,23860,0
20240609,1110,7,832,6,2,43,15:10:12,24125,0
20240609,1110,7,815,9,2,43,15:10:12,24423,0
20240609,1110,7,856,1,2,44,15:11:10,23476,0
20240609,1110,7,4,116,2,44,15:11:23,24346,0
20240609,1110,7,851,212,1,44,15:11:26,25569,0
20240609,1110,7,840,116,2,44,15:11:30,25025,0
20240609,1110,7,839,211,1,44,15:11:32,24495,0
20240609,1110,7,847,3,2,44,15:11:34,24804,0
20240609,1110,7,808,208,3,44,15:11:43,24751,0
20240609,1110,7,854,15,2,44,15:11:53,65564,1
20240609,1110,7,830,9,2,45,15:12:29,24246,0
20240609,1110,7,846,130,2,45,15:12:31,25431,0
20240609,1110,7,845,1,2,47,15:15:19,23983,0
20240609,1110,7,854,15,3,52,15:25:02,28375,0
20240609,1110,7,846,130,3,54,15:25:19,28157,0
20240609,1110,7,1,130,3,54,15:25:24,28817,0
20240609,1110,7,825,208,4,54,15:26:25,26845,0
20240526,1109,6,843,6,1,1,15:04:50,2358026,1
20240526,1109,6,856,1,1,1,15:04:52,2357645,1
20240526,1109,6,845,1,1,1,15:04:54,2365538,1
20240526,1109,6,846,130,1,1,15:04:56,2369363,1
20240526,1109,6,830,9,1,1,15:04:57,2372670,1
20240526,1109,6,1,130,1,1,15:05:00,2375369,1
20240526,1109,6,851,212,1,1,15:05:02,2377564,1
20240526,1109,6,847,3,1,1,15:05:05,2381390,1
20240526,1109,6,453,211,1,1,15:05:07,2381893,1
20240526,1109,6,840,116,1,1,15:05:10,2383588,1
20240526,1109,6,817,212,1,1,15:05:13,2385823,1
20240526,1109,6,4,116,1,1,15:05:15,2389467,1
20240526,1109,6,857,3,1,1,15:05:16,2391600,1
20240526,1109,6,822,15,1,1,15:05:19,2394053,1
20240526,1109,6,832,6,1,1,15:05:27,2327072,1
20240526,1109,6,854,15,1,1,15:05:31,2386414,1
20240526,1109,6,822,15,15,2,16:04:57,24239,0
20240526,1109,6,840,116,42,2,16:41:05,24132,0
20240526,1109,6,840,116,48,3,16:49:27,28211,0
20240526,1109,6,1,130,51,2,16:52:10,24232,0
20240526,1109,6,830,9,52,2,16:53:26,23813,0
20240526,1109,6,857,3,57,2,17:01:43,24384,0
20240526,1109,6,854,15,70,2,17:19:04,24367,0
20240623,1111,4,854,15,1,9,15:15:47,22523,0
20240623,1111,4,851,212,1,9,15:15:48,22064,0
20240623,1111,4,825,208,1,10,15:17:08,23360,0
20240623,1111,4,822,15,1,11,15:18:28,22744,0
20240623,1111,4,808,208,1,12,15:19:44,22722,0
20240623,1111,4,839,211,1,13,15:21:03,21834,0
20240623,1111,4,815,9,1,13,15:21:05,22181,0
20240623,1111,4,453,211,1,14,15:22:19,26097,0
20240623,1111,4,857,3,1,14,15:22:45,22401,0
20240623,1111,4,846,130,1,15,15:23:33,25023,0
20240623,1111,4,832,6,1,15,15:23:36,22194,0
20240623,1111,4,1,130,1,16,15:24:57,21840,0
20240623,1111,4,817,212,1,16,15:25:24,22364,0
20240623,1111,4,830,9,1,17,15:26:11,21544,0
20240623,1111,4,840,116,1,17,15:26:39,21880,0
20240623,1111,4,847,3,1,18,15:28:15,23248,0
20240623,1111,4,4,116,1,19,15:29:25,21957,0
20240623,1111,4,856,1,1,21,15:31:54,22224,0
20240623,1111,4,845,1,1,23,15:34:21,21618,0
20240623,1111,4,843,6,1,24,15:35:49,22260,0
20240623,1111,4,851,212,2,27,15:40:44,22084,0
20240623,1111,4,822,15,2,28,15:41:58,22963,0
20240623,1111,4,825,208,2,29,15:43:22,28967,0
20240623,1111,4,815,9,2,31,15:45:43,21464,0
20240623,1111,4,857,3,2,34,15:50:28,22506,0
20240623,1111,4,846,130,2,36,15:52:01,22700,0
20240623,1111,4,832,6,2,36,15:52:05,22249,0
20240623,1111,4,839,211,2,37,15:53:54,21921,0
20240623,1111,4,840,116,2,37,15:54:06,23381,0
20240623,1111,4,453,211,2,38,15:55:06,21687,0
20240623,1111,4,808,208,2,38,15:55:17,22518,0
20240623,1111,4,854,15,2,41,15:59:31,24253,0
20240623,1111,4,817,212,2,42,16:01:01,22108,0
20240623,1111,4,1,130,2,43,16:01:21,21603,0
20240623,1111,4,830,9,2,44,16:02:29,22340,0
20240623,1111,4,847,3,2,43,16:02:33,21892,0
20240623,1111,4,851,212,3,44,16:04:06,22564,0
20240623,1111,4,4,116,2,45,16:04:54,22571,0
20240623,1111,4,856,1,2,46,16:05:37,22420,0
20240623,1111,4,845,1,2,47,16:06:31,22631,0
20240623,1111,4,843,6,2,47,16:06:44,21624,0
20240623,1111,4,815,9,3,49,16:09:52,21472,0
20240630,1112,70,843,6,1,1,15:04:20,31917,0
20240630,1112,70,857,3,1,1,15:04:23,31722,0
20240630,1112,70,825,208,1,10,15:15:02,21518,0
20240630,1112,70,817,212,1,10,15:15:04,21502,0
20240630,1112,70,808,208,1,11,15:16:12,22355,0
20240630,1112,70,4,116,1,11,15:16:18,21483,0
20240630,1112,70,847,3,1,12,15:17:30,21878,0
20240630,1112,70,843,6,2,16,15:22:38,21685,0
20240630,1112,70,839,211,1,19,15:25:51,22291,0
20240630,1112,70,822,15,1,19,15:26:01,21918,0
20240630,1112,70,453,211,1,20,15:27:05,21431,0
20240630,1112,70,840,116,1,20,15:27:11,21399,0
20240630,1112,70,857,3,2,20,15:27:51,22502,0
20240630,1112,70,1,130,1,21,15:28:03,21563,0
20240630,1112,70,815,9,1,21,15:28:10,21291,0
20240630,1112,70,851,212,1,21,15:28:21,21250,0
20240630,1112,70,846,130,1,22,15:29:09,21673,0
20240630,1112,70,832,6,1,22,15:29:12,21226,0
20240630,1112,70,830,9,1,23,15:30:10,21899,0
20240630,1112,70,845,1,1,23,15:30:16,21617,0
20240630,1112,70,856,1,1,25,15:32:49,20978,0
20240630,1112,70,854,15,1,28,15:37:09,23198,0
20240630,1112,70,843,6,3,33,15:43:03,22243,0
20240630,1112,70,4,116,2,35,15:45:19,33947,0
20240630,1112,70,817,212,2,37,15:47:39,21093,0
20240630,1112,70,825,208,2,38,15:48:49,21832,0
20240630,1112,70,808,208,2,39,15:49:55,21814,0
20240630,1112,70,847,3,2,39,15:50:11,21692,0
20240630,1112,70,453,211,2,42,15:53:40,22043,0
20240630,1112,70,822,15,2,42,15:53:49,21991,0
20240630,1112,70,839,211,2,43,15:54:52,21231,0
20240630,1112,70,840,116,2,43,15:54:58,21302,0
20240630,1112,70,851,212,2,44,15:56:07,23444,0
20240630,1112,70,846,130,2,46,15:57:41,21229,0
20240630,1112,70,832,6,2,47,15:58:55,21283,0
20240630,1112,70,857,3,3,49,16:03:04,22093,0
20240630,1112,70,830,9,2,51,16:03:13,25841,0
20240630,1112,70,845,1,2,51,16:03:21,21411,0
20240630,1112,70,856,1,2,51,16:03:40,20775,0
20240630,1112,70,815,9,2,51,16:04:03,27500,0
20240630,1112,70,843,6,4,51,16:04:33,20903,0
20240630,1112,70,854,15,2,51,16:05:02,21594,0
20240630,1112,70,1,130,2,53,16:06:06,27281,0
20240630,1112,70,830,9,3,64,16:19:06,22729,0
20240630,1112,70,4,116,3,68,16:25:31,22487,0
20240707,1113,9,854,15,1,12,15:22:07,29178,0
20240707,1113,9,843,6,1,19,15:32:51,28481,0
20240707,1113,9,815,9,1,19,15:32:59,28391,0
20240707,1113,9,839,211,1,19,15:33:21,28495,0
20240707,1113,9,854,15,2,19,15:33:46,29838,0
20240707,1113,9,839,211,2,21,15:37:02,28276,0
20240707,1113,9,830,9,1,26,15:43:41,28365,0
20240707,1113,9,832,6,1,26,15:43:42,29199,0
20240707,1113,9,808,208,1,26,15:43:59,29412,0
20240707,1113,9,840,116,1,26,15:44:01,29023,0
20240707,1113,9,817,212,1,26,15:44:23,28875,0
20240707,1113,9,822,15,1,26,15:44:42,30628,0
20240707,1113,9,845,1,1,27,15:45:13,28661,0
20240707,1113,9,1,130,1,27,15:45:17,28929,0
20240707,1113,9,846,130,1,27,15:45:20,32045,0
20240707,1113,9,4,116,1,27,15:45:51,29341,0
20240707,1113,9,851,212,1,27,15:45:52,30000,0
20240707,1113,9,847,3,1,27,15:45:53,34742,0
20240707,1113,9,839,211,3,26,15:45:57,29289,0
20240707,1113,9,825,208,1,27,15:45:59,30308,0
20240707,1113,9,857,3,1,27,15:46:01,32801,0
20240707,1113,9,854,15,3,26,15:46:39,29125,0
20240707,1113,9,856,1,1,28,15:47:12,29541,0
20240707,1113,9,843,6,2,27,15:47:17,29233,0
20240707,1113,9,815,9,2,28,15:49:13,32313,0
20240707,1113,9,825,208,2,37,16:03:41,29884,0
20240707,1113,9,817,212,2,37,16:03:44,29873,0
20240707,1113,9,822,15,2,37,16:04:05,31527,0
20240707,1113,9,1,130,2,38,16:04:09,30038,0
20240707,1113,9,830,9,2,38,16:04:14,29076,0
20240707,1113,9,856,1,2,38,16:04:29,29200,0
20240707,1113,9,843,6,3,37,16:04:40,29166,0
20240707,1113,9,815,9,3,37,16:04:59,29300,0
20240707,1113,9,4,116,2,38,16:05:03,29686,0
20240707,1113,9,851,212,2,38,16:05:07,29658,0
20240707,1113,9,847,3,2,38,16:05:11,29410,0
20240707,1113,9,857,3,2,38,16:05:23,29444,0
20240707,1113,9,845,1,2,39,16:05:44,30387,0
20240707,1113,9,854,15,4,37,16:06:00,33083,0
20240707,1113,9,832,6,2,39,16:06:06,29097,0
20240707,1113,9,808,208,2,39,16:06:28,30265,0
20240707,1113,9,840,116,2,39,16:06:33,29469,0
20240707,1113,9,839,211,4,38,16:06:52,29086,0
20240707,1113,9,815,9,4,47,16:20:38,28871,0
20240707,1113,9,832,6,3,50,16:22:59,28706,0
20240721,1114,11,808,208,1,2,15:06:01,22287,0
20240721,1114,11,847,3,1,6,15:11:43,22091,0
20240721,1114,11,825,208,1,6,15:11:43,21871,0
20240721,1114,11,839,211,1,6,15:11:47,21829,0
20240721,1114,11,4,116,1,7,15:13:05,22542,0
20240721,1114,11,817,212,1,7,15:13:08,21084,0
20240721,1114,11,854,15,1,7,15:13:15,21993,0
20240721,1114,11,857,3,1,8,15:14:38,21757,0
20240721,1114,11,840,116,1,14,15:23:01,23237,0
20240721,1114,11,1,130,1,16,15:25:36,21306,0
20240721,1114,11,822,15,1,16,15:25:58,22146,0
20240721,1114,11,845,1,1,17,15:26:55,21861,0
20240721,1114,11,856,1,1,18,15:28:15,21641,0
20240721,1114,11,830,9,1,21,15:32:38,22101,0
20240721,1114,11,832,6,1,21,15:32:46,21655,0
20240721,1114,11,843,6,1,23,15:35:30,21894,0
20240721,1114,11,815,9,1,28,15:43:04,21395,0
20240721,1114,11,453,211,1,28,15:43:16,21405,0
20240721,1114,11,817,212,2,28,15:43:23,21378,0
20240721,1114,11,851,212,1,29,15:44:27,21467,0
20240721,1114,11,808,208,2,29,15:44:45,22472,0
20240721,1114,11,847,3,2,29,15:44:46,23410,0
20240721,1114,11,839,211,2,30,15:46:17,21444,0
20240721,1114,11,846,130,1,33,15:50:09,21369,0
20240721,1114,11,857,3,2,33,15:50:34,21398,0
20240721,1114,11,825,208,2,34,15:51:57,22531,0
20240721,1114,11,854,15,2,36,15:55:03,22183,0
20240721,1114,11,4,116,2,37,15:55:57,21800,0
20240721,1114,11,1,130,2,40,15:59:28,21910,0
20240721,1114,11,843,6,2,40,15:59:29,21723,0
20240721,1114,11,845,1,2,45,16:06:18,21249,0
20240721,1114,11,840,116,2,45,16:07:17,22276,0
20240721,1114,11,822,15,2,45,16:07:35,21981,0
20240721,1114,11,856,1,2,47,16:09:05,21823,0
20240721,1114,11,832,6,2,47,16:09:23,21439,0
20240721,1114,11,815,9,2,47,16:09:46,21056,0
20240721,1114,11,830,9,2,49,16:12:02,21344,0
20240721,1114,11,846,130,2,53,16:18:05,21328,0
20240721,1114,11,857,3,3,63,16:33:22,21908,0
20240721,1114,11,839,211,3,64,16:34:46,21330,0
20240728,1115,13,808,208,1,7,15:17:00,23562,0
20240728,1115,13,847,3,1,8,15:18:45,23606,0
20240728,1115,13,817,212,1,8,15:18:49,22643,0
20240728,1115,13,857,3,1,8,15:18:55,23338,0
20240728,1115,13,453,211,1,9,15:20:39,22900,0
20240728,1115,13,846,130,1,10,15:22:19,22686,0
20240728,1115,13,830,9,1,10,15:22:21,23214,0
20240728,1115,13,1,130,1,11,15:24:02,23188,0
20240728,1115,13,815,9,1,11,15:24:06,22692,0
20240728,1115,13,856,1,1,11,15:24:08,22623,0
20240728,1115,13,822,15,1,11,15:24:22,23147,0
20240728,1115,13,843,6,1,12,15:25:53,22942,0
20240728,1115,13,839,211,1,12,15:26:11,23366,0
20240728,1115,13,840,116,1,12,15:26:15,23010,0
20240728,1115,13,4,116,1,13,15:27:58,23075,0
20240728,1115,13,845,1,1,15,15:31:29,22682,0
20240728,1115,13,851,212,1,15,15:31:55,23452,0
20240728,1115,13,825,208,1,17,15:35:32,23619,0
20240728,1115,13,832,6,1,20,15:40:33,23080,0
20240728,1115,13,808,208,2,20,15:41:12,23268,0
20240728,1115,13,815,9,2,21,15:42:34,22648,0
20240728,1115,13,817,212,2,21,15:42:55,22328,0
20240728,1115,13,847,3,2,23,15:46:34,23146,0
20240728,1115,13,857,3,2,24,15:48:46,23692,0
20240728,1115,13,843,6,2,25,15:49:39,23330,0
20240728,1115,13,1,130,2,26,15:51:24,22704,0
20240728,1115,13,830,9,2,28,15:55:10,22943,0
20240728,1115,13,832,6,2,28,15:55:17,23089,0
20240728,1115,13,453,211,2,28,15:55:46,22844,0
20240728,1115,13,845,1,2,29,15:56:59,22610,0
20240728,1115,13,856,1,2,30,15:58:38,24125,0
20240728,1115,13,839,211,2,30,15:59:14,23546,0
20240728,1115,13,822,15,2,35,16:08:31,22949,0
20240728,1115,13,815,9,3,42,16:20:40,22632,0
20240825,1116,39,847,3,1,12,15:18:56,21258,0
20240825,1116,39,808,208,1,14,15:21:26,21619,0
20240825,1116,39,851,212,1,14,15:21:27,21249,0
20240825,1116,39,822,15,1,15,15:22:50,21095,0
20240825,1116,39,854,15,1,18,15:26:53,21214,0
20240825,1116,39,857,3,1,22,15:32:00,22030,0
20240825,1116,39,1,130,1,23,15:32:56,21168,0
20240825,1116,39,843,6,1,24,15:33:57,20841,0
20240825,1116,39,846,130,1,25,15:35:11,21846,0
20240825,1116,39,830,9,1,27,15:37:39,20785,0
20240825,1116,39,845,1,1,28,15:38:48,21536,0
20240825,1116,39,815,9,1,29,15:40:23,22934,0
20240825,1116,39,817,212,1,29,15:40:51,20942,0
20240825,1116,39,832,6,1,30,15:41:41,20840,0
20240825,1116,39,840,116,1,30,15:42:05,21385,0
20240825,1116,39,839,211,1,30,15:42:17,21015,0
20240825,1116,39,4,116,1,31,15:43:19,21348,0
20240825,1116,39,453,211,1,32,15:44:31,22646,0
20240825,1116,39,851,212,2,32,15:44:50,20880,0
20240825,1116,39,856,1,1,33,15:45:22,20969,0
20240825,1116,39,825,208,1,40,15:55:10,21403,0
20240825,1116,39,822,15,2,43,15:59:12,21273,0
20240825,1116,39,1,130,2,48,16:04:40,21026,0
20240825,1116,39,854,15,2,51,16:09:57,22044,0
20240825,1116,39,846,130,2,54,16:12:03,21159,0
20240825,1116,39,847,3,2,54,16:13:00,21016,0
20240901,1117,14,808,208,1,5,15:10:58,38875,0
20240901,1117,14,453,211,1,10,15:18:08,24335,0
20240901,1117,14,846,130,1,11,15:19:22,32696,0
20240901,1117,14,817,212,1,11,15:19:31,30317,0
20240901,1117,14,4,116,1,12,15:20:54,24866,0
20240901,1117,14,845,1,1,14,15:23:26,24169,0
20240901,1117,14,825,208,1,14,15:23:48,25672,0
20240901,1117,14,843,6,1,15,15:24:52,24551,0
20240901,1117,14,1,130,1,15,15:24:58,24469,0
20240901,1117,14,854,15,1,15,15:25:28,27138,0
20240901,1117,14,856,1,1,16,15:26:13,23793,0
20240901,1117,14,860,3,1,16,15:26:50,25147,0
20240901,1117,14,847,3,1,17,15:28:04,24801,0
20240901,1117,14,832,6,1,19,15:30:37,24313,0
20240901,1117,14,840,116,1,19,15:31:07,24980,0
20240901,1117,14,830,9,1,22,15:34:56,28198,0
20240901,1117,14,815,9,1,23,15:36:25,24728,0
20240901,1117,14,453,211,2,30,15:47:05,24203,0
20240901,1117,14,839,211,1,31,15:48:20,24146,0
20240901,1117,14,845,1,2,32,15:48:59,24870,0
20240901,1117,14,808,208,2,32,15:50:05,36576,0
20240901,1117,14,846,130,2,33,15:50:51,26297,0
20240901,1117,14,822,15,1,33,15:51:24,24410,0
20240901,1117,14,815,9,2,35,15:53:38,24030,0
20240901,1117,14,4,116,2,35,15:53:55,24501,0
20240901,1117,14,840,116,2,36,15:55:36,24209,0
20240901,1117,14,1,130,2,37,15:56:11,24155,0
20240901,1117,14,856,1,2,38,15:57:15,24670,0
20240901,1117,14,830,9,2,41,16:01:54,24150,0
20240901,1117,14,840,116,3,50,16:15:41,25269,0
20240915,1118,72,840,116,1,1,15:06:20,21123,0
20240915,1118,72,860,3,1,10,15:22:39,20596,0
20240915,1118,72,4,116,1,11,15:24:27,20073,0
20240915,1118,72,822,15,1,11,15:25:01,20045,0
20240915,1118,72,830,9,1,12,15:26:10,21145,0
20240915,1118,72,846,130,1,12,15:26:14,19954,0
20240915,1118,72,1,130,1,12,15:26:34,21289,0
20240915,1118,72,851,212,1,12,15:26:54,20922,0
20240915,1118,72,815,9,1,13,15:27:51,20630,0
20240915,1118,72,859,208,1,14,15:30:09,21276,0
20240915,1118,72,856,1,1,15,15:31:28,20181,0
20240915,1118,72,808,208,1,15,15:31:57,21617,0
20240915,1118,72,843,6,1,16,15:33:13,20671,0
20240915,1118,72,832,6,1,17,15:35:11,21483,0
20240915,1118,72,840,116,2,22,15:45:17,20214,0
20240915,1118,72,847,3,1,31,16:00:54,20287,0
20240915,1118,72,854,15,1,34,16:07:12,20520,0
20240915,1118,72,845,1,1,37,16:11:41,19712,0
20240915,1118,72,830,9,2,49,16:33:13,20725,0
20240915,1118,72,817,212,1,49,16:34:12,21984,0
20240915,1118,72,839,211,1,49,16:34:42,20634,0
20240915,1118,72,453,211,1,50,16:36:20,20257,0
20240922,1119,15,817,212,1,10,20:20:46,30316,0
20240922,1119,15,847,3,1,11,20:22:22,29126,0
20240922,1119,15,832,6,1,13,20:25:37,29385,0
20240922,1119,15,1,130,1,17,20:31:54,29272,0
20240922,1119,15,4,116,1,25,20:45:21,29251,0
20240922,1119,15,840,116,1,26,20:47:31,29816,0
20240922,1119,15,846,130,1,27,20:48:22,28739,0
20240922,1119,15,815,9,1,28,20:50:26,28990,0
20240922,1119,15,825,208,1,28,20:50:47,29707,0
20240922,1119,15,830,9,1,29,20:51:28,29655,0
20240922,1119,15,808,208,1,29,20:52:00,29808,0
20240922,1119,15,860,3,1,29,20:52:02,29772,0
20240922,1119,15,839,211,1,29,20:52:22,29601,0
20240922,1119,15,845,1,1,30,20:52:44,29091,0
20240922,1119,15,851,212,1,33,20:58:54,29662,0
20240922,1119,15,822,15,1,33,20:59:22,30423,0
20240922,1119,15,854,15,1,34,21:01:01,29360,0
20240922,1119,15,843,6,1,36,21:03:29,29042,0
20240922,1119,15,453,211,1,37,21:06:04,31509,0
20240922,1119,15,856,1,1,38,21:06:22,29152,0
20240922,1119,15,817,212,2,46,21:20:58,29066,0
20240922,1119,15,825,208,2,49,21:26:52,31291,0
20240922,1119,15,817,212,3,58,21:40:58,29653,0
20241020,1120,69,847,3,1,3,14:09:39,34983,0
20241020,1120,69,854,15,1,13,14:28:22,24433,0
20241020,1120,69,822,15,1,15,14:31:39,24439,0
20241020,1120,69,825,208,1,17,14:34:50,23966,0
20241020,1120,69,453,211,1,18,14:36:29,28228,0
20241020,1120,69,851,212,1,18,14:36:35,24193,0
20241020,1120,69,832,6,1,21,14:41:13,23963,0
20241020,1120,69,830,9,1,25,14:47:52,24228,0
20241020,1120,69,843,6,1,26,14:49:20,23817,0
20241020,1120,69,815,9,1,26,14:49:57,23580,0
20241020,1120,69,4,116,1,26,14:50:15,24247,0
20241020,1120,69,808,208,1,27,14:51:40,24500,0
20241020,1120,69,840,116,1,27,14:52:06,26399,0
20241020,1120,69,845,1,1,31,14:57:52,23731,0
20241020,1120,69,839,211,1,31,14:58:47,24156,0
20241020,1120,69,856,1,1,32,14:59:38,24107,0
20241020,1120,69,847,3,2,33,15:02:17,24391,0
20241020,1120,69,854,15,2,35,15:05:59,24890,0
20241020,1120,69,858,212,1,36,15:06:52,23839,0
20241020,1120,69,825,208,2,38,15:10:18,24087,0
20241020,1120,69,860,3,1,39,15:11:56,23971,0
20241020,1120,69,846,130,1,40,15:13:16,29327,0
20241020,1120,69,839,211,2,51,15:32:32,26175,0
20241027,1121,32,815,9,1,20,14:35:55,27730,0
20241027,1121,32,830,9,1,26,14:43:43,43730,0
20241027,1121,32,840,116,1,26,14:44:17,22592,0
20241027,1121,32,1,130,1,28,14:46:42,22538,0
20241027,1121,32,453,211,1,28,14:46:56,23204,0
20241027,1121,32,808,208,1,29,14:48:15,23077,0
20241027,1121,32,845,1,1,30,14:49:15,22111,0
20241027,1121,32,825,208,1,30,14:49:36,23332,0
20241027,1121,32,843,6,1,31,14:50:30,22860,0
20241027,1121,32,846,130,1,31,14:50:44,22462,0
20241027,1121,32,832,6,1,32,14:51:43,22249,0
20241027,1121,32,856,1,1,39,15:02:09,21825,0
20241027,1121,32,858,212,1,39,15:02:15,22586,0
20241027,1121,32,854,15,1,43,15:08:09,22935,0
20241027,1121,32,815,9,2,43,15:08:13,22174,0
20241027,1121,32,860,3,1,47,15:13:22,23895,0
20241027,1121,32,839,211,1,48,15:14:59,23245,0
20241027,1121,32,822,15,1,49,15:16:16,22505,0
20241027,1121,32,858,212,2,65,15:38:15,30299,0
20241027,1121,32,843,6,2,69,15:42:04,22690,0
20241027,1121,32,815,9,3,68,15:42:41,21920,0
20241103,1122,18,843,6,1,24,13:24:06,24573,0
20241103,1122,18,808,208,1,25,13:25:44,25369,0
20241103,1122,18,860,3,1,26,13:27:23,25287,0
20241103,1122,18,856,1,1,27,13:28:37,26050,0
20241103,1122,18,4,116,1,27,13:28:41,25107,0
20241103,1122,18,859,208,1,27,13:28:52,35755,0
20241103,1122,18,1,130,1,27,13:28:55,25205,0
20241103,1122,18,832,6,1,27,13:29:01,25920,0
20241103,1122,18,815,9,1,27,13:29:04,26692,0
20241103,1122,18,854,15,1,27,13:29:32,25248,0
20241103,1122,18,846,130,1,28,13:29:59,25698,0
20241103,1122,18,845,1,1,28,13:30:01,24764,0
20241103,1122,18,851,212,1,28,13:30:16,25431,0
20241103,1122,18,858,212,1,28,13:30:35,28167,0
20241103,1122,18,808,208,2,27,13:31:21,58984,0
20241103,1122,18,854,15,2,28,13:31:38,27067,0
20241103,1122,18,860,3,2,30,13:35:02,25239,0
20241103,1122,18,808,208,3,29,13:36:17,28590,0
20241103,1122,18,839,211,1,32,13:38:37,1408695,1
20241103,1122,18,830,9,1,32,13:38:39,1409303,1
20241103,1122,18,854,15,3,31,13:38:42,1283154,1
20241103,1122,18,453,211,1,32,13:38:45,1407586,1
20241103,1122,18,845,1,2,32,13:38:46,1415363,1
20241103,1122,18,846,130,2,32,13:38:51,1415838,1
20241103,1122,18,851,212,2,32,13:38:53,1419030,1
20241103,1122,18,843,6,2,32,13:38:55,1420260,1
20241103,1122,18,856,1,2,32,13:38:58,1420270,1
20241103,1122,18,4,116,2,32,13:39:00,1422872,1
20241103,1122,18,858,212,2,32,13:39:03,1422722,1
20241103,1122,18,1,130,2,32,13:39:05,1425703,1
20241103,1122,18,822,15,1,32,13:39:10,1422094,1
20241103,1122,18,832,6,2,32,13:39:11,1424659,1
20241103,1122,18,815,9,2,32,13:39:13,1425215,1
20241103,1122,18,859,208,2,32,13:39:16,1424737,1
20241103,1122,18,854,15,4,32,14:01:55,68542,1
20241123,1123,23,4,116,1,4,22:10:35,21407,0
20241123,1123,23,843,6,1,9,22:18:44,21329,0
20241123,1123,23,845,1,1,9,22:18:45,21194,0
20241123,1123,23,847,3,1,9,22:18:56,22012,0
20241123,1123,23,840,116,1,9,22:18:57,34863,0
20241123,1123,23,832,6,1,10,22:20:21,21048,0
20241123,1123,23,453,211,1,10,22:20:28,22179,0
20241123,1123,23,851,212,1,10,22:20:29,21168,0
20241123,1123,23,856,1,1,10,22:20:30,27732,0
20241123,1123,23,830,9,1,11,22:21:59,20697,0
20241123,1123,23,839,211,1,11,22:22:13,15790,0
20241123,1123,23,854,15,1,11,22:22:14,22960,0
20241123,1123,23,858,212,1,11,22:22:17,21049,0
20241123,1123,23,846,130,1,12,22:23:29,21072,0
20241123,1123,23,839,211,2,12,22:24:07,21142,0
20241123,1123,23,1,130,1,13,22:25:24,21067,0
20241123,1123,23,808,208,1,14,22:27:15,21511,0
20241123,1123,23,860,3,1,16,22:30:50,21170,0
20241123,1123,23,815,9,1,17,22:32:20,21294,0
20241123,1123,23,825,208,1,17,22:32:31,21963,0
20241123,1123,23,822,15,1,17,22:32:34,21623,0
20241123,1123,23,4,116,2,24,22:44:09,21407,0
20241123,1123,23,856,1,2,25,22:45:37,21082,0
20241123,1123,23,860,3,2,26,22:47:34,21221,0
20241123,1123,23,830,9,2,27,22:48:30,22254,0
20241123,1123,23,1,130,2,27,22:48:34,21355,0
20241123,1123,23,832,6,2,28,22:50:14,20879,0
20241123,1123,23,840,116,2,28,22:50:55,21588,0
20241123,1123,23,851,212,2,29,22:52:13,21208,0
20241123,1123,23,845,1,2,30,22:53:40,20668,0
20241123,1123,23,843,6,2,31,22:55:05,21585,0
20241123,1123,23,846,130,2,32,22:56:26,20975,0
20241123,1123,23,815,9,2,32,22:57:18,21034,0
20241123,1123,23,808,208,2,33,22:58:49,21702,0
20241123,1123,23,854,15,2,34,23:00:44,21761,0
20241123,1123,23,822,15,2,35,23:02:48,22821,0
20241123,1123,23,858,212,2,38,23:07:28,20642,0
20241123,1123,23,839,211,3,45,23:18:59,21858,0
20241123,1123,23,845,1,3,48,23:22:59,21059,0
20241201,1124,76,840,116,1,1,19:05:45,29783,0
20241201,1124,76,808,208,1,1,19:06:14,32957,0
20241201,1124,76,840,116,2,7,19:17:19,41674,0
20241201,1124,76,846,130,1,23,19:39:53,32309,0
20241201,1124,76,822,15,1,24,19:41:56,29034,0
20241201,1124,76,825,208,1,27,19:46:04,28543,0
20241201,1124,76,808,208,2,31,19:52:08,28343,0
20241201,1124,76,856,1,1,34,19:55:28,27818,0
20241201,1124,76,832,6,1,34,19:55:52,36143,0
20241201,1124,76,1,130,1,34,19:56:36,37915,0
20241201,1124,76,830,9,1,35,19:56:43,28303,0
20241201,1124,76,845,1,1,35,19:56:47,28024,0
20241201,1124,76,843,6,1,35,19:57:03,28460,0
20241201,1124,76,815,9,1,35,19:57:29,28088,0
20241201,1124,76,453,211,1,35,19:57:50,28792,0
20241201,1124,76,846,130,2,35,19:57:59,27870,0
20241201,1124,76,4,116,1,35,19:58:01,28628,0
20241201,1124,76,854,15,1,35,19:58:03,29085,0
20241201,1124,76,851,212,1,35,19:58:23,29024,0
20241201,1124,76,847,3,1,35,19:58:26,29179,0
20241201,1124,76,858,212,1,35,19:58:28,45049,0
20241201,1124,76,830,9,2,36,19:59:32,23884,0
20241201,1124,76,1,130,2,35,19:59:34,23412,0
20241201,1124,76,822,15,2,35,19:59:35,28968,0
20241201,1124,76,845,1,2,36,19:59:37,25592,0
20241201,1124,76,843,6,2,36,19:59:40,25675,0
20241201,1124,76,856,1,2,36,19:59:44,22867,0
20241201,1124,76,815,9,2,36,19:59:53,22705,0
20241201,1124,76,453,211,2,36,20:00:12,22717,0
20241201,1124,76,846,130,3,36,20:00:22,22763,0
20241201,1124,76,832,6,2,36,20:00:24,22776,0
20241201,1124,76,4,116,2,36,20:00:27,28592,0
20241201,1124,76,854,15,2,36,20:00:29,23228,0
20241201,1124,76,825,208,2,36,20:00:33,22696,0
20241201,1124,76,851,212,2,36,20:00:47,22714,0
20241201,1124,76,847,3,2,36,20:00:48,22710,0
20241201,1124,76,808,208,3,36,20:00:50,23810,0
20241201,1124,76,858,212,2,36,20:01:08,22737,0
20241201,1124,76,830,9,3,37,20:02:21,22703,0
20241201,1124,76,1,130,3,36,20:02:23,26815,0
20241201,1124,76,845,1,3,37,20:02:24,28746,0
20241201,1124,76,822,15,3,36,20:02:25,28140,0
20241201,1124,76,843,6,3,37,20:02:26,28983,0
20241201,1124,76,856,1,3,37,20:02:28,29326,0
20241201,1124,76,815,9,3,37,20:02:30,29459,0
20241201,1124,76,453,211,3,37,20:02:33,30488,0
20241201,1124,76,846,130,4,37,20:02:34,34037,0
20241201,1124,76,832,6,3,37,20:02:35,34356,0
20241201,1124,76,854,15,3,37,20:02:37,34818,0
20241201,1124,76,4,116,3,37,20:02:41,32811,0
20241201,1124,76,825,208,3,37,20:02:42,33363,0
20241201,1124,76,851,212,3,37,20:02:45,35849,0
20241201,1124,76,847,3,3,37,20:02:46,36548,0
20241201,1124,76,808,208,4,37,20:02:48,37692,0
20241201,1124,76,858,212,3,37,20:03:03,26790,0
20241201,1124,76,851,212,4,40,20:09:21,29271,0
20241201,1124,76,858,212,4,40,20:09:24,34655,0
20241201,1124,76,845,1,4,45,20:17:59,36069,0
20241201,1124,76,1,130,4,47,20:21:04,22705,0
20241201,1124,76,847,3,4,55,20:32:43,39687,0
20241208,1125,24,860,3,1,3,17:09:29,24941,0
20241208,1125,24,856,1,1,4,17:10:26,23582,0
20241208,1125,24,822,15,1,6,17:13:23,41144,0
20241208,1125,24,840,116,1,11,17:20:50,23266,0
20241208,1125,24,825,208,1,12,17:22:19,26363,0
20241208,1125,24,854,15,1,12,17:22:26,23024,0
20241208,1125,24,847,3,1,12,17:22:27,22065,0
20241208,1125,24,808,208,1,13,17:23:45,21530,0
20241208,1125,24,4,116,1,13,17:23:49,23326,0
20241208,1125,24,453,211,1,14,17:25:11,22059,0
20241208,1125,24,843,6,1,20,17:34:12,21869,0
20241208,1125,24,851,212,1,22,17:37:40,21869,0
20241208,1125,24,861,211,1,22,17:37:42,22080,0
20241208,1125,24,858,212,1,23,17:39:04,23415,0
20241208,1125,24,858,212,2,24,17:41:00,22565,0
20241208,1125,24,832,6,1,25,17:41:22,21280,0
20241208,1125,24,845,1,1,26,17:42:49,21276,0
20241208,1125,24,846,130,1,26,17:43:11,21656,0
20241208,1125,24,830,9,1,29,17:47:46,32652,0
20241208,1125,24,825,208,2,29,17:48:18,21678,0
20241208,1125,24,858,212,3,29,17:48:52,32317,0
20241208,1125,24,825,208,3,30,17:50:20,22815,0
20241208,1125,24,856,1,2,32,17:52:42,32774,0
20241208,1125,24,840,116,2,32,17:52:48,22053,0
20241208,1125,24,1,130,1,34,17:55:17,21694,0
20241208,1125,24,4,116,2,37,18:00:10,22437,0
20241208,1125,24,854,15,2,39,18:03:21,28765,0
20241208,1125,24,825,208,4,55,18:28:06,22090,0
